# vtk DataFile Version 3.0
#This file was generated by the deal.II library on 2026/8/5 at 16:38:03
ASCII
DATASET UNSTRUCTURED_GRID

POINTS 1156 double
0 0 0
0.0588235 0 0
0 0.0588235 0
0.0588235 0.0588235 0
0 0.0588235 0
0.0588235 0.0588235 0
0 0.117647 0
0.0588235 0.117647 0
0 0.117647 0
0.0588235 0.117647 0
0 0.176471 0
0.0588235 0.176471 0
0 0.176471 0
0.0588235 0.176471 0
0 0.235294 0
0.0588235 0.235294 0
0 0.235294 0
0.0588235 0.235294 0
0 0.294118 0
0.0588235 0.294118 0
0 0.294118 0
0.0588235 0.294118 0
0 0.352941 0
0.0588235 0.352941 0
0 0.352941 0
0.0588235 0.352941 0
0 0.411765 0
0.0588235 0.411765 0
0 0.411765 0
0.0588235 0.411765 0
0 0.470588 0
0.0588235 0.470588 0
0 0.470588 0
0.0588235 0.470588 0
0 0.529412 0
0.0588235 0.529412 0
0 0.529412 0
0.0588235 0.529412 0
0 0.588235 0
0.0588235 0.588235 0
0 0.588235 0
0.0588235 0.588235 0
0 0.647059 0
0.0588235 0.647059 0
0 0.647059 0
0.0588235 0.647059 0
0 0.705882 0
0.0588235 0.705882 0
0 0.705882 0
0.0588235 0.705882 0
0 0.764706 0
0.0588235 0.764706 0
0 0.764706 0
0.0588235 0.764706 0
0 0.823529 0
0.0588235 0.823529 0
0 0.823529 0
0.0588235 0.823529 0
0 0.882353 0
0.0588235 0.882353 0
0 0.882353 0
0.0588235 0.882353 0
0 0.941176 0
0.0588235 0.941176 0
0 0.941176 0
0.0588235 0.941176 0
0 1 0
0.0588235 1 0
0.0588235 0 0
0.117647 0 0
0.0588235 0.0588235 0
0.117647 0.0588235 0
0.0588235 0.0588235 0
0.117647 0.0588235 0
0.0588235 0.117647 0
0.117647 0.117647 0
0.0588235 0.117647 0
0.117647 0.117647 0
0.0588235 0.176471 0
0.117647 0.176471 0
0.0588235 0.176471 0
0.117647 0.176471 0
0.0588235 0.235294 0
0.117647 0.235294 0
0.0588235 0.235294 0
0.117647 0.235294 0
0.0588235 0.294118 0
0.117647 0.294118 0
0.0588235 0.294118 0
0.117647 0.294118 0
0.0588235 0.352941 0
0.117647 0.352941 0
0.0588235 0.352941 0
0.117647 0.352941 0
0.0588235 0.411765 0
0.117647 0.411765 0
0.0588235 0.411765 0
0.117647 0.411765 0
0.0588235 0.470588 0
0.117647 0.470588 0
0.0588235 0.470588 0
0.117647 0.470588 0
0.0588235 0.529412 0
0.117647 0.529412 0
0.0588235 0.529412 0
0.117647 0.529412 0
0.0588235 0.588235 0
0.117647 0.588235 0
0.0588235 0.588235 0
0.117647 0.588235 0
0.0588235 0.647059 0
0.117647 0.647059 0
0.0588235 0.647059 0
0.117647 0.647059 0
0.0588235 0.705882 0
0.117647 0.705882 0
0.0588235 0.705882 0
0.117647 0.705882 0
0.0588235 0.764706 0
0.117647 0.764706 0
0.0588235 0.764706 0
0.117647 0.764706 0
0.0588235 0.823529 0
0.117647 0.823529 0
0.0588235 0.823529 0
0.117647 0.823529 0
0.0588235 0.882353 0
0.117647 0.882353 0
0.0588235 0.882353 0
0.117647 0.882353 0
0.0588235 0.941176 0
0.117647 0.941176 0
0.0588235 0.941176 0
0.117647 0.941176 0
0.0588235 1 0
0.117647 1 0
0.117647 0 0
0.176471 0 0
0.117647 0.0588235 0
0.176471 0.0588235 0
0.117647 0.0588235 0
0.176471 0.0588235 0
0.117647 0.117647 0
0.176471 0.117647 0
0.117647 0.117647 0
0.176471 0.117647 0
0.117647 0.176471 0
0.176471 0.176471 0
0.117647 0.176471 0
0.176471 0.176471 0
0.117647 0.235294 0
0.176471 0.235294 0
0.117647 0.235294 0
0.176471 0.235294 0
0.117647 0.294118 0
0.176471 0.294118 0
0.117647 0.294118 0
0.176471 0.294118 0
0.117647 0.352941 0
0.176471 0.352941 0
0.117647 0.352941 0
0.176471 0.352941 0
0.117647 0.411765 0
0.176471 0.411765 0
0.117647 0.411765 0
0.176471 0.411765 0
0.117647 0.470588 0
0.176471 0.470588 0
0.117647 0.470588 0
0.176471 0.470588 0
0.117647 0.529412 0
0.176471 0.529412 0
0.117647 0.529412 0
0.176471 0.529412 0
0.117647 0.588235 0
0.176471 0.588235 0
0.117647 0.588235 0
0.176471 0.588235 0
0.117647 0.647059 0
0.176471 0.647059 0
0.117647 0.647059 0
0.176471 0.647059 0
0.117647 0.705882 0
0.176471 0.705882 0
0.117647 0.705882 0
0.176471 0.705882 0
0.117647 0.764706 0
0.176471 0.764706 0
0.117647 0.764706 0
0.176471 0.764706 0
0.117647 0.823529 0
0.176471 0.823529 0
0.117647 0.823529 0
0.176471 0.823529 0
0.117647 0.882353 0
0.176471 0.882353 0
0.117647 0.882353 0
0.176471 0.882353 0
0.117647 0.941176 0
0.176471 0.941176 0
0.117647 0.941176 0
0.176471 0.941176 0
0.117647 1 0
0.176471 1 0
0.176471 0 0
0.235294 0 0
0.176471 0.0588235 0
0.235294 0.0588235 0
0.176471 0.0588235 0
0.235294 0.0588235 0
0.176471 0.117647 0
0.235294 0.117647 0
0.176471 0.117647 0
0.235294 0.117647 0
0.176471 0.176471 0
0.235294 0.176471 0
0.176471 0.176471 0
0.235294 0.176471 0
0.176471 0.235294 0
0.235294 0.235294 0
0.176471 0.235294 0
0.235294 0.235294 0
0.176471 0.294118 0
0.235294 0.294118 0
0.176471 0.294118 0
0.235294 0.294118 0
0.176471 0.352941 0
0.235294 0.352941 0
0.176471 0.352941 0
0.235294 0.352941 0
0.176471 0.411765 0
0.235294 0.411765 0
0.176471 0.411765 0
0.235294 0.411765 0
0.176471 0.470588 0
0.235294 0.470588 0
0.176471 0.470588 0
0.235294 0.470588 0
0.176471 0.529412 0
0.235294 0.529412 0
0.176471 0.529412 0
0.235294 0.529412 0
0.176471 0.588235 0
0.235294 0.588235 0
0.176471 0.588235 0
0.235294 0.588235 0
0.176471 0.647059 0
0.235294 0.647059 0
0.176471 0.647059 0
0.235294 0.647059 0
0.176471 0.705882 0
0.235294 0.705882 0
0.176471 0.705882 0
0.235294 0.705882 0
0.176471 0.764706 0
0.235294 0.764706 0
0.176471 0.764706 0
0.235294 0.764706 0
0.176471 0.823529 0
0.235294 0.823529 0
0.176471 0.823529 0
0.235294 0.823529 0
0.176471 0.882353 0
0.235294 0.882353 0
0.176471 0.882353 0
0.235294 0.882353 0
0.176471 0.941176 0
0.235294 0.941176 0
0.176471 0.941176 0
0.235294 0.941176 0
0.176471 1 0
0.235294 1 0
0.235294 0 0
0.294118 0 0
0.235294 0.0588235 0
0.294118 0.0588235 0
0.235294 0.0588235 0
0.294118 0.0588235 0
0.235294 0.117647 0
0.294118 0.117647 0
0.235294 0.117647 0
0.294118 0.117647 0
0.235294 0.176471 0
0.294118 0.176471 0
0.235294 0.176471 0
0.294118 0.176471 0
0.235294 0.235294 0
0.294118 0.235294 0
0.235294 0.235294 0
0.294118 0.235294 0
0.235294 0.294118 0
0.294118 0.294118 0
0.235294 0.294118 0
0.294118 0.294118 0
0.235294 0.352941 0
0.294118 0.352941 0
0.235294 0.352941 0
0.294118 0.352941 0
0.235294 0.411765 0
0.294118 0.411765 0
0.235294 0.411765 0
0.294118 0.411765 0
0.235294 0.470588 0
0.294118 0.470588 0
0.235294 0.470588 0
0.294118 0.470588 0
0.235294 0.529412 0
0.294118 0.529412 0
0.235294 0.529412 0
0.294118 0.529412 0
0.235294 0.588235 0
0.294118 0.588235 0
0.235294 0.588235 0
0.294118 0.588235 0
0.235294 0.647059 0
0.294118 0.647059 0
0.235294 0.647059 0
0.294118 0.647059 0
0.235294 0.705882 0
0.294118 0.705882 0
0.235294 0.705882 0
0.294118 0.705882 0
0.235294 0.764706 0
0.294118 0.764706 0
0.235294 0.764706 0
0.294118 0.764706 0
0.235294 0.823529 0
0.294118 0.823529 0
0.235294 0.823529 0
0.294118 0.823529 0
0.235294 0.882353 0
0.294118 0.882353 0
0.235294 0.882353 0
0.294118 0.882353 0
0.235294 0.941176 0
0.294118 0.941176 0
0.235294 0.941176 0
0.294118 0.941176 0
0.235294 1 0
0.294118 1 0
0.294118 0 0
0.352941 0 0
0.294118 0.0588235 0
0.352941 0.0588235 0
0.294118 0.0588235 0
0.352941 0.0588235 0
0.294118 0.117647 0
0.352941 0.117647 0
0.294118 0.117647 0
0.352941 0.117647 0
0.294118 0.176471 0
0.352941 0.176471 0
0.294118 0.176471 0
0.352941 0.176471 0
0.294118 0.235294 0
0.352941 0.235294 0
0.294118 0.235294 0
0.352941 0.235294 0
0.294118 0.294118 0
0.352941 0.294118 0
0.294118 0.294118 0
0.352941 0.294118 0
0.294118 0.352941 0
0.352941 0.352941 0
0.294118 0.352941 0
0.352941 0.352941 0
0.294118 0.411765 0
0.352941 0.411765 0
0.294118 0.411765 0
0.352941 0.411765 0
0.294118 0.470588 0
0.352941 0.470588 0
0.294118 0.470588 0
0.352941 0.470588 0
0.294118 0.529412 0
0.352941 0.529412 0
0.294118 0.529412 0
0.352941 0.529412 0
0.294118 0.588235 0
0.352941 0.588235 0
0.294118 0.588235 0
0.352941 0.588235 0
0.294118 0.647059 0
0.352941 0.647059 0
0.294118 0.647059 0
0.352941 0.647059 0
0.294118 0.705882 0
0.352941 0.705882 0
0.294118 0.705882 0
0.352941 0.705882 0
0.294118 0.764706 0
0.352941 0.764706 0
0.294118 0.764706 0
0.352941 0.764706 0
0.294118 0.823529 0
0.352941 0.823529 0
0.294118 0.823529 0
0.352941 0.823529 0
0.294118 0.882353 0
0.352941 0.882353 0
0.294118 0.882353 0
0.352941 0.882353 0
0.294118 0.941176 0
0.352941 0.941176 0
0.294118 0.941176 0
0.352941 0.941176 0
0.294118 1 0
0.352941 1 0
0.352941 0 0
0.411765 0 0
0.352941 0.0588235 0
0.411765 0.0588235 0
0.352941 0.0588235 0
0.411765 0.0588235 0
0.352941 0.117647 0
0.411765 0.117647 0
0.352941 0.117647 0
0.411765 0.117647 0
0.352941 0.176471 0
0.411765 0.176471 0
0.352941 0.176471 0
0.411765 0.176471 0
0.352941 0.235294 0
0.411765 0.235294 0
0.352941 0.235294 0
0.411765 0.235294 0
0.352941 0.294118 0
0.411765 0.294118 0
0.352941 0.294118 0
0.411765 0.294118 0
0.352941 0.352941 0
0.411765 0.352941 0
0.352941 0.352941 0
0.411765 0.352941 0
0.352941 0.411765 0
0.411765 0.411765 0
0.352941 0.411765 0
0.411765 0.411765 0
0.352941 0.470588 0
0.411765 0.470588 0
0.352941 0.470588 0
0.411765 0.470588 0
0.352941 0.529412 0
0.411765 0.529412 0
0.352941 0.529412 0
0.411765 0.529412 0
0.352941 0.588235 0
0.411765 0.588235 0
0.352941 0.588235 0
0.411765 0.588235 0
0.352941 0.647059 0
0.411765 0.647059 0
0.352941 0.647059 0
0.411765 0.647059 0
0.352941 0.705882 0
0.411765 0.705882 0
0.352941 0.705882 0
0.411765 0.705882 0
0.352941 0.764706 0
0.411765 0.764706 0
0.352941 0.764706 0
0.411765 0.764706 0
0.352941 0.823529 0
0.411765 0.823529 0
0.352941 0.823529 0
0.411765 0.823529 0
0.352941 0.882353 0
0.411765 0.882353 0
0.352941 0.882353 0
0.411765 0.882353 0
0.352941 0.941176 0
0.411765 0.941176 0
0.352941 0.941176 0
0.411765 0.941176 0
0.352941 1 0
0.411765 1 0
0.411765 0 0
0.470588 0 0
0.411765 0.0588235 0
0.470588 0.0588235 0
0.411765 0.0588235 0
0.470588 0.0588235 0
0.411765 0.117647 0
0.470588 0.117647 0
0.411765 0.117647 0
0.470588 0.117647 0
0.411765 0.176471 0
0.470588 0.176471 0
0.411765 0.176471 0
0.470588 0.176471 0
0.411765 0.235294 0
0.470588 0.235294 0
0.411765 0.235294 0
0.470588 0.235294 0
0.411765 0.294118 0
0.470588 0.294118 0
0.411765 0.294118 0
0.470588 0.294118 0
0.411765 0.352941 0
0.470588 0.352941 0
0.411765 0.352941 0
0.470588 0.352941 0
0.411765 0.411765 0
0.470588 0.411765 0
0.411765 0.411765 0
0.470588 0.411765 0
0.411765 0.470588 0
0.470588 0.470588 0
0.411765 0.470588 0
0.470588 0.470588 0
0.411765 0.529412 0
0.470588 0.529412 0
0.411765 0.529412 0
0.470588 0.529412 0
0.411765 0.588235 0
0.470588 0.588235 0
0.411765 0.588235 0
0.470588 0.588235 0
0.411765 0.647059 0
0.470588 0.647059 0
0.411765 0.647059 0
0.470588 0.647059 0
0.411765 0.705882 0
0.470588 0.705882 0
0.411765 0.705882 0
0.470588 0.705882 0
0.411765 0.764706 0
0.470588 0.764706 0
0.411765 0.764706 0
0.470588 0.764706 0
0.411765 0.823529 0
0.470588 0.823529 0
0.411765 0.823529 0
0.470588 0.823529 0
0.411765 0.882353 0
0.470588 0.882353 0
0.411765 0.882353 0
0.470588 0.882353 0
0.411765 0.941176 0
0.470588 0.941176 0
0.411765 0.941176 0
0.470588 0.941176 0
0.411765 1 0
0.470588 1 0
0.470588 0 0
0.529412 0 0
0.470588 0.0588235 0
0.529412 0.0588235 0
0.470588 0.0588235 0
0.529412 0.0588235 0
0.470588 0.117647 0
0.529412 0.117647 0
0.470588 0.117647 0
0.529412 0.117647 0
0.470588 0.176471 0
0.529412 0.176471 0
0.470588 0.176471 0
0.529412 0.176471 0
0.470588 0.235294 0
0.529412 0.235294 0
0.470588 0.235294 0
0.529412 0.235294 0
0.470588 0.294118 0
0.529412 0.294118 0
0.470588 0.294118 0
0.529412 0.294118 0
0.470588 0.352941 0
0.529412 0.352941 0
0.470588 0.352941 0
0.529412 0.352941 0
0.470588 0.411765 0
0.529412 0.411765 0
0.470588 0.411765 0
0.529412 0.411765 0
0.470588 0.470588 0
0.529412 0.470588 0
0.470588 0.470588 0
0.529412 0.470588 0
0.470588 0.529412 0
0.529412 0.529412 0
0.470588 0.529412 0
0.529412 0.529412 0
0.470588 0.588235 0
0.529412 0.588235 0
0.470588 0.588235 0
0.529412 0.588235 0
0.470588 0.647059 0
0.529412 0.647059 0
0.470588 0.647059 0
0.529412 0.647059 0
0.470588 0.705882 0
0.529412 0.705882 0
0.470588 0.705882 0
0.529412 0.705882 0
0.470588 0.764706 0
0.529412 0.764706 0
0.470588 0.764706 0
0.529412 0.764706 0
0.470588 0.823529 0
0.529412 0.823529 0
0.470588 0.823529 0
0.529412 0.823529 0
0.470588 0.882353 0
0.529412 0.882353 0
0.470588 0.882353 0
0.529412 0.882353 0
0.470588 0.941176 0
0.529412 0.941176 0
0.470588 0.941176 0
0.529412 0.941176 0
0.470588 1 0
0.529412 1 0
0.529412 0 0
0.588235 0 0
0.529412 0.0588235 0
0.588235 0.0588235 0
0.529412 0.0588235 0
0.588235 0.0588235 0
0.529412 0.117647 0
0.588235 0.117647 0
0.529412 0.117647 0
0.588235 0.117647 0
0.529412 0.176471 0
0.588235 0.176471 0
0.529412 0.176471 0
0.588235 0.176471 0
0.529412 0.235294 0
0.588235 0.235294 0
0.529412 0.235294 0
0.588235 0.235294 0
0.529412 0.294118 0
0.588235 0.294118 0
0.529412 0.294118 0
0.588235 0.294118 0
0.529412 0.352941 0
0.588235 0.352941 0
0.529412 0.352941 0
0.588235 0.352941 0
0.529412 0.411765 0
0.588235 0.411765 0
0.529412 0.411765 0
0.588235 0.411765 0
0.529412 0.470588 0
0.588235 0.470588 0
0.529412 0.470588 0
0.588235 0.470588 0
0.529412 0.529412 0
0.588235 0.529412 0
0.529412 0.529412 0
0.588235 0.529412 0
0.529412 0.588235 0
0.588235 0.588235 0
0.529412 0.588235 0
0.588235 0.588235 0
0.529412 0.647059 0
0.588235 0.647059 0
0.529412 0.647059 0
0.588235 0.647059 0
0.529412 0.705882 0
0.588235 0.705882 0
0.529412 0.705882 0
0.588235 0.705882 0
0.529412 0.764706 0
0.588235 0.764706 0
0.529412 0.764706 0
0.588235 0.764706 0
0.529412 0.823529 0
0.588235 0.823529 0
0.529412 0.823529 0
0.588235 0.823529 0
0.529412 0.882353 0
0.588235 0.882353 0
0.529412 0.882353 0
0.588235 0.882353 0
0.529412 0.941176 0
0.588235 0.941176 0
0.529412 0.941176 0
0.588235 0.941176 0
0.529412 1 0
0.588235 1 0
0.588235 0 0
0.647059 0 0
0.588235 0.0588235 0
0.647059 0.0588235 0
0.588235 0.0588235 0
0.647059 0.0588235 0
0.588235 0.117647 0
0.647059 0.117647 0
0.588235 0.117647 0
0.647059 0.117647 0
0.588235 0.176471 0
0.647059 0.176471 0
0.588235 0.176471 0
0.647059 0.176471 0
0.588235 0.235294 0
0.647059 0.235294 0
0.588235 0.235294 0
0.647059 0.235294 0
0.588235 0.294118 0
0.647059 0.294118 0
0.588235 0.294118 0
0.647059 0.294118 0
0.588235 0.352941 0
0.647059 0.352941 0
0.588235 0.352941 0
0.647059 0.352941 0
0.588235 0.411765 0
0.647059 0.411765 0
0.588235 0.411765 0
0.647059 0.411765 0
0.588235 0.470588 0
0.647059 0.470588 0
0.588235 0.470588 0
0.647059 0.470588 0
0.588235 0.529412 0
0.647059 0.529412 0
0.588235 0.529412 0
0.647059 0.529412 0
0.588235 0.588235 0
0.647059 0.588235 0
0.588235 0.588235 0
0.647059 0.588235 0
0.588235 0.647059 0
0.647059 0.647059 0
0.588235 0.647059 0
0.647059 0.647059 0
0.588235 0.705882 0
0.647059 0.705882 0
0.588235 0.705882 0
0.647059 0.705882 0
0.588235 0.764706 0
0.647059 0.764706 0
0.588235 0.764706 0
0.647059 0.764706 0
0.588235 0.823529 0
0.647059 0.823529 0
0.588235 0.823529 0
0.647059 0.823529 0
0.588235 0.882353 0
0.647059 0.882353 0
0.588235 0.882353 0
0.647059 0.882353 0
0.588235 0.941176 0
0.647059 0.941176 0
0.588235 0.941176 0
0.647059 0.941176 0
0.588235 1 0
0.647059 1 0
0.647059 0 0
0.705882 0 0
0.647059 0.0588235 0
0.705882 0.0588235 0
0.647059 0.0588235 0
0.705882 0.0588235 0
0.647059 0.117647 0
0.705882 0.117647 0
0.647059 0.117647 0
0.705882 0.117647 0
0.647059 0.176471 0
0.705882 0.176471 0
0.647059 0.176471 0
0.705882 0.176471 0
0.647059 0.235294 0
0.705882 0.235294 0
0.647059 0.235294 0
0.705882 0.235294 0
0.647059 0.294118 0
0.705882 0.294118 0
0.647059 0.294118 0
0.705882 0.294118 0
0.647059 0.352941 0
0.705882 0.352941 0
0.647059 0.352941 0
0.705882 0.352941 0
0.647059 0.411765 0
0.705882 0.411765 0
0.647059 0.411765 0
0.705882 0.411765 0
0.647059 0.470588 0
0.705882 0.470588 0
0.647059 0.470588 0
0.705882 0.470588 0
0.647059 0.529412 0
0.705882 0.529412 0
0.647059 0.529412 0
0.705882 0.529412 0
0.647059 0.588235 0
0.705882 0.588235 0
0.647059 0.588235 0
0.705882 0.588235 0
0.647059 0.647059 0
0.705882 0.647059 0
0.647059 0.647059 0
0.705882 0.647059 0
0.647059 0.705882 0
0.705882 0.705882 0
0.647059 0.705882 0
0.705882 0.705882 0
0.647059 0.764706 0
0.705882 0.764706 0
0.647059 0.764706 0
0.705882 0.764706 0
0.647059 0.823529 0
0.705882 0.823529 0
0.647059 0.823529 0
0.705882 0.823529 0
0.647059 0.882353 0
0.705882 0.882353 0
0.647059 0.882353 0
0.705882 0.882353 0
0.647059 0.941176 0
0.705882 0.941176 0
0.647059 0.941176 0
0.705882 0.941176 0
0.647059 1 0
0.705882 1 0
0.705882 0 0
0.764706 0 0
0.705882 0.0588235 0
0.764706 0.0588235 0
0.705882 0.0588235 0
0.764706 0.0588235 0
0.705882 0.117647 0
0.764706 0.117647 0
0.705882 0.117647 0
0.764706 0.117647 0
0.705882 0.176471 0
0.764706 0.176471 0
0.705882 0.176471 0
0.764706 0.176471 0
0.705882 0.235294 0
0.764706 0.235294 0
0.705882 0.235294 0
0.764706 0.235294 0
0.705882 0.294118 0
0.764706 0.294118 0
0.705882 0.294118 0
0.764706 0.294118 0
0.705882 0.352941 0
0.764706 0.352941 0
0.705882 0.352941 0
0.764706 0.352941 0
0.705882 0.411765 0
0.764706 0.411765 0
0.705882 0.411765 0
0.764706 0.411765 0
0.705882 0.470588 0
0.764706 0.470588 0
0.705882 0.470588 0
0.764706 0.470588 0
0.705882 0.529412 0
0.764706 0.529412 0
0.705882 0.529412 0
0.764706 0.529412 0
0.705882 0.588235 0
0.764706 0.588235 0
0.705882 0.588235 0
0.764706 0.588235 0
0.705882 0.647059 0
0.764706 0.647059 0
0.705882 0.647059 0
0.764706 0.647059 0
0.705882 0.705882 0
0.764706 0.705882 0
0.705882 0.705882 0
0.764706 0.705882 0
0.705882 0.764706 0
0.764706 0.764706 0
0.705882 0.764706 0
0.764706 0.764706 0
0.705882 0.823529 0
0.764706 0.823529 0
0.705882 0.823529 0
0.764706 0.823529 0
0.705882 0.882353 0
0.764706 0.882353 0
0.705882 0.882353 0
0.764706 0.882353 0
0.705882 0.941176 0
0.764706 0.941176 0
0.705882 0.941176 0
0.764706 0.941176 0
0.705882 1 0
0.764706 1 0
0.764706 0 0
0.823529 0 0
0.764706 0.0588235 0
0.823529 0.0588235 0
0.764706 0.0588235 0
0.823529 0.0588235 0
0.764706 0.117647 0
0.823529 0.117647 0
0.764706 0.117647 0
0.823529 0.117647 0
0.764706 0.176471 0
0.823529 0.176471 0
0.764706 0.176471 0
0.823529 0.176471 0
0.764706 0.235294 0
0.823529 0.235294 0
0.764706 0.235294 0
0.823529 0.235294 0
0.764706 0.294118 0
0.823529 0.294118 0
0.764706 0.294118 0
0.823529 0.294118 0
0.764706 0.352941 0
0.823529 0.352941 0
0.764706 0.352941 0
0.823529 0.352941 0
0.764706 0.411765 0
0.823529 0.411765 0
0.764706 0.411765 0
0.823529 0.411765 0
0.764706 0.470588 0
0.823529 0.470588 0
0.764706 0.470588 0
0.823529 0.470588 0
0.764706 0.529412 0
0.823529 0.529412 0
0.764706 0.529412 0
0.823529 0.529412 0
0.764706 0.588235 0
0.823529 0.588235 0
0.764706 0.588235 0
0.823529 0.588235 0
0.764706 0.647059 0
0.823529 0.647059 0
0.764706 0.647059 0
0.823529 0.647059 0
0.764706 0.705882 0
0.823529 0.705882 0
0.764706 0.705882 0
0.823529 0.705882 0
0.764706 0.764706 0
0.823529 0.764706 0
0.764706 0.764706 0
0.823529 0.764706 0
0.764706 0.823529 0
0.823529 0.823529 0
0.764706 0.823529 0
0.823529 0.823529 0
0.764706 0.882353 0
0.823529 0.882353 0
0.764706 0.882353 0
0.823529 0.882353 0
0.764706 0.941176 0
0.823529 0.941176 0
0.764706 0.941176 0
0.823529 0.941176 0
0.764706 1 0
0.823529 1 0
0.823529 0 0
0.882353 0 0
0.823529 0.0588235 0
0.882353 0.0588235 0
0.823529 0.0588235 0
0.882353 0.0588235 0
0.823529 0.117647 0
0.882353 0.117647 0
0.823529 0.117647 0
0.882353 0.117647 0
0.823529 0.176471 0
0.882353 0.176471 0
0.823529 0.176471 0
0.882353 0.176471 0
0.823529 0.235294 0
0.882353 0.235294 0
0.823529 0.235294 0
0.882353 0.235294 0
0.823529 0.294118 0
0.882353 0.294118 0
0.823529 0.294118 0
0.882353 0.294118 0
0.823529 0.352941 0
0.882353 0.352941 0
0.823529 0.352941 0
0.882353 0.352941 0
0.823529 0.411765 0
0.882353 0.411765 0
0.823529 0.411765 0
0.882353 0.411765 0
0.823529 0.470588 0
0.882353 0.470588 0
0.823529 0.470588 0
0.882353 0.470588 0
0.823529 0.529412 0
0.882353 0.529412 0
0.823529 0.529412 0
0.882353 0.529412 0
0.823529 0.588235 0
0.882353 0.588235 0
0.823529 0.588235 0
0.882353 0.588235 0
0.823529 0.647059 0
0.882353 0.647059 0
0.823529 0.647059 0
0.882353 0.647059 0
0.823529 0.705882 0
0.882353 0.705882 0
0.823529 0.705882 0
0.882353 0.705882 0
0.823529 0.764706 0
0.882353 0.764706 0
0.823529 0.764706 0
0.882353 0.764706 0
0.823529 0.823529 0
0.882353 0.823529 0
0.823529 0.823529 0
0.882353 0.823529 0
0.823529 0.882353 0
0.882353 0.882353 0
0.823529 0.882353 0
0.882353 0.882353 0
0.823529 0.941176 0
0.882353 0.941176 0
0.823529 0.941176 0
0.882353 0.941176 0
0.823529 1 0
0.882353 1 0
0.882353 0 0
0.941176 0 0
0.882353 0.0588235 0
0.941176 0.0588235 0
0.882353 0.0588235 0
0.941176 0.0588235 0
0.882353 0.117647 0
0.941176 0.117647 0
0.882353 0.117647 0
0.941176 0.117647 0
0.882353 0.176471 0
0.941176 0.176471 0
0.882353 0.176471 0
0.941176 0.176471 0
0.882353 0.235294 0
0.941176 0.235294 0
0.882353 0.235294 0
0.941176 0.235294 0
0.882353 0.294118 0
0.941176 0.294118 0
0.882353 0.294118 0
0.941176 0.294118 0
0.882353 0.352941 0
0.941176 0.352941 0
0.882353 0.352941 0
0.941176 0.352941 0
0.882353 0.411765 0
0.941176 0.411765 0
0.882353 0.411765 0
0.941176 0.411765 0
0.882353 0.470588 0
0.941176 0.470588 0
0.882353 0.470588 0
0.941176 0.470588 0
0.882353 0.529412 0
0.941176 0.529412 0
0.882353 0.529412 0
0.941176 0.529412 0
0.882353 0.588235 0
0.941176 0.588235 0
0.882353 0.588235 0
0.941176 0.588235 0
0.882353 0.647059 0
0.941176 0.647059 0
0.882353 0.647059 0
0.941176 0.647059 0
0.882353 0.705882 0
0.941176 0.705882 0
0.882353 0.705882 0
0.941176 0.705882 0
0.882353 0.764706 0
0.941176 0.764706 0
0.882353 0.764706 0
0.941176 0.764706 0
0.882353 0.823529 0
0.941176 0.823529 0
0.882353 0.823529 0
0.941176 0.823529 0
0.882353 0.882353 0
0.941176 0.882353 0
0.882353 0.882353 0
0.941176 0.882353 0
0.882353 0.941176 0
0.941176 0.941176 0
0.882353 0.941176 0
0.941176 0.941176 0
0.882353 1 0
0.941176 1 0
0.941176 0 0
1 0 0
0.941176 0.0588235 0
1 0.0588235 0
0.941176 0.0588235 0
1 0.0588235 0
0.941176 0.117647 0
1 0.117647 0
0.941176 0.117647 0
1 0.117647 0
0.941176 0.176471 0
1 0.176471 0
0.941176 0.176471 0
1 0.176471 0
0.941176 0.235294 0
1 0.235294 0
0.941176 0.235294 0
1 0.235294 0
0.941176 0.294118 0
1 0.294118 0
0.941176 0.294118 0
1 0.294118 0
0.941176 0.352941 0
1 0.352941 0
0.941176 0.352941 0
1 0.352941 0
0.941176 0.411765 0
1 0.411765 0
0.941176 0.411765 0
1 0.411765 0
0.941176 0.470588 0
1 0.470588 0
0.941176 0.470588 0
1 0.470588 0
0.941176 0.529412 0
1 0.529412 0
0.941176 0.529412 0
1 0.529412 0
0.941176 0.588235 0
1 0.588235 0
0.941176 0.588235 0
1 0.588235 0
0.941176 0.647059 0
1 0.647059 0
0.941176 0.647059 0
1 0.647059 0
0.941176 0.705882 0
1 0.705882 0
0.941176 0.705882 0
1 0.705882 0
0.941176 0.764706 0
1 0.764706 0
0.941176 0.764706 0
1 0.764706 0
0.941176 0.823529 0
1 0.823529 0
0.941176 0.823529 0
1 0.823529 0
0.941176 0.882353 0
1 0.882353 0
0.941176 0.882353 0
1 0.882353 0
0.941176 0.941176 0
1 0.941176 0
0.941176 0.941176 0
1 0.941176 0
0.941176 1 0
1 1 0

CELLS 289 1445
4	0	1	3	2
4	4	5	7	6
4	8	9	11	10
4	12	13	15	14
4	16	17	19	18
4	20	21	23	22
4	24	25	27	26
4	28	29	31	30
4	32	33	35	34
4	36	37	39	38
4	40	41	43	42
4	44	45	47	46
4	48	49	51	50
4	52	53	55	54
4	56	57	59	58
4	60	61	63	62
4	64	65	67	66
4	68	69	71	70
4	72	73	75	74
4	76	77	79	78
4	80	81	83	82
4	84	85	87	86
4	88	89	91	90
4	92	93	95	94
4	96	97	99	98
4	100	101	103	102
4	104	105	107	106
4	108	109	111	110
4	112	113	115	114
4	116	117	119	118
4	120	121	123	122
4	124	125	127	126
4	128	129	131	130
4	132	133	135	134
4	136	137	139	138
4	140	141	143	142
4	144	145	147	146
4	148	149	151	150
4	152	153	155	154
4	156	157	159	158
4	160	161	163	162
4	164	165	167	166
4	168	169	171	170
4	172	173	175	174
4	176	177	179	178
4	180	181	183	182
4	184	185	187	186
4	188	189	191	190
4	192	193	195	194
4	196	197	199	198
4	200	201	203	202
4	204	205	207	206
4	208	209	211	210
4	212	213	215	214
4	216	217	219	218
4	220	221	223	222
4	224	225	227	226
4	228	229	231	230
4	232	233	235	234
4	236	237	239	238
4	240	241	243	242
4	244	245	247	246
4	248	249	251	250
4	252	253	255	254
4	256	257	259	258
4	260	261	263	262
4	264	265	267	266
4	268	269	271	270
4	272	273	275	274
4	276	277	279	278
4	280	281	283	282
4	284	285	287	286
4	288	289	291	290
4	292	293	295	294
4	296	297	299	298
4	300	301	303	302
4	304	305	307	306
4	308	309	311	310
4	312	313	315	314
4	316	317	319	318
4	320	321	323	322
4	324	325	327	326
4	328	329	331	330
4	332	333	335	334
4	336	337	339	338
4	340	341	343	342
4	344	345	347	346
4	348	349	351	350
4	352	353	355	354
4	356	357	359	358
4	360	361	363	362
4	364	365	367	366
4	368	369	371	370
4	372	373	375	374
4	376	377	379	378
4	380	381	383	382
4	384	385	387	386
4	388	389	391	390
4	392	393	395	394
4	396	397	399	398
4	400	401	403	402
4	404	405	407	406
4	408	409	411	410
4	412	413	415	414
4	416	417	419	418
4	420	421	423	422
4	424	425	427	426
4	428	429	431	430
4	432	433	435	434
4	436	437	439	438
4	440	441	443	442
4	444	445	447	446
4	448	449	451	450
4	452	453	455	454
4	456	457	459	458
4	460	461	463	462
4	464	465	467	466
4	468	469	471	470
4	472	473	475	474
4	476	477	479	478
4	480	481	483	482
4	484	485	487	486
4	488	489	491	490
4	492	493	495	494
4	496	497	499	498
4	500	501	503	502
4	504	505	507	506
4	508	509	511	510
4	512	513	515	514
4	516	517	519	518
4	520	521	523	522
4	524	525	527	526
4	528	529	531	530
4	532	533	535	534
4	536	537	539	538
4	540	541	543	542
4	544	545	547	546
4	548	549	551	550
4	552	553	555	554
4	556	557	559	558
4	560	561	563	562
4	564	565	567	566
4	568	569	571	570
4	572	573	575	574
4	576	577	579	578
4	580	581	583	582
4	584	585	587	586
4	588	589	591	590
4	592	593	595	594
4	596	597	599	598
4	600	601	603	602
4	604	605	607	606
4	608	609	611	610
4	612	613	615	614
4	616	617	619	618
4	620	621	623	622
4	624	625	627	626
4	628	629	631	630
4	632	633	635	634
4	636	637	639	638
4	640	641	643	642
4	644	645	647	646
4	648	649	651	650
4	652	653	655	654
4	656	657	659	658
4	660	661	663	662
4	664	665	667	666
4	668	669	671	670
4	672	673	675	674
4	676	677	679	678
4	680	681	683	682
4	684	685	687	686
4	688	689	691	690
4	692	693	695	694
4	696	697	699	698
4	700	701	703	702
4	704	705	707	706
4	708	709	711	710
4	712	713	715	714
4	716	717	719	718
4	720	721	723	722
4	724	725	727	726
4	728	729	731	730
4	732	733	735	734
4	736	737	739	738
4	740	741	743	742
4	744	745	747	746
4	748	749	751	750
4	752	753	755	754
4	756	757	759	758
4	760	761	763	762
4	764	765	767	766
4	768	769	771	770
4	772	773	775	774
4	776	777	779	778
4	780	781	783	782
4	784	785	787	786
4	788	789	791	790
4	792	793	795	794
4	796	797	799	798
4	800	801	803	802
4	804	805	807	806
4	808	809	811	810
4	812	813	815	814
4	816	817	819	818
4	820	821	823	822
4	824	825	827	826
4	828	829	831	830
4	832	833	835	834
4	836	837	839	838
4	840	841	843	842
4	844	845	847	846
4	848	849	851	850
4	852	853	855	854
4	856	857	859	858
4	860	861	863	862
4	864	865	867	866
4	868	869	871	870
4	872	873	875	874
4	876	877	879	878
4	880	881	883	882
4	884	885	887	886
4	888	889	891	890
4	892	893	895	894
4	896	897	899	898
4	900	901	903	902
4	904	905	907	906
4	908	909	911	910
4	912	913	915	914
4	916	917	919	918
4	920	921	923	922
4	924	925	927	926
4	928	929	931	930
4	932	933	935	934
4	936	937	939	938
4	940	941	943	942
4	944	945	947	946
4	948	949	951	950
4	952	953	955	954
4	956	957	959	958
4	960	961	963	962
4	964	965	967	966
4	968	969	971	970
4	972	973	975	974
4	976	977	979	978
4	980	981	983	982
4	984	985	987	986
4	988	989	991	990
4	992	993	995	994
4	996	997	999	998
4	1000	1001	1003	1002
4	1004	1005	1007	1006
4	1008	1009	1011	1010
4	1012	1013	1015	1014
4	1016	1017	1019	1018
4	1020	1021	1023	1022
4	1024	1025	1027	1026
4	1028	1029	1031	1030
4	1032	1033	1035	1034
4	1036	1037	1039	1038
4	1040	1041	1043	1042
4	1044	1045	1047	1046
4	1048	1049	1051	1050
4	1052	1053	1055	1054
4	1056	1057	1059	1058
4	1060	1061	1063	1062
4	1064	1065	1067	1066
4	1068	1069	1071	1070
4	1072	1073	1075	1074
4	1076	1077	1079	1078
4	1080	1081	1083	1082
4	1084	1085	1087	1086
4	1088	1089	1091	1090
4	1092	1093	1095	1094
4	1096	1097	1099	1098
4	1100	1101	1103	1102
4	1104	1105	1107	1106
4	1108	1109	1111	1110
4	1112	1113	1115	1114
4	1116	1117	1119	1118
4	1120	1121	1123	1122
4	1124	1125	1127	1126
4	1128	1129	1131	1130
4	1132	1133	1135	1134
4	1136	1137	1139	1138
4	1140	1141	1143	1142
4	1144	1145	1147	1146
4	1148	1149	1151	1150
4	1152	1153	1155	1154

CELL_TYPES 289
 9 9 9 9 9 9 9 9 9 9 9 9 9 9 9 9 9 9 9 9 9 9 9 9 9 9 9 9 9 9 9 9 9 9 9 9 9 9 9 9 9 9 9 9 9 9 9 9 9 9 9 9 9 9 9 9 9 9 9 9 9 9 9 9 9 9 9 9 9 9 9 9 9 9 9 9 9 9 9 9 9 9 9 9 9 9 9 9 9 9 9 9 9 9 9 9 9 9 9 9 9 9 9 9 9 9 9 9 9 9 9 9 9 9 9 9 9 9 9 9 9 9 9 9 9 9 9 9 9 9 9 9 9 9 9 9 9 9 9 9 9 9 9 9 9 9 9 9 9 9 9 9 9 9 9 9 9 9 9 9 9 9 9 9 9 9 9 9 9 9 9 9 9 9 9 9 9 9 9 9 9 9 9 9 9 9 9 9 9 9 9 9 9 9 9 9 9 9 9 9 9 9 9 9 9 9 9 9 9 9 9 9 9 9 9 9 9 9 9 9 9 9 9 9 9 9 9 9 9 9 9 9 9 9 9 9 9 9 9 9 9 9 9 9 9 9 9 9 9 9 9 9 9 9 9 9 9 9 9 9 9 9 9 9 9 9 9 9 9 9 9 9 9 9 9 9 9 9 9 9 9 9 9 9 9 9 9 9 9
POINT_DATA 1156
VECTORS velocity double
0 0 0
0.18375 0 0
0 -0.18375 0
0.180604 -0.180644 0
0 -0.18375 0
0.180604 -0.180644 0
0 -0.361242 0
0.171336 -0.355119 0
0 -0.361242 0
0.171336 -0.355119 0
0 -0.526432 0
0.15623 -0.5175 0
0 -0.526432 0
0.15623 -0.5175 0
0 -0.673696 0
0.135801 -0.662259 0
0 -0.673696 0
0.135801 -0.662259 0
0 -0.798017 0
0.110745 -0.784465 0
0 -0.798017 0
0.110745 -0.784465 0
0 -0.895163 0
0.0819158 -0.879957 0
0 -0.895163 0
0.0819158 -0.879957 0
0 -0.961826 0
0.0502967 -0.945481 0
0 -0.961826 0
0.0502967 -0.945481 0
0 -0.995734 0
0.0169643 -0.978806 0
0 -0.995734 0
0.0169643 -0.978806 0
0 -0.995734 0
-0.016946 -0.978797 0
0 -0.995734 0
-0.016946 -0.978797 0
0 -0.961826 0
-0.0502793 -0.945455 0
0 -0.961826 0
-0.0502793 -0.945455 0
0 -0.895163 0
-0.0819003 -0.879916 0
0 -0.895163 0
-0.0819003 -0.879916 0
0 -0.798017 0
-0.110732 -0.784412 0
0 -0.798017 0
-0.110732 -0.784412 0
0 -0.673696 0
-0.135793 -0.662197 0
0 -0.673696 0
-0.135793 -0.662197 0
0 -0.526432 0
-0.15623 -0.517433 0
0 -0.526432 0
-0.15623 -0.517433 0
0 -0.361242 0
-0.171346 -0.355052 0
0 -0.361242 0
-0.171346 -0.355052 0
0 -0.18375 0
-0.18063 -0.180593 0
0 -0.18375 0
-0.18063 -0.180593 0
0 -1.22465e-16 0
-0.18375 -1.20379e-16 0
0.18375 0 0
0.361242 0 0
0.180604 -0.180644 0
0.355071 -0.171369 0
0.180604 -0.180644 0
0.355071 -0.171369 0
0.171336 -0.355119 0
0.336842 -0.33689 0
0.171336 -0.355119 0
0.336842 -0.33689 0
0.15623 -0.5175 0
0.307142 -0.490932 0
0.15623 -0.5175 0
0.307142 -0.490932 0
0.135801 -0.662259 0
0.266977 -0.628254 0
0.135801 -0.662259 0
0.266977 -0.628254 0
0.110745 -0.784465 0
0.217716 -0.74418 0
0.110745 -0.784465 0
0.217716 -0.74418 0
0.0819158 -0.879957 0
0.161039 -0.834762 0
0.0819158 -0.879957 0
0.161039 -0.834762 0
0.0502967 -0.945481 0
0.0988761 -0.896915 0
0.0502967 -0.945481 0
0.0988761 -0.896915 0
0.0169643 -0.978806 0
0.0333456 -0.928524 0
0.0169643 -0.978806 0
0.0333456 -0.928524 0
-0.016946 -0.978797 0
-0.0333206 -0.928512 0
-0.016946 -0.978797 0
-0.0333206 -0.928512 0
-0.0502793 -0.945455 0
-0.0988518 -0.896881 0
-0.0502793 -0.945455 0
-0.0988518 -0.896881 0
-0.0819003 -0.879916 0
-0.161017 -0.834707 0
-0.0819003 -0.879916 0
-0.161017 -0.834707 0
-0.110732 -0.784412 0
-0.217698 -0.744109 0
-0.110732 -0.784412 0
-0.217698 -0.744109 0
-0.135793 -0.662197 0
-0.266965 -0.628172 0
-0.135793 -0.662197 0
-0.266965 -0.628172 0
-0.15623 -0.517433 0
-0.30714 -0.490847 0
-0.15623 -0.517433 0
-0.30714 -0.490847 0
-0.171346 -0.355052 0
-0.336855 -0.336811 0
-0.171346 -0.355052 0
-0.336855 -0.336811 0
-0.18063 -0.180593 0
-0.355096 -0.171316 0
-0.18063 -0.180593 0
-0.355096 -0.171316 0
-0.18375 -1.20379e-16 0
-0.361242 -1.14195e-16 0
0.361242 0 0
0.526432 0 0
0.355071 -0.171369 0
0.517454 -0.156255 0
0.355071 -0.171369 0
0.517454 -0.156255 0
0.336842 -0.33689 0
0.490883 -0.30718 0
0.336842 -0.33689 0
0.490883 -0.30718 0
0.307142 -0.490932 0
0.447596 -0.447636 0
0.307142 -0.490932 0
0.447596 -0.447636 0
0.266977 -0.628254 0
0.389061 -0.572845 0
0.266977 -0.628254 0
0.389061 -0.572845 0
0.217716 -0.74418 0
0.317272 -0.678543 0
0.217716 -0.74418 0
0.317272 -0.678543 0
0.161039 -0.834762 0
0.234676 -0.761132 0
0.161039 -0.834762 0
0.234676 -0.761132 0
0.0988761 -0.896915 0
0.144087 -0.817801 0
0.0988761 -0.896915 0
0.144087 -0.817801 0
0.0333456 -0.928524 0
0.0485911 -0.846621 0
0.0333456 -0.928524 0
0.0485911 -0.846621 0
-0.0333206 -0.928512 0
-0.0485599 -0.846609 0
-0.0333206 -0.928512 0
-0.0485599 -0.846609 0
-0.0988518 -0.896881 0
-0.144057 -0.817768 0
-0.0988518 -0.896881 0
-0.144057 -0.817768 0
-0.161017 -0.834707 0
-0.234648 -0.761079 0
-0.161017 -0.834707 0
-0.234648 -0.761079 0
-0.217698 -0.744109 0
-0.317248 -0.678473 0
-0.217698 -0.744109 0
-0.317248 -0.678473 0
-0.266965 -0.628172 0
-0.389044 -0.572764 0
-0.266965 -0.628172 0
-0.389044 -0.572764 0
-0.30714 -0.490847 0
-0.44759 -0.447552 0
-0.30714 -0.490847 0
-0.44759 -0.447552 0
-0.336855 -0.336811 0
-0.490891 -0.307103 0
-0.336855 -0.336811 0
-0.490891 -0.307103 0
-0.355096 -0.171316 0
-0.517473 -0.156205 0
-0.355096 -0.171316 0
-0.517473 -0.156205 0
-0.361242 -1.14195e-16 0
-0.526432 -1.04122e-16 0
0.526432 0 0
0.673696 0 0
0.517454 -0.156255 0
0.662218 -0.135819 0
0.517454 -0.156255 0
0.662218 -0.135819 0
0.490883 -0.30718 0
0.628209 -0.267005 0
0.490883 -0.30718 0
0.628209 -0.267005 0
0.447596 -0.447636 0
0.572809 -0.389091 0
0.447596 -0.447636 0
0.572809 -0.389091 0
0.389061 -0.572845 0
0.497897 -0.497923 0
0.389061 -0.572845 0
0.497897 -0.497923 0
0.317272 -0.678543 0
0.406025 -0.589795 0
0.317272 -0.678543 0
0.406025 -0.589795 0
0.234676 -0.761132 0
0.300323 -0.661581 0
0.234676 -0.761132 0
0.300323 -0.661581 0
0.144087 -0.817801 0
0.184393 -0.710838 0
0.144087 -0.817801 0
0.184393 -0.710838 0
0.0485911 -0.846621 0
0.0621837 -0.735887 0
0.0485911 -0.846621 0
0.0621837 -0.735887 0
-0.0485599 -0.846609 0
-0.0621437 -0.735876 0
-0.0485599 -0.846609 0
-0.0621437 -0.735876 0
-0.144057 -0.817768 0
-0.184355 -0.710806 0
-0.144057 -0.817768 0
-0.184355 -0.710806 0
-0.234648 -0.761079 0
-0.300288 -0.661531 0
-0.234648 -0.761079 0
-0.300288 -0.661531 0
-0.317248 -0.678473 0
-0.405994 -0.58973 0
-0.317248 -0.678473 0
-0.405994 -0.58973 0
-0.389044 -0.572764 0
-0.497873 -0.497848 0
-0.389044 -0.572764 0
-0.497873 -0.497848 0
-0.44759 -0.447552 0
-0.572797 -0.389014 0
-0.44759 -0.447552 0
-0.572797 -0.389014 0
-0.490891 -0.307103 0
-0.628212 -0.266935 0
-0.490891 -0.307103 0
-0.628212 -0.266935 0
-0.517473 -0.156205 0
-0.662231 -0.135774 0
-0.517473 -0.156205 0
-0.662231 -0.135774 0
-0.526432 -1.04122e-16 0
-0.673696 -9.05025e-17 0
0.673696 0 0
0.798017 0 0
0.662218 -0.135819 0
0.784432 -0.110756 0
0.662218 -0.135819 0
0.784432 -0.110756 0
0.628209 -0.267005 0
0.744144 -0.217736 0
0.628209 -0.267005 0
0.744144 -0.217736 0
0.572809 -0.389091 0
0.678517 -0.317293 0
0.572809 -0.389091 0
0.678517 -0.317293 0
0.497897 -0.497923 0
0.589778 -0.406042 0
0.497897 -0.497923 0
0.589778 -0.406042 0
0.406025 -0.589795 0
0.480952 -0.480961 0
0.406025 -0.589795 0
0.480952 -0.480961 0
0.300323 -0.661581 0
0.355745 -0.5395 0
0.300323 -0.661581 0
0.355745 -0.5395 0
0.184393 -0.710838 0
0.218422 -0.579666 0
0.184393 -0.710838 0
0.218422 -0.579666 0
0.0621837 -0.735887 0
0.0736608 -0.600091 0
0.0621837 -0.735887 0
0.0736608 -0.600091 0
-0.0621437 -0.735876 0
-0.0736093 -0.600081 0
-0.0621437 -0.735876 0
-0.0736093 -0.600081 0
-0.184355 -0.710806 0
-0.218373 -0.579637 0
-0.184355 -0.710806 0
-0.218373 -0.579637 0
-0.300288 -0.661531 0
-0.355699 -0.539454 0
-0.300288 -0.661531 0
-0.355699 -0.539454 0
-0.405994 -0.58973 0
-0.480912 -0.480902 0
-0.405994 -0.58973 0
-0.480912 -0.480902 0
-0.497873 -0.497848 0
-0.589747 -0.405975 0
-0.497873 -0.497848 0
-0.589747 -0.405975 0
-0.572797 -0.389014 0
-0.678498 -0.317225 0
-0.572797 -0.389014 0
-0.678498 -0.317225 0
-0.628212 -0.266935 0
-0.744141 -0.217676 0
-0.628212 -0.266935 0
-0.744141 -0.217676 0
-0.662231 -0.135774 0
-0.784438 -0.110718 0
-0.662231 -0.135774 0
-0.784438 -0.110718 0
-0.673696 -9.05025e-17 0
-0.798017 -7.38015e-17 0
0.798017 0 0
0.895163 0 0
0.784432 -0.110756 0
0.879932 -0.0819216 0
0.784432 -0.110756 0
0.879932 -0.0819216 0
0.744144 -0.217736 0
0.834738 -0.161051 0
0.744144 -0.217736 0
0.834738 -0.161051 0
0.678517 -0.317293 0
0.761119 -0.23469 0
0.678517 -0.317293 0
0.761119 -0.23469 0
0.589778 -0.406042 0
0.661577 -0.300334 0
0.589778 -0.406042 0
0.661577 -0.300334 0
0.480952 -0.480961 0
0.539502 -0.355748 0
0.480952 -0.480961 0
0.539502 -0.355748 0
0.355745 -0.5395 0
0.399054 -0.399045 0
0.355745 -0.5395 0
0.399054 -0.399045 0
0.218422 -0.579666 0
0.245015 -0.428753 0
0.218422 -0.579666 0
0.245015 -0.428753 0
0.0736608 -0.600091 0
0.0826312 -0.443859 0
0.0736608 -0.600091 0
0.0826312 -0.443859 0
-0.0736093 -0.600081 0
-0.0825666 -0.44385 0
-0.0736093 -0.600081 0
-0.0825666 -0.44385 0
-0.218373 -0.579637 0
-0.244953 -0.428727 0
-0.218373 -0.579637 0
-0.244953 -0.428727 0
-0.355699 -0.539454 0
-0.398997 -0.399004 0
-0.355699 -0.539454 0
-0.398997 -0.399004 0
-0.480912 -0.480902 0
-0.539453 -0.355695 0
-0.480912 -0.480902 0
-0.539453 -0.355695 0
-0.589747 -0.405975 0
-0.661537 -0.300276 0
-0.589747 -0.405975 0
-0.661537 -0.300276 0
-0.678498 -0.317225 0
-0.761093 -0.234633 0
-0.678498 -0.317225 0
-0.761093 -0.234633 0
-0.744141 -0.217676 0
-0.834728 -0.161002 0
-0.744141 -0.217676 0
-0.834728 -0.161002 0
-0.784438 -0.110718 0
-0.879932 -0.0818919 0
-0.784438 -0.110718 0
-0.879932 -0.0818919 0
-0.798017 -7.38015e-17 0
-0.895163 -5.45872e-17 0
0.895163 0 0
0.961826 0 0
0.879932 -0.0819216 0
0.945466 -0.0502973 0
0.879932 -0.0819216 0
0.945466 -0.0502973 0
0.834738 -0.161051 0
0.896906 -0.0988809 0
0.834738 -0.161051 0
0.896906 -0.0988809 0
0.761119 -0.23469 0
0.817803 -0.144094 0
0.761119 -0.23469 0
0.817803 -0.144094 0
0.661577 -0.300334 0
0.710848 -0.184397 0
0.661577 -0.300334 0
0.710848 -0.184397 0
0.539502 -0.355748 0
0.579683 -0.218419 0
0.539502 -0.355748 0
0.579683 -0.218419 0
0.399054 -0.399045 0
0.428775 -0.245001 0
0.399054 -0.399045 0
0.428775 -0.245001 0
0.245015 -0.428753 0
0.263265 -0.263238 0
0.245015 -0.428753 0
0.263265 -0.263238 0
0.0826312 -0.443859 0
0.0887892 -0.272511 0
0.0826312 -0.443859 0
0.0887892 -0.272511 0
-0.0825666 -0.44385 0
-0.0887107 -0.272503 0
-0.0825666 -0.44385 0
-0.0887107 -0.272503 0
-0.244953 -0.428727 0
-0.26319 -0.263215 0
-0.244953 -0.428727 0
-0.26319 -0.263215 0
-0.398997 -0.399004 0
-0.428706 -0.244965 0
-0.398997 -0.399004 0
-0.428706 -0.244965 0
-0.539453 -0.355695 0
-0.579622 -0.218375 0
-0.539453 -0.355695 0
-0.579622 -0.218375 0
-0.661537 -0.300276 0
-0.710798 -0.184349 0
-0.661537 -0.300276 0
-0.710798 -0.184349 0
-0.761093 -0.234633 0
-0.817768 -0.144048 0
-0.761093 -0.234633 0
-0.817768 -0.144048 0
-0.834728 -0.161002 0
-0.896888 -0.0988439 0
-0.834728 -0.161002 0
-0.896888 -0.0988439 0
-0.879932 -0.0818919 0
-0.945461 -0.0502761 0
-0.879932 -0.0818919 0
-0.945461 -0.0502761 0
-0.895163 -5.45872e-17 0
-0.961826 -3.3514e-17 0
0.961826 0 0
0.995734 0 0
0.945466 -0.0502973 0
0.978802 -0.0169604 0
0.945466 -0.0502973 0
0.978802 -0.0169604 0
0.896906 -0.0988809 0
0.928531 -0.033344 0
0.896906 -0.0988809 0
0.928531 -0.033344 0
0.817803 -0.144094 0
0.846639 -0.0485905 0
0.817803 -0.144094 0
0.846639 -0.0485905 0
0.710848 -0.184397 0
0.735913 -0.0621805 0
0.710848 -0.184397 0
0.735913 -0.0621805 0
0.579683 -0.218419 0
0.600124 -0.0736512 0
0.579683 -0.218419 0
0.600124 -0.0736512 0
0.428775 -0.245001 0
0.443896 -0.0826122 0
0.428775 -0.245001 0
0.443896 -0.0826122 0
0.263265 -0.263238 0
0.272552 -0.0887586 0
0.263265 -0.263238 0
0.272552 -0.0887586 0
0.0887892 -0.272511 0
0.0919248 -0.0918815 0
0.0887892 -0.272511 0
0.0919248 -0.0918815 0
-0.0887107 -0.272503 0
-0.0918329 -0.0918751 0
-0.0887107 -0.272503 0
-0.0918329 -0.0918751 0
-0.26319 -0.263215 0
-0.272463 -0.0887401 0
-0.26319 -0.263215 0
-0.272463 -0.0887401 0
-0.428706 -0.244965 0
-0.443815 -0.0825841 0
-0.428706 -0.244965 0
-0.443815 -0.0825841 0
-0.579622 -0.218375 0
-0.600052 -0.073617 0
-0.579622 -0.218375 0
-0.600052 -0.073617 0
-0.710798 -0.184349 0
-0.735854 -0.0621447 0
-0.710798 -0.184349 0
-0.735854 -0.0621447 0
-0.817768 -0.144048 0
-0.846595 -0.0485581 0
-0.817768 -0.144048 0
-0.846595 -0.0485581 0
-0.896888 -0.0988439 0
-0.928506 -0.0333197 0
-0.896888 -0.0988439 0
-0.928506 -0.0333197 0
-0.945461 -0.0502761 0
-0.978792 -0.0169479 0
-0.945461 -0.0502761 0
-0.978792 -0.0169479 0
-0.961826 -3.3514e-17 0
-0.995734 -1.12996e-17 0
0.995734 0 0
0.995734 0 0
0.978802 -0.0169604 0
0.978805 0.0169538 0
0.978802 -0.0169604 0
0.978805 0.0169538 0
0.928531 -0.033344 0
0.928535 0.033328 0
0.928531 -0.033344 0
0.928535 0.033328 0
0.846639 -0.0485905 0
0.846643 0.048567 0
0.846639 -0.0485905 0
0.846643 0.048567 0
0.735913 -0.0621805 0
0.735917 0.0621533 0
0.735913 -0.0621805 0
0.735917 0.0621533 0
0.600124 -0.0736512 0
0.600128 0.0736244 0
0.600124 -0.0736512 0
0.600128 0.0736244 0
0.443896 -0.0826122 0
0.443902 0.0825898 0
0.443896 -0.0826122 0
0.443902 0.0825898 0
0.272552 -0.0887586 0
0.272557 0.088744 0
0.272552 -0.0887586 0
0.272557 0.088744 0
0.0919248 -0.0918815 0
0.0919304 0.0918771 0
0.0919248 -0.0918815 0
0.0919304 0.0918771 0
-0.0918329 -0.0918751 0
-0.0918274 0.0918818 0
-0.0918329 -0.0918751 0
-0.0918274 0.0918818 0
-0.272463 -0.0887401 0
-0.272458 0.0887575 0
-0.272463 -0.0887401 0
-0.272458 0.0887575 0
-0.443815 -0.0825841 0
-0.44381 0.0826099 0
-0.443815 -0.0825841 0
-0.44381 0.0826099 0
-0.600052 -0.073617 0
-0.600048 0.0736478 0
-0.600052 -0.073617 0
-0.600048 0.0736478 0
-0.735854 -0.0621447 0
-0.73585 0.0621762 0
-0.735854 -0.0621447 0
-0.73585 0.0621762 0
-0.846595 -0.0485581 0
-0.846592 0.0485856 0
-0.846595 -0.0485581 0
-0.846592 0.0485856 0
-0.928506 -0.0333197 0
-0.928504 0.0333391 0
-0.928506 -0.0333197 0
-0.928504 0.0333391 0
-0.978792 -0.0169479 0
-0.978792 0.0169575 0
-0.978792 -0.0169479 0
-0.978792 0.0169575 0
-0.995734 -1.12996e-17 0
-0.995734 1.12996e-17 0
0.995734 0 0
0.961826 0 0
0.978805 0.0169538 0
0.945474 0.0502902 0
0.978805 0.0169538 0
0.945474 0.0502902 0
0.928535 0.033328 0
0.896918 0.0988645 0
0.928535 0.033328 0
0.896918 0.0988645 0
0.846643 0.048567 0
0.817815 0.14407 0
0.846643 0.048567 0
0.817815 0.14407 0
0.735917 0.0621533 0
0.71086 0.18437 0
0.735917 0.0621533 0
0.71086 0.18437 0
0.600128 0.0736244 0
0.579696 0.218393 0
0.600128 0.0736244 0
0.579696 0.218393 0
0.443902 0.0825898 0
0.42879 0.244979 0
0.443902 0.0825898 0
0.42879 0.244979 0
0.272557 0.088744 0
0.263281 0.263224 0
0.272557 0.088744 0
0.263281 0.263224 0
0.0919304 0.0918771 0
0.0888054 0.272507 0
0.0919304 0.0918771 0
0.0888054 0.272507 0
-0.0918274 0.0918818 0
-0.0886949 0.27251 0
-0.0918274 0.0918818 0
-0.0886949 0.27251 0
-0.272458 0.0887575 0
-0.263175 0.263232 0
-0.272458 0.0887575 0
-0.263175 0.263232 0
-0.44381 0.0826099 0
-0.428692 0.24499 0
-0.44381 0.0826099 0
-0.428692 0.24499 0
-0.600048 0.0736478 0
-0.579609 0.218404 0
-0.600048 0.0736478 0
-0.579609 0.218404 0
-0.73585 0.0621762 0
-0.710788 0.184379 0
-0.73585 0.0621762 0
-0.710788 0.184379 0
-0.846592 0.0485856 0
-0.817759 0.144074 0
-0.846592 0.0485856 0
-0.817759 0.144074 0
-0.928504 0.0333391 0
-0.896882 0.0988622 0
-0.928504 0.0333391 0
-0.896882 0.0988622 0
-0.978792 0.0169575 0
-0.945459 0.0502852 0
-0.978792 0.0169575 0
-0.945459 0.0502852 0
-0.995734 1.12996e-17 0
-0.961826 3.3514e-17 0
0.961826 0 0
0.895163 0 0
0.945474 0.0502902 0
0.879945 0.0819136 0
0.945474 0.0502902 0
0.879945 0.0819136 0
0.896918 0.0988645 0
0.834755 0.161033 0
0.896918 0.0988645 0
0.834755 0.161033 0
0.817815 0.14407 0
0.761136 0.234666 0
0.817815 0.14407 0
0.761136 0.234666 0
0.71086 0.18437 0
0.661595 0.300308 0
0.71086 0.18437 0
0.661595 0.300308 0
0.579696 0.218393 0
0.539523 0.355723 0
0.579696 0.218393 0
0.539523 0.355723 0
0.42879 0.244979 0
0.399076 0.399025 0
0.42879 0.244979 0
0.399076 0.399025 0
0.263281 0.263224 0
0.245039 0.428741 0
0.263281 0.263224 0
0.245039 0.428741 0
0.0888054 0.272507 0
0.0826555 0.443856 0
0.0888054 0.272507 0
0.0826555 0.443856 0
-0.0886949 0.27251 0
-0.0825427 0.443857 0
-0.0886949 0.27251 0
-0.0825427 0.443857 0
-0.263175 0.263232 0
-0.24493 0.428743 0
-0.263175 0.263232 0
-0.24493 0.428743 0
-0.428692 0.24499 0
-0.398976 0.399028 0
-0.428692 0.24499 0
-0.398976 0.399028 0
-0.579609 0.218404 0
-0.539434 0.355723 0
-0.579609 0.218404 0
-0.539434 0.355723 0
-0.710788 0.184379 0
-0.66152 0.300303 0
-0.710788 0.184379 0
-0.66152 0.300303 0
-0.817759 0.144074 0
-0.761078 0.234656 0
-0.817759 0.144074 0
-0.761078 0.234656 0
-0.896882 0.0988622 0
-0.834718 0.161018 0
-0.896882 0.0988622 0
-0.834718 0.161018 0
-0.945459 0.0502852 0
-0.87993 0.0819003 0
-0.945459 0.0502852 0
-0.87993 0.0819003 0
-0.961826 3.3514e-17 0
-0.895163 5.45872e-17 0
0.895163 0 0
0.798017 0 0
0.879945 0.0819136 0
0.784449 0.110747 0
0.879945 0.0819136 0
0.784449 0.110747 0
0.834755 0.161033 0
0.744165 0.217718 0
0.834755 0.161033 0
0.744165 0.217718 0
0.761136 0.234666 0
0.678537 0.31727 0
0.761136 0.234666 0
0.678537 0.31727 0
0.661595 0.300308 0
0.589799 0.406017 0
0.661595 0.300308 0
0.589799 0.406017 0
0.539523 0.355723 0
0.480975 0.480938 0
0.539523 0.355723 0
0.480975 0.480938 0
0.399076 0.399025 0
0.355771 0.539482 0
0.399076 0.399025 0
0.355771 0.539482 0
0.245039 0.428741 0
0.21845 0.579655 0
0.245039 0.428741 0
0.21845 0.579655 0
0.0826555 0.443856 0
0.0736897 0.60009 0
0.0826555 0.443856 0
0.0736897 0.60009 0
-0.0825427 0.443857 0
-0.0735807 0.600089 0
-0.0825427 0.443857 0
-0.0735807 0.600089 0
-0.24493 0.428743 0
-0.218345 0.579652 0
-0.24493 0.428743 0
-0.218345 0.579652 0
-0.398976 0.399028 0
-0.355674 0.539476 0
-0.398976 0.399028 0
-0.355674 0.539476 0
-0.539434 0.355723 0
-0.480889 0.480927 0
-0.539434 0.355723 0
-0.480889 0.480927 0
-0.66152 0.300303 0
-0.589726 0.405999 0
-0.66152 0.300303 0
-0.589726 0.405999 0
-0.761078 0.234656 0
-0.67848 0.317245 0
-0.761078 0.234656 0
-0.67848 0.317245 0
-0.834718 0.161018 0
-0.744129 0.217689 0
-0.834718 0.161018 0
-0.744129 0.217689 0
-0.87993 0.0819003 0
-0.784436 0.110726 0
-0.87993 0.0819003 0
-0.784436 0.110726 0
-0.895163 5.45872e-17 0
-0.798017 7.38015e-17 0
0.798017 0 0
0.673696 0 0
0.784449 0.110747 0
0.662239 0.135808 0
0.784449 0.110747 0
0.662239 0.135808 0
0.744165 0.217718 0
0.628232 0.266986 0
0.744165 0.217718 0
0.628232 0.266986 0
0.678537 0.31727 0
0.572829 0.389068 0
0.678537 0.31727 0
0.572829 0.389068 0
0.589799 0.406017 0
0.497917 0.497899 0
0.589799 0.406017 0
0.497917 0.497899 0
0.480975 0.480938 0
0.406047 0.589774 0
0.480975 0.480938 0
0.406047 0.589774 0
0.355771 0.539482 0
0.300349 0.661566 0
0.355771 0.539482 0
0.300349 0.661566 0
0.21845 0.579655 0
0.184421 0.710829 0
0.21845 0.579655 0
0.184421 0.710829 0
0.0736897 0.60009 0
0.062213 0.735886 0
0.0736897 0.60009 0
0.062213 0.735886 0
-0.0735807 0.600089 0
-0.0621143 0.735884 0
-0.0735807 0.600089 0
-0.0621143 0.735884 0
-0.218345 0.579652 0
-0.184326 0.710821 0
-0.218345 0.579652 0
-0.184326 0.710821 0
-0.355674 0.539476 0
-0.30026 0.661551 0
-0.355674 0.539476 0
-0.30026 0.661551 0
-0.480889 0.480927 0
-0.405968 0.589752 0
-0.480889 0.480927 0
-0.405968 0.589752 0
-0.589726 0.405999 0
-0.49785 0.497868 0
-0.589726 0.405999 0
-0.49785 0.497868 0
-0.67848 0.317245 0
-0.572777 0.38903 0
-0.67848 0.317245 0
-0.572777 0.38903 0
-0.744129 0.217689 0
-0.628201 0.266947 0
-0.744129 0.217689 0
-0.628201 0.266947 0
-0.784436 0.110726 0
-0.662231 0.13578 0
-0.784436 0.110726 0
-0.662231 0.13578 0
-0.798017 7.38015e-17 0
-0.673696 9.05025e-17 0
0.673696 0 0
0.526432 0 0
0.662239 0.135808 0
0.517478 0.156245 0
0.662239 0.135808 0
0.517478 0.156245 0
0.628232 0.266986 0
0.490904 0.307162 0
0.628232 0.266986 0
0.490904 0.307162 0
0.572829 0.389068 0
0.447613 0.447615 0
0.572829 0.389068 0
0.447613 0.447615 0
0.497917 0.497899 0
0.389078 0.572823 0
0.497917 0.497899 0
0.389078 0.572823 0
0.406047 0.589774 0
0.317291 0.678524 0
0.406047 0.589774 0
0.317291 0.678524 0
0.300349 0.661566 0
0.234697 0.761119 0
0.300349 0.661566 0
0.234697 0.761119 0
0.184421 0.710829 0
0.144111 0.817795 0
0.184421 0.710829 0
0.144111 0.817795 0
0.062213 0.735886 0
0.0486162 0.846621 0
0.062213 0.735886 0
0.0486162 0.846621 0
-0.0621143 0.735884 0
-0.048534 0.846617 0
-0.0621143 0.735884 0
-0.048534 0.846617 0
-0.184326 0.710821 0
-0.144031 0.817782 0
-0.184326 0.710821 0
-0.144031 0.817782 0
-0.30026 0.661551 0
-0.234623 0.761096 0
-0.30026 0.661551 0
-0.234623 0.761096 0
-0.405968 0.589752 0
-0.317223 0.678492 0
-0.405968 0.589752 0
-0.317223 0.678492 0
-0.49785 0.497868 0
-0.38902 0.572782 0
-0.49785 0.497868 0
-0.38902 0.572782 0
-0.572777 0.38903 0
-0.44757 0.447567 0
-0.572777 0.38903 0
-0.44757 0.447567 0
-0.628201 0.266947 0
-0.490881 0.307114 0
-0.628201 0.266947 0
-0.490881 0.307114 0
-0.662231 0.13578 0
-0.517476 0.156211 0
-0.662231 0.13578 0
-0.517476 0.156211 0
-0.673696 9.05025e-17 0
-0.526432 1.04122e-16 0
0.526432 0 0
0.361242 0 0
0.517478 0.156245 0
0.355094 0.171361 0
0.517478 0.156245 0
0.355094 0.171361 0
0.490904 0.307162 0
0.33686 0.336878 0
0.490904 0.307162 0
0.33686 0.336878 0
0.447613 0.447615 0
0.307154 0.490917 0
0.447613 0.447615 0
0.307154 0.490917 0
0.389078 0.572823 0
0.266988 0.628238 0
0.389078 0.572823 0
0.266988 0.628238 0
0.317291 0.678524 0
0.217728 0.744164 0
0.317291 0.678524 0
0.217728 0.744164 0
0.234697 0.761119 0
0.161052 0.834749 0
0.234697 0.761119 0
0.161052 0.834749 0
0.144111 0.817795 0
0.0988913 0.896907 0
0.144111 0.817795 0
0.0988913 0.896907 0
0.0486162 0.846621 0
0.0333626 0.928522 0
0.0486162 0.846621 0
0.0333626 0.928522 0
-0.048534 0.846617 0
-0.0333021 0.928517 0
-0.048534 0.846617 0
-0.0333021 0.928517 0
-0.144031 0.817782 0
-0.0988323 0.896891 0
-0.144031 0.817782 0
-0.0988323 0.896891 0
-0.234623 0.761096 0
-0.160996 0.834721 0
-0.234623 0.761096 0
-0.160996 0.834721 0
-0.317223 0.678492 0
-0.217677 0.744126 0
-0.317223 0.678492 0
-0.217677 0.744126 0
-0.38902 0.572782 0
-0.266944 0.62819 0
-0.38902 0.572782 0
-0.266944 0.62819 0
-0.44757 0.447567 0
-0.307123 0.490863 0
-0.44757 0.447567 0
-0.307123 0.490863 0
-0.490881 0.307114 0
-0.336846 0.336824 0
-0.490881 0.307114 0
-0.336846 0.336824 0
-0.517476 0.156211 0
-0.3551 0.171323 0
-0.517476 0.156211 0
-0.3551 0.171323 0
-0.526432 1.04122e-16 0
-0.361242 1.14195e-16 0
0.361242 0 0
0.18375 0 0
0.355094 0.171361 0
0.180618 0.180641 0
0.355094 0.171361 0
0.180618 0.180641 0
0.33686 0.336878 0
0.171346 0.355119 0
0.33686 0.336878 0
0.171346 0.355119 0
0.307154 0.490917 0
0.156237 0.517497 0
0.307154 0.490917 0
0.156237 0.517497 0
0.266988 0.628238 0
0.135806 0.662253 0
0.266988 0.628238 0
0.135806 0.662253 0
0.217728 0.744164 0
0.11075 0.784456 0
0.217728 0.744164 0
0.11075 0.784456 0
0.161052 0.834749 0
0.0819216 0.879946 0
0.161052 0.834749 0
0.0819216 0.879946 0
0.0988913 0.896907 0
0.0503033 0.94547 0
0.0988913 0.896907 0
0.0503033 0.94547 0
0.0333626 0.928522 0
0.0169718 0.978797 0
0.0333626 0.928522 0
0.0169718 0.978797 0
-0.0333021 0.928517 0
-0.0169374 0.978792 0
-0.0333021 0.928517 0
-0.0169374 0.978792 0
-0.0988323 0.896891 0
-0.0502696 0.945454 0
-0.0988323 0.896891 0
-0.0502696 0.945454 0
-0.160996 0.834721 0
-0.0818896 0.87992 0
-0.160996 0.834721 0
-0.0818896 0.87992 0
-0.217677 0.744126 0
-0.110721 0.784422 0
-0.217677 0.744126 0
-0.110721 0.784422 0
-0.266944 0.62819 0
-0.135782 0.662211 0
-0.266944 0.62819 0
-0.135782 0.662211 0
-0.307123 0.490863 0
-0.15622 0.517451 0
-0.307123 0.490863 0
-0.15622 0.517451 0
-0.336846 0.336824 0
-0.171341 0.355071 0
-0.336846 0.336824 0
-0.171341 0.355071 0
-0.3551 0.171323 0
-0.18063 0.180603 0
-0.3551 0.171323 0
-0.18063 0.180603 0
-0.361242 1.14195e-16 0
-0.18375 1.20379e-16 0
0.18375 0 0
1.22465e-16 0 0
0.180618 0.180641 0
1.20379e-16 0.18375 0
0.180618 0.180641 0
1.20379e-16 0.18375 0
0.171346 0.355119 0
1.14195e-16 0.361242 0
0.171346 0.355119 0
1.14195e-16 0.361242 0
0.156237 0.517497 0
1.04122e-16 0.526432 0
0.156237 0.517497 0
1.04122e-16 0.526432 0
0.135806 0.662253 0
9.05025e-17 0.673696 0
0.135806 0.662253 0
9.05025e-17 0.673696 0
0.11075 0.784456 0
7.38015e-17 0.798017 0
0.11075 0.784456 0
7.38015e-17 0.798017 0
0.0819216 0.879946 0
5.45872e-17 0.895163 0
0.0819216 0.879946 0
5.45872e-17 0.895163 0
0.0503033 0.94547 0
3.3514e-17 0.961826 0
0.0503033 0.94547 0
3.3514e-17 0.961826 0
0.0169718 0.978797 0
1.12996e-17 0.995734 0
0.0169718 0.978797 0
1.12996e-17 0.995734 0
-0.0169374 0.978792 0
-1.12996e-17 0.995734 0
-0.0169374 0.978792 0
-1.12996e-17 0.995734 0
-0.0502696 0.945454 0
-3.3514e-17 0.961826 0
-0.0502696 0.945454 0
-3.3514e-17 0.961826 0
-0.0818896 0.87992 0
-5.45872e-17 0.895163 0
-0.0818896 0.87992 0
-5.45872e-17 0.895163 0
-0.110721 0.784422 0
-7.38015e-17 0.798017 0
-0.110721 0.784422 0
-7.38015e-17 0.798017 0
-0.135782 0.662211 0
-9.05025e-17 0.673696 0
-0.135782 0.662211 0
-9.05025e-17 0.673696 0
-0.15622 0.517451 0
-1.04122e-16 0.526432 0
-0.15622 0.517451 0
-1.04122e-16 0.526432 0
-0.171341 0.355071 0
-1.14195e-16 0.361242 0
-0.171341 0.355071 0
-1.14195e-16 0.361242 0
-0.18063 0.180603 0
-1.20379e-16 0.18375 0
-0.18063 0.180603 0
-1.20379e-16 0.18375 0
-0.18375 1.20379e-16 0
-1.22465e-16 1.22465e-16 0
VECTORS velocity_error double
0 0 0
0 0 0
0 0 0
1.71873e-05 2.33642e-05 0
0 0 0
1.71873e-05 2.33642e-05 0
0 0 0
5.4285e-06 2.8521e-05 0
0 0 0
5.4285e-06 2.8521e-05 0
0 0 0
-2.94306e-06 3.12348e-05 0
0 0 0
-2.94306e-06 3.12348e-05 0
0 0 0
-8.01123e-06 3.41949e-05 0
0 0 0
-8.01123e-06 3.41949e-05 0
0 0 0
-1.07076e-05 3.59226e-05 0
0 0 0
-1.07076e-05 3.59226e-05 0
0 0 0
-1.16088e-05 3.54306e-05 0
0 0 0
-1.16088e-05 3.54306e-05 0
0 0 0
-1.12379e-05 3.20828e-05 0
0 0 0
-1.12379e-05 3.20828e-05 0
0 0 0
-1.00062e-05 2.58252e-05 0
0 0 0
-1.00062e-05 2.58252e-05 0
0 0 0
-8.23358e-06 1.70309e-05 0
0 0 0
-8.23358e-06 1.70309e-05 0
0 0 0
-6.15742e-06 6.35176e-06 0
0 0 0
-6.15742e-06 6.35176e-06 0
0 0 0
-3.95067e-06 -5.39461e-06 0
0 0 0
-3.95067e-06 -5.39461e-06 0
0 0 0
-1.73398e-06 -1.72364e-05 0
0 0 0
-1.73398e-06 -1.72364e-05 0
0 0 0
4.42136e-07 -2.79882e-05 0
0 0 0
4.42136e-07 -2.79882e-05 0
0 0 0
2.63117e-06 -3.58562e-05 0
0 0 0
2.63117e-06 -3.58562e-05 0
0 0 0
5.13181e-06 -3.8387e-05 0
0 0 0
5.13181e-06 -3.8387e-05 0
0 0 0
8.81256e-06 -2.81036e-05 0
0 0 0
8.81256e-06 -2.81036e-05 0
0 0 0
0 0 0
0 0 0
0 0 0
1.71873e-05 2.33642e-05 0
1.99735e-05 2.78164e-05 0
1.71873e-05 2.33642e-05 0
1.99735e-05 2.78164e-05 0
5.4285e-06 2.8521e-05 0
5.65404e-06 4.24559e-05 0
5.4285e-06 2.8521e-05 0
5.65404e-06 4.24559e-05 0
-2.94306e-06 3.12348e-05 0
-8.38706e-06 4.88358e-05 0
-2.94306e-06 3.12348e-05 0
-8.38706e-06 4.88358e-05 0
-8.01123e-06 3.41949e-05 0
-1.63454e-05 5.18209e-05 0
-8.01123e-06 3.41949e-05 0
-1.63454e-05 5.18209e-05 0
-1.07076e-05 3.59226e-05 0
-1.9627e-05 5.11843e-05 0
-1.07076e-05 3.59226e-05 0
-1.9627e-05 5.11843e-05 0
-1.16088e-05 3.54306e-05 0
-1.96325e-05 4.6934e-05 0
-1.16088e-05 3.54306e-05 0
-1.96325e-05 4.6934e-05 0
-1.12379e-05 3.20828e-05 0
-1.75967e-05 3.94473e-05 0
-1.12379e-05 3.20828e-05 0
-1.75967e-05 3.94473e-05 0
-1.00062e-05 2.58252e-05 0
-1.44007e-05 2.94331e-05 0
-1.00062e-05 2.58252e-05 0
-1.44007e-05 2.94331e-05 0
-8.23358e-06 1.70309e-05 0
-1.06237e-05 1.76954e-05 0
-8.23358e-06 1.70309e-05 0
-1.06237e-05 1.76954e-05 0
-6.15742e-06 6.35176e-06 0
-6.64791e-06 5.03922e-06 0
-6.15742e-06 6.35176e-06 0
-6.64791e-06 5.03922e-06 0
-3.95067e-06 -5.39461e-06 0
-2.75178e-06 -7.74076e-06 0
-3.95067e-06 -5.39461e-06 0
-2.75178e-06 -7.74076e-06 0
-1.73398e-06 -1.72364e-05 0
8.22966e-07 -1.97839e-05 0
-1.73398e-06 -1.72364e-05 0
8.22966e-07 -1.97839e-05 0
4.42136e-07 -2.79882e-05 0
3.81278e-06 -3.00275e-05 0
4.42136e-07 -2.79882e-05 0
3.81278e-06 -3.00275e-05 0
2.63117e-06 -3.58562e-05 0
5.9201e-06 -3.6711e-05 0
2.63117e-06 -3.58562e-05 0
5.9201e-06 -3.6711e-05 0
5.13181e-06 -3.8387e-05 0
6.81509e-06 -3.70349e-05 0
5.13181e-06 -3.8387e-05 0
6.81509e-06 -3.70349e-05 0
8.81256e-06 -2.81036e-05 0
5.42371e-06 -2.54345e-05 0
8.81256e-06 -2.81036e-05 0
5.42371e-06 -2.54345e-05 0
0 0 0
0 0 0
0 0 0
0 0 0
1.99735e-05 2.78164e-05 0
1.489e-05 2.83435e-05 0
1.99735e-05 2.78164e-05 0
1.489e-05 2.83435e-05 0
5.65404e-06 4.24559e-05 0
6.92373e-07 4.65033e-05 0
5.65404e-06 4.24559e-05 0
6.92373e-07 4.65033e-05 0
-8.38706e-06 4.88358e-05 0
-1.4816e-05 5.47051e-05 0
-8.38706e-06 4.88358e-05 0
-1.4816e-05 5.47051e-05 0
-1.63454e-05 5.18209e-05 0
-2.33371e-05 5.7149e-05 0
-1.63454e-05 5.18209e-05 0
-2.33371e-05 5.7149e-05 0
-1.9627e-05 5.11843e-05 0
-2.6169e-05 5.49578e-05 0
-1.9627e-05 5.11843e-05 0
-2.6169e-05 5.49578e-05 0
-1.96325e-05 4.6934e-05 0
-2.53262e-05 4.91896e-05 0
-1.96325e-05 4.6934e-05 0
-2.53262e-05 4.91896e-05 0
-1.75967e-05 3.94473e-05 0
-2.23134e-05 4.07779e-05 0
-1.75967e-05 3.94473e-05 0
-2.23134e-05 4.07779e-05 0
-1.44007e-05 2.94331e-05 0
-1.80527e-05 3.05354e-05 0
-1.44007e-05 2.94331e-05 0
-1.80527e-05 3.05354e-05 0
-1.06237e-05 1.76954e-05 0
-1.31101e-05 1.91501e-05 0
-1.06237e-05 1.76954e-05 0
-1.31101e-05 1.91501e-05 0
-6.64791e-06 5.03922e-06 0
-7.89224e-06 7.27794e-06 0
-6.64791e-06 5.03922e-06 0
-7.89224e-06 7.27794e-06 0
-2.75178e-06 -7.74076e-06 0
-2.74783e-06 -4.40115e-06 0
-2.75178e-06 -7.74076e-06 0
-2.74783e-06 -4.40115e-06 0
8.22966e-07 -1.97839e-05 0
1.96871e-06 -1.5142e-05 0
8.22966e-07 -1.97839e-05 0
1.96871e-06 -1.5142e-05 0
3.81278e-06 -3.00275e-05 0
5.80488e-06 -2.40889e-05 0
3.81278e-06 -3.00275e-05 0
5.80488e-06 -2.40889e-05 0
5.9201e-06 -3.6711e-05 0
8.08613e-06 -2.99185e-05 0
5.9201e-06 -3.6711e-05 0
8.08613e-06 -2.99185e-05 0
6.81509e-06 -3.70349e-05 0
7.85773e-06 -3.08e-05 0
6.81509e-06 -3.70349e-05 0
7.85773e-06 -3.08e-05 0
5.42371e-06 -2.54345e-05 0
4.75943e-06 -2.19093e-05 0
5.42371e-06 -2.54345e-05 0
4.75943e-06 -2.19093e-05 0
0 0 0
0 0 0
0 0 0
0 0 0
1.489e-05 2.83435e-05 0
6.60025e-06 2.62328e-05 0
1.489e-05 2.83435e-05 0
6.60025e-06 2.62328e-05 0
6.92373e-07 4.65033e-05 0
-6.86729e-06 4.45396e-05 0
6.92373e-07 4.65033e-05 0
-6.86729e-06 4.45396e-05 0
-1.4816e-05 5.47051e-05 0
-2.16919e-05 5.3128e-05 0
-1.4816e-05 5.47051e-05 0
-2.16919e-05 5.3128e-05 0
-2.33371e-05 5.7149e-05 0
-2.97541e-05 5.55232e-05 0
-2.33371e-05 5.7149e-05 0
-2.97541e-05 5.55232e-05 0
-2.6169e-05 5.49578e-05 0
-3.22135e-05 5.33104e-05 0
-2.6169e-05 5.49578e-05 0
-3.22135e-05 5.33104e-05 0
-2.53262e-05 4.91896e-05 0
-3.11227e-05 4.78094e-05 0
-2.53262e-05 4.91896e-05 0
-3.11227e-05 4.78094e-05 0
-2.23134e-05 4.07779e-05 0
-2.77784e-05 3.9905e-05 0
-2.23134e-05 4.07779e-05 0
-2.77784e-05 3.9905e-05 0
-1.80527e-05 3.05354e-05 0
-2.29272e-05 3.02792e-05 0
-1.80527e-05 3.05354e-05 0
-2.29272e-05 3.02792e-05 0
-1.31101e-05 1.91501e-05 0
-1.7108e-05 1.95703e-05 0
-1.31101e-05 1.91501e-05 0
-1.7108e-05 1.95703e-05 0
-7.89224e-06 7.27794e-06 0
-1.08062e-05 8.47845e-06 0
-7.89224e-06 7.27794e-06 0
-1.08062e-05 8.47845e-06 0
-2.74783e-06 -4.40115e-06 0
-4.47946e-06 -2.24078e-06 0
-2.74783e-06 -4.40115e-06 0
-4.47946e-06 -2.24078e-06 0
1.96871e-06 -1.5142e-05 0
1.4293e-06 -1.18143e-05 0
1.96871e-06 -1.5142e-05 0
1.4293e-06 -1.18143e-05 0
5.80488e-06 -2.40889e-05 0
6.40159e-06 -1.95078e-05 0
5.80488e-06 -2.40889e-05 0
6.40159e-06 -1.95078e-05 0
8.08613e-06 -2.99185e-05 0
9.63339e-06 -2.44466e-05 0
8.08613e-06 -2.99185e-05 0
9.63339e-06 -2.44466e-05 0
7.85773e-06 -3.08e-05 0
9.86156e-06 -2.54758e-05 0
7.85773e-06 -3.08e-05 0
9.86156e-06 -2.54758e-05 0
4.75943e-06 -2.19093e-05 0
6.06421e-06 -1.86195e-05 0
4.75943e-06 -2.19093e-05 0
6.06421e-06 -1.86195e-05 0
0 0 0
0 0 0
0 0 0
0 0 0
6.60025e-06 2.62328e-05 0
-2.30766e-06 2.23587e-05 0
6.60025e-06 2.62328e-05 0
-2.30766e-06 2.23587e-05 0
-6.86729e-06 4.45396e-05 0
-1.52028e-05 3.90018e-05 0
-6.86729e-06 4.45396e-05 0
-1.52028e-05 3.90018e-05 0
-2.16919e-05 5.3128e-05 0
-2.88446e-05 4.72505e-05 0
-2.16919e-05 5.3128e-05 0
-2.88446e-05 4.72505e-05 0
-2.97541e-05 5.55232e-05 0
-3.64126e-05 4.98832e-05 0
-2.97541e-05 5.55232e-05 0
-3.64126e-05 4.98832e-05 0
-3.22135e-05 5.33104e-05 0
-3.88344e-05 4.83142e-05 0
-3.22135e-05 5.33104e-05 0
-3.88344e-05 4.83142e-05 0
-3.11227e-05 4.78094e-05 0
-3.78211e-05 4.36089e-05 0
-3.11227e-05 4.78094e-05 0
-3.78211e-05 4.36089e-05 0
-2.77784e-05 3.9905e-05 0
-3.43432e-05 3.64641e-05 0
-2.77784e-05 3.9905e-05 0
-3.43432e-05 3.64641e-05 0
-2.29272e-05 3.02792e-05 0
-2.90144e-05 2.7526e-05 0
-2.29272e-05 3.02792e-05 0
-2.90144e-05 2.7526e-05 0
-1.7108e-05 1.95703e-05 0
-2.24075e-05 1.75134e-05 0
-1.7108e-05 1.95703e-05 0
-2.24075e-05 1.75134e-05 0
-1.08062e-05 8.47845e-06 0
-1.51047e-05 7.23061e-06 0
-1.08062e-05 8.47845e-06 0
-1.51047e-05 7.23061e-06 0
-4.47946e-06 -2.24078e-06 0
-7.66366e-06 -2.49329e-06 0
-4.47946e-06 -2.24078e-06 0
-7.66366e-06 -2.49329e-06 0
1.4293e-06 -1.18143e-05 0
-5.92109e-07 -1.08585e-05 0
1.4293e-06 -1.18143e-05 0
-5.92109e-07 -1.08585e-05 0
6.40159e-06 -1.95078e-05 0
5.61032e-06 -1.71718e-05 0
6.40159e-06 -1.95078e-05 0
5.61032e-06 -1.71718e-05 0
9.63339e-06 -2.44466e-05 0
1.02281e-05 -2.07866e-05 0
9.63339e-06 -2.44466e-05 0
1.02281e-05 -2.07866e-05 0
9.86156e-06 -2.54758e-05 0
1.18205e-05 -2.11352e-05 0
9.86156e-06 -2.54758e-05 0
1.18205e-05 -2.11352e-05 0
6.06421e-06 -1.86195e-05 0
8.32865e-06 -1.5401e-05 0
6.06421e-06 -1.86195e-05 0
8.32865e-06 -1.5401e-05 0
0 0 0
0 0 0
0 0 0
0 0 0
-2.30766e-06 2.23587e-05 0
-1.05528e-05 1.74271e-05 0
-2.30766e-06 2.23587e-05 0
-1.05528e-05 1.74271e-05 0
-1.52028e-05 3.90018e-05 0
-2.33269e-05 3.13305e-05 0
-1.52028e-05 3.90018e-05 0
-2.33269e-05 3.13305e-05 0
-2.88446e-05 4.72505e-05 0
-3.60103e-05 3.87709e-05 0
-2.88446e-05 4.72505e-05 0
-3.60103e-05 3.87709e-05 0
-3.64126e-05 4.98832e-05 0
-4.33894e-05 4.15437e-05 0
-3.64126e-05 4.98832e-05 0
-4.33894e-05 4.15437e-05 0
-3.88344e-05 4.83142e-05 0
-4.60149e-05 4.06361e-05 0
-3.88344e-05 4.83142e-05 0
-4.60149e-05 4.06361e-05 0
-3.78211e-05 4.36089e-05 0
-4.51892e-05 3.67452e-05 0
-3.78211e-05 4.36089e-05 0
-4.51892e-05 3.67452e-05 0
-3.43432e-05 3.64641e-05 0
-4.16438e-05 3.04194e-05 0
-3.43432e-05 3.64641e-05 0
-4.16438e-05 3.04194e-05 0
-2.90144e-05 2.7526e-05 0
-3.59311e-05 2.23162e-05 0
-2.90144e-05 2.7526e-05 0
-3.59311e-05 2.23162e-05 0
-2.24075e-05 1.75134e-05 0
-2.86536e-05 1.32212e-05 0
-2.24075e-05 1.75134e-05 0
-2.86536e-05 1.32212e-05 0
-1.51047e-05 7.23061e-06 0
-2.04547e-05 3.99192e-06 0
-1.51047e-05 7.23061e-06 0
-2.04547e-05 3.99192e-06 0
-7.66366e-06 -2.49329e-06 0
-1.19721e-05 -4.52136e-06 0
-7.66366e-06 -2.49329e-06 0
-1.19721e-05 -4.52136e-06 0
-5.92109e-07 -1.08585e-05 0
-3.79349e-06 -1.15259e-05 0
-5.92109e-07 -1.08585e-05 0
-3.79349e-06 -1.15259e-05 0
5.61032e-06 -1.71718e-05 0
3.57775e-06 -1.63476e-05 0
5.61032e-06 -1.71718e-05 0
3.57775e-06 -1.63476e-05 0
1.02281e-05 -2.07866e-05 0
9.58955e-06 -1.84486e-05 0
1.02281e-05 -2.07866e-05 0
9.58955e-06 -1.84486e-05 0
1.18205e-05 -2.11352e-05 0
1.29243e-05 -1.76184e-05 0
1.18205e-05 -2.11352e-05 0
1.29243e-05 -1.76184e-05 0
8.32865e-06 -1.5401e-05 0
1.05785e-05 -1.23339e-05 0
8.32865e-06 -1.5401e-05 0
1.05785e-05 -1.23339e-05 0
0 0 0
0 0 0
0 0 0
0 0 0
-1.05528e-05 1.74271e-05 0
-1.73695e-05 1.19002e-05 0
-1.05528e-05 1.74271e-05 0
-1.73695e-05 1.19002e-05 0
-2.33269e-05 3.13305e-05 0
-3.05969e-05 2.24109e-05 0
-2.33269e-05 3.13305e-05 0
-3.05969e-05 2.24109e-05 0
-3.60103e-05 3.87709e-05 0
-4.27155e-05 2.86312e-05 0
-3.60103e-05 3.87709e-05 0
-4.27155e-05 2.86312e-05 0
-4.33894e-05 4.15437e-05 0
-5.02073e-05 3.12527e-05 0
-4.33894e-05 4.15437e-05 0
-5.02073e-05 3.12527e-05 0
-4.60149e-05 4.06361e-05 0
-5.31966e-05 3.08015e-05 0
-4.60149e-05 4.06361e-05 0
-5.31966e-05 3.08015e-05 0
-4.51892e-05 3.67452e-05 0
-5.26357e-05 2.76535e-05 0
-4.51892e-05 3.67452e-05 0
-5.26357e-05 2.76535e-05 0
-4.16438e-05 3.04194e-05 0
-4.91185e-05 2.2233e-05 0
-4.16438e-05 3.04194e-05 0
-4.91185e-05 2.2233e-05 0
-3.59311e-05 2.23162e-05 0
-4.31599e-05 1.51761e-05 0
-3.59311e-05 2.23162e-05 0
-4.31599e-05 1.51761e-05 0
-2.86536e-05 1.32212e-05 0
-3.53625e-05 7.27772e-06 0
-2.86536e-05 1.32212e-05 0
-3.53625e-05 7.27772e-06 0
-2.04547e-05 3.99192e-06 0
-2.63995e-05 -6.00117e-07 0
-2.04547e-05 3.99192e-06 0
-2.63995e-05 -6.00117e-07 0
-1.19721e-05 -4.52136e-06 0
-1.69755e-05 -7.62013e-06 0
-1.19721e-05 -4.52136e-06 0
-1.69755e-05 -7.62013e-06 0
-3.79349e-06 -1.15259e-05 0
-7.77863e-06 -1.303e-05 0
-3.79349e-06 -1.15259e-05 0
-7.77863e-06 -1.303e-05 0
3.57775e-06 -1.63476e-05 0
6.213e-07 -1.62084e-05 0
3.57775e-06 -1.63476e-05 0
6.213e-07 -1.62084e-05 0
9.58955e-06 -1.84486e-05 0
7.8033e-06 -1.6706e-05 0
9.58955e-06 -1.84486e-05 0
7.8033e-06 -1.6706e-05 0
1.29243e-05 -1.76184e-05 0
1.27831e-05 -1.45338e-05 0
1.29243e-05 -1.76184e-05 0
1.27831e-05 -1.45338e-05 0
1.05785e-05 -1.23339e-05 0
1.21123e-05 -9.35199e-06 0
1.05785e-05 -1.23339e-05 0
1.21123e-05 -9.35199e-06 0
0 0 0
0 0 0
0 0 0
0 0 0
-1.73695e-05 1.19002e-05 0
-2.22868e-05 6.14537e-06 0
-1.73695e-05 1.19002e-05 0
-2.22868e-05 6.14537e-06 0
-3.05969e-05 2.24109e-05 0
-3.64474e-05 1.28566e-05 0
-3.05969e-05 2.24109e-05 0
-3.64474e-05 1.28566e-05 0
-4.27155e-05 2.86312e-05 0
-4.83557e-05 1.75076e-05 0
-4.27155e-05 2.86312e-05 0
-4.83557e-05 1.75076e-05 0
-5.02073e-05 3.12527e-05 0
-5.6153e-05 1.96679e-05 0
-5.02073e-05 3.12527e-05 0
-5.6153e-05 1.96679e-05 0
-5.31966e-05 3.08015e-05 0
-5.96236e-05 1.94474e-05 0
-5.31966e-05 3.08015e-05 0
-5.96236e-05 1.94474e-05 0
-5.26357e-05 2.76535e-05 0
-5.94202e-05 1.69736e-05 0
-5.26357e-05 2.76535e-05 0
-5.94202e-05 1.69736e-05 0
-4.91185e-05 2.2233e-05 0
-5.60535e-05 1.25481e-05 0
-4.91185e-05 2.2233e-05 0
-5.60535e-05 1.25481e-05 0
-4.31599e-05 1.51761e-05 0
-5.00071e-05 6.73984e-06 0
-4.31599e-05 1.51761e-05 0
-5.00071e-05 6.73984e-06 0
-3.53625e-05 7.27772e-06 0
-4.18694e-05 3.02589e-07 0
-3.53625e-05 7.27772e-06 0
-4.18694e-05 3.02589e-07 0
-2.63995e-05 -6.00117e-07 0
-3.23291e-05 -5.935e-06 0
-2.63995e-05 -6.00117e-07 0
-3.23291e-05 -5.935e-06 0
-1.69755e-05 -7.62013e-06 0
-2.21462e-05 -1.11754e-05 0
-1.69755e-05 -7.62013e-06 0
-2.21462e-05 -1.11754e-05 0
-7.77863e-06 -1.303e-05 0
-1.21083e-05 -1.47325e-05 0
-7.77863e-06 -1.303e-05 0
-1.21083e-05 -1.47325e-05 0
6.213e-07 -1.62084e-05 0
-2.89269e-06 -1.60791e-05 0
6.213e-07 -1.62084e-05 0
-2.89269e-06 -1.60791e-05 0
7.8033e-06 -1.6706e-05 0
5.13547e-06 -1.49106e-05 0
7.8033e-06 -1.6706e-05 0
5.13547e-06 -1.49106e-05 0
1.27831e-05 -1.45338e-05 0
1.14071e-05 -1.14355e-05 0
1.27831e-05 -1.45338e-05 0
1.14071e-05 -1.14355e-05 0
1.21123e-05 -9.35199e-06 0
1.25486e-05 -6.34761e-06 0
1.21123e-05 -9.35199e-06 0
1.25486e-05 -6.34761e-06 0
0 0 0
0 0 0
0 0 0
0 0 0
-2.22868e-05 6.14537e-06 0
-2.49922e-05 4.83803e-07 0
-2.22868e-05 6.14537e-06 0
-2.49922e-05 4.83803e-07 0
-3.64474e-05 1.28566e-05 0
-4.03451e-05 3.20731e-06 0
-3.64474e-05 1.28566e-05 0
-4.03451e-05 3.20731e-06 0
-4.83557e-05 1.75076e-05 0
-5.23014e-05 6.02874e-06 0
-4.83557e-05 1.75076e-05 0
-5.23014e-05 6.02874e-06 0
-5.6153e-05 1.96679e-05 0
-6.04703e-05 7.48694e-06 0
-5.6153e-05 1.96679e-05 0
-6.04703e-05 7.48694e-06 0
-5.96236e-05 1.94474e-05 0
-6.44834e-05 7.31428e-06 0
-5.96236e-05 1.94474e-05 0
-6.44834e-05 7.31428e-06 0
-5.94202e-05 1.69736e-05 0
-6.47227e-05 5.45188e-06 0
-5.94202e-05 1.69736e-05 0
-6.47227e-05 5.45188e-06 0
-5.60535e-05 1.25481e-05 0
-6.16281e-05 2.08862e-06 0
-5.60535e-05 1.25481e-05 0
-6.16281e-05 2.08862e-06 0
-5.00071e-05 6.73984e-06 0
-5.56616e-05 -2.30434e-06 0
-5.00071e-05 6.73984e-06 0
-5.56616e-05 -2.30434e-06 0
-4.18694e-05 3.02589e-07 0
-4.74002e-05 -7.0524e-06 0
-4.18694e-05 3.02589e-07 0
-4.74002e-05 -7.0524e-06 0
-3.23291e-05 -5.935e-06 0
-3.7544e-05 -1.13961e-05 0
-3.23291e-05 -5.935e-06 0
-3.7544e-05 -1.13961e-05 0
-2.21462e-05 -1.11754e-05 0
-2.6895e-05 -1.46065e-05 0
-2.21462e-05 -1.11754e-05 0
-2.6895e-05 -1.46065e-05 0
-1.21083e-05 -1.47325e-05 0
-1.63207e-05 -1.60856e-05 0
-1.21083e-05 -1.47325e-05 0
-1.63207e-05 -1.60856e-05 0
-2.89269e-06 -1.60791e-05 0
-6.60229e-06 -1.54332e-05 0
-2.89269e-06 -1.60791e-05 0
-6.60229e-06 -1.54332e-05 0
5.13547e-06 -1.49106e-05 0
1.91042e-06 -1.25581e-05 0
5.13547e-06 -1.49106e-05 0
1.91042e-06 -1.25581e-05 0
1.14071e-05 -1.14355e-05 0
9.05371e-06 -7.93604e-06 0
1.14071e-05 -1.14355e-05 0
9.05371e-06 -7.93604e-06 0
1.25486e-05 -6.34761e-06 0
1.18599e-05 -3.19295e-06 0
1.25486e-05 -6.34761e-06 0
1.18599e-05 -3.19295e-06 0
0 0 0
0 0 0
0 0 0
0 0 0
-2.49922e-05 4.83803e-07 0
-2.53458e-05 -4.77966e-06 0
-2.49922e-05 4.83803e-07 0
-2.53458e-05 -4.77966e-06 0
-4.03451e-05 3.20731e-06 0
-4.18141e-05 -5.98965e-06 0
-4.03451e-05 3.20731e-06 0
-4.18141e-05 -5.98965e-06 0
-5.23014e-05 6.02874e-06 0
-5.39744e-05 -5.15011e-06 0
-5.23014e-05 6.02874e-06 0
-5.39744e-05 -5.15011e-06 0
-6.04703e-05 7.48694e-06 0
-6.2468e-05 -4.5423e-06 0
-6.04703e-05 7.48694e-06 0
-6.2468e-05 -4.5423e-06 0
-6.44834e-05 7.31428e-06 0
-6.69976e-05 -4.78713e-06 0
-6.44834e-05 7.31428e-06 0
-6.69976e-05 -4.78713e-06 0
-6.47227e-05 5.45188e-06 0
-6.77258e-05 -6.09579e-06 0
-6.47227e-05 5.45188e-06 0
-6.77258e-05 -6.09579e-06 0
-6.16281e-05 2.08862e-06 0
-6.50124e-05 -8.36614e-06 0
-6.16281e-05 2.08862e-06 0
-6.50124e-05 -8.36614e-06 0
-5.56616e-05 -2.30434e-06 0
-5.93068e-05 -1.12319e-05 0
-5.56616e-05 -2.30434e-06 0
-5.93068e-05 -1.12319e-05 0
-4.74002e-05 -7.0524e-06 0
-5.11835e-05 -1.41229e-05 0
-4.74002e-05 -7.0524e-06 0
-5.11835e-05 -1.41229e-05 0
-3.7544e-05 -1.13961e-05 0
-4.13525e-05 -1.638e-05 0
-3.7544e-05 -1.13961e-05 0
-4.13525e-05 -1.638e-05 0
-2.6895e-05 -1.46065e-05 0
-3.0642e-05 -1.73719e-05 0
-2.6895e-05 -1.46065e-05 0
-3.0642e-05 -1.73719e-05 0
-1.63207e-05 -1.60856e-05 0
-1.99671e-05 -1.66106e-05 0
-1.63207e-05 -1.60856e-05 0
-1.99671e-05 -1.66106e-05 0
-6.60229e-06 -1.54332e-05 0
-1.01681e-05 -1.3849e-05 0
-6.60229e-06 -1.54332e-05 0
-1.01681e-05 -1.3849e-05 0
1.91042e-06 -1.25581e-05 0
-1.5492e-06 -9.27537e-06 0
1.91042e-06 -1.25581e-05 0
-1.5492e-06 -9.27537e-06 0
9.05371e-06 -7.93604e-06 0
6.11509e-06 -3.74301e-06 0
9.05371e-06 -7.93604e-06 0
6.11509e-06 -3.74301e-06 0
1.18599e-05 -3.19295e-06 0
1.03216e-05 2.20142e-07 0
1.18599e-05 -3.19295e-06 0
1.03216e-05 2.20142e-07 0
0 0 0
0 0 0
0 0 0
0 0 0
-2.53458e-05 -4.77966e-06 0
-2.34418e-05 -9.36752e-06 0
-2.53458e-05 -4.77966e-06 0
-2.34418e-05 -9.36752e-06 0
-4.18141e-05 -5.98965e-06 0
-4.05098e-05 -1.41629e-05 0
-4.18141e-05 -5.98965e-06 0
-4.05098e-05 -1.41629e-05 0
-5.39744e-05 -5.15011e-06 0
-5.28984e-05 -1.5328e-05 0
-5.39744e-05 -5.15011e-06 0
-5.28984e-05 -1.5328e-05 0
-6.2468e-05 -4.5423e-06 0
-6.15933e-05 -1.56384e-05 0
-6.2468e-05 -4.5423e-06 0
-6.15933e-05 -1.56384e-05 0
-6.69976e-05 -4.78713e-06 0
-6.6518e-05 -1.60122e-05 0
-6.69976e-05 -4.78713e-06 0
-6.6518e-05 -1.60122e-05 0
-6.77258e-05 -6.09579e-06 0
-6.77201e-05 -1.68126e-05 0
-6.77258e-05 -6.09579e-06 0
-6.77201e-05 -1.68126e-05 0
-6.50124e-05 -8.36614e-06 0
-6.548e-05 -1.80018e-05 0
-6.50124e-05 -8.36614e-06 0
-6.548e-05 -1.80018e-05 0
-5.93068e-05 -1.12319e-05 0
-6.02337e-05 -1.9304e-05 0
-5.93068e-05 -1.12319e-05 0
-6.02337e-05 -1.9304e-05 0
-5.11835e-05 -1.41229e-05 0
-5.25584e-05 -2.02604e-05 0
-5.11835e-05 -1.41229e-05 0
-5.25584e-05 -2.02604e-05 0
-4.13525e-05 -1.638e-05 0
-4.31682e-05 -2.03308e-05 0
-4.13525e-05 -1.638e-05 0
-4.31682e-05 -2.03308e-05 0
-3.0642e-05 -1.73719e-05 0
-3.2898e-05 -1.90029e-05 0
-3.0642e-05 -1.73719e-05 0
-3.2898e-05 -1.90029e-05 0
-1.99671e-05 -1.66106e-05 0
-2.26704e-05 -1.59167e-05 0
-1.99671e-05 -1.66106e-05 0
-2.26704e-05 -1.59167e-05 0
-1.01681e-05 -1.3849e-05 0
-1.33027e-05 -1.10052e-05 0
-1.01681e-05 -1.3849e-05 0
-1.33027e-05 -1.10052e-05 0
-1.5492e-06 -9.27537e-06 0
-4.94216e-06 -4.80663e-06 0
-1.5492e-06 -9.27537e-06 0
-4.94216e-06 -4.80663e-06 0
6.11509e-06 -3.74301e-06 0
3.05286e-06 1.32447e-06 0
6.11509e-06 -3.74301e-06 0
3.05286e-06 1.32447e-06 0
1.03216e-05 2.20142e-07 0
8.44685e-06 3.95601e-06 0
1.03216e-05 2.20142e-07 0
8.44685e-06 3.95601e-06 0
0 0 0
0 0 0
0 0 0
0 0 0
-2.34418e-05 -9.36752e-06 0
-1.96585e-05 -1.30651e-05 0
-2.34418e-05 -9.36752e-06 0
-1.96585e-05 -1.30651e-05 0
-4.05098e-05 -1.41629e-05 0
-3.63411e-05 -2.07661e-05 0
-4.05098e-05 -1.41629e-05 0
-3.63411e-05 -2.07661e-05 0
-5.28984e-05 -1.5328e-05 0
-4.87566e-05 -2.37644e-05 0
-5.28984e-05 -1.5328e-05 0
-4.87566e-05 -2.37644e-05 0
-6.15933e-05 -1.56384e-05 0
-5.74839e-05 -2.4993e-05 0
-6.15933e-05 -1.56384e-05 0
-5.74839e-05 -2.4993e-05 0
-6.6518e-05 -1.60122e-05 0
-6.26181e-05 -2.55108e-05 0
-6.6518e-05 -1.60122e-05 0
-6.26181e-05 -2.55108e-05 0
-6.77201e-05 -1.68126e-05 0
-6.42164e-05 -2.58378e-05 0
-6.77201e-05 -1.68126e-05 0
-6.42164e-05 -2.58378e-05 0
-6.548e-05 -1.80018e-05 0
-6.25168e-05 -2.59989e-05 0
-6.548e-05 -1.80018e-05 0
-6.25168e-05 -2.59989e-05 0
-6.02337e-05 -1.9304e-05 0
-5.79404e-05 -2.57894e-05 0
-6.02337e-05 -1.9304e-05 0
-5.79404e-05 -2.57894e-05 0
-5.25584e-05 -2.02604e-05 0
-5.10612e-05 -2.48492e-05 0
-5.25584e-05 -2.02604e-05 0
-5.10612e-05 -2.48492e-05 0
-4.31682e-05 -2.03308e-05 0
-4.25861e-05 -2.2755e-05 0
-4.31682e-05 -2.03308e-05 0
-4.25861e-05 -2.2755e-05 0
-3.2898e-05 -1.90029e-05 0
-3.33349e-05 -1.91156e-05 0
-3.2898e-05 -1.90029e-05 0
-3.33349e-05 -1.91156e-05 0
-2.26704e-05 -1.59167e-05 0
-2.41821e-05 -1.37118e-05 0
-2.26704e-05 -1.59167e-05 0
-2.41821e-05 -1.37118e-05 0
-1.33027e-05 -1.10052e-05 0
-1.57968e-05 -6.69856e-06 0
-1.33027e-05 -1.10052e-05 0
-1.57968e-05 -6.69856e-06 0
-4.94216e-06 -4.80663e-06 0
-7.98657e-06 9.54323e-07 0
-4.94216e-06 -4.80663e-06 0
-7.98657e-06 9.54323e-07 0
3.05286e-06 1.32447e-06 0
3.66067e-07 7.29321e-06 0
3.05286e-06 1.32447e-06 0
3.66067e-07 7.29321e-06 0
8.44685e-06 3.95601e-06 0
6.91871e-06 7.99535e-06 0
8.44685e-06 3.95601e-06 0
6.91871e-06 7.99535e-06 0
0 0 0
0 0 0
0 0 0
0 0 0
-1.96585e-05 -1.30651e-05 0
-1.46414e-05 -1.58138e-05 0
-1.96585e-05 -1.30651e-05 0
-1.46414e-05 -1.58138e-05 0
-3.63411e-05 -2.07661e-05 0
-2.96042e-05 -2.5427e-05 0
-3.63411e-05 -2.07661e-05 0
-2.96042e-05 -2.5427e-05 0
-4.87566e-05 -2.37644e-05 0
-4.15235e-05 -2.97847e-05 0
-4.87566e-05 -2.37644e-05 0
-4.15235e-05 -2.97847e-05 0
-5.74839e-05 -2.4993e-05 0
-5.00239e-05 -3.17836e-05 0
-5.74839e-05 -2.4993e-05 0
-5.00239e-05 -3.17836e-05 0
-6.26181e-05 -2.55108e-05 0
-5.51524e-05 -3.24301e-05 0
-6.26181e-05 -2.55108e-05 0
-5.51524e-05 -3.24301e-05 0
-6.42164e-05 -2.58378e-05 0
-5.70283e-05 -3.23274e-05 0
-6.42164e-05 -2.58378e-05 0
-5.70283e-05 -3.23274e-05 0
-6.25168e-05 -2.59989e-05 0
-5.59079e-05 -3.15608e-05 0
-6.25168e-05 -2.59989e-05 0
-5.59079e-05 -3.15608e-05 0
-5.79404e-05 -2.57894e-05 0
-5.22091e-05 -2.99805e-05 0
-5.79404e-05 -2.57894e-05 0
-5.22091e-05 -2.99805e-05 0
-5.10612e-05 -2.48492e-05 0
-4.64933e-05 -2.72985e-05 0
-5.10612e-05 -2.48492e-05 0
-4.64933e-05 -2.72985e-05 0
-4.25861e-05 -2.2755e-05 0
-3.94445e-05 -2.31843e-05 0
-4.25861e-05 -2.2755e-05 0
-3.94445e-05 -2.31843e-05 0
-3.33349e-05 -1.91156e-05 0
-3.18318e-05 -1.73616e-05 0
-3.33349e-05 -1.91156e-05 0
-3.18318e-05 -1.73616e-05 0
-2.41821e-05 -1.37118e-05 0
-2.43923e-05 -9.78387e-06 0
-2.41821e-05 -1.37118e-05 0
-2.43923e-05 -9.78387e-06 0
-1.57968e-05 -6.69856e-06 0
-1.74783e-05 -9.02387e-07 0
-1.57968e-05 -6.69856e-06 0
-1.74783e-05 -9.02387e-07 0
-7.98657e-06 9.54323e-07 0
-1.03761e-05 7.83125e-06 0
-7.98657e-06 9.54323e-07 0
-1.03761e-05 7.83125e-06 0
3.66067e-07 7.29321e-06 0
-1.43513e-06 1.38849e-05 0
3.66067e-07 7.29321e-06 0
-1.43513e-06 1.38849e-05 0
6.91871e-06 7.99535e-06 0
6.44389e-06 1.21753e-05 0
6.91871e-06 7.99535e-06 0
6.44389e-06 1.21753e-05 0
0 0 0
0 0 0
0 0 0
0 0 0
-1.46414e-05 -1.58138e-05 0
-9.04887e-06 -1.77292e-05 0
-1.46414e-05 -1.58138e-05 0
-9.04887e-06 -1.77292e-05 0
-2.96042e-05 -2.5427e-05 0
-2.10661e-05 -2.82256e-05 0
-2.96042e-05 -2.5427e-05 0
-2.10661e-05 -2.82256e-05 0
-4.15235e-05 -2.97847e-05 0
-3.16512e-05 -3.30907e-05 0
-4.15235e-05 -2.97847e-05 0
-3.16512e-05 -3.30907e-05 0
-5.00239e-05 -3.17836e-05 0
-3.94918e-05 -3.54049e-05 0
-5.00239e-05 -3.17836e-05 0
-3.94918e-05 -3.54049e-05 0
-5.51524e-05 -3.24301e-05 0
-4.43274e-05 -3.60001e-05 0
-5.51524e-05 -3.24301e-05 0
-4.43274e-05 -3.60001e-05 0
-5.70283e-05 -3.23274e-05 0
-4.63253e-05 -3.54694e-05 0
-5.70283e-05 -3.23274e-05 0
-4.63253e-05 -3.54694e-05 0
-5.59079e-05 -3.15608e-05 0
-4.57988e-05 -3.38883e-05 0
-5.59079e-05 -3.15608e-05 0
-4.57988e-05 -3.38883e-05 0
-5.22091e-05 -2.99805e-05 0
-4.31759e-05 -3.11161e-05 0
-5.22091e-05 -2.99805e-05 0
-4.31759e-05 -3.11161e-05 0
-4.64933e-05 -2.72985e-05 0
-3.8992e-05 -2.69015e-05 0
-4.64933e-05 -2.72985e-05 0
-3.8992e-05 -2.69015e-05 0
-3.94445e-05 -2.31843e-05 0
-3.38693e-05 -2.09997e-05 0
-3.94445e-05 -2.31843e-05 0
-3.38693e-05 -2.09997e-05 0
-3.18318e-05 -1.73616e-05 0
-2.84468e-05 -1.32984e-05 0
-3.18318e-05 -1.73616e-05 0
-2.84468e-05 -1.32984e-05 0
-2.43923e-05 -9.78387e-06 0
-2.3191e-05 -4.02692e-06 0
-2.43923e-05 -9.78387e-06 0
-2.3191e-05 -4.02692e-06 0
-1.74783e-05 -9.02387e-07 0
-1.7999e-05 5.9921e-06 0
-1.74783e-05 -9.02387e-07 0
-1.7999e-05 5.9921e-06 0
-1.03761e-05 7.83125e-06 0
-1.16439e-05 1.49677e-05 0
-1.03761e-05 7.83125e-06 0
-1.16439e-05 1.49677e-05 0
-1.43513e-06 1.38849e-05 0
-1.97874e-06 2.01879e-05 0
-1.43513e-06 1.38849e-05 0
-1.97874e-06 2.01879e-05 0
6.44389e-06 1.21753e-05 0
7.52874e-06 1.59906e-05 0
6.44389e-06 1.21753e-05 0
7.52874e-06 1.59906e-05 0
0 0 0
0 0 0
0 0 0
0 0 0
-9.04887e-06 -1.77292e-05 0
-3.23844e-06 -1.94105e-05 0
-9.04887e-06 -1.77292e-05 0
-3.23844e-06 -1.94105e-05 0
-2.10661e-05 -2.82256e-05 0
-1.17786e-05 -3.00062e-05 0
-2.10661e-05 -2.82256e-05 0
-1.17786e-05 -3.00062e-05 0
-3.16512e-05 -3.30907e-05 0
-2.03953e-05 -3.40401e-05 0
-3.16512e-05 -3.30907e-05 0
-2.03953e-05 -3.40401e-05 0
-3.94918e-05 -3.54049e-05 0
-2.68419e-05 -3.54597e-05 0
-3.94918e-05 -3.54049e-05 0
-2.68419e-05 -3.54597e-05 0
-4.43274e-05 -3.60001e-05 0
-3.08856e-05 -3.53528e-05 0
-4.43274e-05 -3.60001e-05 0
-3.08856e-05 -3.53528e-05 0
-4.63253e-05 -3.54694e-05 0
-3.27578e-05 -3.41205e-05 0
-4.63253e-05 -3.54694e-05 0
-3.27578e-05 -3.41205e-05 0
-4.57988e-05 -3.38883e-05 0
-3.28019e-05 -3.16728e-05 0
-4.57988e-05 -3.38883e-05 0
-3.28019e-05 -3.16728e-05 0
-4.31759e-05 -3.11161e-05 0
-3.14163e-05 -2.78057e-05 0
-4.31759e-05 -3.11161e-05 0
-3.14163e-05 -2.78057e-05 0
-3.8992e-05 -2.69015e-05 0
-2.90435e-05 -2.23191e-05 0
-3.8992e-05 -2.69015e-05 0
-2.90435e-05 -2.23191e-05 0
-3.38693e-05 -2.09997e-05 0
-2.61408e-05 -1.515e-05 0
-3.38693e-05 -2.09997e-05 0
-2.61408e-05 -1.515e-05 0
-2.84468e-05 -1.32984e-05 0
-2.30879e-05 -6.50007e-06 0
-2.84468e-05 -1.32984e-05 0
-2.30879e-05 -6.50007e-06 0
-2.3191e-05 -4.02692e-06 0
-1.99961e-05 3.02273e-06 0
-2.3191e-05 -4.02692e-06 0
-1.99961e-05 3.02273e-06 0
-1.7999e-05 5.9921e-06 0
-1.63943e-05 1.23551e-05 0
-1.7999e-05 5.9921e-06 0
-1.63943e-05 1.23551e-05 0
-1.16439e-05 1.49677e-05 0
-1.09616e-05 1.99119e-05 0
-1.16439e-05 1.49677e-05 0
-1.09616e-05 1.99119e-05 0
-1.97874e-06 2.01879e-05 0
-1.3749e-06 2.38621e-05 0
-1.97874e-06 2.01879e-05 0
-1.3749e-06 2.38621e-05 0
7.52874e-06 1.59906e-05 0
9.57734e-06 1.84584e-05 0
7.52874e-06 1.59906e-05 0
9.57734e-06 1.84584e-05 0
0 0 0
0 0 0
0 0 0
0 0 0
-3.23844e-06 -1.94105e-05 0
2.94726e-06 -2.05062e-05 0
-3.23844e-06 -1.94105e-05 0
2.94726e-06 -2.05062e-05 0
-1.17786e-05 -3.00062e-05 0
-4.22622e-06 -2.79907e-05 0
-1.17786e-05 -3.00062e-05 0
-4.22622e-06 -2.79907e-05 0
-2.03953e-05 -3.40401e-05 0
-9.72182e-06 -2.84948e-05 0
-2.03953e-05 -3.40401e-05 0
-9.72182e-06 -2.84948e-05 0
-2.68419e-05 -3.54597e-05 0
-1.36154e-05 -2.78317e-05 0
-2.68419e-05 -3.54597e-05 0
-1.36154e-05 -2.78317e-05 0
-3.08856e-05 -3.53528e-05 0
-1.60974e-05 -2.64627e-05 0
-3.08856e-05 -3.53528e-05 0
-1.60974e-05 -2.64627e-05 0
-3.27578e-05 -3.41205e-05 0
-1.74218e-05 -2.43942e-05 0
-3.27578e-05 -3.41205e-05 0
-1.74218e-05 -2.43942e-05 0
-3.28019e-05 -3.16728e-05 0
-1.78374e-05 -2.13393e-05 0
-3.28019e-05 -3.16728e-05 0
-1.78374e-05 -2.13393e-05 0
-3.14163e-05 -2.78057e-05 0
-1.75719e-05 -1.71159e-05 0
-3.14163e-05 -2.78057e-05 0
-1.75719e-05 -1.71159e-05 0
-2.90435e-05 -2.23191e-05 0
-1.68376e-05 -1.17156e-05 0
-2.90435e-05 -2.23191e-05 0
-1.68376e-05 -1.17156e-05 0
-2.61408e-05 -1.515e-05 0
-1.58102e-05 -5.37531e-06 0
-2.61408e-05 -1.515e-05 0
-1.58102e-05 -5.37531e-06 0
-2.30879e-05 -6.50007e-06 0
-1.45751e-05 1.41033e-06 0
-2.30879e-05 -6.50007e-06 0
-1.45751e-05 1.41033e-06 0
-1.99961e-05 3.02273e-06 0
-1.30435e-05 7.93556e-06 0
-1.99961e-05 3.02273e-06 0
-1.30435e-05 7.93556e-06 0
-1.63943e-05 1.23551e-05 0
-1.0817e-05 1.34894e-05 0
-1.63943e-05 1.23551e-05 0
-1.0817e-05 1.34894e-05 0
-1.09616e-05 1.99119e-05 0
-7.12322e-06 1.74266e-05 0
-1.09616e-05 1.99119e-05 0
-7.12322e-06 1.74266e-05 0
-1.3749e-06 2.38621e-05 0
-5.95613e-07 1.98588e-05 0
-1.3749e-06 2.38621e-05 0
-5.95613e-07 1.98588e-05 0
9.57734e-06 1.84584e-05 0
9.58995e-06 1.74987e-05 0
9.57734e-06 1.84584e-05 0
9.58995e-06 1.74987e-05 0
0 0 0
0 0 0
0 0 0
0 0 0
2.94726e-06 -2.05062e-05 0
0 0 0
2.94726e-06 -2.05062e-05 0
0 0 0
-4.22622e-06 -2.79907e-05 0
0 0 0
-4.22622e-06 -2.79907e-05 0
0 0 0
-9.72182e-06 -2.84948e-05 0
0 0 0
-9.72182e-06 -2.84948e-05 0
0 0 0
-1.36154e-05 -2.78317e-05 0
0 0 0
-1.36154e-05 -2.78317e-05 0
0 0 0
-1.60974e-05 -2.64627e-05 0
0 0 0
-1.60974e-05 -2.64627e-05 0
0 0 0
-1.74218e-05 -2.43942e-05 0
0 0 0
-1.74218e-05 -2.43942e-05 0
0 0 0
-1.78374e-05 -2.13393e-05 0
0 0 0
-1.78374e-05 -2.13393e-05 0
0 0 0
-1.75719e-05 -1.71159e-05 0
0 0 0
-1.75719e-05 -1.71159e-05 0
0 0 0
-1.68376e-05 -1.17156e-05 0
0 0 0
-1.68376e-05 -1.17156e-05 0
0 0 0
-1.58102e-05 -5.37531e-06 0
0 0 0
-1.58102e-05 -5.37531e-06 0
0 0 0
-1.45751e-05 1.41033e-06 0
0 0 0
-1.45751e-05 1.41033e-06 0
0 0 0
-1.30435e-05 7.93556e-06 0
0 0 0
-1.30435e-05 7.93556e-06 0
0 0 0
-1.0817e-05 1.34894e-05 0
0 0 0
-1.0817e-05 1.34894e-05 0
0 0 0
-7.12322e-06 1.74266e-05 0
0 0 0
-7.12322e-06 1.74266e-05 0
0 0 0
-5.95613e-07 1.98588e-05 0
0 0 0
-5.95613e-07 1.98588e-05 0
0 0 0
9.58995e-06 1.74987e-05 0
0 0 0
9.58995e-06 1.74987e-05 0
0 0 0
0 0 0
0 0 0
SCALARS pressure double 1
LOOKUP_TABLE default
-0.000307429 2.21964e-05 0.184664 0.181449 0.184664 0.181449 0.363157 0.357001 0.363157 0.357001 0.529332 0.520319 0.529332 0.520319 0.677466 0.665937 0.677466 0.665937 0.802528 0.788868 0.802528 0.788868 0.900253 0.884929 0.900253 0.884929 0.967314 0.950848 0.967314 0.950848 1.00143 0.984378 1.00143 0.984378 1.00143 0.984378 1.00143 0.984378 0.967315 0.950847 0.967315 0.950847 0.900256 0.884929 0.900256 0.884929 0.802532 0.788869 0.802532 0.788869 0.677474 0.665941 0.677474 0.665941 0.529344 0.520327 0.529344 0.520327 0.363175 0.357013 0.363175 0.357013 0.18468 0.181464 0.18468 0.181464 -0.000268761 3.4291e-05 2.21964e-05 -3.4089e-05 0.181449 0.172168 0.181449 0.172168 0.357001 0.33867 0.357001 0.33867 0.520319 0.493601 0.520319 0.493601 0.665937 0.631735 0.665937 0.631735 0.788868 0.74835 0.788868 0.74835 0.884929 0.839476 0.884929 0.839476 0.950848 0.902008 0.950848 0.902008 0.984378 0.933816 0.984378 0.933816 0.984378 0.933816 0.984378 0.933816 0.950847 0.902008 0.950847 0.902008 0.884929 0.839476 0.884929 0.839476 0.788869 0.74835 0.788869 0.74835 0.665941 0.631737 0.665941 0.631737 0.520327 0.493604 0.520327 0.493604 0.357013 0.338673 0.357013 0.338673 0.181464 0.172171 0.181464 0.172171 3.4291e-05 -3.03796e-05 -3.4089e-05 1.01557e-05 0.172168 0.156995 0.172168 0.156995 0.33867 0.308815 0.33867 0.308815 0.493601 0.450076 0.493601 0.450076 0.631735 0.576025 0.631735 0.576025 0.74835 0.682353 0.74835 0.682353 0.839476 0.765441 0.839476 0.765441 0.902008 0.822458 0.902008 0.822458 0.933816 0.851461 0.933816 0.851461 0.933816 0.851461 0.933816 0.851461 0.902008 0.822459 0.902008 0.822459 0.839476 0.765442 0.839476 0.765442 0.74835 0.682353 0.74835 0.682353 0.631737 0.576024 0.631737 0.576024 0.493604 0.450075 0.493604 0.450075 0.338673 0.308813 0.338673 0.308813 0.172171 0.156991 0.172171 0.156991 -3.03796e-05 3.54611e-06 1.01557e-05 2.16588e-05 0.156995 0.13648 0.156995 0.13648 0.308815 0.26844 0.308815 0.26844 0.450076 0.391225 0.450076 0.391225 0.576025 0.5007 0.576025 0.5007 0.682353 0.593122 0.682353 0.593122 0.765441 0.665345 0.765441 0.665345 0.822458 0.714906 0.822458 0.714906 0.851461 0.740116 0.851461 0.740116 0.851461 0.740116 0.851461 0.740116 0.822459 0.714906 0.822459 0.714906 0.765442 0.665345 0.765442 0.665345 0.682353 0.593122 0.682353 0.593122 0.576024 0.500699 0.576024 0.500699 0.450075 0.391222 0.450075 0.391222 0.308813 0.268435 0.308813 0.268435 0.156991 0.136472 0.156991 0.136472 3.54611e-06 1.17125e-05 2.16588e-05 3.4619e-05 0.13648 0.11131 0.13648 0.11131 0.26844 0.21892 0.26844 0.21892 0.391225 0.319049 0.391225 0.319049 0.5007 0.408325 0.5007 0.408325 0.593122 0.483695 0.593122 0.483695 0.665345 0.542593 0.665345 0.542593 0.714906 0.583011 0.714906 0.583011 0.740116 0.60357 0.740116 0.60357 0.740116 0.603569 0.740116 0.603569 0.714906 0.58301 0.714906 0.58301 0.665345 0.542592 0.665345 0.542592 0.593122 0.483694 0.593122 0.483694 0.500699 0.408323 0.500699 0.408323 0.391222 0.319045 0.391222 0.319045 0.268435 0.218914 0.268435 0.218914 0.136472 0.111301 0.136472 0.111301 1.17125e-05 2.36033e-05 3.4619e-05 3.77397e-05 0.11131 0.0823437 0.11131 0.0823437 0.21892 0.161941 0.21892 0.161941 0.319049 0.236005 0.319049 0.236005 0.408325 0.302043 0.408325 0.302043 0.483695 0.357796 0.483695 0.357796 0.542593 0.401364 0.542593 0.401364 0.583011 0.431262 0.583011 0.431262 0.60357 0.44647 0.60357 0.44647 0.603569 0.44647 0.603569 0.44647 0.58301 0.431261 0.58301 0.431261 0.542592 0.401362 0.542592 0.401362 0.483694 0.357793 0.483694 0.357793 0.408323 0.302039 0.408323 0.302039 0.319045 0.236 0.319045 0.236 0.218914 0.161934 0.218914 0.161934 0.111301 0.0823359 0.111301 0.0823359 2.36033e-05 2.77222e-05 3.77397e-05 3.27181e-05 0.0823437 0.0505663 0.0823437 0.0505663 0.161941 0.0994397 0.161941 0.0994397 0.236005 0.144919 0.236005 0.144919 0.302043 0.185471 0.302043 0.185471 0.357796 0.219708 0.357796 0.219708 0.401364 0.246464 0.401364 0.246464 0.431262 0.264825 0.431262 0.264825 0.44647 0.274165 0.44647 0.274165 0.44647 0.274164 0.44647 0.274164 0.431261 0.264824 0.431261 0.264824 0.401362 0.246462 0.401362 0.246462 0.357793 0.219705 0.357793 0.219705 0.302039 0.185467 0.302039 0.185467 0.236 0.144914 0.236 0.144914 0.161934 0.0994337 0.161934 0.0994337 0.0823359 0.0505594 0.0823359 0.0505594 2.77222e-05 2.43331e-05 3.27181e-05 1.81559e-05 0.0505663 0.017059 0.0505663 0.017059 0.0994397 0.033545 0.0994397 0.033545 0.144919 0.0488903 0.144919 0.0488903 0.185471 0.0625765 0.185471 0.0625765 0.219708 0.0741338 0.219708 0.0741338 0.246464 0.0831671 0.246464 0.0831671 0.264825 0.0893668 0.264825 0.0893668 0.274165 0.0925205 0.274165 0.0925205 0.274164 0.09252 0.274164 0.09252 0.264824 0.0893655 0.264824 0.0893655 0.246462 0.0831649 0.246462 0.0831649 0.219705 0.0741308 0.219705 0.0741308 0.185467 0.0625726 0.185467 0.0625726 0.144914 0.0488855 0.144914 0.0488855 0.0994337 0.0335396 0.0994337 0.0335396 0.0505594 0.0170531 0.0505594 0.0170531 2.43331e-05 1.16149e-05 1.81559e-05 -5.65334e-06 0.017059 -0.0170378 0.017059 -0.0170378 0.033545 -0.0334999 0.033545 -0.0334999 0.0488903 -0.04881 0.0488903 -0.04881 0.0625765 -0.0624548 0.0625765 -0.0624548 0.0741338 -0.0739702 0.0741338 -0.0739702 0.0831671 -0.0829663 0.0831671 -0.0829663 0.0893668 -0.0891384 0.0893668 -0.0891384 0.0925205 -0.0922779 0.0925205 -0.0922779 0.09252 -0.0922783 0.09252 -0.0922783 0.0893655 -0.0891398 0.0893655 -0.0891398 0.0831649 -0.0829684 0.0831649 -0.0829684 0.0741308 -0.073973 0.0741308 -0.073973 0.0625726 -0.0624585 0.0625726 -0.0624585 0.0488855 -0.0488144 0.0488855 -0.0488144 0.0335396 -0.0335047 0.0335396 -0.0335047 0.0170531 -0.0170427 0.0170531 -0.0170427 1.16149e-05 -1.04954e-05 -5.65334e-06 -3.78886e-05 -0.0170378 -0.0505627 -0.0170378 -0.0505627 -0.0334999 -0.0994119 -0.0334999 -0.0994119 -0.04881 -0.144855 -0.04881 -0.144855 -0.0624548 -0.185366 -0.0624548 -0.185366 -0.0739702 -0.21956 -0.0739702 -0.21956 -0.0829663 -0.246279 -0.0829663 -0.246279 -0.0891384 -0.264612 -0.0891384 -0.264612 -0.0922779 -0.273937 -0.0922779 -0.273937 -0.0922783 -0.273938 -0.0922783 -0.273938 -0.0891398 -0.264613 -0.0891398 -0.264613 -0.0829684 -0.246281 -0.0829684 -0.246281 -0.073973 -0.219563 -0.073973 -0.219563 -0.0624585 -0.185369 -0.0624585 -0.185369 -0.0488144 -0.144859 -0.0488144 -0.144859 -0.0335047 -0.0994161 -0.0335047 -0.0994161 -0.0170427 -0.0505669 -0.0170427 -0.0505669 -1.04954e-05 -4.13122e-05 -3.78886e-05 -7.65808e-05 -0.0505627 -0.0823735 -0.0505627 -0.0823735 -0.0994119 -0.161946 -0.0994119 -0.161946 -0.144855 -0.235974 -0.144855 -0.235974 -0.185366 -0.301969 -0.185366 -0.301969 -0.21956 -0.357678 -0.21956 -0.357678 -0.246279 -0.401208 -0.246279 -0.401208 -0.264612 -0.431078 -0.264612 -0.431078 -0.273937 -0.446271 -0.273937 -0.446271 -0.273938 -0.446271 -0.273938 -0.446271 -0.264613 -0.431079 -0.264613 -0.431079 -0.246281 -0.40121 -0.246281 -0.40121 -0.219563 -0.357681 -0.219563 -0.357681 -0.185369 -0.301972 -0.185369 -0.301972 -0.144859 -0.235977 -0.144859 -0.235977 -0.0994161 -0.161949 -0.0994161 -0.161949 -0.0505669 -0.0823771 -0.0505669 -0.0823771 -4.13122e-05 -7.88258e-05 -7.65808e-05 -0.000119573 -0.0823735 -0.111385 -0.0823735 -0.111385 -0.161946 -0.21897 -0.161946 -0.21897 -0.235974 -0.319062 -0.235974 -0.319062 -0.301969 -0.408294 -0.301969 -0.408294 -0.357678 -0.483619 -0.357678 -0.483619 -0.401208 -0.542477 -0.401208 -0.542477 -0.431078 -0.582865 -0.431078 -0.582865 -0.446271 -0.603409 -0.446271 -0.603409 -0.446271 -0.603409 -0.446271 -0.603409 -0.431079 -0.582866 -0.431079 -0.582866 -0.40121 -0.542479 -0.40121 -0.542479 -0.357681 -0.483621 -0.357681 -0.483621 -0.301972 -0.408296 -0.301972 -0.408296 -0.235977 -0.319065 -0.235977 -0.319065 -0.161949 -0.218973 -0.161949 -0.218973 -0.0823771 -0.111388 -0.0823771 -0.111388 -7.88258e-05 -0.000120849 -0.000119573 -0.000161548 -0.111385 -0.136609 -0.111385 -0.136609 -0.21897 -0.268542 -0.21897 -0.268542 -0.319062 -0.391288 -0.319062 -0.391288 -0.408294 -0.500717 -0.408294 -0.500717 -0.483619 -0.593092 -0.483619 -0.593092 -0.542477 -0.665274 -0.542477 -0.665274 -0.582865 -0.714804 -0.582865 -0.714804 -0.603409 -0.739998 -0.603409 -0.739998 -0.603409 -0.739998 -0.603409 -0.739998 -0.582866 -0.714805 -0.582866 -0.714805 -0.542479 -0.665275 -0.542479 -0.665275 -0.483621 -0.593094 -0.483621 -0.593094 -0.408296 -0.500719 -0.408296 -0.500719 -0.319065 -0.39129 -0.319065 -0.39129 -0.218973 -0.268544 -0.218973 -0.268544 -0.111388 -0.136611 -0.111388 -0.136611 -0.000120849 -0.000161225 -0.000161548 -0.000205746 -0.136609 -0.157182 -0.136609 -0.157182 -0.268542 -0.308971 -0.268542 -0.308971 -0.391288 -0.45019 -0.391288 -0.45019 -0.500717 -0.576089 -0.500717 -0.576089 -0.593092 -0.682368 -0.593092 -0.682368 -0.665274 -0.765414 -0.665274 -0.765414 -0.714804 -0.822399 -0.714804 -0.822399 -0.739998 -0.851385 -0.739998 -0.851385 -0.739998 -0.851386 -0.739998 -0.851386 -0.714805 -0.8224 -0.714805 -0.8224 -0.665275 -0.765415 -0.665275 -0.765415 -0.593094 -0.682369 -0.593094 -0.682369 -0.500719 -0.57609 -0.500719 -0.57609 -0.39129 -0.450191 -0.39129 -0.450191 -0.268544 -0.308971 -0.268544 -0.308971 -0.136611 -0.15718 -0.136611 -0.15718 -0.000161225 -0.000203498 -0.000205746 -0.000221082 -0.157182 -0.172406 -0.157182 -0.172406 -0.308971 -0.338877 -0.308971 -0.338877 -0.45019 -0.493761 -0.45019 -0.493761 -0.576089 -0.631841 -0.576089 -0.631841 -0.682368 -0.748403 -0.682368 -0.748403 -0.765414 -0.839485 -0.765414 -0.839485 -0.822399 -0.901984 -0.822399 -0.901984 -0.851385 -0.933776 -0.851385 -0.933776 -0.851386 -0.933776 -0.851386 -0.933776 -0.8224 -0.901986 -0.8224 -0.901986 -0.765415 -0.839487 -0.765415 -0.839487 -0.682369 -0.748406 -0.682369 -0.748406 -0.57609 -0.631842 -0.57609 -0.631842 -0.450191 -0.49376 -0.450191 -0.49376 -0.308971 -0.338873 -0.308971 -0.338873 -0.15718 -0.1724 -0.15718 -0.1724 -0.000203498 -0.000212097 -0.000221082 -0.00030359 -0.172406 -0.181735 -0.172406 -0.181735 -0.338877 -0.357245 -0.338877 -0.357245 -0.493761 -0.520512 -0.493761 -0.520512 -0.631841 -0.666072 -0.631841 -0.666072 -0.748403 -0.788948 -0.748403 -0.788948 -0.839485 -0.884963 -0.839485 -0.884963 -0.901984 -0.950848 -0.901984 -0.950848 -0.933776 -0.984361 -0.933776 -0.984361 -0.933776 -0.984362 -0.933776 -0.984362 -0.901986 -0.950851 -0.901986 -0.950851 -0.839487 -0.884967 -0.839487 -0.884967 -0.748406 -0.788952 -0.748406 -0.788952 -0.631842 -0.666075 -0.631842 -0.666075 -0.49376 -0.52051 -0.49376 -0.52051 -0.338873 -0.357237 -0.338873 -0.357237 -0.1724 -0.18172 -0.1724 -0.18172 -0.000212097 -0.000290929 -0.00030359 -6.59692e-05 -0.181735 -0.184948 -0.181735 -0.184948 -0.357245 -0.363421 -0.357245 -0.363421 -0.520512 -0.529537 -0.520512 -0.529537 -0.666072 -0.677613 -0.666072 -0.677613 -0.788948 -0.802619 -0.788948 -0.802619 -0.884963 -0.900297 -0.884963 -0.900297 -0.950848 -0.967324 -0.950848 -0.967324 -0.984361 -1.00142 -0.984361 -1.00142 -0.984362 -1.00142 -0.984362 -1.00142 -0.950851 -0.967328 -0.950851 -0.967328 -0.884967 -0.900302 -0.884967 -0.900302 -0.788952 -0.802624 -0.788952 -0.802624 -0.666075 -0.677616 -0.666075 -0.677616 -0.52051 -0.529534 -0.52051 -0.529534 -0.357237 -0.363408 -0.357237 -0.363408 -0.18172 -0.184933 -0.18172 -0.184933 -0.000290929 -2.73005e-05 
SCALARS pressure_error double 1
LOOKUP_TABLE default
0.000307429 -2.21964e-05 -0.000914071 -0.000828304 -0.000914071 -0.000828304 -0.00191532 -0.00191016 -0.00191532 -0.00191016 -0.00289994 -0.00285043 -0.00289994 -0.00285043 -0.00377033 -0.00371261 -0.00377033 -0.00371261 -0.00451085 -0.00443815 -0.00451085 -0.00443815 -0.0050902 -0.00500769 -0.0050902 -0.00500769 -0.00548869 -0.0053988 -0.00548869 -0.0053988 -0.00569166 -0.00559789 -0.00569166 -0.00559789 -0.00569196 -0.00559773 -0.00569196 -0.00559773 -0.00548975 -0.00539851 -0.00548975 -0.00539851 -0.00509253 -0.0050078 -0.00509253 -0.0050078 -0.00451528 -0.00443953 -0.00451528 -0.00443953 -0.00377808 -0.00371651 -0.00377808 -0.00371651 -0.00291172 -0.00285798 -0.00291172 -0.00285798 -0.00193334 -0.00192175 -0.00193334 -0.00192175 -0.000930102 -0.000843341 -0.000930102 -0.000843341 0.000268761 -3.4291e-05 -2.21964e-05 3.4089e-05 -0.000828304 -0.000826511 -0.000828304 -0.000826511 -0.00191016 -0.00182171 -0.00191016 -0.00182171 -0.00285043 -0.00271809 -0.00285043 -0.00271809 -0.00371261 -0.00353256 -0.00371261 -0.00353256 -0.00443815 -0.00422072 -0.00443815 -0.00422072 -0.00500769 -0.00476088 -0.00500769 -0.00476088 -0.0053988 -0.00513227 -0.0053988 -0.00513227 -0.00559789 -0.00532147 -0.00559789 -0.00532147 -0.00559773 -0.00532146 -0.00559773 -0.00532146 -0.00539851 -0.00513227 -0.00539851 -0.00513227 -0.0050078 -0.00476106 -0.0050078 -0.00476106 -0.00443953 -0.00422134 -0.00443953 -0.00422134 -0.00371651 -0.00353411 -0.00371651 -0.00353411 -0.00285798 -0.00272071 -0.00285798 -0.00272071 -0.00192175 -0.0018256 -0.00192175 -0.0018256 -0.000843341 -0.000829317 -0.000843341 -0.000829317 -3.4291e-05 3.03796e-05 3.4089e-05 -1.01557e-05 -0.000826511 -0.00076779 -0.000826511 -0.00076779 -0.00182171 -0.00168069 -0.00182171 -0.00168069 -0.00271809 -0.00249443 -0.00271809 -0.00249443 -0.00353256 -0.00323693 -0.00353256 -0.00323693 -0.00422072 -0.00386461 -0.00422072 -0.00386461 -0.00476088 -0.00435814 -0.00476088 -0.00435814 -0.00513227 -0.00469779 -0.00513227 -0.00469779 -0.00532147 -0.00487098 -0.00532147 -0.00487098 -0.00532146 -0.00487104 -0.00532146 -0.00487104 -0.00513227 -0.00469796 -0.00513227 -0.00469796 -0.00476106 -0.00435837 -0.00476106 -0.00435837 -0.00422134 -0.00386477 -0.00422134 -0.00386477 -0.00353411 -0.00323683 -0.00353411 -0.00323683 -0.00272071 -0.00249364 -0.00272071 -0.00249364 -0.0018256 -0.00167889 -0.0018256 -0.00167889 -0.000829317 -0.000763901 -0.000829317 -0.000763901 3.03796e-05 -3.54611e-06 -1.01557e-05 -2.16588e-05 -0.00076779 -0.000687041 -0.00076779 -0.000687041 -0.00168069 -0.00147886 -0.00168069 -0.00147886 -0.00249443 -0.002187 -0.00249443 -0.002187 -0.00323693 -0.0028333 -0.00323693 -0.0028333 -0.00386461 -0.00338062 -0.00386461 -0.00338062 -0.00435814 -0.00381147 -0.00435814 -0.00381147 -0.00469779 -0.00410824 -0.00469779 -0.00410824 -0.00487098 -0.00425959 -0.00487098 -0.00425959 -0.00487104 -0.00425955 -0.00487104 -0.00425955 -0.00469796 -0.0041081 -0.00469796 -0.0041081 -0.00435837 -0.00381116 -0.00435837 -0.00381116 -0.00386477 -0.00337989 -0.00386477 -0.00337989 -0.00323683 -0.00283173 -0.00323683 -0.00283173 -0.00249364 -0.00218396 -0.00249364 -0.00218396 -0.00167889 -0.00147399 -0.00167889 -0.00147399 -0.000763901 -0.00067956 -0.000763901 -0.00067956 -3.54611e-06 -1.17125e-05 -2.16588e-05 -3.4619e-05 -0.000687041 -0.000575865 -0.000687041 -0.000575865 -0.00147886 -0.00122358 -0.00147886 -0.00122358 -0.002187 -0.00180319 -0.002187 -0.00180319 -0.0028333 -0.00233317 -0.0028333 -0.00233317 -0.00338062 -0.00278267 -0.00338062 -0.00278267 -0.00381147 -0.00313697 -0.00381147 -0.00313697 -0.00410824 -0.0033812 -0.00410824 -0.0033812 -0.00425959 -0.00350574 -0.00425959 -0.00350574 -0.00425955 -0.00350554 -0.00425955 -0.00350554 -0.0041081 -0.0033806 -0.0041081 -0.0033806 -0.00381116 -0.00313591 -0.00381116 -0.00313591 -0.00337989 -0.00278092 -0.00337989 -0.00278092 -0.00283173 -0.00233035 -0.00283173 -0.00233035 -0.00218396 -0.00179881 -0.00218396 -0.00179881 -0.00147399 -0.00121745 -0.00147399 -0.00121745 -0.00067956 -0.000567543 -0.00067956 -0.000567543 -1.17125e-05 -2.36033e-05 -3.4619e-05 -3.77397e-05 -0.000575865 -0.000439526 -0.000575865 -0.000439526 -0.00122358 -0.000921318 -0.00122358 -0.000921318 -0.00180319 -0.00135421 -0.00180319 -0.00135421 -0.00233317 -0.00175112 -0.00233317 -0.00175112 -0.00278267 -0.00208864 -0.00278267 -0.00208864 -0.00313697 -0.00235519 -0.00313697 -0.00235519 -0.0033812 -0.00253914 -0.0033812 -0.00253914 -0.00350574 -0.00263295 -0.00350574 -0.00263295 -0.00350554 -0.00263263 -0.00350554 -0.00263263 -0.0033806 -0.00253817 -0.0033806 -0.00253817 -0.00313591 -0.00235352 -0.00313591 -0.00235352 -0.00278092 -0.00208612 -0.00278092 -0.00208612 -0.00233035 -0.00174749 -0.00233035 -0.00174749 -0.00179881 -0.0013492 -0.00179881 -0.0013492 -0.00121745 -0.000914959 -0.00121745 -0.000914959 -0.000567543 -0.000431641 -0.000567543 -0.000431641 -2.36033e-05 -2.77222e-05 -3.77397e-05 -3.27181e-05 -0.000439526 -0.000280883 -0.000439526 -0.000280883 -0.000921318 -0.000581225 -0.000921318 -0.000581225 -0.00135421 -0.000853617 -0.00135421 -0.000853617 -0.00175112 -0.00110508 -0.00175112 -0.00110508 -0.00208864 -0.00132017 -0.00208864 -0.00132017 -0.00235519 -0.00149079 -0.00235519 -0.00149079 -0.00253914 -0.00160887 -0.00253914 -0.00160887 -0.00263295 -0.00166911 -0.00263295 -0.00166911 -0.00263263 -0.0016687 -0.00263263 -0.0016687 -0.00253817 -0.00160765 -0.00253817 -0.00160765 -0.00235352 -0.00148875 -0.00235352 -0.00148875 -0.00208612 -0.00131724 -0.00208612 -0.00131724 -0.00174749 -0.0011011 -0.00174749 -0.0011011 -0.0013492 -0.000848522 -0.0013492 -0.000848522 -0.000914959 -0.000575196 -0.000914959 -0.000575196 -0.000431641 -0.000273981 -0.000431641 -0.000273981 -2.77222e-05 -2.43331e-05 -3.27181e-05 -1.81559e-05 -0.000280883 -0.000104701 -0.000280883 -0.000104701 -0.000581225 -0.000213859 -0.000581225 -0.000213859 -0.000853617 -0.000317314 -0.000853617 -0.000317314 -0.00110508 -0.000415734 -0.00110508 -0.000415734 -0.00132017 -0.000502087 -0.00132017 -0.000502087 -0.00149079 -0.000571853 -0.00149079 -0.000571853 -0.00160887 -0.000620716 -0.00160887 -0.000620716 -0.00166911 -0.000645702 -0.00166911 -0.000645702 -0.0016687 -0.000645255 -0.0016687 -0.000645255 -0.00160765 -0.000619393 -0.00160765 -0.000619393 -0.00148875 -0.000569685 -0.00148875 -0.000569685 -0.00131724 -0.000499066 -0.00131724 -0.000499066 -0.0011011 -0.000411797 -0.0011011 -0.000411797 -0.000848522 -0.000312498 -0.000848522 -0.000312498 -0.000575196 -0.000208407 -0.000575196 -0.000208407 -0.000273981 -9.8848e-05 -0.000273981 -9.8848e-05 -2.43331e-05 -1.16149e-05 -1.81559e-05 5.65334e-06 -0.000104701 8.3527e-05 -0.000104701 8.3527e-05 -0.000213859 0.000168727 -0.000213859 0.000168727 -0.000317314 0.000236988 -0.000317314 0.000236988 -0.000415734 0.000294046 -0.000415734 0.000294046 -0.000502087 0.000338411 -0.000502087 0.000338411 -0.000571853 0.000371002 -0.000571853 0.000371002 -0.000620716 0.00039237 -0.000620716 0.00039237 -0.000645702 0.000403124 -0.000645702 0.000403124 -0.000645255 0.000403571 -0.000645255 0.000403571 -0.000619393 0.000393681 -0.000619393 0.000393681 -0.000569685 0.000373117 -0.000569685 0.000373117 -0.000499066 0.000341287 -0.000499066 0.000341287 -0.000411797 0.000297692 -0.000411797 0.000297692 -0.000312498 0.000241336 -0.000312498 0.000241336 -0.000208407 0.000173554 -0.000208407 0.000173554 -9.8848e-05 8.8463e-05 -9.8848e-05 8.8463e-05 -1.16149e-05 1.04954e-05 5.65334e-06 3.78886e-05 8.3527e-05 0.00027728 8.3527e-05 0.00027728 0.000168727 0.0005534 0.000168727 0.0005534 0.000236988 0.000790298 0.000236988 0.000790298 0.000294046 0.00100001 0.000294046 0.00100001 0.000338411 0.00117264 0.000338411 0.00117264 0.000371002 0.00130564 0.000371002 0.00130564 0.00039237 0.00139588 0.00039237 0.00139588 0.000403124 0.00144167 0.000403124 0.00144167 0.000403571 0.00144208 0.000403571 0.00144208 0.000393681 0.0013971 0.000393681 0.0013971 0.000373117 0.00130757 0.000373117 0.00130757 0.000341287 0.00117522 0.000341287 0.00117522 0.000297692 0.00100321 0.000297692 0.00100321 0.000241336 0.000794111 0.000241336 0.000794111 0.000173554 0.000557651 0.000173554 0.000557651 8.8463e-05 0.000281479 8.8463e-05 0.000281479 1.04954e-05 4.13122e-05 3.78886e-05 7.65808e-05 0.00027728 0.000469319 0.00027728 0.000469319 0.0005534 0.000926325 0.0005534 0.000926325 0.000790298 0.00132302 0.000790298 0.00132302 0.00100001 0.00167736 0.00100001 0.00167736 0.00117264 0.00197147 0.00117264 0.00197147 0.00130564 0.00219953 0.00130564 0.00219953 0.00139588 0.00235495 0.00139588 0.00235495 0.00144167 0.00243389 0.00144167 0.00243389 0.00144208 0.00243426 0.00144208 0.00243426 0.0013971 0.00235603 0.0013971 0.00235603 0.00130757 0.0022012 0.00130757 0.0022012 0.00117522 0.00197364 0.00117522 0.00197364 0.00100321 0.00168002 0.00100321 0.00168002 0.000794111 0.00132627 0.000794111 0.00132627 0.000557651 0.000930031 0.000557651 0.000930031 0.000281479 0.000472878 0.000281479 0.000472878 4.13122e-05 7.88258e-05 7.65808e-05 0.000119573 0.000469319 0.00065167 0.000469319 0.00065167 0.000926325 0.00127356 0.000926325 0.00127356 0.00132302 0.00181567 0.00132302 0.00181567 0.00167736 0.00230169 0.00167736 0.00230169 0.00197147 0.00270636 0.00197147 0.00270636 0.00219953 0.00302091 0.00219953 0.00302091 0.00235495 0.00323565 0.00235495 0.00323565 0.00243389 0.00334474 0.00243389 0.00334474 0.00243426 0.00334508 0.00243426 0.00334508 0.00235603 0.0032366 0.00235603 0.0032366 0.0022012 0.00302233 0.0022012 0.00302233 0.00197364 0.00270811 0.00197364 0.00270811 0.00168002 0.00230378 0.00168002 0.00230378 0.00132627 0.00181831 0.00132627 0.00181831 0.000930031 0.00127658 0.000930031 0.00127658 0.000472878 0.000654411 0.000472878 0.000654411 7.88258e-05 0.000120849 0.000119573 0.000161548 0.00065167 0.000816763 0.00065167 0.000816763 0.00127356 0.00158134 0.00127356 0.00158134 0.00181567 0.00224975 0.00181567 0.00224975 0.00230169 0.00284995 0.00230169 0.00284995 0.00270636 0.0033505 0.00270636 0.0033505 0.00302091 0.00374006 0.00302091 0.00374006 0.00323565 0.00400623 0.00323565 0.00400623 0.00334474 0.0041415 0.00334474 0.0041415 0.00334508 0.00414184 0.00334508 0.00414184 0.0032366 0.00400715 0.0032366 0.00400715 0.00302233 0.00374134 0.00302233 0.00374134 0.00270811 0.00335196 0.00270811 0.00335196 0.00230378 0.00285151 0.00230378 0.00285151 0.00181831 0.00225161 0.00181831 0.00225161 0.00127658 0.0015832 0.00127658 0.0015832 0.000654411 0.000818136 0.000654411 0.000818136 0.000120849 0.000161225 0.000161548 0.000205746 0.000816763 0.000954571 0.000816763 0.000954571 0.00158134 0.00183754 0.00158134 0.00183754 0.00224975 0.00260826 0.00224975 0.00260826 0.00284995 0.00330144 0.00284995 0.00330144 0.0033505 0.00387989 0.0033505 0.00387989 0.00374006 0.00433044 0.00374006 0.00433044 0.00400623 0.00463845 0.00400623 0.00463845 0.0041415 0.00479506 0.0041415 0.00479506 0.00414184 0.00479547 0.00414184 0.00479547 0.00400715 0.00463957 0.00400715 0.00463957 0.00374134 0.00433196 0.00374134 0.00433196 0.00335196 0.00388147 0.00335196 0.00388147 0.00285151 0.00330272 0.00285151 0.00330272 0.00225161 0.00260906 0.00225161 0.00260906 0.0015832 0.00183727 0.0015832 0.00183727 0.000818136 0.000953072 0.000818136 0.000953072 0.000161225 0.000203498 0.000205746 0.000221082 0.000954571 0.00106482 0.000954571 0.00106482 0.00183754 0.00202892 0.00183754 0.00202892 0.00260826 0.00287729 0.00260826 0.00287729 0.00330144 0.00363845 0.00330144 0.00363845 0.00387989 0.00427434 0.00387989 0.00427434 0.00433044 0.00476977 0.00433044 0.00476977 0.00463845 0.0051087 0.00463845 0.0051087 0.00479506 0.00528115 0.00479506 0.00528115 0.00479547 0.00528179 0.00479547 0.00528179 0.00463957 0.00511047 0.00463957 0.00511047 0.00433196 0.00477225 0.00433196 0.00477225 0.00388147 0.00427683 0.00388147 0.00427683 0.00330272 0.00363991 0.00330272 0.00363991 0.00260906 0.00287675 0.00260906 0.00287675 0.00183727 0.00202503 0.00183727 0.00202503 0.000953072 0.00105888 0.000953072 0.00105888 0.000203498 0.000212097 0.000221082 0.00030359 0.00106482 0.00111381 0.00106482 0.00111381 0.00202892 0.00215412 0.00202892 0.00215412 0.00287729 0.00304326 0.00287729 0.00304326 0.00363845 0.0038476 0.00363845 0.0038476 0.00427434 0.00451807 0.00427434 0.00451807 0.00476977 0.00504115 0.00476977 0.00504115 0.0051087 0.0053991 0.0051087 0.0053991 0.00528115 0.0055815 0.00528115 0.0055815 0.00528179 0.00558257 0.00528179 0.00558257 0.00511047 0.00540209 0.00511047 0.00540209 0.00477225 0.00504537 0.00477225 0.00504537 0.00427683 0.00452228 0.00427683 0.00452228 0.00363991 0.00384981 0.00363991 0.00384981 0.00287675 0.0030411 0.00287675 0.0030411 0.00202503 0.00214567 0.00202503 0.00214567 0.00105888 0.00109877 0.00105888 0.00109877 0.000212097 0.000290929 0.00030359 6.59692e-05 0.00111381 0.00119883 0.00111381 0.00119883 0.00215412 0.00217952 0.00215412 0.00217952 0.00304326 0.00310507 0.00304326 0.00310507 0.0038476 0.00391765 0.0038476 0.00391765 0.00451807 0.00460151 0.00451807 0.00460151 0.00504115 0.00513362 0.00504115 0.00513362 0.0053991 0.00549834 0.0053991 0.00549834 0.0055815 0.0056843 0.0055815 0.0056843 0.00558257 0.0056857 0.00558257 0.0056857 0.00540209 0.00550225 0.00540209 0.00550225 0.00504537 0.00513906 0.00504537 0.00513906 0.00452228 0.00460682 0.00452228 0.00460682 0.00384981 0.00392017 0.00384981 0.00392017 0.0030411 0.00310214 0.0030411 0.00310214 0.00214567 0.00216678 0.00214567 0.00216678 0.00109877 0.00118337 0.00109877 0.00118337 0.000290929 2.73005e-05 
SCALARS temperature double 1
LOOKUP_TABLE default
0 0 0 0 0 0 0 0 0 0 0 0 0 0 0 0 0 0 0 0 0 0 0 0 0 0 0 0 0 0 0 0 0 0 0 0 0 0 0 0 0 0 0 0 0 0 0 0 0 0 0 0 0 0 0 0 0 0 0 0 0 0 0 0 0 0 0 0 0 0 0 0 0 0 0 0 0 0 0 0 0 0 0 0 0 0 0 0 0 0 0 0 0 0 0 0 0 0 0 0 0 0 0 0 0 0 0 0 0 0 0 0 0 0 0 0 0 0 0 0 0 0 0 0 0 0 0 0 0 0 0 0 0 0 0 0 0 0 0 0 0 0 0 0 0 0 0 0 0 0 0 0 0 0 0 0 0 0 0 0 0 0 0 0 0 0 0 0 0 0 0 0 0 0 0 0 0 0 0 0 0 0 0 0 0 0 0 0 0 0 0 0 0 0 0 0 0 0 0 0 0 0 0 0 0 0 0 0 0 0 0 0 0 0 0 0 0 0 0 0 0 0 0 0 0 0 0 0 0 0 0 0 0 0 0 0 0 0 0 0 0 0 0 0 0 0 0 0 0 0 0 0 0 0 0 0 0 0 0 0 0 0 0 0 0 0 0 0 0 0 0 0 0 0 0 0 0 0 0 0 0 0 0 0 0 0 0 0 0 0 0 0 0 0 0 0 0 0 0 0 0 0 0 0 0 0 0 0 0 0 0 0 0 0 0 0 0 0 0 0 0 0 0 0 0 0 0 0 0 0 0 0 0 0 0 0 0 0 0 0 0 0 0 0 0 0 0 0 0 0 0 0 0 0 0 0 0 0 0 0 0 0 0 0 0 0 0 0 0 0 0 0 0 0 0 0 0 0 0 0 0 0 0 0 0 0 0 0 0 0 0 0 0 0 0 0 0 0 0 0 0 0 0 0 0 0 0 0 0 0 0 0 0 0 0 0 0 0 0 0 0 0 0 0 0 0 0 0 0 0 0 0 0 0 0 0 0 0 0 0 0 0 0 0 0 0 0 0 0 0 0 0 0 0 0 0 0 0 0 0 0 0 0 0 0 0 0 0 0 0 0 0 0 0 0 0 0 0 0 0 0 0 0 0 0 0 0 0 0 0 0 0 0 0 0 0 0 0 0 0 0 0 0 0 0 0 0 0 0 0 0 0 0 0 0 0 0 0 0 0 0 0 0 0 0 0 0 0 0 0 0 0 0 0 0 0 0 0 0 0 0 0 0 0 0 0 0 0 0 0 0 0 0 0 0 0 0 0 0 0 0 0 0 0 0 0 0 0 0 0 0 0 0 0 0 0 0 0 0 0 0 0 0 0 0 0 0 0 0 0 0 0 0 0 0 0 0 0 0 0 0 0 0 0 0 0 0 0 0 0 0 0 0 0 0 0 0 0 0 0 0 0 0 0 0 0 0 0 0 0 0 0 0 0 0 0 0 0 0 0 0 0 0 0 0 0 0 0 0 0 0 0 0 0 0 0 0 0 0 0 0 0 0 0 0 0 0 0 0 0 0 0 0 0 0 0 0 0 0 0 0 0 0 0 0 0 0 0 0 0 0 0 0 0 0 0 0 0 0 0 0 0 0 0 0 0 0 0 0 0 0 0 0 0 0 0 0 0 0 0 0 0 0 0 0 0 0 0 0 0 0 0 0 0 0 0 0 0 0 0 0 0 0 0 0 0 0 0 0 0 0 0 0 0 0 0 0 0 0 0 0 0 0 0 0 0 0 0 0 0 0 0 0 0 0 0 0 0 0 0 0 0 0 0 0 0 0 0 0 0 0 0 0 0 0 0 0 0 0 0 0 0 0 0 0 0 0 0 0 0 0 0 0 0 0 0 0 0 0 0 0 0 0 0 0 0 0 0 0 0 0 0 0 0 0 0 0 0 0 0 0 0 0 0 0 0 0 0 0 0 0 0 0 0 0 0 0 0 0 0 0 0 0 0 0 0 0 0 0 0 0 0 0 0 0 0 0 0 0 0 0 0 0 0 0 0 0 0 0 0 0 0 0 0 0 0 0 0 0 0 0 0 0 0 0 0 0 0 0 0 0 0 0 0 0 0 0 0 0 0 0 0 0 0 0 0 0 0 0 0 0 0 0 0 0 0 0 0 0 0 0 0 0 0 0 0 0 0 0 0 0 0 0 0 0 0 0 0 0 0 0 0 0 0 0 0 0 0 0 0 0 0 0 0 0 0 0 0 0 0 0 0 0 0 0 0 0 0 0 0 0 0 0 0 0 0 0 0 0 0 0 0 0 0 0 0 0 0 0 0 0 0 0 0 0 0 0 0 0 0 0 0 0 0 0 0 0 0 0 0 0 0 0 0 0 0 0 0 0 0 0 0 0 0 0 0 0 0 0 0 0 0 0 0 0 0 0 0 0 0 0 0 0 0 0 0 0 0 0 0 0 0 0 0 0 0 0 0 0 0 0 0 0 0 0 0 0 0 0 0 0 0 0 0 0 0 0 0 0 0 0 0 0 0 0 0 0 0 0 0 0 0 0 0 0 0 0 0 0 0 0 0 0 0 0 0 0 0 0 0 0 0 0 0 0 0 0 0 0 0 0 0 0 0 0 0 0 0 0 0 0 0 0 0 0 0 
SCALARS temperature_error double 1
LOOKUP_TABLE default
0 0 0.18375 0.171341 0.18375 0.171341 0.361242 0.336848 0.361242 0.336848 0.526432 0.490883 0.526432 0.490883 0.673696 0.628202 0.673696 0.628202 0.798017 0.744129 0.798017 0.744129 0.895163 0.834715 0.895163 0.834715 0.961826 0.896876 0.961826 0.896876 0.995734 0.928494 0.995734 0.928494 0.995734 0.928494 0.995734 0.928494 0.961826 0.896876 0.961826 0.896876 0.895163 0.834715 0.895163 0.834715 0.798017 0.744129 0.798017 0.744129 0.673696 0.628202 0.673696 0.628202 0.526432 0.490883 0.526432 0.490883 0.361242 0.336848 0.361242 0.336848 0.18375 0.171341 0.18375 0.171341 1.22465e-16 1.14195e-16 0 0 0.171341 0.135793 0.171341 0.135793 0.336848 0.266961 0.336848 0.266961 0.490883 0.389038 0.490883 0.389038 0.628202 0.497867 0.628202 0.497867 0.744129 0.589742 0.744129 0.589742 0.834715 0.661534 0.834715 0.661534 0.896876 0.710798 0.896876 0.710798 0.928494 0.735856 0.928494 0.735856 0.928494 0.735856 0.928494 0.735856 0.896876 0.710798 0.896876 0.710798 0.834715 0.661534 0.834715 0.661534 0.744129 0.589742 0.744129 0.589742 0.628202 0.497867 0.628202 0.497867 0.490883 0.389038 0.490883 0.389038 0.336848 0.266961 0.336848 0.266961 0.171341 0.135793 0.171341 0.135793 1.14195e-16 9.05025e-17 0 0 0.135793 0.0819042 0.135793 0.0819042 0.266961 0.161019 0.266961 0.161019 0.389038 0.234651 0.389038 0.234651 0.497867 0.300292 0.497867 0.300292 0.589742 0.355707 0.589742 0.355707 0.661534 0.399009 0.661534 0.399009 0.710798 0.428723 0.710798 0.428723 0.735856 0.443837 0.735856 0.443837 0.735856 0.443837 0.735856 0.443837 0.710798 0.428723 0.710798 0.428723 0.661534 0.399009 0.661534 0.399009 0.589742 0.355707 0.589742 0.355707 0.497867 0.300292 0.497867 0.300292 0.389038 0.234651 0.389038 0.234651 0.266961 0.161019 0.266961 0.161019 0.135793 0.0819042 0.135793 0.0819042 9.05025e-17 5.45872e-17 0 0 0.0819042 0.0169543 0.0819042 0.0169543 0.161019 0.0333312 0.161019 0.0333312 0.234651 0.048573 0.234651 0.048573 0.300292 0.0621608 0.300292 0.0621608 0.355707 0.0736317 0.355707 0.0736317 0.399009 0.0825953 0.399009 0.0825953 0.428723 0.0887461 0.428723 0.0887461 0.443837 0.0918748 0.443837 0.0918748 0.443837 0.0918748 0.443837 0.0918748 0.428723 0.0887461 0.428723 0.0887461 0.399009 0.0825953 0.399009 0.0825953 0.355707 0.0736317 0.355707 0.0736317 0.300292 0.0621608 0.300292 0.0621608 0.234651 0.048573 0.234651 0.048573 0.161019 0.0333312 0.161019 0.0333312 0.0819042 0.0169543 0.0819042 0.0169543 5.45872e-17 1.12996e-17 0 0 0.0169543 -0.0502854 0.0169543 -0.0502854 0.0333312 -0.0988585 0.0333312 -0.0988585 0.048573 -0.144065 0.048573 -0.144065 0.0621608 -0.184366 0.0621608 -0.184366 0.0736317 -0.218388 0.0736317 -0.218388 0.0825953 -0.244973 0.0825953 -0.244973 0.0887461 -0.263216 0.0887461 -0.263216 0.0918748 -0.272496 0.0918748 -0.272496 0.0918748 -0.272496 0.0918748 -0.272496 0.0887461 -0.263216 0.0887461 -0.263216 0.0825953 -0.244973 0.0825953 -0.244973 0.0736317 -0.218388 0.0736317 -0.218388 0.0621608 -0.184366 0.0621608 -0.184366 0.048573 -0.144065 0.048573 -0.144065 0.0333312 -0.0988585 0.0333312 -0.0988585 0.0169543 -0.0502854 0.0169543 -0.0502854 1.12996e-17 -3.3514e-17 0 0 -0.0502854 -0.110734 -0.0502854 -0.110734 -0.0988585 -0.217697 -0.0988585 -0.217697 -0.144065 -0.317246 -0.144065 -0.317246 -0.184366 -0.405992 -0.184366 -0.405992 -0.218388 -0.480913 -0.218388 -0.480913 -0.244973 -0.539456 -0.244973 -0.539456 -0.263216 -0.579629 -0.263216 -0.579629 -0.272496 -0.600064 -0.272496 -0.600064 -0.272496 -0.600064 -0.272496 -0.600064 -0.263216 -0.579629 -0.263216 -0.579629 -0.244973 -0.539456 -0.244973 -0.539456 -0.218388 -0.480913 -0.218388 -0.480913 -0.184366 -0.405992 -0.184366 -0.405992 -0.144065 -0.317246 -0.144065 -0.317246 -0.0988585 -0.217697 -0.0988585 -0.217697 -0.0502854 -0.110734 -0.0502854 -0.110734 -3.3514e-17 -7.38015e-17 0 0 -0.110734 -0.156227 -0.110734 -0.156227 -0.217697 -0.307134 -0.217697 -0.307134 -0.317246 -0.447582 -0.317246 -0.447582 -0.405992 -0.572788 -0.405992 -0.572788 -0.480913 -0.678488 -0.480913 -0.678488 -0.539456 -0.761083 -0.539456 -0.761083 -0.579629 -0.817761 -0.579629 -0.817761 -0.600064 -0.84659 -0.600064 -0.84659 -0.600064 -0.84659 -0.600064 -0.84659 -0.579629 -0.817761 -0.579629 -0.817761 -0.539456 -0.761083 -0.539456 -0.761083 -0.480913 -0.678488 -0.480913 -0.678488 -0.405992 -0.572788 -0.405992 -0.572788 -0.317246 -0.447582 -0.317246 -0.447582 -0.217697 -0.307134 -0.217697 -0.307134 -0.110734 -0.156227 -0.110734 -0.156227 -7.38015e-17 -1.04122e-16 0 0 -0.156227 -0.180621 -0.156227 -0.180621 -0.307134 -0.355091 -0.307134 -0.355091 -0.447582 -0.517469 -0.447582 -0.517469 -0.572788 -0.662225 -0.572788 -0.662225 -0.678488 -0.784429 -0.678488 -0.784429 -0.761083 -0.879921 -0.761083 -0.879921 -0.817761 -0.945449 -0.817761 -0.945449 -0.84659 -0.97878 -0.84659 -0.97878 -0.84659 -0.97878 -0.84659 -0.97878 -0.817761 -0.945449 -0.817761 -0.945449 -0.761083 -0.879921 -0.761083 -0.879921 -0.678488 -0.784429 -0.678488 -0.784429 -0.572788 -0.662225 -0.572788 -0.662225 -0.447582 -0.517469 -0.447582 -0.517469 -0.307134 -0.355091 -0.307134 -0.355091 -0.156227 -0.180621 -0.156227 -0.180621 -1.04122e-16 -1.20379e-16 0 0 -0.180621 -0.180621 -0.180621 -0.180621 -0.355091 -0.355091 -0.355091 -0.355091 -0.517469 -0.517469 -0.517469 -0.517469 -0.662225 -0.662225 -0.662225 -0.662225 -0.784429 -0.784429 -0.784429 -0.784429 -0.879921 -0.879921 -0.879921 -0.879921 -0.945449 -0.945449 -0.945449 -0.945449 -0.97878 -0.97878 -0.97878 -0.97878 -0.97878 -0.97878 -0.97878 -0.97878 -0.945449 -0.945449 -0.945449 -0.945449 -0.879921 -0.879921 -0.879921 -0.879921 -0.784429 -0.784429 -0.784429 -0.784429 -0.662225 -0.662225 -0.662225 -0.662225 -0.517469 -0.517469 -0.517469 -0.517469 -0.355091 -0.355091 -0.355091 -0.355091 -0.180621 -0.180621 -0.180621 -0.180621 -1.20379e-16 -1.20379e-16 0 0 -0.180621 -0.156227 -0.180621 -0.156227 -0.355091 -0.307134 -0.355091 -0.307134 -0.517469 -0.447582 -0.517469 -0.447582 -0.662225 -0.572788 -0.662225 -0.572788 -0.784429 -0.678488 -0.784429 -0.678488 -0.879921 -0.761083 -0.879921 -0.761083 -0.945449 -0.817761 -0.945449 -0.817761 -0.97878 -0.84659 -0.97878 -0.84659 -0.97878 -0.84659 -0.97878 -0.84659 -0.945449 -0.817761 -0.945449 -0.817761 -0.879921 -0.761083 -0.879921 -0.761083 -0.784429 -0.678488 -0.784429 -0.678488 -0.662225 -0.572788 -0.662225 -0.572788 -0.517469 -0.447582 -0.517469 -0.447582 -0.355091 -0.307134 -0.355091 -0.307134 -0.180621 -0.156227 -0.180621 -0.156227 -1.20379e-16 -1.04122e-16 0 0 -0.156227 -0.110734 -0.156227 -0.110734 -0.307134 -0.217697 -0.307134 -0.217697 -0.447582 -0.317246 -0.447582 -0.317246 -0.572788 -0.405992 -0.572788 -0.405992 -0.678488 -0.480913 -0.678488 -0.480913 -0.761083 -0.539456 -0.761083 -0.539456 -0.817761 -0.579629 -0.817761 -0.579629 -0.84659 -0.600064 -0.84659 -0.600064 -0.84659 -0.600064 -0.84659 -0.600064 -0.817761 -0.579629 -0.817761 -0.579629 -0.761083 -0.539456 -0.761083 -0.539456 -0.678488 -0.480913 -0.678488 -0.480913 -0.572788 -0.405992 -0.572788 -0.405992 -0.447582 -0.317246 -0.447582 -0.317246 -0.307134 -0.217697 -0.307134 -0.217697 -0.156227 -0.110734 -0.156227 -0.110734 -1.04122e-16 -7.38015e-17 0 0 -0.110734 -0.0502854 -0.110734 -0.0502854 -0.217697 -0.0988585 -0.217697 -0.0988585 -0.317246 -0.144065 -0.317246 -0.144065 -0.405992 -0.184366 -0.405992 -0.184366 -0.480913 -0.218388 -0.480913 -0.218388 -0.539456 -0.244973 -0.539456 -0.244973 -0.579629 -0.263216 -0.579629 -0.263216 -0.600064 -0.272496 -0.600064 -0.272496 -0.600064 -0.272496 -0.600064 -0.272496 -0.579629 -0.263216 -0.579629 -0.263216 -0.539456 -0.244973 -0.539456 -0.244973 -0.480913 -0.218388 -0.480913 -0.218388 -0.405992 -0.184366 -0.405992 -0.184366 -0.317246 -0.144065 -0.317246 -0.144065 -0.217697 -0.0988585 -0.217697 -0.0988585 -0.110734 -0.0502854 -0.110734 -0.0502854 -7.38015e-17 -3.3514e-17 0 0 -0.0502854 0.0169543 -0.0502854 0.0169543 -0.0988585 0.0333312 -0.0988585 0.0333312 -0.144065 0.048573 -0.144065 0.048573 -0.184366 0.0621608 -0.184366 0.0621608 -0.218388 0.0736317 -0.218388 0.0736317 -0.244973 0.0825953 -0.244973 0.0825953 -0.263216 0.0887461 -0.263216 0.0887461 -0.272496 0.0918748 -0.272496 0.0918748 -0.272496 0.0918748 -0.272496 0.0918748 -0.263216 0.0887461 -0.263216 0.0887461 -0.244973 0.0825953 -0.244973 0.0825953 -0.218388 0.0736317 -0.218388 0.0736317 -0.184366 0.0621608 -0.184366 0.0621608 -0.144065 0.048573 -0.144065 0.048573 -0.0988585 0.0333312 -0.0988585 0.0333312 -0.0502854 0.0169543 -0.0502854 0.0169543 -3.3514e-17 1.12996e-17 0 0 0.0169543 0.0819042 0.0169543 0.0819042 0.0333312 0.161019 0.0333312 0.161019 0.048573 0.234651 0.048573 0.234651 0.0621608 0.300292 0.0621608 0.300292 0.0736317 0.355707 0.0736317 0.355707 0.0825953 0.399009 0.0825953 0.399009 0.0887461 0.428723 0.0887461 0.428723 0.0918748 0.443837 0.0918748 0.443837 0.0918748 0.443837 0.0918748 0.443837 0.0887461 0.428723 0.0887461 0.428723 0.0825953 0.399009 0.0825953 0.399009 0.0736317 0.355707 0.0736317 0.355707 0.0621608 0.300292 0.0621608 0.300292 0.048573 0.234651 0.048573 0.234651 0.0333312 0.161019 0.0333312 0.161019 0.0169543 0.0819042 0.0169543 0.0819042 1.12996e-17 5.45872e-17 0 0 0.0819042 0.135793 0.0819042 0.135793 0.161019 0.266961 0.161019 0.266961 0.234651 0.389038 0.234651 0.389038 0.300292 0.497867 0.300292 0.497867 0.355707 0.589742 0.355707 0.589742 0.399009 0.661534 0.399009 0.661534 0.428723 0.710798 0.428723 0.710798 0.443837 0.735856 0.443837 0.735856 0.443837 0.735856 0.443837 0.735856 0.428723 0.710798 0.428723 0.710798 0.399009 0.661534 0.399009 0.661534 0.355707 0.589742 0.355707 0.589742 0.300292 0.497867 0.300292 0.497867 0.234651 0.389038 0.234651 0.389038 0.161019 0.266961 0.161019 0.266961 0.0819042 0.135793 0.0819042 0.135793 5.45872e-17 9.05025e-17 0 0 0.135793 0.171341 0.135793 0.171341 0.266961 0.336848 0.266961 0.336848 0.389038 0.490883 0.389038 0.490883 0.497867 0.628202 0.497867 0.628202 0.589742 0.744129 0.589742 0.744129 0.661534 0.834715 0.661534 0.834715 0.710798 0.896876 0.710798 0.896876 0.735856 0.928494 0.735856 0.928494 0.735856 0.928494 0.735856 0.928494 0.710798 0.896876 0.710798 0.896876 0.661534 0.834715 0.661534 0.834715 0.589742 0.744129 0.589742 0.744129 0.497867 0.628202 0.497867 0.628202 0.389038 0.490883 0.389038 0.490883 0.266961 0.336848 0.266961 0.336848 0.135793 0.171341 0.135793 0.171341 9.05025e-17 1.14195e-16 0 0 0.171341 0.18375 0.171341 0.18375 0.336848 0.361242 0.336848 0.361242 0.490883 0.526432 0.490883 0.526432 0.628202 0.673696 0.628202 0.673696 0.744129 0.798017 0.744129 0.798017 0.834715 0.895163 0.834715 0.895163 0.896876 0.961826 0.896876 0.961826 0.928494 0.995734 0.928494 0.995734 0.928494 0.995734 0.928494 0.995734 0.896876 0.961826 0.896876 0.961826 0.834715 0.895163 0.834715 0.895163 0.744129 0.798017 0.744129 0.798017 0.628202 0.673696 0.628202 0.673696 0.490883 0.526432 0.490883 0.526432 0.336848 0.361242 0.336848 0.361242 0.171341 0.18375 0.171341 0.18375 1.14195e-16 1.22465e-16 
SCALARS velocity_L2_cell_error double 1
LOOKUP_TABLE default
4.00991e-06 4.00991e-06 4.00991e-06 4.00991e-06 5.42469e-06 5.42469e-06 5.42469e-06 5.42469e-06 6.91393e-06 6.91393e-06 6.91393e-06 6.91393e-06 8.09389e-06 8.09389e-06 8.09389e-06 8.09389e-06 8.90032e-06 8.90032e-06 8.90032e-06 8.90032e-06 9.36125e-06 9.36125e-06 9.36125e-06 9.36125e-06 9.51854e-06 9.51854e-06 9.51854e-06 9.51854e-06 9.4113e-06 9.4113e-06 9.4113e-06 9.4113e-06 9.07515e-06 9.07515e-06 9.07515e-06 9.07515e-06 8.54379e-06 8.54379e-06 8.54379e-06 8.54379e-06 7.85116e-06 7.85116e-06 7.85116e-06 7.85116e-06 7.03391e-06 7.03391e-06 7.03391e-06 7.03391e-06 6.13499e-06 6.13499e-06 6.13499e-06 6.13499e-06 5.21041e-06 5.21041e-06 5.21041e-06 5.21041e-06 4.33585e-06 4.33585e-06 4.33585e-06 4.33585e-06 3.61462e-06 3.61462e-06 3.61462e-06 3.61462e-06 3.17466e-06 3.17466e-06 3.17466e-06 3.17466e-06 4.74976e-06 4.74976e-06 4.74976e-06 4.74976e-06 5.50684e-06 5.50684e-06 5.50684e-06 5.50684e-06 6.1565e-06 6.1565e-06 6.1565e-06 6.1565e-06 6.88012e-06 6.88012e-06 6.88012e-06 6.88012e-06 7.50056e-06 7.50056e-06 7.50056e-06 7.50056e-06 7.95708e-06 7.95708e-06 7.95708e-06 7.95708e-06 8.24517e-06 8.24517e-06 8.24517e-06 8.24517e-06 8.36785e-06 8.36785e-06 8.36785e-06 8.36785e-06 8.32819e-06 8.32819e-06 8.32819e-06 8.32819e-06 8.13066e-06 8.13066e-06 8.13066e-06 8.13066e-06 7.78355e-06 7.78355e-06 7.78355e-06 7.78355e-06 7.30023e-06 7.30023e-06 7.30023e-06 7.30023e-06 6.69944e-06 6.69944e-06 6.69944e-06 6.69944e-06 6.00713e-06 6.00713e-06 6.00713e-06 6.00713e-06 5.2601e-06 5.2601e-06 5.2601e-06 5.2601e-06 4.56545e-06 4.56545e-06 4.56545e-06 4.56545e-06 4.11825e-06 4.11825e-06 4.11825e-06 4.11825e-06 5.76849e-06 5.76849e-06 5.76849e-06 5.76849e-06 6.16861e-06 6.16861e-06 6.16861e-06 6.16861e-06 6.14788e-06 6.14788e-06 6.14788e-06 6.14788e-06 6.38694e-06 6.38694e-06 6.38694e-06 6.38694e-06 6.78513e-06 6.78513e-06 6.78513e-06 6.78513e-06 7.17778e-06 7.17778e-06 7.17778e-06 7.17778e-06 7.47757e-06 7.47757e-06 7.47757e-06 7.47757e-06 7.64162e-06 7.64162e-06 7.64162e-06 7.64162e-06 7.65429e-06 7.65429e-06 7.65429e-06 7.65429e-06 7.51788e-06 7.51788e-06 7.51788e-06 7.51788e-06 7.24706e-06 7.24706e-06 7.24706e-06 7.24706e-06 6.86643e-06 6.86643e-06 6.86643e-06 6.86643e-06 6.41129e-06 6.41129e-06 6.41129e-06 6.41129e-06 5.93321e-06 5.93321e-06 5.93321e-06 5.93321e-06 5.50892e-06 5.50892e-06 5.50892e-06 5.50892e-06 5.26542e-06 5.26542e-06 5.26542e-06 5.26542e-06 5.28875e-06 5.28875e-06 5.28875e-06 5.28875e-06 6.72676e-06 6.72676e-06 6.72676e-06 6.72676e-06 6.88903e-06 6.88903e-06 6.88903e-06 6.88903e-06 6.50505e-06 6.50505e-06 6.50505e-06 6.50505e-06 6.34294e-06 6.34294e-06 6.34294e-06 6.34294e-06 6.43036e-06 6.43036e-06 6.43036e-06 6.43036e-06 6.59779e-06 6.59779e-06 6.59779e-06 6.59779e-06 6.73269e-06 6.73269e-06 6.73269e-06 6.73269e-06 6.78434e-06 6.78434e-06 6.78434e-06 6.78434e-06 6.741e-06 6.741e-06 6.741e-06 6.741e-06 6.61195e-06 6.61195e-06 6.61195e-06 6.61195e-06 6.41801e-06 6.41801e-06 6.41801e-06 6.41801e-06 6.18907e-06 6.18907e-06 6.18907e-06 6.18907e-06 5.96725e-06 5.96725e-06 5.96725e-06 5.96725e-06 5.8142e-06 5.8142e-06 5.8142e-06 5.8142e-06 5.81333e-06 5.81333e-06 5.81333e-06 5.81333e-06 6.0539e-06 6.0539e-06 6.0539e-06 6.0539e-06 6.49135e-06 6.49135e-06 6.49135e-06 6.49135e-06 7.57539e-06 7.57539e-06 7.57539e-06 7.57539e-06 7.52817e-06 7.52817e-06 7.52817e-06 7.52817e-06 6.95691e-06 6.95691e-06 6.95691e-06 6.95691e-06 6.49564e-06 6.49564e-06 6.49564e-06 6.49564e-06 6.24398e-06 6.24398e-06 6.24398e-06 6.24398e-06 6.09096e-06 6.09096e-06 6.09096e-06 6.09096e-06 5.96193e-06 5.96193e-06 5.96193e-06 5.96193e-06 5.83303e-06 5.83303e-06 5.83303e-06 5.83303e-06 5.70835e-06 5.70835e-06 5.70835e-06 5.70835e-06 5.60423e-06 5.60423e-06 5.60423e-06 5.60423e-06 5.54178e-06 5.54178e-06 5.54178e-06 5.54178e-06 5.54354e-06 5.54354e-06 5.54354e-06 5.54354e-06 5.63317e-06 5.63317e-06 5.63317e-06 5.63317e-06 5.84011e-06 5.84011e-06 5.84011e-06 5.84011e-06 6.20718e-06 6.20718e-06 6.20718e-06 6.20718e-06 6.78653e-06 6.78653e-06 6.78653e-06 6.78653e-06 7.53265e-06 7.53265e-06 7.53265e-06 7.53265e-06 8.29356e-06 8.29356e-06 8.29356e-06 8.29356e-06 8.05006e-06 8.05006e-06 8.05006e-06 8.05006e-06 7.37659e-06 7.37659e-06 7.37659e-06 7.37659e-06 6.70125e-06 6.70125e-06 6.70125e-06 6.70125e-06 6.14549e-06 6.14549e-06 6.14549e-06 6.14549e-06 5.66075e-06 5.66075e-06 5.66075e-06 5.66075e-06 5.23088e-06 5.23088e-06 5.23088e-06 5.23088e-06 4.88118e-06 4.88118e-06 4.88118e-06 4.88118e-06 4.65334e-06 4.65334e-06 4.65334e-06 4.65334e-06 4.58666e-06 4.58666e-06 4.58666e-06 4.58666e-06 4.70156e-06 4.70156e-06 4.70156e-06 4.70156e-06 4.99005e-06 4.99005e-06 4.99005e-06 4.99005e-06 5.42161e-06 5.42161e-06 5.42161e-06 5.42161e-06 5.962e-06 5.962e-06 5.962e-06 5.962e-06 6.60105e-06 6.60105e-06 6.60105e-06 6.60105e-06 7.38128e-06 7.38128e-06 7.38128e-06 7.38128e-06 8.33659e-06 8.33659e-06 8.33659e-06 8.33659e-06 8.85897e-06 8.85897e-06 8.85897e-06 8.85897e-06 8.43595e-06 8.43595e-06 8.43595e-06 8.43595e-06 7.7045e-06 7.7045e-06 7.7045e-06 7.7045e-06 6.88843e-06 6.88843e-06 6.88843e-06 6.88843e-06 6.10229e-06 6.10229e-06 6.10229e-06 6.10229e-06 5.33823e-06 5.33823e-06 5.33823e-06 5.33823e-06 4.62116e-06 4.62116e-06 4.62116e-06 4.62116e-06 4.02734e-06 4.02734e-06 4.02734e-06 4.02734e-06 3.66763e-06 3.66763e-06 3.66763e-06 3.66763e-06 3.64359e-06 3.64359e-06 3.64359e-06 3.64359e-06 3.96984e-06 3.96984e-06 3.96984e-06 3.96984e-06 4.56126e-06 4.56126e-06 4.56126e-06 4.56126e-06 5.30476e-06 5.30476e-06 5.30476e-06 5.30476e-06 6.10985e-06 6.10985e-06 6.10985e-06 6.10985e-06 6.9304e-06 6.9304e-06 6.9304e-06 6.9304e-06 7.80692e-06 7.80692e-06 7.80692e-06 7.80692e-06 8.87584e-06 8.87584e-06 8.87584e-06 8.87584e-06 9.24604e-06 9.24604e-06 9.24604e-06 9.24604e-06 8.67125e-06 8.67125e-06 8.67125e-06 8.67125e-06 7.91151e-06 7.91151e-06 7.91151e-06 7.91151e-06 7.02343e-06 7.02343e-06 7.02343e-06 7.02343e-06 6.09918e-06 6.09918e-06 6.09918e-06 6.09918e-06 5.15277e-06 5.15277e-06 5.15277e-06 5.15277e-06 4.22389e-06 4.22389e-06 4.22389e-06 4.22389e-06 3.4158e-06 3.4158e-06 3.4158e-06 3.4158e-06 2.91566e-06 2.91566e-06 2.91566e-06 2.91566e-06 2.93258e-06 2.93258e-06 2.93258e-06 2.93258e-06 3.4634e-06 3.4634e-06 3.4634e-06 3.4634e-06 4.30033e-06 4.30033e-06 4.30033e-06 4.30033e-06 5.26068e-06 5.26068e-06 5.26068e-06 5.26068e-06 6.23269e-06 6.23269e-06 6.23269e-06 6.23269e-06 7.15274e-06 7.15274e-06 7.15274e-06 7.15274e-06 8.05035e-06 8.05035e-06 8.05035e-06 8.05035e-06 9.14516e-06 9.14516e-06 9.14516e-06 9.14516e-06 9.42921e-06 9.42921e-06 9.42921e-06 9.42921e-06 8.74489e-06 8.74489e-06 8.74489e-06 8.74489e-06 7.98366e-06 7.98366e-06 7.98366e-06 7.98366e-06 7.09046e-06 7.09046e-06 7.09046e-06 7.09046e-06 6.12707e-06 6.12707e-06 6.12707e-06 6.12707e-06 5.12109e-06 5.12109e-06 5.12109e-06 5.12109e-06 4.11746e-06 4.11746e-06 4.11746e-06 4.11746e-06 3.22425e-06 3.22425e-06 3.22425e-06 3.22425e-06 2.65951e-06 2.65951e-06 2.65951e-06 2.65951e-06 2.6951e-06 2.6951e-06 2.6951e-06 2.6951e-06 3.31409e-06 3.31409e-06 3.31409e-06 3.31409e-06 4.24252e-06 4.24252e-06 4.24252e-06 4.24252e-06 5.27687e-06 5.27687e-06 5.27687e-06 5.27687e-06 6.30336e-06 6.30336e-06 6.30336e-06 6.30336e-06 7.24437e-06 7.24437e-06 7.24437e-06 7.24437e-06 8.10505e-06 8.10505e-06 8.10505e-06 8.10505e-06 9.1502e-06 9.1502e-06 9.1502e-06 9.1502e-06 9.38581e-06 9.38581e-06 9.38581e-06 9.38581e-06 8.64996e-06 8.64996e-06 8.64996e-06 8.64996e-06 7.91704e-06 7.91704e-06 7.91704e-06 7.91704e-06 7.08373e-06 7.08373e-06 7.08373e-06 7.08373e-06 6.17937e-06 6.17937e-06 6.17937e-06 6.17937e-06 5.2402e-06 5.2402e-06 5.2402e-06 5.2402e-06 4.31839e-06 4.31839e-06 4.31839e-06 4.31839e-06 3.51884e-06 3.51884e-06 3.51884e-06 3.51884e-06 3.02644e-06 3.02644e-06 3.02644e-06 3.02644e-06 3.04248e-06 3.04248e-06 3.04248e-06 3.04248e-06 3.56379e-06 3.56379e-06 3.56379e-06 3.56379e-06 4.3913e-06 4.3913e-06 4.3913e-06 4.3913e-06 5.34687e-06 5.34687e-06 5.34687e-06 5.34687e-06 6.31435e-06 6.31435e-06 6.31435e-06 6.31435e-06 7.19731e-06 7.19731e-06 7.19731e-06 7.19731e-06 7.96842e-06 7.96842e-06 7.96842e-06 7.96842e-06 8.90199e-06 8.90199e-06 8.90199e-06 8.90199e-06 9.09855e-06 9.09855e-06 9.09855e-06 9.09855e-06 8.38402e-06 8.38402e-06 8.38402e-06 8.38402e-06 7.71758e-06 7.71758e-06 7.71758e-06 7.71758e-06 7.00655e-06 7.00655e-06 7.00655e-06 7.00655e-06 6.25225e-06 6.25225e-06 6.25225e-06 6.25225e-06 5.48877e-06 5.48877e-06 5.48877e-06 5.48877e-06 4.76682e-06 4.76682e-06 4.76682e-06 4.76682e-06 4.16817e-06 4.16817e-06 4.16817e-06 4.16817e-06 3.80645e-06 3.80645e-06 3.80645e-06 3.80645e-06 3.78455e-06 3.78455e-06 3.78455e-06 3.78455e-06 4.1158e-06 4.1158e-06 4.1158e-06 4.1158e-06 4.71445e-06 4.71445e-06 4.71445e-06 4.71445e-06 5.46833e-06 5.46833e-06 5.46833e-06 5.46833e-06 6.27366e-06 6.27366e-06 6.27366e-06 6.27366e-06 7.01751e-06 7.01751e-06 7.01751e-06 7.01751e-06 7.64242e-06 7.64242e-06 7.64242e-06 7.64242e-06 8.41461e-06 8.41461e-06 8.41461e-06 8.41461e-06 8.55884e-06 8.55884e-06 8.55884e-06 8.55884e-06 7.94958e-06 7.94958e-06 7.94958e-06 7.94958e-06 7.4029e-06 7.4029e-06 7.4029e-06 7.4029e-06 6.87447e-06 6.87447e-06 6.87447e-06 6.87447e-06 6.34737e-06 6.34737e-06 6.34737e-06 6.34737e-06 5.83677e-06 5.83677e-06 5.83677e-06 5.83677e-06 5.37181e-06 5.37181e-06 5.37181e-06 5.37181e-06 4.99365e-06 4.99365e-06 4.99365e-06 4.99365e-06 4.75187e-06 4.75187e-06 4.75187e-06 4.75187e-06 4.69105e-06 4.69105e-06 4.69105e-06 4.69105e-06 4.83196e-06 4.83196e-06 4.83196e-06 4.83196e-06 5.1624e-06 5.1624e-06 5.1624e-06 5.1624e-06 5.64252e-06 5.64252e-06 5.64252e-06 5.64252e-06 6.20204e-06 6.20204e-06 6.20204e-06 6.20204e-06 6.72426e-06 6.72426e-06 6.72426e-06 6.72426e-06 7.13617e-06 7.13617e-06 7.13617e-06 7.13617e-06 7.70542e-06 7.70542e-06 7.70542e-06 7.70542e-06 7.77258e-06 7.77258e-06 7.77258e-06 7.77258e-06 7.35618e-06 7.35618e-06 7.35618e-06 7.35618e-06 7.00371e-06 7.00371e-06 7.00371e-06 7.00371e-06 6.71905e-06 6.71905e-06 6.71905e-06 6.71905e-06 6.47587e-06 6.47587e-06 6.47587e-06 6.47587e-06 6.25708e-06 6.25708e-06 6.25708e-06 6.25708e-06 6.05643e-06 6.05643e-06 6.05643e-06 6.05643e-06 5.87652e-06 5.87652e-06 5.87652e-06 5.87652e-06 5.72892e-06 5.72892e-06 5.72892e-06 5.72892e-06 5.63281e-06 5.63281e-06 5.63281e-06 5.63281e-06 5.612e-06 5.612e-06 5.612e-06 5.612e-06 5.68929e-06 5.68929e-06 5.68929e-06 5.68929e-06 5.87319e-06 5.87319e-06 5.87319e-06 5.87319e-06 6.12881e-06 6.12881e-06 6.12881e-06 6.12881e-06 6.34956e-06 6.34956e-06 6.34956e-06 6.34956e-06 6.47144e-06 6.47144e-06 6.47144e-06 6.47144e-06 6.79961e-06 6.79961e-06 6.79961e-06 6.79961e-06 6.7709e-06 6.7709e-06 6.7709e-06 6.7709e-06 6.6265e-06 6.6265e-06 6.6265e-06 6.6265e-06 6.56176e-06 6.56176e-06 6.56176e-06 6.56176e-06 6.58422e-06 6.58422e-06 6.58422e-06 6.58422e-06 6.65796e-06 6.65796e-06 6.65796e-06 6.65796e-06 6.73265e-06 6.73265e-06 6.73265e-06 6.73265e-06 6.77159e-06 6.77159e-06 6.77159e-06 6.77159e-06 6.75466e-06 6.75466e-06 6.75466e-06 6.75466e-06 6.67806e-06 6.67806e-06 6.67806e-06 6.67806e-06 6.55293e-06 6.55293e-06 6.55293e-06 6.55293e-06 6.4039e-06 6.4039e-06 6.4039e-06 6.4039e-06 6.26425e-06 6.26425e-06 6.26425e-06 6.26425e-06 6.16016e-06 6.16016e-06 6.16016e-06 6.16016e-06 6.07761e-06 6.07761e-06 6.07761e-06 6.07761e-06 5.9313e-06 5.9313e-06 5.9313e-06 5.9313e-06 5.69295e-06 5.69295e-06 5.69295e-06 5.69295e-06 5.74381e-06 5.74381e-06 5.74381e-06 5.74381e-06 5.62854e-06 5.62854e-06 5.62854e-06 5.62854e-06 5.80872e-06 5.80872e-06 5.80872e-06 5.80872e-06 6.11983e-06 6.11983e-06 6.11983e-06 6.11983e-06 6.50945e-06 6.50945e-06 6.50945e-06 6.50945e-06 6.91313e-06 6.91313e-06 6.91313e-06 6.91313e-06 7.25874e-06 7.25874e-06 7.25874e-06 7.25874e-06 7.49982e-06 7.49982e-06 7.49982e-06 7.49982e-06 7.61303e-06 7.61303e-06 7.61303e-06 7.61303e-06 7.5929e-06 7.5929e-06 7.5929e-06 7.5929e-06 7.44771e-06 7.44771e-06 7.44771e-06 7.44771e-06 7.19658e-06 7.19658e-06 7.19658e-06 7.19658e-06 6.86504e-06 6.86504e-06 6.86504e-06 6.86504e-06 6.4752e-06 6.4752e-06 6.4752e-06 6.4752e-06 6.02828e-06 6.02828e-06 6.02828e-06 6.02828e-06 5.48575e-06 5.48575e-06 5.48575e-06 5.48575e-06 4.87742e-06 4.87742e-06 4.87742e-06 4.87742e-06 4.63581e-06 4.63581e-06 4.63581e-06 4.63581e-06 4.49747e-06 4.49747e-06 4.49747e-06 4.49747e-06 5.02238e-06 5.02238e-06 5.02238e-06 5.02238e-06 5.78671e-06 5.78671e-06 5.78671e-06 5.78671e-06 6.59139e-06 6.59139e-06 6.59139e-06 6.59139e-06 7.32189e-06 7.32189e-06 7.32189e-06 7.32189e-06 7.90576e-06 7.90576e-06 7.90576e-06 7.90576e-06 8.3108e-06 8.3108e-06 8.3108e-06 8.3108e-06 8.52265e-06 8.52265e-06 8.52265e-06 8.52265e-06 8.53618e-06 8.53618e-06 8.53618e-06 8.53618e-06 8.35161e-06 8.35161e-06 8.35161e-06 8.35161e-06 7.97356e-06 7.97356e-06 7.97356e-06 7.97356e-06 7.41265e-06 7.41265e-06 7.41265e-06 7.41265e-06 6.69032e-06 6.69032e-06 6.69032e-06 6.69032e-06 5.84727e-06 5.84727e-06 5.84727e-06 5.84727e-06 4.94195e-06 4.94195e-06 4.94195e-06 4.94195e-06 4.09997e-06 4.09997e-06 4.09997e-06 4.09997e-06 3.66662e-06 3.66662e-06 3.66662e-06 3.66662e-06 3.80104e-06 3.80104e-06 3.80104e-06 3.80104e-06 4.85962e-06 4.85962e-06 4.85962e-06 4.85962e-06 6.15958e-06 6.15958e-06 6.15958e-06 6.15958e-06 7.33213e-06 7.33213e-06 7.33213e-06 7.33213e-06 8.28368e-06 8.28368e-06 8.28368e-06 8.28368e-06 8.9877e-06 8.9877e-06 8.9877e-06 8.9877e-06 9.43299e-06 9.43299e-06 9.43299e-06 9.43299e-06 9.60995e-06 9.60995e-06 9.60995e-06 9.60995e-06 9.51022e-06 9.51022e-06 9.51022e-06 9.51022e-06 9.12955e-06 9.12955e-06 9.12955e-06 9.12955e-06 8.47306e-06 8.47306e-06 8.47306e-06 8.47306e-06 7.56393e-06 7.56393e-06 7.56393e-06 7.56393e-06 6.45758e-06 6.45758e-06 6.45758e-06 6.45758e-06 5.26328e-06 5.26328e-06 5.26328e-06 5.26328e-06 4.15771e-06 4.15771e-06 4.15771e-06 4.15771e-06 3.34928e-06 3.34928e-06 3.34928e-06 3.34928e-06 2.9914e-06 2.9914e-06 2.9914e-06 2.9914e-06 
SCALARS pressure_L2_cell_error double 1
LOOKUP_TABLE default
1.57285e-05 1.57285e-05 1.57285e-05 1.57285e-05 3.13224e-05 3.13224e-05 3.13224e-05 3.13224e-05 4.80783e-05 4.80783e-05 4.80783e-05 4.80783e-05 6.40409e-05 6.40409e-05 6.40409e-05 6.40409e-05 7.80857e-05 7.80857e-05 7.80857e-05 7.80857e-05 8.96207e-05 8.96207e-05 8.96207e-05 8.96207e-05 9.81851e-05 9.81851e-05 9.81851e-05 9.81851e-05 0.000103455 0.000103455 0.000103455 0.000103455 0.000105233 0.000105233 0.000105233 0.000105233 0.000103455 0.000103455 0.000103455 0.000103455 9.81843e-05 9.81843e-05 9.81843e-05 9.81843e-05 8.96166e-05 8.96166e-05 8.96166e-05 8.96166e-05 7.80705e-05 7.80705e-05 7.80705e-05 7.80705e-05 6.39971e-05 6.39971e-05 6.39971e-05 6.39971e-05 4.79631e-05 4.79631e-05 4.79631e-05 4.79631e-05 3.1075e-05 3.1075e-05 3.1075e-05 3.1075e-05 1.49337e-05 1.49337e-05 1.49337e-05 1.49337e-05 1.21505e-05 1.21505e-05 1.21505e-05 1.21505e-05 3.03532e-05 3.03532e-05 3.03532e-05 3.03532e-05 4.63136e-05 4.63136e-05 4.63136e-05 4.63136e-05 6.18338e-05 6.18338e-05 6.18338e-05 6.18338e-05 7.54167e-05 7.54167e-05 7.54167e-05 7.54167e-05 8.65743e-05 8.65743e-05 8.65743e-05 8.65743e-05 9.4855e-05 9.4855e-05 9.4855e-05 9.4855e-05 9.99495e-05 9.99495e-05 9.99495e-05 9.99495e-05 0.000101669 0.000101669 0.000101669 0.000101669 9.99495e-05 9.99495e-05 9.99495e-05 9.99495e-05 9.48548e-05 9.48548e-05 9.48548e-05 9.48548e-05 8.65731e-05 8.65731e-05 8.65731e-05 8.65731e-05 7.54105e-05 7.54105e-05 7.54105e-05 7.54105e-05 6.18129e-05 6.18129e-05 6.18129e-05 6.18129e-05 4.62595e-05 4.62595e-05 4.62595e-05 4.62595e-05 3.02131e-05 3.02131e-05 3.02131e-05 3.02131e-05 1.19468e-05 1.19468e-05 1.19468e-05 1.19468e-05 1.12572e-05 1.12572e-05 1.12572e-05 1.12572e-05 2.78788e-05 2.78788e-05 2.78788e-05 2.78788e-05 4.30097e-05 4.30097e-05 4.30097e-05 4.30097e-05 5.75071e-05 5.75071e-05 5.75071e-05 5.75071e-05 7.01891e-05 7.01891e-05 7.01891e-05 7.01891e-05 8.05956e-05 8.05956e-05 8.05956e-05 8.05956e-05 8.83171e-05 8.83171e-05 8.83171e-05 8.83171e-05 9.3067e-05 9.3067e-05 9.3067e-05 9.3067e-05 9.467e-05 9.467e-05 9.467e-05 9.467e-05 9.3067e-05 9.3067e-05 9.3067e-05 9.3067e-05 8.8317e-05 8.8317e-05 8.8317e-05 8.8317e-05 8.05954e-05 8.05954e-05 8.05954e-05 8.05954e-05 7.01881e-05 7.01881e-05 7.01881e-05 7.01881e-05 5.75048e-05 5.75048e-05 5.75048e-05 5.75048e-05 4.30045e-05 4.30045e-05 4.30045e-05 4.30045e-05 2.78836e-05 2.78836e-05 2.78836e-05 2.78836e-05 1.12825e-05 1.12825e-05 1.12825e-05 1.12825e-05 9.53432e-06 9.53432e-06 9.53432e-06 9.53432e-06 2.46431e-05 2.46431e-05 2.46431e-05 2.46431e-05 3.82594e-05 3.82594e-05 3.82594e-05 3.82594e-05 5.12495e-05 5.12495e-05 5.12495e-05 5.12495e-05 6.25989e-05 6.25989e-05 6.25989e-05 6.25989e-05 7.19065e-05 7.19065e-05 7.19065e-05 7.19065e-05 7.88121e-05 7.88121e-05 7.88121e-05 7.88121e-05 8.30605e-05 8.30605e-05 8.30605e-05 8.30605e-05 8.44943e-05 8.44943e-05 8.44943e-05 8.44943e-05 8.30606e-05 8.30606e-05 8.30606e-05 8.30606e-05 7.88124e-05 7.88124e-05 7.88124e-05 7.88124e-05 7.19072e-05 7.19072e-05 7.19072e-05 7.19072e-05 6.26009e-05 6.26009e-05 6.26009e-05 6.26009e-05 5.12563e-05 5.12563e-05 5.12563e-05 5.12563e-05 3.82783e-05 3.82783e-05 3.82783e-05 3.82783e-05 2.47098e-05 2.47098e-05 2.47098e-05 2.47098e-05 9.67524e-06 9.67524e-06 9.67524e-06 9.67524e-06 7.86381e-06 7.86381e-06 7.86381e-06 7.86381e-06 2.06484e-05 2.06484e-05 2.06484e-05 2.06484e-05 3.22753e-05 3.22753e-05 3.22753e-05 3.22753e-05 4.33008e-05 4.33008e-05 4.33008e-05 4.33008e-05 5.29339e-05 5.29339e-05 5.29339e-05 5.29339e-05 6.08328e-05 6.08328e-05 6.08328e-05 6.08328e-05 6.66951e-05 6.66951e-05 6.66951e-05 6.66951e-05 7.03025e-05 7.03025e-05 7.03025e-05 7.03025e-05 7.15201e-05 7.15201e-05 7.15201e-05 7.15201e-05 7.03022e-05 7.03022e-05 7.03022e-05 7.03022e-05 6.66947e-05 6.66947e-05 6.66947e-05 6.66947e-05 6.08327e-05 6.08327e-05 6.08327e-05 6.08327e-05 5.29353e-05 5.29353e-05 5.29353e-05 5.29353e-05 4.33082e-05 4.33082e-05 4.33082e-05 4.33082e-05 3.22967e-05 3.22967e-05 3.22967e-05 3.22967e-05 2.07242e-05 2.07242e-05 2.07242e-05 2.07242e-05 7.99059e-06 7.99059e-06 7.99059e-06 7.99059e-06 6.08193e-06 6.08193e-06 6.08193e-06 6.08193e-06 1.60823e-05 1.60823e-05 1.60823e-05 1.60823e-05 2.52836e-05 2.52836e-05 2.52836e-05 2.52836e-05 3.39692e-05 3.39692e-05 3.39692e-05 3.39692e-05 4.15674e-05 4.15674e-05 4.15674e-05 4.15674e-05 4.78021e-05 4.78021e-05 4.78021e-05 4.78021e-05 5.2434e-05 5.2434e-05 5.2434e-05 5.2434e-05 5.52859e-05 5.52859e-05 5.52859e-05 5.52859e-05 5.62483e-05 5.62483e-05 5.62483e-05 5.62483e-05 5.52839e-05 5.52839e-05 5.52839e-05 5.52839e-05 5.24302e-05 5.24302e-05 5.24302e-05 5.24302e-05 4.77973e-05 4.77973e-05 4.77973e-05 4.77973e-05 4.1563e-05 4.1563e-05 4.1563e-05 4.1563e-05 3.39691e-05 3.39691e-05 3.39691e-05 3.39691e-05 2.52938e-05 2.52938e-05 2.52938e-05 2.52938e-05 1.61375e-05 1.61375e-05 1.61375e-05 1.61375e-05 6.14087e-06 6.14087e-06 6.14087e-06 6.14087e-06 4.26561e-06 4.26561e-06 4.26561e-06 4.26561e-06 1.11145e-05 1.11145e-05 1.11145e-05 1.11145e-05 1.75716e-05 1.75716e-05 1.75716e-05 1.75716e-05 2.36466e-05 2.36466e-05 2.36466e-05 2.36466e-05 2.89843e-05 2.89843e-05 2.89843e-05 2.89843e-05 3.33771e-05 3.33771e-05 3.33771e-05 3.33771e-05 3.66505e-05 3.66505e-05 3.66505e-05 3.66505e-05 3.86695e-05 3.86695e-05 3.86695e-05 3.86695e-05 3.93501e-05 3.93501e-05 3.93501e-05 3.93501e-05 3.86637e-05 3.86637e-05 3.86637e-05 3.86637e-05 3.66395e-05 3.66395e-05 3.66395e-05 3.66395e-05 3.33621e-05 3.33621e-05 3.33621e-05 3.33621e-05 2.89669e-05 2.89669e-05 2.89669e-05 2.89669e-05 2.36304e-05 2.36304e-05 2.36304e-05 2.36304e-05 1.75612e-05 1.75612e-05 1.75612e-05 1.75612e-05 1.1136e-05 1.1136e-05 1.1136e-05 1.1136e-05 4.24509e-06 4.24509e-06 4.24509e-06 4.24509e-06 2.45549e-06 2.45549e-06 2.45549e-06 2.45549e-06 6.02918e-06 6.02918e-06 6.02918e-06 6.02918e-06 9.60994e-06 9.60994e-06 9.60994e-06 9.60994e-06 1.29919e-05 1.29919e-05 1.29919e-05 1.29919e-05 1.60195e-05 1.60195e-05 1.60195e-05 1.60195e-05 1.85465e-05 1.85465e-05 1.85465e-05 1.85465e-05 2.04532e-05 2.04532e-05 2.04532e-05 2.04532e-05 2.16377e-05 2.16377e-05 2.16377e-05 2.16377e-05 2.20352e-05 2.20352e-05 2.20352e-05 2.20352e-05 2.16232e-05 2.16232e-05 2.16232e-05 2.16232e-05 2.04256e-05 2.04256e-05 2.04256e-05 2.04256e-05 1.85081e-05 1.85081e-05 1.85081e-05 1.85081e-05 1.5973e-05 1.5973e-05 1.5973e-05 1.5973e-05 1.29421e-05 1.29421e-05 1.29421e-05 1.29421e-05 9.56274e-06 9.56274e-06 9.56274e-06 9.56274e-06 6.00404e-06 6.00404e-06 6.00404e-06 6.00404e-06 2.36228e-06 2.36228e-06 2.36228e-06 2.36228e-06 1.19515e-06 1.19515e-06 1.19515e-06 1.19515e-06 2.54239e-06 2.54239e-06 2.54239e-06 2.54239e-06 4.15589e-06 4.15589e-06 4.15589e-06 4.15589e-06 5.78738e-06 5.78738e-06 5.78738e-06 5.78738e-06 7.37316e-06 7.37316e-06 7.37316e-06 7.37316e-06 8.781e-06 8.781e-06 8.781e-06 8.781e-06 9.89148e-06 9.89148e-06 9.89148e-06 9.89148e-06 1.05977e-05 1.05977e-05 1.05977e-05 1.05977e-05 1.08297e-05 1.08297e-05 1.08297e-05 1.08297e-05 1.0564e-05 1.0564e-05 1.0564e-05 1.0564e-05 9.82686e-06 9.82686e-06 9.82686e-06 9.82686e-06 8.68977e-06 8.68977e-06 8.68977e-06 8.68977e-06 7.26024e-06 7.26024e-06 7.26024e-06 7.26024e-06 5.66097e-06 5.66097e-06 5.66097e-06 5.66097e-06 4.03062e-06 4.03062e-06 4.03062e-06 4.03062e-06 2.43092e-06 2.43092e-06 2.43092e-06 2.43092e-06 1.08701e-06 1.08701e-06 1.08701e-06 1.08701e-06 2.40193e-06 2.40193e-06 2.40193e-06 2.40193e-06 6.05877e-06 6.05877e-06 6.05877e-06 6.05877e-06 9.63472e-06 9.63472e-06 9.63472e-06 9.63472e-06 1.30596e-05 1.30596e-05 1.30596e-05 1.30596e-05 1.6114e-05 1.6114e-05 1.6114e-05 1.6114e-05 1.86695e-05 1.86695e-05 1.86695e-05 1.86695e-05 2.05959e-05 2.05959e-05 2.05959e-05 2.05959e-05 2.17926e-05 2.17926e-05 2.17926e-05 2.17926e-05 2.21934e-05 2.21934e-05 2.21934e-05 2.21934e-05 2.17766e-05 2.17766e-05 2.17766e-05 2.17766e-05 2.05661e-05 2.05661e-05 2.05661e-05 2.05661e-05 1.86292e-05 1.86292e-05 1.86292e-05 1.86292e-05 1.60671e-05 1.60671e-05 1.60671e-05 1.60671e-05 1.30107e-05 1.30107e-05 1.30107e-05 1.30107e-05 9.59214e-06 9.59214e-06 9.59214e-06 9.59214e-06 6.02335e-06 6.02335e-06 6.02335e-06 6.02335e-06 2.44216e-06 2.44216e-06 2.44216e-06 2.44216e-06 4.54891e-06 4.54891e-06 4.54891e-06 4.54891e-06 1.11018e-05 1.11018e-05 1.11018e-05 1.11018e-05 1.75886e-05 1.75886e-05 1.75886e-05 1.75886e-05 2.37017e-05 2.37017e-05 2.37017e-05 2.37017e-05 2.90699e-05 2.90699e-05 2.90699e-05 2.90699e-05 3.34943e-05 3.34943e-05 3.34943e-05 3.34943e-05 3.67903e-05 3.67903e-05 3.67903e-05 3.67903e-05 3.88233e-05 3.88233e-05 3.88233e-05 3.88233e-05 3.95079e-05 3.95079e-05 3.95079e-05 3.95079e-05 3.88156e-05 3.88156e-05 3.88156e-05 3.88156e-05 3.67762e-05 3.67762e-05 3.67762e-05 3.67762e-05 3.34761e-05 3.34761e-05 3.34761e-05 3.34761e-05 2.905e-05 2.905e-05 2.905e-05 2.905e-05 2.36826e-05 2.36826e-05 2.36826e-05 2.36826e-05 1.75764e-05 1.75764e-05 1.75764e-05 1.75764e-05 1.10978e-05 1.10978e-05 1.10978e-05 1.10978e-05 4.62243e-06 4.62243e-06 4.62243e-06 4.62243e-06 6.87947e-06 6.87947e-06 6.87947e-06 6.87947e-06 1.59951e-05 1.59951e-05 1.59951e-05 1.59951e-05 2.52829e-05 2.52829e-05 2.52829e-05 2.52829e-05 3.39951e-05 3.39951e-05 3.39951e-05 3.39951e-05 4.16264e-05 4.16264e-05 4.16264e-05 4.16264e-05 4.78936e-05 4.78936e-05 4.78936e-05 4.78936e-05 5.25496e-05 5.25496e-05 5.25496e-05 5.25496e-05 5.54165e-05 5.54165e-05 5.54165e-05 5.54165e-05 5.6383e-05 5.6383e-05 5.6383e-05 5.6383e-05 5.54123e-05 5.54123e-05 5.54123e-05 5.54123e-05 5.25423e-05 5.25423e-05 5.25423e-05 5.25423e-05 4.78848e-05 4.78848e-05 4.78848e-05 4.78848e-05 4.16177e-05 4.16177e-05 4.16177e-05 4.16177e-05 3.39882e-05 3.39882e-05 3.39882e-05 3.39882e-05 2.52831e-05 2.52831e-05 2.52831e-05 2.52831e-05 1.60049e-05 1.60049e-05 1.60049e-05 1.60049e-05 6.95255e-06 6.95255e-06 6.95255e-06 6.95255e-06 9.22239e-06 9.22239e-06 9.22239e-06 9.22239e-06 2.04569e-05 2.04569e-05 2.04569e-05 2.04569e-05 3.22462e-05 3.22462e-05 3.22462e-05 3.22462e-05 4.32868e-05 4.32868e-05 4.32868e-05 4.32868e-05 5.29572e-05 5.29572e-05 5.29572e-05 5.29572e-05 6.08899e-05 6.08899e-05 6.08899e-05 6.08899e-05 6.67781e-05 6.67781e-05 6.67781e-05 6.67781e-05 7.04015e-05 7.04015e-05 7.04015e-05 7.04015e-05 7.16236e-05 7.16236e-05 7.16236e-05 7.16236e-05 7.03991e-05 7.03991e-05 7.03991e-05 7.03991e-05 6.67742e-05 6.67742e-05 6.67742e-05 6.67742e-05 6.08859e-05 6.08859e-05 6.08859e-05 6.08859e-05 5.29541e-05 5.29541e-05 5.29541e-05 5.29541e-05 4.32859e-05 4.32859e-05 4.32859e-05 4.32859e-05 3.22515e-05 3.22515e-05 3.22515e-05 3.22515e-05 2.04704e-05 2.04704e-05 2.04704e-05 2.04704e-05 9.26871e-06 9.26871e-06 9.26871e-06 9.26871e-06 1.1439e-05 1.1439e-05 1.1439e-05 1.1439e-05 2.43046e-05 2.43046e-05 2.43046e-05 2.43046e-05 3.81894e-05 3.81894e-05 3.81894e-05 3.81894e-05 5.11887e-05 5.11887e-05 5.11887e-05 5.11887e-05 6.25826e-05 6.25826e-05 6.25826e-05 6.25826e-05 7.19261e-05 7.19261e-05 7.19261e-05 7.19261e-05 7.88597e-05 7.88597e-05 7.88597e-05 7.88597e-05 8.31254e-05 8.31254e-05 8.31254e-05 8.31254e-05 8.45644e-05 8.45644e-05 8.45644e-05 8.45644e-05 8.31238e-05 8.31238e-05 8.31238e-05 8.31238e-05 7.88576e-05 7.88576e-05 7.88576e-05 7.88576e-05 7.19247e-05 7.19247e-05 7.19247e-05 7.19247e-05 6.25828e-05 6.25828e-05 6.25828e-05 6.25828e-05 5.11906e-05 5.11906e-05 5.11906e-05 5.11906e-05 3.81939e-05 3.81939e-05 3.81939e-05 3.81939e-05 2.43085e-05 2.43085e-05 2.43085e-05 2.43085e-05 1.14179e-05 1.14179e-05 1.14179e-05 1.14179e-05 1.32761e-05 1.32761e-05 1.32761e-05 1.32761e-05 2.73737e-05 2.73737e-05 2.73737e-05 2.73737e-05 4.28799e-05 4.28799e-05 4.28799e-05 4.28799e-05 5.73986e-05 5.73986e-05 5.73986e-05 5.73986e-05 7.0136e-05 7.0136e-05 7.0136e-05 7.0136e-05 8.05813e-05 8.05813e-05 8.05813e-05 8.05813e-05 8.83324e-05 8.83324e-05 8.83324e-05 8.83324e-05 9.31007e-05 9.31007e-05 9.31007e-05 9.31007e-05 9.47094e-05 9.47094e-05 9.47094e-05 9.47094e-05 9.30996e-05 9.30996e-05 9.30996e-05 9.30996e-05 8.83313e-05 8.83313e-05 8.83313e-05 8.83313e-05 8.05817e-05 8.05817e-05 8.05817e-05 8.05817e-05 7.01389e-05 7.01389e-05 7.01389e-05 7.01389e-05 5.74021e-05 5.74021e-05 5.74021e-05 5.74021e-05 4.28769e-05 4.28769e-05 4.28769e-05 4.28769e-05 2.73476e-05 2.73476e-05 2.73476e-05 2.73476e-05 1.31096e-05 1.31096e-05 1.31096e-05 1.31096e-05 1.48603e-05 1.48603e-05 1.48603e-05 1.48603e-05 2.95284e-05 2.95284e-05 2.95284e-05 2.95284e-05 4.61305e-05 4.61305e-05 4.61305e-05 4.61305e-05 6.16806e-05 6.16806e-05 6.16806e-05 6.16806e-05 7.53356e-05 7.53356e-05 7.53356e-05 7.53356e-05 8.65353e-05 8.65353e-05 8.65353e-05 8.65353e-05 9.48469e-05 9.48469e-05 9.48469e-05 9.48469e-05 9.99599e-05 9.99599e-05 9.99599e-05 9.99599e-05 0.000101685 0.000101685 0.000101685 0.000101685 9.99589e-05 9.99589e-05 9.99589e-05 9.99589e-05 9.48466e-05 9.48466e-05 9.48466e-05 9.48466e-05 8.6538e-05 8.6538e-05 8.6538e-05 8.6538e-05 7.53423e-05 7.53423e-05 7.53423e-05 7.53423e-05 6.16858e-05 6.16858e-05 6.16858e-05 6.16858e-05 4.6113e-05 4.6113e-05 4.6113e-05 4.6113e-05 2.94525e-05 2.94525e-05 2.94525e-05 2.94525e-05 1.44353e-05 1.44353e-05 1.44353e-05 1.44353e-05 1.50477e-05 1.50477e-05 1.50477e-05 1.50477e-05 3.06452e-05 3.06452e-05 3.06452e-05 3.06452e-05 4.7797e-05 4.7797e-05 4.7797e-05 4.7797e-05 6.38673e-05 6.38673e-05 6.38673e-05 6.38673e-05 7.79869e-05 7.79869e-05 7.79869e-05 7.79869e-05 8.9569e-05 8.9569e-05 8.9569e-05 8.9569e-05 9.8165e-05 9.8165e-05 9.8165e-05 9.8165e-05 0.000103453 0.000103453 0.000103453 0.000103453 0.000105237 0.000105237 0.000105237 0.000105237 0.000103452 0.000103452 0.000103452 0.000103452 9.81653e-05 9.81653e-05 9.81653e-05 9.81653e-05 8.95739e-05 8.95739e-05 8.95739e-05 8.95739e-05 7.79972e-05 7.79972e-05 7.79972e-05 7.79972e-05 6.38738e-05 6.38738e-05 6.38738e-05 6.38738e-05 4.77661e-05 4.77661e-05 4.77661e-05 4.77661e-05 3.05019e-05 3.05019e-05 3.05019e-05 3.05019e-05 1.44882e-05 1.44882e-05 1.44882e-05 1.44882e-05 
SCALARS velocity_H1_cell_error double 1
LOOKUP_TABLE default
0.000359028 0.000359028 0.000359028 0.000359028 0.000420015 0.000420015 0.000420015 0.000420015 0.00048506 0.00048506 0.00048506 0.00048506 0.000534327 0.000534327 0.000534327 0.000534327 0.00056462 0.00056462 0.00056462 0.00056462 0.000576267 0.000576267 0.000576267 0.000576267 0.000570754 0.000570754 0.000570754 0.000570754 0.000550401 0.000550401 0.000550401 0.000550401 0.000518271 0.000518271 0.000518271 0.000518271 0.000478104 0.000478104 0.000478104 0.000478104 0.000434308 0.000434308 0.000434308 0.000434308 0.000391983 0.000391983 0.000391983 0.000391983 0.000356796 0.000356796 0.000356796 0.000356796 0.000334068 0.000334068 0.000334068 0.000334068 0.000326384 0.000326384 0.000326384 0.000326384 0.000330571 0.000330571 0.000330571 0.000330571 0.000335463 0.000335463 0.000335463 0.000335463 0.000376041 0.000376041 0.000376041 0.000376041 0.000430978 0.000430978 0.000430978 0.000430978 0.000490318 0.000490318 0.000490318 0.000490318 0.000535096 0.000535096 0.000535096 0.000535096 0.000562567 0.000562567 0.000562567 0.000562567 0.000572862 0.000572862 0.000572862 0.000572862 0.000567107 0.000567107 0.000567107 0.000567107 0.000547126 0.000547126 0.000547126 0.000547126 0.000515462 0.000515462 0.000515462 0.000515462 0.000475481 0.000475481 0.000475481 0.000475481 0.000431515 0.000431515 0.000431515 0.000431515 0.000389016 0.000389016 0.000389016 0.000389016 0.000354451 0.000354451 0.000354451 0.000354451 0.000334189 0.000334189 0.000334189 0.000334189 0.000331393 0.000331393 0.000331393 0.000331393 0.000342594 0.000342594 0.000342594 0.000342594 0.000353507 0.000353507 0.000353507 0.000353507 0.00039909 0.00039909 0.00039909 0.00039909 0.000446109 0.000446109 0.000446109 0.000446109 0.000497024 0.000497024 0.000497024 0.000497024 0.000535304 0.000535304 0.000535304 0.000535304 0.000557359 0.000557359 0.000557359 0.000557359 0.000562988 0.000562988 0.000562988 0.000562988 0.000553192 0.000553192 0.000553192 0.000553192 0.000529945 0.000529945 0.000529945 0.000529945 0.000496212 0.000496212 0.000496212 0.000496212 0.000456 0.000456 0.000456 0.000456 0.000414395 0.000414395 0.000414395 0.000414395 0.000377493 0.000377493 0.000377493 0.000377493 0.000351783 0.000351783 0.000351783 0.000351783 0.000342265 0.000342265 0.000342265 0.000342265 0.000349452 0.000349452 0.000349452 0.000349452 0.000367747 0.000367747 0.000367747 0.000367747 0.000384856 0.000384856 0.000384856 0.000384856 0.00042668 0.00042668 0.00042668 0.00042668 0.000466734 0.000466734 0.000466734 0.000466734 0.000506755 0.000506755 0.000506755 0.000506755 0.000535813 0.000535813 0.000535813 0.000535813 0.000549766 0.000549766 0.000549766 0.000549766 0.000548166 0.000548166 0.000548166 0.000548166 0.000532251 0.000532251 0.000532251 0.000532251 0.000504501 0.000504501 0.000504501 0.000504501 0.000468562 0.000468562 0.000468562 0.000468562 0.000429214 0.000429214 0.000429214 0.000429214 0.000392291 0.000392291 0.000392291 0.000392291 0.00036422 0.00036422 0.00036422 0.00036422 0.000350637 0.000350637 0.000350637 0.000350637 0.000354 0.000354 0.000354 0.000354 0.000371837 0.000371837 0.000371837 0.000371837 0.000397531 0.000397531 0.000397531 0.000397531 0.000421728 0.000421728 0.000421728 0.000421728 0.000455917 0.000455917 0.000455917 0.000455917 0.000490067 0.000490067 0.000490067 0.000490067 0.000518918 0.000518918 0.000518918 0.000518918 0.000537492 0.000537492 0.000537492 0.000537492 0.00054197 0.00054197 0.00054197 0.00054197 0.000531899 0.000531899 0.000531899 0.000531899 0.000508869 0.000508869 0.000508869 0.000508869 0.000475906 0.000475906 0.000475906 0.000475906 0.000437385 0.000437385 0.000437385 0.000437385 0.000399009 0.000399009 0.000399009 0.000399009 0.000367516 0.000367516 0.000367516 0.000367516 0.000349522 0.000349522 0.000349522 0.000349522 0.000349115 0.000349115 0.000349115 0.000349115 0.000365579 0.000365579 0.000365579 0.000365579 0.000393697 0.000393697 0.000393697 0.000393697 0.000426309 0.000426309 0.000426309 0.000426309 0.000456684 0.000456684 0.000456684 0.000456684 0.000484337 0.000484337 0.000484337 0.000484337 0.000513696 0.000513696 0.000513696 0.000513696 0.000532743 0.000532743 0.000532743 0.000532743 0.000541187 0.000541187 0.000541187 0.000541187 0.000536214 0.000536214 0.000536214 0.000536214 0.000517578 0.000517578 0.000517578 0.000517578 0.000487212 0.000487212 0.000487212 0.000487212 0.00044866 0.00044866 0.00044866 0.00044866 0.000407073 0.000407073 0.000407073 0.000407073 0.000369248 0.000369248 0.000369248 0.000369248 0.000342991 0.000342991 0.000342991 0.000342991 0.000334886 0.000334886 0.000334886 0.000334886 0.000346853 0.000346853 0.000346853 0.000346853 0.000374907 0.000374907 0.000374907 0.000374907 0.000411719 0.000411719 0.000411719 0.000411719 0.00044992 0.00044992 0.00044992 0.00044992 0.000484826 0.000484826 0.000484826 0.000484826 0.000509566 0.000509566 0.000509566 0.000509566 0.000535234 0.000535234 0.000535234 0.000535234 0.000546936 0.000546936 0.000546936 0.000546936 0.000547059 0.000547059 0.000547059 0.000547059 0.000534072 0.000534072 0.000534072 0.000534072 0.00050807 0.00050807 0.00050807 0.00050807 0.000471275 0.000471275 0.000471275 0.000471275 0.000427653 0.000427653 0.000427653 0.000427653 0.000383043 0.000383043 0.000383043 0.000383043 0.000345273 0.000345273 0.000345273 0.000345273 0.000323148 0.000323148 0.000323148 0.000323148 0.00032298 0.00032298 0.00032298 0.00032298 0.000344433 0.000344433 0.000344433 0.000344433 0.000380925 0.000380925 0.000380925 0.000380925 0.000423886 0.000423886 0.000423886 0.000423886 0.000465868 0.000465868 0.000465868 0.000465868 0.000503377 0.000503377 0.000503377 0.000503377 0.000529256 0.000529256 0.000529256 0.000529256 0.000552379 0.000552379 0.000552379 0.000552379 0.000559722 0.000559722 0.000559722 0.000559722 0.000554397 0.000554397 0.000554397 0.000554397 0.000536038 0.000536038 0.000536038 0.000536038 0.000505141 0.000505141 0.000505141 0.000505141 0.000464123 0.000464123 0.000464123 0.000464123 0.000417183 0.000417183 0.000417183 0.000417183 0.000370531 0.000370531 0.000370531 0.000370531 0.000332565 0.000332565 0.000332565 0.000332565 0.000312606 0.000312606 0.000312606 0.000312606 0.000316619 0.000316619 0.000316619 0.000316619 0.000342833 0.000342833 0.000342833 0.000342833 0.000383392 0.000383392 0.000383392 0.000383392 0.000429306 0.000429306 0.000429306 0.000429306 0.000473018 0.000473018 0.000473018 0.000473018 0.000511239 0.000511239 0.000511239 0.000511239 0.000541206 0.000541206 0.000541206 0.000541206 0.000562998 0.000562998 0.000562998 0.000562998 0.000569041 0.000569041 0.000569041 0.000569041 0.000561678 0.000561678 0.000561678 0.000561678 0.000541323 0.000541323 0.000541323 0.000541323 0.000508854 0.000508854 0.000508854 0.000508854 0.000466764 0.000466764 0.000466764 0.000466764 0.000419244 0.000419244 0.000419244 0.000419244 0.000372403 0.000372403 0.000372403 0.000372403 0.000334415 0.000334415 0.000334415 0.000334415 0.000314266 0.000314266 0.000314266 0.000314266 0.000317673 0.000317673 0.000317673 0.000317673 0.000342959 0.000342959 0.000342959 0.000342959 0.000382631 0.000382631 0.000382631 0.000382631 0.000427988 0.000427988 0.000427988 0.000427988 0.000471274 0.000471274 0.000471274 0.000471274 0.000508557 0.000508557 0.000508557 0.000508557 0.000543548 0.000543548 0.000543548 0.000543548 0.000565326 0.000565326 0.000565326 0.000565326 0.000572865 0.000572865 0.000572865 0.000572865 0.000566875 0.000566875 0.000566875 0.000566875 0.00054804 0.00054804 0.00054804 0.00054804 0.000517508 0.000517508 0.000517508 0.000517508 0.000477715 0.000477715 0.000477715 0.000477715 0.00043258 0.00043258 0.00043258 0.00043258 0.000387643 0.000387643 0.000387643 0.000387643 0.000350092 0.000350092 0.000350092 0.000350092 0.000327783 0.000327783 0.000327783 0.000327783 0.000326245 0.000326245 0.000326245 0.000326245 0.000345265 0.000345265 0.000345265 0.000345265 0.000379274 0.000379274 0.000379274 0.000379274 0.000420615 0.000420615 0.000420615 0.000420615 0.000461346 0.000461346 0.000461346 0.000461346 0.000496339 0.000496339 0.000496339 0.000496339 0.000535039 0.000535039 0.000535039 0.000535039 0.0005582 0.0005582 0.0005582 0.0005582 0.000569599 0.000569599 0.000569599 0.000569599 0.000567967 0.000567967 0.000567967 0.000567967 0.000553795 0.000553795 0.000553795 0.000553795 0.000528299 0.000528299 0.000528299 0.000528299 0.000493701 0.000493701 0.000493701 0.000493701 0.000453404 0.000453404 0.000453404 0.000453404 0.000412035 0.000412035 0.000412035 0.000412035 0.000375392 0.000375392 0.000375392 0.000375392 0.000349848 0.000349848 0.000349848 0.000349848 0.000340651 0.000340651 0.000340651 0.000340651 0.000349575 0.000349575 0.000349575 0.000349575 0.000374057 0.000374057 0.000374057 0.000374057 0.00040836 0.00040836 0.00040836 0.00040836 0.000444583 0.000444583 0.000444583 0.000444583 0.000476175 0.000476175 0.000476175 0.000476175 0.000515409 0.000515409 0.000515409 0.000515409 0.000541357 0.000541357 0.000541357 0.000541357 0.000558501 0.000558501 0.000558501 0.000558501 0.000563529 0.000563529 0.000563529 0.000563529 0.000556456 0.000556456 0.000556456 0.000556456 0.000538327 0.000538327 0.000538327 0.000538327 0.000510984 0.000510984 0.000510984 0.000510984 0.000477132 0.000477132 0.000477132 0.000477132 0.000440335 0.000440335 0.000440335 0.000440335 0.000404963 0.000404963 0.000404963 0.000404963 0.000375963 0.000375963 0.000375963 0.000375963 0.000358198 0.000358198 0.000358198 0.000358198 0.000355187 0.000355187 0.000355187 0.000355187 0.000367698 0.000367698 0.000367698 0.000367698 0.000392728 0.000392728 0.000392728 0.000392728 0.000422858 0.000422858 0.000422858 0.000422858 0.000450071 0.000450071 0.000450071 0.000450071 0.000485787 0.000485787 0.000485787 0.000485787 0.000515788 0.000515788 0.000515788 0.000515788 0.000540092 0.000540092 0.000540092 0.000540092 0.000553289 0.000553289 0.000553289 0.000553289 0.000554854 0.000554854 0.000554854 0.000554854 0.000545488 0.000545488 0.000545488 0.000545488 0.00052652 0.00052652 0.00052652 0.00052652 0.000499867 0.000499867 0.000499867 0.000499867 0.00046804 0.00046804 0.00046804 0.00046804 0.000434167 0.000434167 0.000434167 0.000434167 0.000402045 0.000402045 0.000402045 0.000402045 0.000376135 0.000376135 0.000376135 0.000376135 0.000361171 0.000361171 0.000361171 0.000361171 0.000360886 0.000360886 0.000360886 0.000360886 0.000375445 0.000375445 0.000375445 0.000375445 0.000398491 0.000398491 0.000398491 0.000398491 0.000420437 0.000420437 0.000420437 0.000420437 0.000449138 0.000449138 0.000449138 0.000449138 0.000484128 0.000484128 0.000484128 0.000484128 0.000516497 0.000516497 0.000516497 0.000516497 0.000538527 0.000538527 0.000538527 0.000538527 0.000549253 0.000549253 0.000549253 0.000549253 0.000549 0.000549 0.000549 0.000549 0.000538539 0.000538539 0.000538539 0.000538539 0.000519019 0.000519019 0.000519019 0.000519019 0.00049203 0.00049203 0.00049203 0.00049203 0.000459737 0.000459737 0.000459737 0.000459737 0.000425116 0.000425116 0.000425116 0.000425116 0.000392297 0.000392297 0.000392297 0.000392297 0.000366724 0.000366724 0.000366724 0.000366724 0.000354331 0.000354331 0.000354331 0.000354331 0.000358369 0.000358369 0.000358369 0.000358369 0.000374141 0.000374141 0.000374141 0.000374141 0.000390243 0.000390243 0.000390243 0.000390243 0.000410545 0.000410545 0.000410545 0.000410545 0.000450883 0.000450883 0.000450883 0.000450883 0.00049146 0.00049146 0.00049146 0.00049146 0.000521923 0.000521923 0.000521923 0.000521923 0.000541146 0.000541146 0.000541146 0.000541146 0.000549194 0.000549194 0.000549194 0.000549194 0.000546357 0.000546357 0.000546357 0.000546357 0.000533139 0.000533139 0.000533139 0.000533139 0.000510426 0.000510426 0.000510426 0.000510426 0.000479711 0.000479711 0.000479711 0.000479711 0.000443431 0.000443431 0.000443431 0.000443431 0.000405443 0.000405443 0.000405443 0.000405443 0.000371498 0.000371498 0.000371498 0.000371498 0.000348894 0.000348894 0.000348894 0.000348894 0.000343413 0.000343413 0.000343413 0.000343413 0.000352586 0.000352586 0.000352586 0.000352586 0.000363108 0.000363108 0.000363108 0.000363108 0.000376897 0.000376897 0.000376897 0.000376897 0.000421701 0.000421701 0.000421701 0.000421701 0.000468707 0.000468707 0.000468707 0.000468707 0.000505772 0.000505772 0.000505772 0.000505772 0.000531765 0.000531765 0.000531765 0.000531765 0.000546472 0.000546472 0.000546472 0.000546472 0.000549787 0.000549787 0.000549787 0.000549787 0.000541741 0.000541741 0.000541741 0.000541741 0.000522726 0.000522726 0.000522726 0.000522726 0.00049376 0.00049376 0.00049376 0.00049376 0.000456867 0.000456867 0.000456867 0.000456867 0.000415645 0.000415645 0.000415645 0.000415645 0.000375919 0.000375919 0.000375919 0.000375919 0.000345741 0.000345741 0.000345741 0.000345741 0.00033253 0.00033253 0.00033253 0.00033253 0.000336249 0.000336249 0.000336249 0.000336249 0.000343125 0.000343125 0.000343125 0.000343125 0.000354546 0.000354546 0.000354546 0.000354546 0.000400341 0.000400341 0.000400341 0.000400341 0.000451272 0.000451272 0.000451272 0.000451272 0.000493293 0.000493293 0.000493293 0.000493293 0.000524395 0.000524395 0.000524395 0.000524395 0.000544118 0.000544118 0.000544118 0.000544118 0.00055215 0.00055215 0.00055215 0.00055215 0.000548224 0.000548224 0.000548224 0.000548224 0.000532333 0.000532333 0.000532333 0.000532333 0.000505082 0.000505082 0.000505082 0.000505082 0.000468183 0.000468183 0.000468183 0.000468183 0.000425132 0.000425132 0.000425132 0.000425132 0.00038193 0.00038193 0.00038193 0.00038193 0.000347128 0.000347128 0.000347128 0.000347128 0.000328975 0.000328975 0.000328975 0.000328975 0.000328385 0.000328385 0.000328385 0.000328385 0.0003333 0.0003333 0.0003333 0.0003333 
