# vtk DataFile Version 3.0
#This file was generated by the deal.II library on 2026/8/5 at 16:38:24
ASCII
DATASET UNSTRUCTURED_GRID

POINTS 4624 double
0 0 0
0.0294118 0 0
0 0.0294118 0
0.0294118 0.0294118 0
0.0294118 0 0
0.0588235 0 0
0.0294118 0.0294118 0
0.0588235 0.0294118 0
0 0.0294118 0
0.0294118 0.0294118 0
0 0.0588235 0
0.0294118 0.0588235 0
0.0294118 0.0294118 0
0.0588235 0.0294118 0
0.0294118 0.0588235 0
0.0588235 0.0588235 0
0 0.0588235 0
0.0294118 0.0588235 0
0 0.0882353 0
0.0294118 0.0882353 0
0.0294118 0.0588235 0
0.0588235 0.0588235 0
0.0294118 0.0882353 0
0.0588235 0.0882353 0
0 0.0882353 0
0.0294118 0.0882353 0
0 0.117647 0
0.0294118 0.117647 0
0.0294118 0.0882353 0
0.0588235 0.0882353 0
0.0294118 0.117647 0
0.0588235 0.117647 0
0 0.117647 0
0.0294118 0.117647 0
0 0.147059 0
0.0294118 0.147059 0
0.0294118 0.117647 0
0.0588235 0.117647 0
0.0294118 0.147059 0
0.0588235 0.147059 0
0 0.147059 0
0.0294118 0.147059 0
0 0.176471 0
0.0294118 0.176471 0
0.0294118 0.147059 0
0.0588235 0.147059 0
0.0294118 0.176471 0
0.0588235 0.176471 0
0 0.176471 0
0.0294118 0.176471 0
0 0.205882 0
0.0294118 0.205882 0
0.0294118 0.176471 0
0.0588235 0.176471 0
0.0294118 0.205882 0
0.0588235 0.205882 0
0 0.205882 0
0.0294118 0.205882 0
0 0.235294 0
0.0294118 0.235294 0
0.0294118 0.205882 0
0.0588235 0.205882 0
0.0294118 0.235294 0
0.0588235 0.235294 0
0 0.235294 0
0.0294118 0.235294 0
0 0.264706 0
0.0294118 0.264706 0
0.0294118 0.235294 0
0.0588235 0.235294 0
0.0294118 0.264706 0
0.0588235 0.264706 0
0 0.264706 0
0.0294118 0.264706 0
0 0.294118 0
0.0294118 0.294118 0
0.0294118 0.264706 0
0.0588235 0.264706 0
0.0294118 0.294118 0
0.0588235 0.294118 0
0 0.294118 0
0.0294118 0.294118 0
0 0.323529 0
0.0294118 0.323529 0
0.0294118 0.294118 0
0.0588235 0.294118 0
0.0294118 0.323529 0
0.0588235 0.323529 0
0 0.323529 0
0.0294118 0.323529 0
0 0.352941 0
0.0294118 0.352941 0
0.0294118 0.323529 0
0.0588235 0.323529 0
0.0294118 0.352941 0
0.0588235 0.352941 0
0 0.352941 0
0.0294118 0.352941 0
0 0.382353 0
0.0294118 0.382353 0
0.0294118 0.352941 0
0.0588235 0.352941 0
0.0294118 0.382353 0
0.0588235 0.382353 0
0 0.382353 0
0.0294118 0.382353 0
0 0.411765 0
0.0294118 0.411765 0
0.0294118 0.382353 0
0.0588235 0.382353 0
0.0294118 0.411765 0
0.0588235 0.411765 0
0 0.411765 0
0.0294118 0.411765 0
0 0.441176 0
0.0294118 0.441176 0
0.0294118 0.411765 0
0.0588235 0.411765 0
0.0294118 0.441176 0
0.0588235 0.441176 0
0 0.441176 0
0.0294118 0.441176 0
0 0.470588 0
0.0294118 0.470588 0
0.0294118 0.441176 0
0.0588235 0.441176 0
0.0294118 0.470588 0
0.0588235 0.470588 0
0 0.470588 0
0.0294118 0.470588 0
0 0.5 0
0.0294118 0.5 0
0.0294118 0.470588 0
0.0588235 0.470588 0
0.0294118 0.5 0
0.0588235 0.5 0
0 0.5 0
0.0294118 0.5 0
0 0.529412 0
0.0294118 0.529412 0
0.0294118 0.5 0
0.0588235 0.5 0
0.0294118 0.529412 0
0.0588235 0.529412 0
0 0.529412 0
0.0294118 0.529412 0
0 0.558824 0
0.0294118 0.558824 0
0.0294118 0.529412 0
0.0588235 0.529412 0
0.0294118 0.558824 0
0.0588235 0.558824 0
0 0.558824 0
0.0294118 0.558824 0
0 0.588235 0
0.0294118 0.588235 0
0.0294118 0.558824 0
0.0588235 0.558824 0
0.0294118 0.588235 0
0.0588235 0.588235 0
0 0.588235 0
0.0294118 0.588235 0
0 0.617647 0
0.0294118 0.617647 0
0.0294118 0.588235 0
0.0588235 0.588235 0
0.0294118 0.617647 0
0.0588235 0.617647 0
0 0.617647 0
0.0294118 0.617647 0
0 0.647059 0
0.0294118 0.647059 0
0.0294118 0.617647 0
0.0588235 0.617647 0
0.0294118 0.647059 0
0.0588235 0.647059 0
0 0.647059 0
0.0294118 0.647059 0
0 0.676471 0
0.0294118 0.676471 0
0.0294118 0.647059 0
0.0588235 0.647059 0
0.0294118 0.676471 0
0.0588235 0.676471 0
0 0.676471 0
0.0294118 0.676471 0
0 0.705882 0
0.0294118 0.705882 0
0.0294118 0.676471 0
0.0588235 0.676471 0
0.0294118 0.705882 0
0.0588235 0.705882 0
0 0.705882 0
0.0294118 0.705882 0
0 0.735294 0
0.0294118 0.735294 0
0.0294118 0.705882 0
0.0588235 0.705882 0
0.0294118 0.735294 0
0.0588235 0.735294 0
0 0.735294 0
0.0294118 0.735294 0
0 0.764706 0
0.0294118 0.764706 0
0.0294118 0.735294 0
0.0588235 0.735294 0
0.0294118 0.764706 0
0.0588235 0.764706 0
0 0.764706 0
0.0294118 0.764706 0
0 0.794118 0
0.0294118 0.794118 0
0.0294118 0.764706 0
0.0588235 0.764706 0
0.0294118 0.794118 0
0.0588235 0.794118 0
0 0.794118 0
0.0294118 0.794118 0
0 0.823529 0
0.0294118 0.823529 0
0.0294118 0.794118 0
0.0588235 0.794118 0
0.0294118 0.823529 0
0.0588235 0.823529 0
0 0.823529 0
0.0294118 0.823529 0
0 0.852941 0
0.0294118 0.852941 0
0.0294118 0.823529 0
0.0588235 0.823529 0
0.0294118 0.852941 0
0.0588235 0.852941 0
0 0.852941 0
0.0294118 0.852941 0
0 0.882353 0
0.0294118 0.882353 0
0.0294118 0.852941 0
0.0588235 0.852941 0
0.0294118 0.882353 0
0.0588235 0.882353 0
0 0.882353 0
0.0294118 0.882353 0
0 0.911765 0
0.0294118 0.911765 0
0.0294118 0.882353 0
0.0588235 0.882353 0
0.0294118 0.911765 0
0.0588235 0.911765 0
0 0.911765 0
0.0294118 0.911765 0
0 0.941176 0
0.0294118 0.941176 0
0.0294118 0.911765 0
0.0588235 0.911765 0
0.0294118 0.941176 0
0.0588235 0.941176 0
0 0.941176 0
0.0294118 0.941176 0
0 0.970588 0
0.0294118 0.970588 0
0.0294118 0.941176 0
0.0588235 0.941176 0
0.0294118 0.970588 0
0.0588235 0.970588 0
0 0.970588 0
0.0294118 0.970588 0
0 1 0
0.0294118 1 0
0.0294118 0.970588 0
0.0588235 0.970588 0
0.0294118 1 0
0.0588235 1 0
0.0588235 0 0
0.0882353 0 0
0.0588235 0.0294118 0
0.0882353 0.0294118 0
0.0882353 0 0
0.117647 0 0
0.0882353 0.0294118 0
0.117647 0.0294118 0
0.0588235 0.0294118 0
0.0882353 0.0294118 0
0.0588235 0.0588235 0
0.0882353 0.0588235 0
0.0882353 0.0294118 0
0.117647 0.0294118 0
0.0882353 0.0588235 0
0.117647 0.0588235 0
0.0588235 0.0588235 0
0.0882353 0.0588235 0
0.0588235 0.0882353 0
0.0882353 0.0882353 0
0.0882353 0.0588235 0
0.117647 0.0588235 0
0.0882353 0.0882353 0
0.117647 0.0882353 0
0.0588235 0.0882353 0
0.0882353 0.0882353 0
0.0588235 0.117647 0
0.0882353 0.117647 0
0.0882353 0.0882353 0
0.117647 0.0882353 0
0.0882353 0.117647 0
0.117647 0.117647 0
0.0588235 0.117647 0
0.0882353 0.117647 0
0.0588235 0.147059 0
0.0882353 0.147059 0
0.0882353 0.117647 0
0.117647 0.117647 0
0.0882353 0.147059 0
0.117647 0.147059 0
0.0588235 0.147059 0
0.0882353 0.147059 0
0.0588235 0.176471 0
0.0882353 0.176471 0
0.0882353 0.147059 0
0.117647 0.147059 0
0.0882353 0.176471 0
0.117647 0.176471 0
0.0588235 0.176471 0
0.0882353 0.176471 0
0.0588235 0.205882 0
0.0882353 0.205882 0
0.0882353 0.176471 0
0.117647 0.176471 0
0.0882353 0.205882 0
0.117647 0.205882 0
0.0588235 0.205882 0
0.0882353 0.205882 0
0.0588235 0.235294 0
0.0882353 0.235294 0
0.0882353 0.205882 0
0.117647 0.205882 0
0.0882353 0.235294 0
0.117647 0.235294 0
0.0588235 0.235294 0
0.0882353 0.235294 0
0.0588235 0.264706 0
0.0882353 0.264706 0
0.0882353 0.235294 0
0.117647 0.235294 0
0.0882353 0.264706 0
0.117647 0.264706 0
0.0588235 0.264706 0
0.0882353 0.264706 0
0.0588235 0.294118 0
0.0882353 0.294118 0
0.0882353 0.264706 0
0.117647 0.264706 0
0.0882353 0.294118 0
0.117647 0.294118 0
0.0588235 0.294118 0
0.0882353 0.294118 0
0.0588235 0.323529 0
0.0882353 0.323529 0
0.0882353 0.294118 0
0.117647 0.294118 0
0.0882353 0.323529 0
0.117647 0.323529 0
0.0588235 0.323529 0
0.0882353 0.323529 0
0.0588235 0.352941 0
0.0882353 0.352941 0
0.0882353 0.323529 0
0.117647 0.323529 0
0.0882353 0.352941 0
0.117647 0.352941 0
0.0588235 0.352941 0
0.0882353 0.352941 0
0.0588235 0.382353 0
0.0882353 0.382353 0
0.0882353 0.352941 0
0.117647 0.352941 0
0.0882353 0.382353 0
0.117647 0.382353 0
0.0588235 0.382353 0
0.0882353 0.382353 0
0.0588235 0.411765 0
0.0882353 0.411765 0
0.0882353 0.382353 0
0.117647 0.382353 0
0.0882353 0.411765 0
0.117647 0.411765 0
0.0588235 0.411765 0
0.0882353 0.411765 0
0.0588235 0.441176 0
0.0882353 0.441176 0
0.0882353 0.411765 0
0.117647 0.411765 0
0.0882353 0.441176 0
0.117647 0.441176 0
0.0588235 0.441176 0
0.0882353 0.441176 0
0.0588235 0.470588 0
0.0882353 0.470588 0
0.0882353 0.441176 0
0.117647 0.441176 0
0.0882353 0.470588 0
0.117647 0.470588 0
0.0588235 0.470588 0
0.0882353 0.470588 0
0.0588235 0.5 0
0.0882353 0.5 0
0.0882353 0.470588 0
0.117647 0.470588 0
0.0882353 0.5 0
0.117647 0.5 0
0.0588235 0.5 0
0.0882353 0.5 0
0.0588235 0.529412 0
0.0882353 0.529412 0
0.0882353 0.5 0
0.117647 0.5 0
0.0882353 0.529412 0
0.117647 0.529412 0
0.0588235 0.529412 0
0.0882353 0.529412 0
0.0588235 0.558824 0
0.0882353 0.558824 0
0.0882353 0.529412 0
0.117647 0.529412 0
0.0882353 0.558824 0
0.117647 0.558824 0
0.0588235 0.558824 0
0.0882353 0.558824 0
0.0588235 0.588235 0
0.0882353 0.588235 0
0.0882353 0.558824 0
0.117647 0.558824 0
0.0882353 0.588235 0
0.117647 0.588235 0
0.0588235 0.588235 0
0.0882353 0.588235 0
0.0588235 0.617647 0
0.0882353 0.617647 0
0.0882353 0.588235 0
0.117647 0.588235 0
0.0882353 0.617647 0
0.117647 0.617647 0
0.0588235 0.617647 0
0.0882353 0.617647 0
0.0588235 0.647059 0
0.0882353 0.647059 0
0.0882353 0.617647 0
0.117647 0.617647 0
0.0882353 0.647059 0
0.117647 0.647059 0
0.0588235 0.647059 0
0.0882353 0.647059 0
0.0588235 0.676471 0
0.0882353 0.676471 0
0.0882353 0.647059 0
0.117647 0.647059 0
0.0882353 0.676471 0
0.117647 0.676471 0
0.0588235 0.676471 0
0.0882353 0.676471 0
0.0588235 0.705882 0
0.0882353 0.705882 0
0.0882353 0.676471 0
0.117647 0.676471 0
0.0882353 0.705882 0
0.117647 0.705882 0
0.0588235 0.705882 0
0.0882353 0.705882 0
0.0588235 0.735294 0
0.0882353 0.735294 0
0.0882353 0.705882 0
0.117647 0.705882 0
0.0882353 0.735294 0
0.117647 0.735294 0
0.0588235 0.735294 0
0.0882353 0.735294 0
0.0588235 0.764706 0
0.0882353 0.764706 0
0.0882353 0.735294 0
0.117647 0.735294 0
0.0882353 0.764706 0
0.117647 0.764706 0
0.0588235 0.764706 0
0.0882353 0.764706 0
0.0588235 0.794118 0
0.0882353 0.794118 0
0.0882353 0.764706 0
0.117647 0.764706 0
0.0882353 0.794118 0
0.117647 0.794118 0
0.0588235 0.794118 0
0.0882353 0.794118 0
0.0588235 0.823529 0
0.0882353 0.823529 0
0.0882353 0.794118 0
0.117647 0.794118 0
0.0882353 0.823529 0
0.117647 0.823529 0
0.0588235 0.823529 0
0.0882353 0.823529 0
0.0588235 0.852941 0
0.0882353 0.852941 0
0.0882353 0.823529 0
0.117647 0.823529 0
0.0882353 0.852941 0
0.117647 0.852941 0
0.0588235 0.852941 0
0.0882353 0.852941 0
0.0588235 0.882353 0
0.0882353 0.882353 0
0.0882353 0.852941 0
0.117647 0.852941 0
0.0882353 0.882353 0
0.117647 0.882353 0
0.0588235 0.882353 0
0.0882353 0.882353 0
0.0588235 0.911765 0
0.0882353 0.911765 0
0.0882353 0.882353 0
0.117647 0.882353 0
0.0882353 0.911765 0
0.117647 0.911765 0
0.0588235 0.911765 0
0.0882353 0.911765 0
0.0588235 0.941176 0
0.0882353 0.941176 0
0.0882353 0.911765 0
0.117647 0.911765 0
0.0882353 0.941176 0
0.117647 0.941176 0
0.0588235 0.941176 0
0.0882353 0.941176 0
0.0588235 0.970588 0
0.0882353 0.970588 0
0.0882353 0.941176 0
0.117647 0.941176 0
0.0882353 0.970588 0
0.117647 0.970588 0
0.0588235 0.970588 0
0.0882353 0.970588 0
0.0588235 1 0
0.0882353 1 0
0.0882353 0.970588 0
0.117647 0.970588 0
0.0882353 1 0
0.117647 1 0
0.117647 0 0
0.147059 0 0
0.117647 0.0294118 0
0.147059 0.0294118 0
0.147059 0 0
0.176471 0 0
0.147059 0.0294118 0
0.176471 0.0294118 0
0.117647 0.0294118 0
0.147059 0.0294118 0
0.117647 0.0588235 0
0.147059 0.0588235 0
0.147059 0.0294118 0
0.176471 0.0294118 0
0.147059 0.0588235 0
0.176471 0.0588235 0
0.117647 0.0588235 0
0.147059 0.0588235 0
0.117647 0.0882353 0
0.147059 0.0882353 0
0.147059 0.0588235 0
0.176471 0.0588235 0
0.147059 0.0882353 0
0.176471 0.0882353 0
0.117647 0.0882353 0
0.147059 0.0882353 0
0.117647 0.117647 0
0.147059 0.117647 0
0.147059 0.0882353 0
0.176471 0.0882353 0
0.147059 0.117647 0
0.176471 0.117647 0
0.117647 0.117647 0
0.147059 0.117647 0
0.117647 0.147059 0
0.147059 0.147059 0
0.147059 0.117647 0
0.176471 0.117647 0
0.147059 0.147059 0
0.176471 0.147059 0
0.117647 0.147059 0
0.147059 0.147059 0
0.117647 0.176471 0
0.147059 0.176471 0
0.147059 0.147059 0
0.176471 0.147059 0
0.147059 0.176471 0
0.176471 0.176471 0
0.117647 0.176471 0
0.147059 0.176471 0
0.117647 0.205882 0
0.147059 0.205882 0
0.147059 0.176471 0
0.176471 0.176471 0
0.147059 0.205882 0
0.176471 0.205882 0
0.117647 0.205882 0
0.147059 0.205882 0
0.117647 0.235294 0
0.147059 0.235294 0
0.147059 0.205882 0
0.176471 0.205882 0
0.147059 0.235294 0
0.176471 0.235294 0
0.117647 0.235294 0
0.147059 0.235294 0
0.117647 0.264706 0
0.147059 0.264706 0
0.147059 0.235294 0
0.176471 0.235294 0
0.147059 0.264706 0
0.176471 0.264706 0
0.117647 0.264706 0
0.147059 0.264706 0
0.117647 0.294118 0
0.147059 0.294118 0
0.147059 0.264706 0
0.176471 0.264706 0
0.147059 0.294118 0
0.176471 0.294118 0
0.117647 0.294118 0
0.147059 0.294118 0
0.117647 0.323529 0
0.147059 0.323529 0
0.147059 0.294118 0
0.176471 0.294118 0
0.147059 0.323529 0
0.176471 0.323529 0
0.117647 0.323529 0
0.147059 0.323529 0
0.117647 0.352941 0
0.147059 0.352941 0
0.147059 0.323529 0
0.176471 0.323529 0
0.147059 0.352941 0
0.176471 0.352941 0
0.117647 0.352941 0
0.147059 0.352941 0
0.117647 0.382353 0
0.147059 0.382353 0
0.147059 0.352941 0
0.176471 0.352941 0
0.147059 0.382353 0
0.176471 0.382353 0
0.117647 0.382353 0
0.147059 0.382353 0
0.117647 0.411765 0
0.147059 0.411765 0
0.147059 0.382353 0
0.176471 0.382353 0
0.147059 0.411765 0
0.176471 0.411765 0
0.117647 0.411765 0
0.147059 0.411765 0
0.117647 0.441176 0
0.147059 0.441176 0
0.147059 0.411765 0
0.176471 0.411765 0
0.147059 0.441176 0
0.176471 0.441176 0
0.117647 0.441176 0
0.147059 0.441176 0
0.117647 0.470588 0
0.147059 0.470588 0
0.147059 0.441176 0
0.176471 0.441176 0
0.147059 0.470588 0
0.176471 0.470588 0
0.117647 0.470588 0
0.147059 0.470588 0
0.117647 0.5 0
0.147059 0.5 0
0.147059 0.470588 0
0.176471 0.470588 0
0.147059 0.5 0
0.176471 0.5 0
0.117647 0.5 0
0.147059 0.5 0
0.117647 0.529412 0
0.147059 0.529412 0
0.147059 0.5 0
0.176471 0.5 0
0.147059 0.529412 0
0.176471 0.529412 0
0.117647 0.529412 0
0.147059 0.529412 0
0.117647 0.558824 0
0.147059 0.558824 0
0.147059 0.529412 0
0.176471 0.529412 0
0.147059 0.558824 0
0.176471 0.558824 0
0.117647 0.558824 0
0.147059 0.558824 0
0.117647 0.588235 0
0.147059 0.588235 0
0.147059 0.558824 0
0.176471 0.558824 0
0.147059 0.588235 0
0.176471 0.588235 0
0.117647 0.588235 0
0.147059 0.588235 0
0.117647 0.617647 0
0.147059 0.617647 0
0.147059 0.588235 0
0.176471 0.588235 0
0.147059 0.617647 0
0.176471 0.617647 0
0.117647 0.617647 0
0.147059 0.617647 0
0.117647 0.647059 0
0.147059 0.647059 0
0.147059 0.617647 0
0.176471 0.617647 0
0.147059 0.647059 0
0.176471 0.647059 0
0.117647 0.647059 0
0.147059 0.647059 0
0.117647 0.676471 0
0.147059 0.676471 0
0.147059 0.647059 0
0.176471 0.647059 0
0.147059 0.676471 0
0.176471 0.676471 0
0.117647 0.676471 0
0.147059 0.676471 0
0.117647 0.705882 0
0.147059 0.705882 0
0.147059 0.676471 0
0.176471 0.676471 0
0.147059 0.705882 0
0.176471 0.705882 0
0.117647 0.705882 0
0.147059 0.705882 0
0.117647 0.735294 0
0.147059 0.735294 0
0.147059 0.705882 0
0.176471 0.705882 0
0.147059 0.735294 0
0.176471 0.735294 0
0.117647 0.735294 0
0.147059 0.735294 0
0.117647 0.764706 0
0.147059 0.764706 0
0.147059 0.735294 0
0.176471 0.735294 0
0.147059 0.764706 0
0.176471 0.764706 0
0.117647 0.764706 0
0.147059 0.764706 0
0.117647 0.794118 0
0.147059 0.794118 0
0.147059 0.764706 0
0.176471 0.764706 0
0.147059 0.794118 0
0.176471 0.794118 0
0.117647 0.794118 0
0.147059 0.794118 0
0.117647 0.823529 0
0.147059 0.823529 0
0.147059 0.794118 0
0.176471 0.794118 0
0.147059 0.823529 0
0.176471 0.823529 0
0.117647 0.823529 0
0.147059 0.823529 0
0.117647 0.852941 0
0.147059 0.852941 0
0.147059 0.823529 0
0.176471 0.823529 0
0.147059 0.852941 0
0.176471 0.852941 0
0.117647 0.852941 0
0.147059 0.852941 0
0.117647 0.882353 0
0.147059 0.882353 0
0.147059 0.852941 0
0.176471 0.852941 0
0.147059 0.882353 0
0.176471 0.882353 0
0.117647 0.882353 0
0.147059 0.882353 0
0.117647 0.911765 0
0.147059 0.911765 0
0.147059 0.882353 0
0.176471 0.882353 0
0.147059 0.911765 0
0.176471 0.911765 0
0.117647 0.911765 0
0.147059 0.911765 0
0.117647 0.941176 0
0.147059 0.941176 0
0.147059 0.911765 0
0.176471 0.911765 0
0.147059 0.941176 0
0.176471 0.941176 0
0.117647 0.941176 0
0.147059 0.941176 0
0.117647 0.970588 0
0.147059 0.970588 0
0.147059 0.941176 0
0.176471 0.941176 0
0.147059 0.970588 0
0.176471 0.970588 0
0.117647 0.970588 0
0.147059 0.970588 0
0.117647 1 0
0.147059 1 0
0.147059 0.970588 0
0.176471 0.970588 0
0.147059 1 0
0.176471 1 0
0.176471 0 0
0.205882 0 0
0.176471 0.0294118 0
0.205882 0.0294118 0
0.205882 0 0
0.235294 0 0
0.205882 0.0294118 0
0.235294 0.0294118 0
0.176471 0.0294118 0
0.205882 0.0294118 0
0.176471 0.0588235 0
0.205882 0.0588235 0
0.205882 0.0294118 0
0.235294 0.0294118 0
0.205882 0.0588235 0
0.235294 0.0588235 0
0.176471 0.0588235 0
0.205882 0.0588235 0
0.176471 0.0882353 0
0.205882 0.0882353 0
0.205882 0.0588235 0
0.235294 0.0588235 0
0.205882 0.0882353 0
0.235294 0.0882353 0
0.176471 0.0882353 0
0.205882 0.0882353 0
0.176471 0.117647 0
0.205882 0.117647 0
0.205882 0.0882353 0
0.235294 0.0882353 0
0.205882 0.117647 0
0.235294 0.117647 0
0.176471 0.117647 0
0.205882 0.117647 0
0.176471 0.147059 0
0.205882 0.147059 0
0.205882 0.117647 0
0.235294 0.117647 0
0.205882 0.147059 0
0.235294 0.147059 0
0.176471 0.147059 0
0.205882 0.147059 0
0.176471 0.176471 0
0.205882 0.176471 0
0.205882 0.147059 0
0.235294 0.147059 0
0.205882 0.176471 0
0.235294 0.176471 0
0.176471 0.176471 0
0.205882 0.176471 0
0.176471 0.205882 0
0.205882 0.205882 0
0.205882 0.176471 0
0.235294 0.176471 0
0.205882 0.205882 0
0.235294 0.205882 0
0.176471 0.205882 0
0.205882 0.205882 0
0.176471 0.235294 0
0.205882 0.235294 0
0.205882 0.205882 0
0.235294 0.205882 0
0.205882 0.235294 0
0.235294 0.235294 0
0.176471 0.235294 0
0.205882 0.235294 0
0.176471 0.264706 0
0.205882 0.264706 0
0.205882 0.235294 0
0.235294 0.235294 0
0.205882 0.264706 0
0.235294 0.264706 0
0.176471 0.264706 0
0.205882 0.264706 0
0.176471 0.294118 0
0.205882 0.294118 0
0.205882 0.264706 0
0.235294 0.264706 0
0.205882 0.294118 0
0.235294 0.294118 0
0.176471 0.294118 0
0.205882 0.294118 0
0.176471 0.323529 0
0.205882 0.323529 0
0.205882 0.294118 0
0.235294 0.294118 0
0.205882 0.323529 0
0.235294 0.323529 0
0.176471 0.323529 0
0.205882 0.323529 0
0.176471 0.352941 0
0.205882 0.352941 0
0.205882 0.323529 0
0.235294 0.323529 0
0.205882 0.352941 0
0.235294 0.352941 0
0.176471 0.352941 0
0.205882 0.352941 0
0.176471 0.382353 0
0.205882 0.382353 0
0.205882 0.352941 0
0.235294 0.352941 0
0.205882 0.382353 0
0.235294 0.382353 0
0.176471 0.382353 0
0.205882 0.382353 0
0.176471 0.411765 0
0.205882 0.411765 0
0.205882 0.382353 0
0.235294 0.382353 0
0.205882 0.411765 0
0.235294 0.411765 0
0.176471 0.411765 0
0.205882 0.411765 0
0.176471 0.441176 0
0.205882 0.441176 0
0.205882 0.411765 0
0.235294 0.411765 0
0.205882 0.441176 0
0.235294 0.441176 0
0.176471 0.441176 0
0.205882 0.441176 0
0.176471 0.470588 0
0.205882 0.470588 0
0.205882 0.441176 0
0.235294 0.441176 0
0.205882 0.470588 0
0.235294 0.470588 0
0.176471 0.470588 0
0.205882 0.470588 0
0.176471 0.5 0
0.205882 0.5 0
0.205882 0.470588 0
0.235294 0.470588 0
0.205882 0.5 0
0.235294 0.5 0
0.176471 0.5 0
0.205882 0.5 0
0.176471 0.529412 0
0.205882 0.529412 0
0.205882 0.5 0
0.235294 0.5 0
0.205882 0.529412 0
0.235294 0.529412 0
0.176471 0.529412 0
0.205882 0.529412 0
0.176471 0.558824 0
0.205882 0.558824 0
0.205882 0.529412 0
0.235294 0.529412 0
0.205882 0.558824 0
0.235294 0.558824 0
0.176471 0.558824 0
0.205882 0.558824 0
0.176471 0.588235 0
0.205882 0.588235 0
0.205882 0.558824 0
0.235294 0.558824 0
0.205882 0.588235 0
0.235294 0.588235 0
0.176471 0.588235 0
0.205882 0.588235 0
0.176471 0.617647 0
0.205882 0.617647 0
0.205882 0.588235 0
0.235294 0.588235 0
0.205882 0.617647 0
0.235294 0.617647 0
0.176471 0.617647 0
0.205882 0.617647 0
0.176471 0.647059 0
0.205882 0.647059 0
0.205882 0.617647 0
0.235294 0.617647 0
0.205882 0.647059 0
0.235294 0.647059 0
0.176471 0.647059 0
0.205882 0.647059 0
0.176471 0.676471 0
0.205882 0.676471 0
0.205882 0.647059 0
0.235294 0.647059 0
0.205882 0.676471 0
0.235294 0.676471 0
0.176471 0.676471 0
0.205882 0.676471 0
0.176471 0.705882 0
0.205882 0.705882 0
0.205882 0.676471 0
0.235294 0.676471 0
0.205882 0.705882 0
0.235294 0.705882 0
0.176471 0.705882 0
0.205882 0.705882 0
0.176471 0.735294 0
0.205882 0.735294 0
0.205882 0.705882 0
0.235294 0.705882 0
0.205882 0.735294 0
0.235294 0.735294 0
0.176471 0.735294 0
0.205882 0.735294 0
0.176471 0.764706 0
0.205882 0.764706 0
0.205882 0.735294 0
0.235294 0.735294 0
0.205882 0.764706 0
0.235294 0.764706 0
0.176471 0.764706 0
0.205882 0.764706 0
0.176471 0.794118 0
0.205882 0.794118 0
0.205882 0.764706 0
0.235294 0.764706 0
0.205882 0.794118 0
0.235294 0.794118 0
0.176471 0.794118 0
0.205882 0.794118 0
0.176471 0.823529 0
0.205882 0.823529 0
0.205882 0.794118 0
0.235294 0.794118 0
0.205882 0.823529 0
0.235294 0.823529 0
0.176471 0.823529 0
0.205882 0.823529 0
0.176471 0.852941 0
0.205882 0.852941 0
0.205882 0.823529 0
0.235294 0.823529 0
0.205882 0.852941 0
0.235294 0.852941 0
0.176471 0.852941 0
0.205882 0.852941 0
0.176471 0.882353 0
0.205882 0.882353 0
0.205882 0.852941 0
0.235294 0.852941 0
0.205882 0.882353 0
0.235294 0.882353 0
0.176471 0.882353 0
0.205882 0.882353 0
0.176471 0.911765 0
0.205882 0.911765 0
0.205882 0.882353 0
0.235294 0.882353 0
0.205882 0.911765 0
0.235294 0.911765 0
0.176471 0.911765 0
0.205882 0.911765 0
0.176471 0.941176 0
0.205882 0.941176 0
0.205882 0.911765 0
0.235294 0.911765 0
0.205882 0.941176 0
0.235294 0.941176 0
0.176471 0.941176 0
0.205882 0.941176 0
0.176471 0.970588 0
0.205882 0.970588 0
0.205882 0.941176 0
0.235294 0.941176 0
0.205882 0.970588 0
0.235294 0.970588 0
0.176471 0.970588 0
0.205882 0.970588 0
0.176471 1 0
0.205882 1 0
0.205882 0.970588 0
0.235294 0.970588 0
0.205882 1 0
0.235294 1 0
0.235294 0 0
0.264706 0 0
0.235294 0.0294118 0
0.264706 0.0294118 0
0.264706 0 0
0.294118 0 0
0.264706 0.0294118 0
0.294118 0.0294118 0
0.235294 0.0294118 0
0.264706 0.0294118 0
0.235294 0.0588235 0
0.264706 0.0588235 0
0.264706 0.0294118 0
0.294118 0.0294118 0
0.264706 0.0588235 0
0.294118 0.0588235 0
0.235294 0.0588235 0
0.264706 0.0588235 0
0.235294 0.0882353 0
0.264706 0.0882353 0
0.264706 0.0588235 0
0.294118 0.0588235 0
0.264706 0.0882353 0
0.294118 0.0882353 0
0.235294 0.0882353 0
0.264706 0.0882353 0
0.235294 0.117647 0
0.264706 0.117647 0
0.264706 0.0882353 0
0.294118 0.0882353 0
0.264706 0.117647 0
0.294118 0.117647 0
0.235294 0.117647 0
0.264706 0.117647 0
0.235294 0.147059 0
0.264706 0.147059 0
0.264706 0.117647 0
0.294118 0.117647 0
0.264706 0.147059 0
0.294118 0.147059 0
0.235294 0.147059 0
0.264706 0.147059 0
0.235294 0.176471 0
0.264706 0.176471 0
0.264706 0.147059 0
0.294118 0.147059 0
0.264706 0.176471 0
0.294118 0.176471 0
0.235294 0.176471 0
0.264706 0.176471 0
0.235294 0.205882 0
0.264706 0.205882 0
0.264706 0.176471 0
0.294118 0.176471 0
0.264706 0.205882 0
0.294118 0.205882 0
0.235294 0.205882 0
0.264706 0.205882 0
0.235294 0.235294 0
0.264706 0.235294 0
0.264706 0.205882 0
0.294118 0.205882 0
0.264706 0.235294 0
0.294118 0.235294 0
0.235294 0.235294 0
0.264706 0.235294 0
0.235294 0.264706 0
0.264706 0.264706 0
0.264706 0.235294 0
0.294118 0.235294 0
0.264706 0.264706 0
0.294118 0.264706 0
0.235294 0.264706 0
0.264706 0.264706 0
0.235294 0.294118 0
0.264706 0.294118 0
0.264706 0.264706 0
0.294118 0.264706 0
0.264706 0.294118 0
0.294118 0.294118 0
0.235294 0.294118 0
0.264706 0.294118 0
0.235294 0.323529 0
0.264706 0.323529 0
0.264706 0.294118 0
0.294118 0.294118 0
0.264706 0.323529 0
0.294118 0.323529 0
0.235294 0.323529 0
0.264706 0.323529 0
0.235294 0.352941 0
0.264706 0.352941 0
0.264706 0.323529 0
0.294118 0.323529 0
0.264706 0.352941 0
0.294118 0.352941 0
0.235294 0.352941 0
0.264706 0.352941 0
0.235294 0.382353 0
0.264706 0.382353 0
0.264706 0.352941 0
0.294118 0.352941 0
0.264706 0.382353 0
0.294118 0.382353 0
0.235294 0.382353 0
0.264706 0.382353 0
0.235294 0.411765 0
0.264706 0.411765 0
0.264706 0.382353 0
0.294118 0.382353 0
0.264706 0.411765 0
0.294118 0.411765 0
0.235294 0.411765 0
0.264706 0.411765 0
0.235294 0.441176 0
0.264706 0.441176 0
0.264706 0.411765 0
0.294118 0.411765 0
0.264706 0.441176 0
0.294118 0.441176 0
0.235294 0.441176 0
0.264706 0.441176 0
0.235294 0.470588 0
0.264706 0.470588 0
0.264706 0.441176 0
0.294118 0.441176 0
0.264706 0.470588 0
0.294118 0.470588 0
0.235294 0.470588 0
0.264706 0.470588 0
0.235294 0.5 0
0.264706 0.5 0
0.264706 0.470588 0
0.294118 0.470588 0
0.264706 0.5 0
0.294118 0.5 0
0.235294 0.5 0
0.264706 0.5 0
0.235294 0.529412 0
0.264706 0.529412 0
0.264706 0.5 0
0.294118 0.5 0
0.264706 0.529412 0
0.294118 0.529412 0
0.235294 0.529412 0
0.264706 0.529412 0
0.235294 0.558824 0
0.264706 0.558824 0
0.264706 0.529412 0
0.294118 0.529412 0
0.264706 0.558824 0
0.294118 0.558824 0
0.235294 0.558824 0
0.264706 0.558824 0
0.235294 0.588235 0
0.264706 0.588235 0
0.264706 0.558824 0
0.294118 0.558824 0
0.264706 0.588235 0
0.294118 0.588235 0
0.235294 0.588235 0
0.264706 0.588235 0
0.235294 0.617647 0
0.264706 0.617647 0
0.264706 0.588235 0
0.294118 0.588235 0
0.264706 0.617647 0
0.294118 0.617647 0
0.235294 0.617647 0
0.264706 0.617647 0
0.235294 0.647059 0
0.264706 0.647059 0
0.264706 0.617647 0
0.294118 0.617647 0
0.264706 0.647059 0
0.294118 0.647059 0
0.235294 0.647059 0
0.264706 0.647059 0
0.235294 0.676471 0
0.264706 0.676471 0
0.264706 0.647059 0
0.294118 0.647059 0
0.264706 0.676471 0
0.294118 0.676471 0
0.235294 0.676471 0
0.264706 0.676471 0
0.235294 0.705882 0
0.264706 0.705882 0
0.264706 0.676471 0
0.294118 0.676471 0
0.264706 0.705882 0
0.294118 0.705882 0
0.235294 0.705882 0
0.264706 0.705882 0
0.235294 0.735294 0
0.264706 0.735294 0
0.264706 0.705882 0
0.294118 0.705882 0
0.264706 0.735294 0
0.294118 0.735294 0
0.235294 0.735294 0
0.264706 0.735294 0
0.235294 0.764706 0
0.264706 0.764706 0
0.264706 0.735294 0
0.294118 0.735294 0
0.264706 0.764706 0
0.294118 0.764706 0
0.235294 0.764706 0
0.264706 0.764706 0
0.235294 0.794118 0
0.264706 0.794118 0
0.264706 0.764706 0
0.294118 0.764706 0
0.264706 0.794118 0
0.294118 0.794118 0
0.235294 0.794118 0
0.264706 0.794118 0
0.235294 0.823529 0
0.264706 0.823529 0
0.264706 0.794118 0
0.294118 0.794118 0
0.264706 0.823529 0
0.294118 0.823529 0
0.235294 0.823529 0
0.264706 0.823529 0
0.235294 0.852941 0
0.264706 0.852941 0
0.264706 0.823529 0
0.294118 0.823529 0
0.264706 0.852941 0
0.294118 0.852941 0
0.235294 0.852941 0
0.264706 0.852941 0
0.235294 0.882353 0
0.264706 0.882353 0
0.264706 0.852941 0
0.294118 0.852941 0
0.264706 0.882353 0
0.294118 0.882353 0
0.235294 0.882353 0
0.264706 0.882353 0
0.235294 0.911765 0
0.264706 0.911765 0
0.264706 0.882353 0
0.294118 0.882353 0
0.264706 0.911765 0
0.294118 0.911765 0
0.235294 0.911765 0
0.264706 0.911765 0
0.235294 0.941176 0
0.264706 0.941176 0
0.264706 0.911765 0
0.294118 0.911765 0
0.264706 0.941176 0
0.294118 0.941176 0
0.235294 0.941176 0
0.264706 0.941176 0
0.235294 0.970588 0
0.264706 0.970588 0
0.264706 0.941176 0
0.294118 0.941176 0
0.264706 0.970588 0
0.294118 0.970588 0
0.235294 0.970588 0
0.264706 0.970588 0
0.235294 1 0
0.264706 1 0
0.264706 0.970588 0
0.294118 0.970588 0
0.264706 1 0
0.294118 1 0
0.294118 0 0
0.323529 0 0
0.294118 0.0294118 0
0.323529 0.0294118 0
0.323529 0 0
0.352941 0 0
0.323529 0.0294118 0
0.352941 0.0294118 0
0.294118 0.0294118 0
0.323529 0.0294118 0
0.294118 0.0588235 0
0.323529 0.0588235 0
0.323529 0.0294118 0
0.352941 0.0294118 0
0.323529 0.0588235 0
0.352941 0.0588235 0
0.294118 0.0588235 0
0.323529 0.0588235 0
0.294118 0.0882353 0
0.323529 0.0882353 0
0.323529 0.0588235 0
0.352941 0.0588235 0
0.323529 0.0882353 0
0.352941 0.0882353 0
0.294118 0.0882353 0
0.323529 0.0882353 0
0.294118 0.117647 0
0.323529 0.117647 0
0.323529 0.0882353 0
0.352941 0.0882353 0
0.323529 0.117647 0
0.352941 0.117647 0
0.294118 0.117647 0
0.323529 0.117647 0
0.294118 0.147059 0
0.323529 0.147059 0
0.323529 0.117647 0
0.352941 0.117647 0
0.323529 0.147059 0
0.352941 0.147059 0
0.294118 0.147059 0
0.323529 0.147059 0
0.294118 0.176471 0
0.323529 0.176471 0
0.323529 0.147059 0
0.352941 0.147059 0
0.323529 0.176471 0
0.352941 0.176471 0
0.294118 0.176471 0
0.323529 0.176471 0
0.294118 0.205882 0
0.323529 0.205882 0
0.323529 0.176471 0
0.352941 0.176471 0
0.323529 0.205882 0
0.352941 0.205882 0
0.294118 0.205882 0
0.323529 0.205882 0
0.294118 0.235294 0
0.323529 0.235294 0
0.323529 0.205882 0
0.352941 0.205882 0
0.323529 0.235294 0
0.352941 0.235294 0
0.294118 0.235294 0
0.323529 0.235294 0
0.294118 0.264706 0
0.323529 0.264706 0
0.323529 0.235294 0
0.352941 0.235294 0
0.323529 0.264706 0
0.352941 0.264706 0
0.294118 0.264706 0
0.323529 0.264706 0
0.294118 0.294118 0
0.323529 0.294118 0
0.323529 0.264706 0
0.352941 0.264706 0
0.323529 0.294118 0
0.352941 0.294118 0
0.294118 0.294118 0
0.323529 0.294118 0
0.294118 0.323529 0
0.323529 0.323529 0
0.323529 0.294118 0
0.352941 0.294118 0
0.323529 0.323529 0
0.352941 0.323529 0
0.294118 0.323529 0
0.323529 0.323529 0
0.294118 0.352941 0
0.323529 0.352941 0
0.323529 0.323529 0
0.352941 0.323529 0
0.323529 0.352941 0
0.352941 0.352941 0
0.294118 0.352941 0
0.323529 0.352941 0
0.294118 0.382353 0
0.323529 0.382353 0
0.323529 0.352941 0
0.352941 0.352941 0
0.323529 0.382353 0
0.352941 0.382353 0
0.294118 0.382353 0
0.323529 0.382353 0
0.294118 0.411765 0
0.323529 0.411765 0
0.323529 0.382353 0
0.352941 0.382353 0
0.323529 0.411765 0
0.352941 0.411765 0
0.294118 0.411765 0
0.323529 0.411765 0
0.294118 0.441176 0
0.323529 0.441176 0
0.323529 0.411765 0
0.352941 0.411765 0
0.323529 0.441176 0
0.352941 0.441176 0
0.294118 0.441176 0
0.323529 0.441176 0
0.294118 0.470588 0
0.323529 0.470588 0
0.323529 0.441176 0
0.352941 0.441176 0
0.323529 0.470588 0
0.352941 0.470588 0
0.294118 0.470588 0
0.323529 0.470588 0
0.294118 0.5 0
0.323529 0.5 0
0.323529 0.470588 0
0.352941 0.470588 0
0.323529 0.5 0
0.352941 0.5 0
0.294118 0.5 0
0.323529 0.5 0
0.294118 0.529412 0
0.323529 0.529412 0
0.323529 0.5 0
0.352941 0.5 0
0.323529 0.529412 0
0.352941 0.529412 0
0.294118 0.529412 0
0.323529 0.529412 0
0.294118 0.558824 0
0.323529 0.558824 0
0.323529 0.529412 0
0.352941 0.529412 0
0.323529 0.558824 0
0.352941 0.558824 0
0.294118 0.558824 0
0.323529 0.558824 0
0.294118 0.588235 0
0.323529 0.588235 0
0.323529 0.558824 0
0.352941 0.558824 0
0.323529 0.588235 0
0.352941 0.588235 0
0.294118 0.588235 0
0.323529 0.588235 0
0.294118 0.617647 0
0.323529 0.617647 0
0.323529 0.588235 0
0.352941 0.588235 0
0.323529 0.617647 0
0.352941 0.617647 0
0.294118 0.617647 0
0.323529 0.617647 0
0.294118 0.647059 0
0.323529 0.647059 0
0.323529 0.617647 0
0.352941 0.617647 0
0.323529 0.647059 0
0.352941 0.647059 0
0.294118 0.647059 0
0.323529 0.647059 0
0.294118 0.676471 0
0.323529 0.676471 0
0.323529 0.647059 0
0.352941 0.647059 0
0.323529 0.676471 0
0.352941 0.676471 0
0.294118 0.676471 0
0.323529 0.676471 0
0.294118 0.705882 0
0.323529 0.705882 0
0.323529 0.676471 0
0.352941 0.676471 0
0.323529 0.705882 0
0.352941 0.705882 0
0.294118 0.705882 0
0.323529 0.705882 0
0.294118 0.735294 0
0.323529 0.735294 0
0.323529 0.705882 0
0.352941 0.705882 0
0.323529 0.735294 0
0.352941 0.735294 0
0.294118 0.735294 0
0.323529 0.735294 0
0.294118 0.764706 0
0.323529 0.764706 0
0.323529 0.735294 0
0.352941 0.735294 0
0.323529 0.764706 0
0.352941 0.764706 0
0.294118 0.764706 0
0.323529 0.764706 0
0.294118 0.794118 0
0.323529 0.794118 0
0.323529 0.764706 0
0.352941 0.764706 0
0.323529 0.794118 0
0.352941 0.794118 0
0.294118 0.794118 0
0.323529 0.794118 0
0.294118 0.823529 0
0.323529 0.823529 0
0.323529 0.794118 0
0.352941 0.794118 0
0.323529 0.823529 0
0.352941 0.823529 0
0.294118 0.823529 0
0.323529 0.823529 0
0.294118 0.852941 0
0.323529 0.852941 0
0.323529 0.823529 0
0.352941 0.823529 0
0.323529 0.852941 0
0.352941 0.852941 0
0.294118 0.852941 0
0.323529 0.852941 0
0.294118 0.882353 0
0.323529 0.882353 0
0.323529 0.852941 0
0.352941 0.852941 0
0.323529 0.882353 0
0.352941 0.882353 0
0.294118 0.882353 0
0.323529 0.882353 0
0.294118 0.911765 0
0.323529 0.911765 0
0.323529 0.882353 0
0.352941 0.882353 0
0.323529 0.911765 0
0.352941 0.911765 0
0.294118 0.911765 0
0.323529 0.911765 0
0.294118 0.941176 0
0.323529 0.941176 0
0.323529 0.911765 0
0.352941 0.911765 0
0.323529 0.941176 0
0.352941 0.941176 0
0.294118 0.941176 0
0.323529 0.941176 0
0.294118 0.970588 0
0.323529 0.970588 0
0.323529 0.941176 0
0.352941 0.941176 0
0.323529 0.970588 0
0.352941 0.970588 0
0.294118 0.970588 0
0.323529 0.970588 0
0.294118 1 0
0.323529 1 0
0.323529 0.970588 0
0.352941 0.970588 0
0.323529 1 0
0.352941 1 0
0.352941 0 0
0.382353 0 0
0.352941 0.0294118 0
0.382353 0.0294118 0
0.382353 0 0
0.411765 0 0
0.382353 0.0294118 0
0.411765 0.0294118 0
0.352941 0.0294118 0
0.382353 0.0294118 0
0.352941 0.0588235 0
0.382353 0.0588235 0
0.382353 0.0294118 0
0.411765 0.0294118 0
0.382353 0.0588235 0
0.411765 0.0588235 0
0.352941 0.0588235 0
0.382353 0.0588235 0
0.352941 0.0882353 0
0.382353 0.0882353 0
0.382353 0.0588235 0
0.411765 0.0588235 0
0.382353 0.0882353 0
0.411765 0.0882353 0
0.352941 0.0882353 0
0.382353 0.0882353 0
0.352941 0.117647 0
0.382353 0.117647 0
0.382353 0.0882353 0
0.411765 0.0882353 0
0.382353 0.117647 0
0.411765 0.117647 0
0.352941 0.117647 0
0.382353 0.117647 0
0.352941 0.147059 0
0.382353 0.147059 0
0.382353 0.117647 0
0.411765 0.117647 0
0.382353 0.147059 0
0.411765 0.147059 0
0.352941 0.147059 0
0.382353 0.147059 0
0.352941 0.176471 0
0.382353 0.176471 0
0.382353 0.147059 0
0.411765 0.147059 0
0.382353 0.176471 0
0.411765 0.176471 0
0.352941 0.176471 0
0.382353 0.176471 0
0.352941 0.205882 0
0.382353 0.205882 0
0.382353 0.176471 0
0.411765 0.176471 0
0.382353 0.205882 0
0.411765 0.205882 0
0.352941 0.205882 0
0.382353 0.205882 0
0.352941 0.235294 0
0.382353 0.235294 0
0.382353 0.205882 0
0.411765 0.205882 0
0.382353 0.235294 0
0.411765 0.235294 0
0.352941 0.235294 0
0.382353 0.235294 0
0.352941 0.264706 0
0.382353 0.264706 0
0.382353 0.235294 0
0.411765 0.235294 0
0.382353 0.264706 0
0.411765 0.264706 0
0.352941 0.264706 0
0.382353 0.264706 0
0.352941 0.294118 0
0.382353 0.294118 0
0.382353 0.264706 0
0.411765 0.264706 0
0.382353 0.294118 0
0.411765 0.294118 0
0.352941 0.294118 0
0.382353 0.294118 0
0.352941 0.323529 0
0.382353 0.323529 0
0.382353 0.294118 0
0.411765 0.294118 0
0.382353 0.323529 0
0.411765 0.323529 0
0.352941 0.323529 0
0.382353 0.323529 0
0.352941 0.352941 0
0.382353 0.352941 0
0.382353 0.323529 0
0.411765 0.323529 0
0.382353 0.352941 0
0.411765 0.352941 0
0.352941 0.352941 0
0.382353 0.352941 0
0.352941 0.382353 0
0.382353 0.382353 0
0.382353 0.352941 0
0.411765 0.352941 0
0.382353 0.382353 0
0.411765 0.382353 0
0.352941 0.382353 0
0.382353 0.382353 0
0.352941 0.411765 0
0.382353 0.411765 0
0.382353 0.382353 0
0.411765 0.382353 0
0.382353 0.411765 0
0.411765 0.411765 0
0.352941 0.411765 0
0.382353 0.411765 0
0.352941 0.441176 0
0.382353 0.441176 0
0.382353 0.411765 0
0.411765 0.411765 0
0.382353 0.441176 0
0.411765 0.441176 0
0.352941 0.441176 0
0.382353 0.441176 0
0.352941 0.470588 0
0.382353 0.470588 0
0.382353 0.441176 0
0.411765 0.441176 0
0.382353 0.470588 0
0.411765 0.470588 0
0.352941 0.470588 0
0.382353 0.470588 0
0.352941 0.5 0
0.382353 0.5 0
0.382353 0.470588 0
0.411765 0.470588 0
0.382353 0.5 0
0.411765 0.5 0
0.352941 0.5 0
0.382353 0.5 0
0.352941 0.529412 0
0.382353 0.529412 0
0.382353 0.5 0
0.411765 0.5 0
0.382353 0.529412 0
0.411765 0.529412 0
0.352941 0.529412 0
0.382353 0.529412 0
0.352941 0.558824 0
0.382353 0.558824 0
0.382353 0.529412 0
0.411765 0.529412 0
0.382353 0.558824 0
0.411765 0.558824 0
0.352941 0.558824 0
0.382353 0.558824 0
0.352941 0.588235 0
0.382353 0.588235 0
0.382353 0.558824 0
0.411765 0.558824 0
0.382353 0.588235 0
0.411765 0.588235 0
0.352941 0.588235 0
0.382353 0.588235 0
0.352941 0.617647 0
0.382353 0.617647 0
0.382353 0.588235 0
0.411765 0.588235 0
0.382353 0.617647 0
0.411765 0.617647 0
0.352941 0.617647 0
0.382353 0.617647 0
0.352941 0.647059 0
0.382353 0.647059 0
0.382353 0.617647 0
0.411765 0.617647 0
0.382353 0.647059 0
0.411765 0.647059 0
0.352941 0.647059 0
0.382353 0.647059 0
0.352941 0.676471 0
0.382353 0.676471 0
0.382353 0.647059 0
0.411765 0.647059 0
0.382353 0.676471 0
0.411765 0.676471 0
0.352941 0.676471 0
0.382353 0.676471 0
0.352941 0.705882 0
0.382353 0.705882 0
0.382353 0.676471 0
0.411765 0.676471 0
0.382353 0.705882 0
0.411765 0.705882 0
0.352941 0.705882 0
0.382353 0.705882 0
0.352941 0.735294 0
0.382353 0.735294 0
0.382353 0.705882 0
0.411765 0.705882 0
0.382353 0.735294 0
0.411765 0.735294 0
0.352941 0.735294 0
0.382353 0.735294 0
0.352941 0.764706 0
0.382353 0.764706 0
0.382353 0.735294 0
0.411765 0.735294 0
0.382353 0.764706 0
0.411765 0.764706 0
0.352941 0.764706 0
0.382353 0.764706 0
0.352941 0.794118 0
0.382353 0.794118 0
0.382353 0.764706 0
0.411765 0.764706 0
0.382353 0.794118 0
0.411765 0.794118 0
0.352941 0.794118 0
0.382353 0.794118 0
0.352941 0.823529 0
0.382353 0.823529 0
0.382353 0.794118 0
0.411765 0.794118 0
0.382353 0.823529 0
0.411765 0.823529 0
0.352941 0.823529 0
0.382353 0.823529 0
0.352941 0.852941 0
0.382353 0.852941 0
0.382353 0.823529 0
0.411765 0.823529 0
0.382353 0.852941 0
0.411765 0.852941 0
0.352941 0.852941 0
0.382353 0.852941 0
0.352941 0.882353 0
0.382353 0.882353 0
0.382353 0.852941 0
0.411765 0.852941 0
0.382353 0.882353 0
0.411765 0.882353 0
0.352941 0.882353 0
0.382353 0.882353 0
0.352941 0.911765 0
0.382353 0.911765 0
0.382353 0.882353 0
0.411765 0.882353 0
0.382353 0.911765 0
0.411765 0.911765 0
0.352941 0.911765 0
0.382353 0.911765 0
0.352941 0.941176 0
0.382353 0.941176 0
0.382353 0.911765 0
0.411765 0.911765 0
0.382353 0.941176 0
0.411765 0.941176 0
0.352941 0.941176 0
0.382353 0.941176 0
0.352941 0.970588 0
0.382353 0.970588 0
0.382353 0.941176 0
0.411765 0.941176 0
0.382353 0.970588 0
0.411765 0.970588 0
0.352941 0.970588 0
0.382353 0.970588 0
0.352941 1 0
0.382353 1 0
0.382353 0.970588 0
0.411765 0.970588 0
0.382353 1 0
0.411765 1 0
0.411765 0 0
0.441176 0 0
0.411765 0.0294118 0
0.441176 0.0294118 0
0.441176 0 0
0.470588 0 0
0.441176 0.0294118 0
0.470588 0.0294118 0
0.411765 0.0294118 0
0.441176 0.0294118 0
0.411765 0.0588235 0
0.441176 0.0588235 0
0.441176 0.0294118 0
0.470588 0.0294118 0
0.441176 0.0588235 0
0.470588 0.0588235 0
0.411765 0.0588235 0
0.441176 0.0588235 0
0.411765 0.0882353 0
0.441176 0.0882353 0
0.441176 0.0588235 0
0.470588 0.0588235 0
0.441176 0.0882353 0
0.470588 0.0882353 0
0.411765 0.0882353 0
0.441176 0.0882353 0
0.411765 0.117647 0
0.441176 0.117647 0
0.441176 0.0882353 0
0.470588 0.0882353 0
0.441176 0.117647 0
0.470588 0.117647 0
0.411765 0.117647 0
0.441176 0.117647 0
0.411765 0.147059 0
0.441176 0.147059 0
0.441176 0.117647 0
0.470588 0.117647 0
0.441176 0.147059 0
0.470588 0.147059 0
0.411765 0.147059 0
0.441176 0.147059 0
0.411765 0.176471 0
0.441176 0.176471 0
0.441176 0.147059 0
0.470588 0.147059 0
0.441176 0.176471 0
0.470588 0.176471 0
0.411765 0.176471 0
0.441176 0.176471 0
0.411765 0.205882 0
0.441176 0.205882 0
0.441176 0.176471 0
0.470588 0.176471 0
0.441176 0.205882 0
0.470588 0.205882 0
0.411765 0.205882 0
0.441176 0.205882 0
0.411765 0.235294 0
0.441176 0.235294 0
0.441176 0.205882 0
0.470588 0.205882 0
0.441176 0.235294 0
0.470588 0.235294 0
0.411765 0.235294 0
0.441176 0.235294 0
0.411765 0.264706 0
0.441176 0.264706 0
0.441176 0.235294 0
0.470588 0.235294 0
0.441176 0.264706 0
0.470588 0.264706 0
0.411765 0.264706 0
0.441176 0.264706 0
0.411765 0.294118 0
0.441176 0.294118 0
0.441176 0.264706 0
0.470588 0.264706 0
0.441176 0.294118 0
0.470588 0.294118 0
0.411765 0.294118 0
0.441176 0.294118 0
0.411765 0.323529 0
0.441176 0.323529 0
0.441176 0.294118 0
0.470588 0.294118 0
0.441176 0.323529 0
0.470588 0.323529 0
0.411765 0.323529 0
0.441176 0.323529 0
0.411765 0.352941 0
0.441176 0.352941 0
0.441176 0.323529 0
0.470588 0.323529 0
0.441176 0.352941 0
0.470588 0.352941 0
0.411765 0.352941 0
0.441176 0.352941 0
0.411765 0.382353 0
0.441176 0.382353 0
0.441176 0.352941 0
0.470588 0.352941 0
0.441176 0.382353 0
0.470588 0.382353 0
0.411765 0.382353 0
0.441176 0.382353 0
0.411765 0.411765 0
0.441176 0.411765 0
0.441176 0.382353 0
0.470588 0.382353 0
0.441176 0.411765 0
0.470588 0.411765 0
0.411765 0.411765 0
0.441176 0.411765 0
0.411765 0.441176 0
0.441176 0.441176 0
0.441176 0.411765 0
0.470588 0.411765 0
0.441176 0.441176 0
0.470588 0.441176 0
0.411765 0.441176 0
0.441176 0.441176 0
0.411765 0.470588 0
0.441176 0.470588 0
0.441176 0.441176 0
0.470588 0.441176 0
0.441176 0.470588 0
0.470588 0.470588 0
0.411765 0.470588 0
0.441176 0.470588 0
0.411765 0.5 0
0.441176 0.5 0
0.441176 0.470588 0
0.470588 0.470588 0
0.441176 0.5 0
0.470588 0.5 0
0.411765 0.5 0
0.441176 0.5 0
0.411765 0.529412 0
0.441176 0.529412 0
0.441176 0.5 0
0.470588 0.5 0
0.441176 0.529412 0
0.470588 0.529412 0
0.411765 0.529412 0
0.441176 0.529412 0
0.411765 0.558824 0
0.441176 0.558824 0
0.441176 0.529412 0
0.470588 0.529412 0
0.441176 0.558824 0
0.470588 0.558824 0
0.411765 0.558824 0
0.441176 0.558824 0
0.411765 0.588235 0
0.441176 0.588235 0
0.441176 0.558824 0
0.470588 0.558824 0
0.441176 0.588235 0
0.470588 0.588235 0
0.411765 0.588235 0
0.441176 0.588235 0
0.411765 0.617647 0
0.441176 0.617647 0
0.441176 0.588235 0
0.470588 0.588235 0
0.441176 0.617647 0
0.470588 0.617647 0
0.411765 0.617647 0
0.441176 0.617647 0
0.411765 0.647059 0
0.441176 0.647059 0
0.441176 0.617647 0
0.470588 0.617647 0
0.441176 0.647059 0
0.470588 0.647059 0
0.411765 0.647059 0
0.441176 0.647059 0
0.411765 0.676471 0
0.441176 0.676471 0
0.441176 0.647059 0
0.470588 0.647059 0
0.441176 0.676471 0
0.470588 0.676471 0
0.411765 0.676471 0
0.441176 0.676471 0
0.411765 0.705882 0
0.441176 0.705882 0
0.441176 0.676471 0
0.470588 0.676471 0
0.441176 0.705882 0
0.470588 0.705882 0
0.411765 0.705882 0
0.441176 0.705882 0
0.411765 0.735294 0
0.441176 0.735294 0
0.441176 0.705882 0
0.470588 0.705882 0
0.441176 0.735294 0
0.470588 0.735294 0
0.411765 0.735294 0
0.441176 0.735294 0
0.411765 0.764706 0
0.441176 0.764706 0
0.441176 0.735294 0
0.470588 0.735294 0
0.441176 0.764706 0
0.470588 0.764706 0
0.411765 0.764706 0
0.441176 0.764706 0
0.411765 0.794118 0
0.441176 0.794118 0
0.441176 0.764706 0
0.470588 0.764706 0
0.441176 0.794118 0
0.470588 0.794118 0
0.411765 0.794118 0
0.441176 0.794118 0
0.411765 0.823529 0
0.441176 0.823529 0
0.441176 0.794118 0
0.470588 0.794118 0
0.441176 0.823529 0
0.470588 0.823529 0
0.411765 0.823529 0
0.441176 0.823529 0
0.411765 0.852941 0
0.441176 0.852941 0
0.441176 0.823529 0
0.470588 0.823529 0
0.441176 0.852941 0
0.470588 0.852941 0
0.411765 0.852941 0
0.441176 0.852941 0
0.411765 0.882353 0
0.441176 0.882353 0
0.441176 0.852941 0
0.470588 0.852941 0
0.441176 0.882353 0
0.470588 0.882353 0
0.411765 0.882353 0
0.441176 0.882353 0
0.411765 0.911765 0
0.441176 0.911765 0
0.441176 0.882353 0
0.470588 0.882353 0
0.441176 0.911765 0
0.470588 0.911765 0
0.411765 0.911765 0
0.441176 0.911765 0
0.411765 0.941176 0
0.441176 0.941176 0
0.441176 0.911765 0
0.470588 0.911765 0
0.441176 0.941176 0
0.470588 0.941176 0
0.411765 0.941176 0
0.441176 0.941176 0
0.411765 0.970588 0
0.441176 0.970588 0
0.441176 0.941176 0
0.470588 0.941176 0
0.441176 0.970588 0
0.470588 0.970588 0
0.411765 0.970588 0
0.441176 0.970588 0
0.411765 1 0
0.441176 1 0
0.441176 0.970588 0
0.470588 0.970588 0
0.441176 1 0
0.470588 1 0
0.470588 0 0
0.5 0 0
0.470588 0.0294118 0
0.5 0.0294118 0
0.5 0 0
0.529412 0 0
0.5 0.0294118 0
0.529412 0.0294118 0
0.470588 0.0294118 0
0.5 0.0294118 0
0.470588 0.0588235 0
0.5 0.0588235 0
0.5 0.0294118 0
0.529412 0.0294118 0
0.5 0.0588235 0
0.529412 0.0588235 0
0.470588 0.0588235 0
0.5 0.0588235 0
0.470588 0.0882353 0
0.5 0.0882353 0
0.5 0.0588235 0
0.529412 0.0588235 0
0.5 0.0882353 0
0.529412 0.0882353 0
0.470588 0.0882353 0
0.5 0.0882353 0
0.470588 0.117647 0
0.5 0.117647 0
0.5 0.0882353 0
0.529412 0.0882353 0
0.5 0.117647 0
0.529412 0.117647 0
0.470588 0.117647 0
0.5 0.117647 0
0.470588 0.147059 0
0.5 0.147059 0
0.5 0.117647 0
0.529412 0.117647 0
0.5 0.147059 0
0.529412 0.147059 0
0.470588 0.147059 0
0.5 0.147059 0
0.470588 0.176471 0
0.5 0.176471 0
0.5 0.147059 0
0.529412 0.147059 0
0.5 0.176471 0
0.529412 0.176471 0
0.470588 0.176471 0
0.5 0.176471 0
0.470588 0.205882 0
0.5 0.205882 0
0.5 0.176471 0
0.529412 0.176471 0
0.5 0.205882 0
0.529412 0.205882 0
0.470588 0.205882 0
0.5 0.205882 0
0.470588 0.235294 0
0.5 0.235294 0
0.5 0.205882 0
0.529412 0.205882 0
0.5 0.235294 0
0.529412 0.235294 0
0.470588 0.235294 0
0.5 0.235294 0
0.470588 0.264706 0
0.5 0.264706 0
0.5 0.235294 0
0.529412 0.235294 0
0.5 0.264706 0
0.529412 0.264706 0
0.470588 0.264706 0
0.5 0.264706 0
0.470588 0.294118 0
0.5 0.294118 0
0.5 0.264706 0
0.529412 0.264706 0
0.5 0.294118 0
0.529412 0.294118 0
0.470588 0.294118 0
0.5 0.294118 0
0.470588 0.323529 0
0.5 0.323529 0
0.5 0.294118 0
0.529412 0.294118 0
0.5 0.323529 0
0.529412 0.323529 0
0.470588 0.323529 0
0.5 0.323529 0
0.470588 0.352941 0
0.5 0.352941 0
0.5 0.323529 0
0.529412 0.323529 0
0.5 0.352941 0
0.529412 0.352941 0
0.470588 0.352941 0
0.5 0.352941 0
0.470588 0.382353 0
0.5 0.382353 0
0.5 0.352941 0
0.529412 0.352941 0
0.5 0.382353 0
0.529412 0.382353 0
0.470588 0.382353 0
0.5 0.382353 0
0.470588 0.411765 0
0.5 0.411765 0
0.5 0.382353 0
0.529412 0.382353 0
0.5 0.411765 0
0.529412 0.411765 0
0.470588 0.411765 0
0.5 0.411765 0
0.470588 0.441176 0
0.5 0.441176 0
0.5 0.411765 0
0.529412 0.411765 0
0.5 0.441176 0
0.529412 0.441176 0
0.470588 0.441176 0
0.5 0.441176 0
0.470588 0.470588 0
0.5 0.470588 0
0.5 0.441176 0
0.529412 0.441176 0
0.5 0.470588 0
0.529412 0.470588 0
0.470588 0.470588 0
0.5 0.470588 0
0.470588 0.5 0
0.5 0.5 0
0.5 0.470588 0
0.529412 0.470588 0
0.5 0.5 0
0.529412 0.5 0
0.470588 0.5 0
0.5 0.5 0
0.470588 0.529412 0
0.5 0.529412 0
0.5 0.5 0
0.529412 0.5 0
0.5 0.529412 0
0.529412 0.529412 0
0.470588 0.529412 0
0.5 0.529412 0
0.470588 0.558824 0
0.5 0.558824 0
0.5 0.529412 0
0.529412 0.529412 0
0.5 0.558824 0
0.529412 0.558824 0
0.470588 0.558824 0
0.5 0.558824 0
0.470588 0.588235 0
0.5 0.588235 0
0.5 0.558824 0
0.529412 0.558824 0
0.5 0.588235 0
0.529412 0.588235 0
0.470588 0.588235 0
0.5 0.588235 0
0.470588 0.617647 0
0.5 0.617647 0
0.5 0.588235 0
0.529412 0.588235 0
0.5 0.617647 0
0.529412 0.617647 0
0.470588 0.617647 0
0.5 0.617647 0
0.470588 0.647059 0
0.5 0.647059 0
0.5 0.617647 0
0.529412 0.617647 0
0.5 0.647059 0
0.529412 0.647059 0
0.470588 0.647059 0
0.5 0.647059 0
0.470588 0.676471 0
0.5 0.676471 0
0.5 0.647059 0
0.529412 0.647059 0
0.5 0.676471 0
0.529412 0.676471 0
0.470588 0.676471 0
0.5 0.676471 0
0.470588 0.705882 0
0.5 0.705882 0
0.5 0.676471 0
0.529412 0.676471 0
0.5 0.705882 0
0.529412 0.705882 0
0.470588 0.705882 0
0.5 0.705882 0
0.470588 0.735294 0
0.5 0.735294 0
0.5 0.705882 0
0.529412 0.705882 0
0.5 0.735294 0
0.529412 0.735294 0
0.470588 0.735294 0
0.5 0.735294 0
0.470588 0.764706 0
0.5 0.764706 0
0.5 0.735294 0
0.529412 0.735294 0
0.5 0.764706 0
0.529412 0.764706 0
0.470588 0.764706 0
0.5 0.764706 0
0.470588 0.794118 0
0.5 0.794118 0
0.5 0.764706 0
0.529412 0.764706 0
0.5 0.794118 0
0.529412 0.794118 0
0.470588 0.794118 0
0.5 0.794118 0
0.470588 0.823529 0
0.5 0.823529 0
0.5 0.794118 0
0.529412 0.794118 0
0.5 0.823529 0
0.529412 0.823529 0
0.470588 0.823529 0
0.5 0.823529 0
0.470588 0.852941 0
0.5 0.852941 0
0.5 0.823529 0
0.529412 0.823529 0
0.5 0.852941 0
0.529412 0.852941 0
0.470588 0.852941 0
0.5 0.852941 0
0.470588 0.882353 0
0.5 0.882353 0
0.5 0.852941 0
0.529412 0.852941 0
0.5 0.882353 0
0.529412 0.882353 0
0.470588 0.882353 0
0.5 0.882353 0
0.470588 0.911765 0
0.5 0.911765 0
0.5 0.882353 0
0.529412 0.882353 0
0.5 0.911765 0
0.529412 0.911765 0
0.470588 0.911765 0
0.5 0.911765 0
0.470588 0.941176 0
0.5 0.941176 0
0.5 0.911765 0
0.529412 0.911765 0
0.5 0.941176 0
0.529412 0.941176 0
0.470588 0.941176 0
0.5 0.941176 0
0.470588 0.970588 0
0.5 0.970588 0
0.5 0.941176 0
0.529412 0.941176 0
0.5 0.970588 0
0.529412 0.970588 0
0.470588 0.970588 0
0.5 0.970588 0
0.470588 1 0
0.5 1 0
0.5 0.970588 0
0.529412 0.970588 0
0.5 1 0
0.529412 1 0
0.529412 0 0
0.558824 0 0
0.529412 0.0294118 0
0.558824 0.0294118 0
0.558824 0 0
0.588235 0 0
0.558824 0.0294118 0
0.588235 0.0294118 0
0.529412 0.0294118 0
0.558824 0.0294118 0
0.529412 0.0588235 0
0.558824 0.0588235 0
0.558824 0.0294118 0
0.588235 0.0294118 0
0.558824 0.0588235 0
0.588235 0.0588235 0
0.529412 0.0588235 0
0.558824 0.0588235 0
0.529412 0.0882353 0
0.558824 0.0882353 0
0.558824 0.0588235 0
0.588235 0.0588235 0
0.558824 0.0882353 0
0.588235 0.0882353 0
0.529412 0.0882353 0
0.558824 0.0882353 0
0.529412 0.117647 0
0.558824 0.117647 0
0.558824 0.0882353 0
0.588235 0.0882353 0
0.558824 0.117647 0
0.588235 0.117647 0
0.529412 0.117647 0
0.558824 0.117647 0
0.529412 0.147059 0
0.558824 0.147059 0
0.558824 0.117647 0
0.588235 0.117647 0
0.558824 0.147059 0
0.588235 0.147059 0
0.529412 0.147059 0
0.558824 0.147059 0
0.529412 0.176471 0
0.558824 0.176471 0
0.558824 0.147059 0
0.588235 0.147059 0
0.558824 0.176471 0
0.588235 0.176471 0
0.529412 0.176471 0
0.558824 0.176471 0
0.529412 0.205882 0
0.558824 0.205882 0
0.558824 0.176471 0
0.588235 0.176471 0
0.558824 0.205882 0
0.588235 0.205882 0
0.529412 0.205882 0
0.558824 0.205882 0
0.529412 0.235294 0
0.558824 0.235294 0
0.558824 0.205882 0
0.588235 0.205882 0
0.558824 0.235294 0
0.588235 0.235294 0
0.529412 0.235294 0
0.558824 0.235294 0
0.529412 0.264706 0
0.558824 0.264706 0
0.558824 0.235294 0
0.588235 0.235294 0
0.558824 0.264706 0
0.588235 0.264706 0
0.529412 0.264706 0
0.558824 0.264706 0
0.529412 0.294118 0
0.558824 0.294118 0
0.558824 0.264706 0
0.588235 0.264706 0
0.558824 0.294118 0
0.588235 0.294118 0
0.529412 0.294118 0
0.558824 0.294118 0
0.529412 0.323529 0
0.558824 0.323529 0
0.558824 0.294118 0
0.588235 0.294118 0
0.558824 0.323529 0
0.588235 0.323529 0
0.529412 0.323529 0
0.558824 0.323529 0
0.529412 0.352941 0
0.558824 0.352941 0
0.558824 0.323529 0
0.588235 0.323529 0
0.558824 0.352941 0
0.588235 0.352941 0
0.529412 0.352941 0
0.558824 0.352941 0
0.529412 0.382353 0
0.558824 0.382353 0
0.558824 0.352941 0
0.588235 0.352941 0
0.558824 0.382353 0
0.588235 0.382353 0
0.529412 0.382353 0
0.558824 0.382353 0
0.529412 0.411765 0
0.558824 0.411765 0
0.558824 0.382353 0
0.588235 0.382353 0
0.558824 0.411765 0
0.588235 0.411765 0
0.529412 0.411765 0
0.558824 0.411765 0
0.529412 0.441176 0
0.558824 0.441176 0
0.558824 0.411765 0
0.588235 0.411765 0
0.558824 0.441176 0
0.588235 0.441176 0
0.529412 0.441176 0
0.558824 0.441176 0
0.529412 0.470588 0
0.558824 0.470588 0
0.558824 0.441176 0
0.588235 0.441176 0
0.558824 0.470588 0
0.588235 0.470588 0
0.529412 0.470588 0
0.558824 0.470588 0
0.529412 0.5 0
0.558824 0.5 0
0.558824 0.470588 0
0.588235 0.470588 0
0.558824 0.5 0
0.588235 0.5 0
0.529412 0.5 0
0.558824 0.5 0
0.529412 0.529412 0
0.558824 0.529412 0
0.558824 0.5 0
0.588235 0.5 0
0.558824 0.529412 0
0.588235 0.529412 0
0.529412 0.529412 0
0.558824 0.529412 0
0.529412 0.558824 0
0.558824 0.558824 0
0.558824 0.529412 0
0.588235 0.529412 0
0.558824 0.558824 0
0.588235 0.558824 0
0.529412 0.558824 0
0.558824 0.558824 0
0.529412 0.588235 0
0.558824 0.588235 0
0.558824 0.558824 0
0.588235 0.558824 0
0.558824 0.588235 0
0.588235 0.588235 0
0.529412 0.588235 0
0.558824 0.588235 0
0.529412 0.617647 0
0.558824 0.617647 0
0.558824 0.588235 0
0.588235 0.588235 0
0.558824 0.617647 0
0.588235 0.617647 0
0.529412 0.617647 0
0.558824 0.617647 0
0.529412 0.647059 0
0.558824 0.647059 0
0.558824 0.617647 0
0.588235 0.617647 0
0.558824 0.647059 0
0.588235 0.647059 0
0.529412 0.647059 0
0.558824 0.647059 0
0.529412 0.676471 0
0.558824 0.676471 0
0.558824 0.647059 0
0.588235 0.647059 0
0.558824 0.676471 0
0.588235 0.676471 0
0.529412 0.676471 0
0.558824 0.676471 0
0.529412 0.705882 0
0.558824 0.705882 0
0.558824 0.676471 0
0.588235 0.676471 0
0.558824 0.705882 0
0.588235 0.705882 0
0.529412 0.705882 0
0.558824 0.705882 0
0.529412 0.735294 0
0.558824 0.735294 0
0.558824 0.705882 0
0.588235 0.705882 0
0.558824 0.735294 0
0.588235 0.735294 0
0.529412 0.735294 0
0.558824 0.735294 0
0.529412 0.764706 0
0.558824 0.764706 0
0.558824 0.735294 0
0.588235 0.735294 0
0.558824 0.764706 0
0.588235 0.764706 0
0.529412 0.764706 0
0.558824 0.764706 0
0.529412 0.794118 0
0.558824 0.794118 0
0.558824 0.764706 0
0.588235 0.764706 0
0.558824 0.794118 0
0.588235 0.794118 0
0.529412 0.794118 0
0.558824 0.794118 0
0.529412 0.823529 0
0.558824 0.823529 0
0.558824 0.794118 0
0.588235 0.794118 0
0.558824 0.823529 0
0.588235 0.823529 0
0.529412 0.823529 0
0.558824 0.823529 0
0.529412 0.852941 0
0.558824 0.852941 0
0.558824 0.823529 0
0.588235 0.823529 0
0.558824 0.852941 0
0.588235 0.852941 0
0.529412 0.852941 0
0.558824 0.852941 0
0.529412 0.882353 0
0.558824 0.882353 0
0.558824 0.852941 0
0.588235 0.852941 0
0.558824 0.882353 0
0.588235 0.882353 0
0.529412 0.882353 0
0.558824 0.882353 0
0.529412 0.911765 0
0.558824 0.911765 0
0.558824 0.882353 0
0.588235 0.882353 0
0.558824 0.911765 0
0.588235 0.911765 0
0.529412 0.911765 0
0.558824 0.911765 0
0.529412 0.941176 0
0.558824 0.941176 0
0.558824 0.911765 0
0.588235 0.911765 0
0.558824 0.941176 0
0.588235 0.941176 0
0.529412 0.941176 0
0.558824 0.941176 0
0.529412 0.970588 0
0.558824 0.970588 0
0.558824 0.941176 0
0.588235 0.941176 0
0.558824 0.970588 0
0.588235 0.970588 0
0.529412 0.970588 0
0.558824 0.970588 0
0.529412 1 0
0.558824 1 0
0.558824 0.970588 0
0.588235 0.970588 0
0.558824 1 0
0.588235 1 0
0.588235 0 0
0.617647 0 0
0.588235 0.0294118 0
0.617647 0.0294118 0
0.617647 0 0
0.647059 0 0
0.617647 0.0294118 0
0.647059 0.0294118 0
0.588235 0.0294118 0
0.617647 0.0294118 0
0.588235 0.0588235 0
0.617647 0.0588235 0
0.617647 0.0294118 0
0.647059 0.0294118 0
0.617647 0.0588235 0
0.647059 0.0588235 0
0.588235 0.0588235 0
0.617647 0.0588235 0
0.588235 0.0882353 0
0.617647 0.0882353 0
0.617647 0.0588235 0
0.647059 0.0588235 0
0.617647 0.0882353 0
0.647059 0.0882353 0
0.588235 0.0882353 0
0.617647 0.0882353 0
0.588235 0.117647 0
0.617647 0.117647 0
0.617647 0.0882353 0
0.647059 0.0882353 0
0.617647 0.117647 0
0.647059 0.117647 0
0.588235 0.117647 0
0.617647 0.117647 0
0.588235 0.147059 0
0.617647 0.147059 0
0.617647 0.117647 0
0.647059 0.117647 0
0.617647 0.147059 0
0.647059 0.147059 0
0.588235 0.147059 0
0.617647 0.147059 0
0.588235 0.176471 0
0.617647 0.176471 0
0.617647 0.147059 0
0.647059 0.147059 0
0.617647 0.176471 0
0.647059 0.176471 0
0.588235 0.176471 0
0.617647 0.176471 0
0.588235 0.205882 0
0.617647 0.205882 0
0.617647 0.176471 0
0.647059 0.176471 0
0.617647 0.205882 0
0.647059 0.205882 0
0.588235 0.205882 0
0.617647 0.205882 0
0.588235 0.235294 0
0.617647 0.235294 0
0.617647 0.205882 0
0.647059 0.205882 0
0.617647 0.235294 0
0.647059 0.235294 0
0.588235 0.235294 0
0.617647 0.235294 0
0.588235 0.264706 0
0.617647 0.264706 0
0.617647 0.235294 0
0.647059 0.235294 0
0.617647 0.264706 0
0.647059 0.264706 0
0.588235 0.264706 0
0.617647 0.264706 0
0.588235 0.294118 0
0.617647 0.294118 0
0.617647 0.264706 0
0.647059 0.264706 0
0.617647 0.294118 0
0.647059 0.294118 0
0.588235 0.294118 0
0.617647 0.294118 0
0.588235 0.323529 0
0.617647 0.323529 0
0.617647 0.294118 0
0.647059 0.294118 0
0.617647 0.323529 0
0.647059 0.323529 0
0.588235 0.323529 0
0.617647 0.323529 0
0.588235 0.352941 0
0.617647 0.352941 0
0.617647 0.323529 0
0.647059 0.323529 0
0.617647 0.352941 0
0.647059 0.352941 0
0.588235 0.352941 0
0.617647 0.352941 0
0.588235 0.382353 0
0.617647 0.382353 0
0.617647 0.352941 0
0.647059 0.352941 0
0.617647 0.382353 0
0.647059 0.382353 0
0.588235 0.382353 0
0.617647 0.382353 0
0.588235 0.411765 0
0.617647 0.411765 0
0.617647 0.382353 0
0.647059 0.382353 0
0.617647 0.411765 0
0.647059 0.411765 0
0.588235 0.411765 0
0.617647 0.411765 0
0.588235 0.441176 0
0.617647 0.441176 0
0.617647 0.411765 0
0.647059 0.411765 0
0.617647 0.441176 0
0.647059 0.441176 0
0.588235 0.441176 0
0.617647 0.441176 0
0.588235 0.470588 0
0.617647 0.470588 0
0.617647 0.441176 0
0.647059 0.441176 0
0.617647 0.470588 0
0.647059 0.470588 0
0.588235 0.470588 0
0.617647 0.470588 0
0.588235 0.5 0
0.617647 0.5 0
0.617647 0.470588 0
0.647059 0.470588 0
0.617647 0.5 0
0.647059 0.5 0
0.588235 0.5 0
0.617647 0.5 0
0.588235 0.529412 0
0.617647 0.529412 0
0.617647 0.5 0
0.647059 0.5 0
0.617647 0.529412 0
0.647059 0.529412 0
0.588235 0.529412 0
0.617647 0.529412 0
0.588235 0.558824 0
0.617647 0.558824 0
0.617647 0.529412 0
0.647059 0.529412 0
0.617647 0.558824 0
0.647059 0.558824 0
0.588235 0.558824 0
0.617647 0.558824 0
0.588235 0.588235 0
0.617647 0.588235 0
0.617647 0.558824 0
0.647059 0.558824 0
0.617647 0.588235 0
0.647059 0.588235 0
0.588235 0.588235 0
0.617647 0.588235 0
0.588235 0.617647 0
0.617647 0.617647 0
0.617647 0.588235 0
0.647059 0.588235 0
0.617647 0.617647 0
0.647059 0.617647 0
0.588235 0.617647 0
0.617647 0.617647 0
0.588235 0.647059 0
0.617647 0.647059 0
0.617647 0.617647 0
0.647059 0.617647 0
0.617647 0.647059 0
0.647059 0.647059 0
0.588235 0.647059 0
0.617647 0.647059 0
0.588235 0.676471 0
0.617647 0.676471 0
0.617647 0.647059 0
0.647059 0.647059 0
0.617647 0.676471 0
0.647059 0.676471 0
0.588235 0.676471 0
0.617647 0.676471 0
0.588235 0.705882 0
0.617647 0.705882 0
0.617647 0.676471 0
0.647059 0.676471 0
0.617647 0.705882 0
0.647059 0.705882 0
0.588235 0.705882 0
0.617647 0.705882 0
0.588235 0.735294 0
0.617647 0.735294 0
0.617647 0.705882 0
0.647059 0.705882 0
0.617647 0.735294 0
0.647059 0.735294 0
0.588235 0.735294 0
0.617647 0.735294 0
0.588235 0.764706 0
0.617647 0.764706 0
0.617647 0.735294 0
0.647059 0.735294 0
0.617647 0.764706 0
0.647059 0.764706 0
0.588235 0.764706 0
0.617647 0.764706 0
0.588235 0.794118 0
0.617647 0.794118 0
0.617647 0.764706 0
0.647059 0.764706 0
0.617647 0.794118 0
0.647059 0.794118 0
0.588235 0.794118 0
0.617647 0.794118 0
0.588235 0.823529 0
0.617647 0.823529 0
0.617647 0.794118 0
0.647059 0.794118 0
0.617647 0.823529 0
0.647059 0.823529 0
0.588235 0.823529 0
0.617647 0.823529 0
0.588235 0.852941 0
0.617647 0.852941 0
0.617647 0.823529 0
0.647059 0.823529 0
0.617647 0.852941 0
0.647059 0.852941 0
0.588235 0.852941 0
0.617647 0.852941 0
0.588235 0.882353 0
0.617647 0.882353 0
0.617647 0.852941 0
0.647059 0.852941 0
0.617647 0.882353 0
0.647059 0.882353 0
0.588235 0.882353 0
0.617647 0.882353 0
0.588235 0.911765 0
0.617647 0.911765 0
0.617647 0.882353 0
0.647059 0.882353 0
0.617647 0.911765 0
0.647059 0.911765 0
0.588235 0.911765 0
0.617647 0.911765 0
0.588235 0.941176 0
0.617647 0.941176 0
0.617647 0.911765 0
0.647059 0.911765 0
0.617647 0.941176 0
0.647059 0.941176 0
0.588235 0.941176 0
0.617647 0.941176 0
0.588235 0.970588 0
0.617647 0.970588 0
0.617647 0.941176 0
0.647059 0.941176 0
0.617647 0.970588 0
0.647059 0.970588 0
0.588235 0.970588 0
0.617647 0.970588 0
0.588235 1 0
0.617647 1 0
0.617647 0.970588 0
0.647059 0.970588 0
0.617647 1 0
0.647059 1 0
0.647059 0 0
0.676471 0 0
0.647059 0.0294118 0
0.676471 0.0294118 0
0.676471 0 0
0.705882 0 0
0.676471 0.0294118 0
0.705882 0.0294118 0
0.647059 0.0294118 0
0.676471 0.0294118 0
0.647059 0.0588235 0
0.676471 0.0588235 0
0.676471 0.0294118 0
0.705882 0.0294118 0
0.676471 0.0588235 0
0.705882 0.0588235 0
0.647059 0.0588235 0
0.676471 0.0588235 0
0.647059 0.0882353 0
0.676471 0.0882353 0
0.676471 0.0588235 0
0.705882 0.0588235 0
0.676471 0.0882353 0
0.705882 0.0882353 0
0.647059 0.0882353 0
0.676471 0.0882353 0
0.647059 0.117647 0
0.676471 0.117647 0
0.676471 0.0882353 0
0.705882 0.0882353 0
0.676471 0.117647 0
0.705882 0.117647 0
0.647059 0.117647 0
0.676471 0.117647 0
0.647059 0.147059 0
0.676471 0.147059 0
0.676471 0.117647 0
0.705882 0.117647 0
0.676471 0.147059 0
0.705882 0.147059 0
0.647059 0.147059 0
0.676471 0.147059 0
0.647059 0.176471 0
0.676471 0.176471 0
0.676471 0.147059 0
0.705882 0.147059 0
0.676471 0.176471 0
0.705882 0.176471 0
0.647059 0.176471 0
0.676471 0.176471 0
0.647059 0.205882 0
0.676471 0.205882 0
0.676471 0.176471 0
0.705882 0.176471 0
0.676471 0.205882 0
0.705882 0.205882 0
0.647059 0.205882 0
0.676471 0.205882 0
0.647059 0.235294 0
0.676471 0.235294 0
0.676471 0.205882 0
0.705882 0.205882 0
0.676471 0.235294 0
0.705882 0.235294 0
0.647059 0.235294 0
0.676471 0.235294 0
0.647059 0.264706 0
0.676471 0.264706 0
0.676471 0.235294 0
0.705882 0.235294 0
0.676471 0.264706 0
0.705882 0.264706 0
0.647059 0.264706 0
0.676471 0.264706 0
0.647059 0.294118 0
0.676471 0.294118 0
0.676471 0.264706 0
0.705882 0.264706 0
0.676471 0.294118 0
0.705882 0.294118 0
0.647059 0.294118 0
0.676471 0.294118 0
0.647059 0.323529 0
0.676471 0.323529 0
0.676471 0.294118 0
0.705882 0.294118 0
0.676471 0.323529 0
0.705882 0.323529 0
0.647059 0.323529 0
0.676471 0.323529 0
0.647059 0.352941 0
0.676471 0.352941 0
0.676471 0.323529 0
0.705882 0.323529 0
0.676471 0.352941 0
0.705882 0.352941 0
0.647059 0.352941 0
0.676471 0.352941 0
0.647059 0.382353 0
0.676471 0.382353 0
0.676471 0.352941 0
0.705882 0.352941 0
0.676471 0.382353 0
0.705882 0.382353 0
0.647059 0.382353 0
0.676471 0.382353 0
0.647059 0.411765 0
0.676471 0.411765 0
0.676471 0.382353 0
0.705882 0.382353 0
0.676471 0.411765 0
0.705882 0.411765 0
0.647059 0.411765 0
0.676471 0.411765 0
0.647059 0.441176 0
0.676471 0.441176 0
0.676471 0.411765 0
0.705882 0.411765 0
0.676471 0.441176 0
0.705882 0.441176 0
0.647059 0.441176 0
0.676471 0.441176 0
0.647059 0.470588 0
0.676471 0.470588 0
0.676471 0.441176 0
0.705882 0.441176 0
0.676471 0.470588 0
0.705882 0.470588 0
0.647059 0.470588 0
0.676471 0.470588 0
0.647059 0.5 0
0.676471 0.5 0
0.676471 0.470588 0
0.705882 0.470588 0
0.676471 0.5 0
0.705882 0.5 0
0.647059 0.5 0
0.676471 0.5 0
0.647059 0.529412 0
0.676471 0.529412 0
0.676471 0.5 0
0.705882 0.5 0
0.676471 0.529412 0
0.705882 0.529412 0
0.647059 0.529412 0
0.676471 0.529412 0
0.647059 0.558824 0
0.676471 0.558824 0
0.676471 0.529412 0
0.705882 0.529412 0
0.676471 0.558824 0
0.705882 0.558824 0
0.647059 0.558824 0
0.676471 0.558824 0
0.647059 0.588235 0
0.676471 0.588235 0
0.676471 0.558824 0
0.705882 0.558824 0
0.676471 0.588235 0
0.705882 0.588235 0
0.647059 0.588235 0
0.676471 0.588235 0
0.647059 0.617647 0
0.676471 0.617647 0
0.676471 0.588235 0
0.705882 0.588235 0
0.676471 0.617647 0
0.705882 0.617647 0
0.647059 0.617647 0
0.676471 0.617647 0
0.647059 0.647059 0
0.676471 0.647059 0
0.676471 0.617647 0
0.705882 0.617647 0
0.676471 0.647059 0
0.705882 0.647059 0
0.647059 0.647059 0
0.676471 0.647059 0
0.647059 0.676471 0
0.676471 0.676471 0
0.676471 0.647059 0
0.705882 0.647059 0
0.676471 0.676471 0
0.705882 0.676471 0
0.647059 0.676471 0
0.676471 0.676471 0
0.647059 0.705882 0
0.676471 0.705882 0
0.676471 0.676471 0
0.705882 0.676471 0
0.676471 0.705882 0
0.705882 0.705882 0
0.647059 0.705882 0
0.676471 0.705882 0
0.647059 0.735294 0
0.676471 0.735294 0
0.676471 0.705882 0
0.705882 0.705882 0
0.676471 0.735294 0
0.705882 0.735294 0
0.647059 0.735294 0
0.676471 0.735294 0
0.647059 0.764706 0
0.676471 0.764706 0
0.676471 0.735294 0
0.705882 0.735294 0
0.676471 0.764706 0
0.705882 0.764706 0
0.647059 0.764706 0
0.676471 0.764706 0
0.647059 0.794118 0
0.676471 0.794118 0
0.676471 0.764706 0
0.705882 0.764706 0
0.676471 0.794118 0
0.705882 0.794118 0
0.647059 0.794118 0
0.676471 0.794118 0
0.647059 0.823529 0
0.676471 0.823529 0
0.676471 0.794118 0
0.705882 0.794118 0
0.676471 0.823529 0
0.705882 0.823529 0
0.647059 0.823529 0
0.676471 0.823529 0
0.647059 0.852941 0
0.676471 0.852941 0
0.676471 0.823529 0
0.705882 0.823529 0
0.676471 0.852941 0
0.705882 0.852941 0
0.647059 0.852941 0
0.676471 0.852941 0
0.647059 0.882353 0
0.676471 0.882353 0
0.676471 0.852941 0
0.705882 0.852941 0
0.676471 0.882353 0
0.705882 0.882353 0
0.647059 0.882353 0
0.676471 0.882353 0
0.647059 0.911765 0
0.676471 0.911765 0
0.676471 0.882353 0
0.705882 0.882353 0
0.676471 0.911765 0
0.705882 0.911765 0
0.647059 0.911765 0
0.676471 0.911765 0
0.647059 0.941176 0
0.676471 0.941176 0
0.676471 0.911765 0
0.705882 0.911765 0
0.676471 0.941176 0
0.705882 0.941176 0
0.647059 0.941176 0
0.676471 0.941176 0
0.647059 0.970588 0
0.676471 0.970588 0
0.676471 0.941176 0
0.705882 0.941176 0
0.676471 0.970588 0
0.705882 0.970588 0
0.647059 0.970588 0
0.676471 0.970588 0
0.647059 1 0
0.676471 1 0
0.676471 0.970588 0
0.705882 0.970588 0
0.676471 1 0
0.705882 1 0
0.705882 0 0
0.735294 0 0
0.705882 0.0294118 0
0.735294 0.0294118 0
0.735294 0 0
0.764706 0 0
0.735294 0.0294118 0
0.764706 0.0294118 0
0.705882 0.0294118 0
0.735294 0.0294118 0
0.705882 0.0588235 0
0.735294 0.0588235 0
0.735294 0.0294118 0
0.764706 0.0294118 0
0.735294 0.0588235 0
0.764706 0.0588235 0
0.705882 0.0588235 0
0.735294 0.0588235 0
0.705882 0.0882353 0
0.735294 0.0882353 0
0.735294 0.0588235 0
0.764706 0.0588235 0
0.735294 0.0882353 0
0.764706 0.0882353 0
0.705882 0.0882353 0
0.735294 0.0882353 0
0.705882 0.117647 0
0.735294 0.117647 0
0.735294 0.0882353 0
0.764706 0.0882353 0
0.735294 0.117647 0
0.764706 0.117647 0
0.705882 0.117647 0
0.735294 0.117647 0
0.705882 0.147059 0
0.735294 0.147059 0
0.735294 0.117647 0
0.764706 0.117647 0
0.735294 0.147059 0
0.764706 0.147059 0
0.705882 0.147059 0
0.735294 0.147059 0
0.705882 0.176471 0
0.735294 0.176471 0
0.735294 0.147059 0
0.764706 0.147059 0
0.735294 0.176471 0
0.764706 0.176471 0
0.705882 0.176471 0
0.735294 0.176471 0
0.705882 0.205882 0
0.735294 0.205882 0
0.735294 0.176471 0
0.764706 0.176471 0
0.735294 0.205882 0
0.764706 0.205882 0
0.705882 0.205882 0
0.735294 0.205882 0
0.705882 0.235294 0
0.735294 0.235294 0
0.735294 0.205882 0
0.764706 0.205882 0
0.735294 0.235294 0
0.764706 0.235294 0
0.705882 0.235294 0
0.735294 0.235294 0
0.705882 0.264706 0
0.735294 0.264706 0
0.735294 0.235294 0
0.764706 0.235294 0
0.735294 0.264706 0
0.764706 0.264706 0
0.705882 0.264706 0
0.735294 0.264706 0
0.705882 0.294118 0
0.735294 0.294118 0
0.735294 0.264706 0
0.764706 0.264706 0
0.735294 0.294118 0
0.764706 0.294118 0
0.705882 0.294118 0
0.735294 0.294118 0
0.705882 0.323529 0
0.735294 0.323529 0
0.735294 0.294118 0
0.764706 0.294118 0
0.735294 0.323529 0
0.764706 0.323529 0
0.705882 0.323529 0
0.735294 0.323529 0
0.705882 0.352941 0
0.735294 0.352941 0
0.735294 0.323529 0
0.764706 0.323529 0
0.735294 0.352941 0
0.764706 0.352941 0
0.705882 0.352941 0
0.735294 0.352941 0
0.705882 0.382353 0
0.735294 0.382353 0
0.735294 0.352941 0
0.764706 0.352941 0
0.735294 0.382353 0
0.764706 0.382353 0
0.705882 0.382353 0
0.735294 0.382353 0
0.705882 0.411765 0
0.735294 0.411765 0
0.735294 0.382353 0
0.764706 0.382353 0
0.735294 0.411765 0
0.764706 0.411765 0
0.705882 0.411765 0
0.735294 0.411765 0
0.705882 0.441176 0
0.735294 0.441176 0
0.735294 0.411765 0
0.764706 0.411765 0
0.735294 0.441176 0
0.764706 0.441176 0
0.705882 0.441176 0
0.735294 0.441176 0
0.705882 0.470588 0
0.735294 0.470588 0
0.735294 0.441176 0
0.764706 0.441176 0
0.735294 0.470588 0
0.764706 0.470588 0
0.705882 0.470588 0
0.735294 0.470588 0
0.705882 0.5 0
0.735294 0.5 0
0.735294 0.470588 0
0.764706 0.470588 0
0.735294 0.5 0
0.764706 0.5 0
0.705882 0.5 0
0.735294 0.5 0
0.705882 0.529412 0
0.735294 0.529412 0
0.735294 0.5 0
0.764706 0.5 0
0.735294 0.529412 0
0.764706 0.529412 0
0.705882 0.529412 0
0.735294 0.529412 0
0.705882 0.558824 0
0.735294 0.558824 0
0.735294 0.529412 0
0.764706 0.529412 0
0.735294 0.558824 0
0.764706 0.558824 0
0.705882 0.558824 0
0.735294 0.558824 0
0.705882 0.588235 0
0.735294 0.588235 0
0.735294 0.558824 0
0.764706 0.558824 0
0.735294 0.588235 0
0.764706 0.588235 0
0.705882 0.588235 0
0.735294 0.588235 0
0.705882 0.617647 0
0.735294 0.617647 0
0.735294 0.588235 0
0.764706 0.588235 0
0.735294 0.617647 0
0.764706 0.617647 0
0.705882 0.617647 0
0.735294 0.617647 0
0.705882 0.647059 0
0.735294 0.647059 0
0.735294 0.617647 0
0.764706 0.617647 0
0.735294 0.647059 0
0.764706 0.647059 0
0.705882 0.647059 0
0.735294 0.647059 0
0.705882 0.676471 0
0.735294 0.676471 0
0.735294 0.647059 0
0.764706 0.647059 0
0.735294 0.676471 0
0.764706 0.676471 0
0.705882 0.676471 0
0.735294 0.676471 0
0.705882 0.705882 0
0.735294 0.705882 0
0.735294 0.676471 0
0.764706 0.676471 0
0.735294 0.705882 0
0.764706 0.705882 0
0.705882 0.705882 0
0.735294 0.705882 0
0.705882 0.735294 0
0.735294 0.735294 0
0.735294 0.705882 0
0.764706 0.705882 0
0.735294 0.735294 0
0.764706 0.735294 0
0.705882 0.735294 0
0.735294 0.735294 0
0.705882 0.764706 0
0.735294 0.764706 0
0.735294 0.735294 0
0.764706 0.735294 0
0.735294 0.764706 0
0.764706 0.764706 0
0.705882 0.764706 0
0.735294 0.764706 0
0.705882 0.794118 0
0.735294 0.794118 0
0.735294 0.764706 0
0.764706 0.764706 0
0.735294 0.794118 0
0.764706 0.794118 0
0.705882 0.794118 0
0.735294 0.794118 0
0.705882 0.823529 0
0.735294 0.823529 0
0.735294 0.794118 0
0.764706 0.794118 0
0.735294 0.823529 0
0.764706 0.823529 0
0.705882 0.823529 0
0.735294 0.823529 0
0.705882 0.852941 0
0.735294 0.852941 0
0.735294 0.823529 0
0.764706 0.823529 0
0.735294 0.852941 0
0.764706 0.852941 0
0.705882 0.852941 0
0.735294 0.852941 0
0.705882 0.882353 0
0.735294 0.882353 0
0.735294 0.852941 0
0.764706 0.852941 0
0.735294 0.882353 0
0.764706 0.882353 0
0.705882 0.882353 0
0.735294 0.882353 0
0.705882 0.911765 0
0.735294 0.911765 0
0.735294 0.882353 0
0.764706 0.882353 0
0.735294 0.911765 0
0.764706 0.911765 0
0.705882 0.911765 0
0.735294 0.911765 0
0.705882 0.941176 0
0.735294 0.941176 0
0.735294 0.911765 0
0.764706 0.911765 0
0.735294 0.941176 0
0.764706 0.941176 0
0.705882 0.941176 0
0.735294 0.941176 0
0.705882 0.970588 0
0.735294 0.970588 0
0.735294 0.941176 0
0.764706 0.941176 0
0.735294 0.970588 0
0.764706 0.970588 0
0.705882 0.970588 0
0.735294 0.970588 0
0.705882 1 0
0.735294 1 0
0.735294 0.970588 0
0.764706 0.970588 0
0.735294 1 0
0.764706 1 0
0.764706 0 0
0.794118 0 0
0.764706 0.0294118 0
0.794118 0.0294118 0
0.794118 0 0
0.823529 0 0
0.794118 0.0294118 0
0.823529 0.0294118 0
0.764706 0.0294118 0
0.794118 0.0294118 0
0.764706 0.0588235 0
0.794118 0.0588235 0
0.794118 0.0294118 0
0.823529 0.0294118 0
0.794118 0.0588235 0
0.823529 0.0588235 0
0.764706 0.0588235 0
0.794118 0.0588235 0
0.764706 0.0882353 0
0.794118 0.0882353 0
0.794118 0.0588235 0
0.823529 0.0588235 0
0.794118 0.0882353 0
0.823529 0.0882353 0
0.764706 0.0882353 0
0.794118 0.0882353 0
0.764706 0.117647 0
0.794118 0.117647 0
0.794118 0.0882353 0
0.823529 0.0882353 0
0.794118 0.117647 0
0.823529 0.117647 0
0.764706 0.117647 0
0.794118 0.117647 0
0.764706 0.147059 0
0.794118 0.147059 0
0.794118 0.117647 0
0.823529 0.117647 0
0.794118 0.147059 0
0.823529 0.147059 0
0.764706 0.147059 0
0.794118 0.147059 0
0.764706 0.176471 0
0.794118 0.176471 0
0.794118 0.147059 0
0.823529 0.147059 0
0.794118 0.176471 0
0.823529 0.176471 0
0.764706 0.176471 0
0.794118 0.176471 0
0.764706 0.205882 0
0.794118 0.205882 0
0.794118 0.176471 0
0.823529 0.176471 0
0.794118 0.205882 0
0.823529 0.205882 0
0.764706 0.205882 0
0.794118 0.205882 0
0.764706 0.235294 0
0.794118 0.235294 0
0.794118 0.205882 0
0.823529 0.205882 0
0.794118 0.235294 0
0.823529 0.235294 0
0.764706 0.235294 0
0.794118 0.235294 0
0.764706 0.264706 0
0.794118 0.264706 0
0.794118 0.235294 0
0.823529 0.235294 0
0.794118 0.264706 0
0.823529 0.264706 0
0.764706 0.264706 0
0.794118 0.264706 0
0.764706 0.294118 0
0.794118 0.294118 0
0.794118 0.264706 0
0.823529 0.264706 0
0.794118 0.294118 0
0.823529 0.294118 0
0.764706 0.294118 0
0.794118 0.294118 0
0.764706 0.323529 0
0.794118 0.323529 0
0.794118 0.294118 0
0.823529 0.294118 0
0.794118 0.323529 0
0.823529 0.323529 0
0.764706 0.323529 0
0.794118 0.323529 0
0.764706 0.352941 0
0.794118 0.352941 0
0.794118 0.323529 0
0.823529 0.323529 0
0.794118 0.352941 0
0.823529 0.352941 0
0.764706 0.352941 0
0.794118 0.352941 0
0.764706 0.382353 0
0.794118 0.382353 0
0.794118 0.352941 0
0.823529 0.352941 0
0.794118 0.382353 0
0.823529 0.382353 0
0.764706 0.382353 0
0.794118 0.382353 0
0.764706 0.411765 0
0.794118 0.411765 0
0.794118 0.382353 0
0.823529 0.382353 0
0.794118 0.411765 0
0.823529 0.411765 0
0.764706 0.411765 0
0.794118 0.411765 0
0.764706 0.441176 0
0.794118 0.441176 0
0.794118 0.411765 0
0.823529 0.411765 0
0.794118 0.441176 0
0.823529 0.441176 0
0.764706 0.441176 0
0.794118 0.441176 0
0.764706 0.470588 0
0.794118 0.470588 0
0.794118 0.441176 0
0.823529 0.441176 0
0.794118 0.470588 0
0.823529 0.470588 0
0.764706 0.470588 0
0.794118 0.470588 0
0.764706 0.5 0
0.794118 0.5 0
0.794118 0.470588 0
0.823529 0.470588 0
0.794118 0.5 0
0.823529 0.5 0
0.764706 0.5 0
0.794118 0.5 0
0.764706 0.529412 0
0.794118 0.529412 0
0.794118 0.5 0
0.823529 0.5 0
0.794118 0.529412 0
0.823529 0.529412 0
0.764706 0.529412 0
0.794118 0.529412 0
0.764706 0.558824 0
0.794118 0.558824 0
0.794118 0.529412 0
0.823529 0.529412 0
0.794118 0.558824 0
0.823529 0.558824 0
0.764706 0.558824 0
0.794118 0.558824 0
0.764706 0.588235 0
0.794118 0.588235 0
0.794118 0.558824 0
0.823529 0.558824 0
0.794118 0.588235 0
0.823529 0.588235 0
0.764706 0.588235 0
0.794118 0.588235 0
0.764706 0.617647 0
0.794118 0.617647 0
0.794118 0.588235 0
0.823529 0.588235 0
0.794118 0.617647 0
0.823529 0.617647 0
0.764706 0.617647 0
0.794118 0.617647 0
0.764706 0.647059 0
0.794118 0.647059 0
0.794118 0.617647 0
0.823529 0.617647 0
0.794118 0.647059 0
0.823529 0.647059 0
0.764706 0.647059 0
0.794118 0.647059 0
0.764706 0.676471 0
0.794118 0.676471 0
0.794118 0.647059 0
0.823529 0.647059 0
0.794118 0.676471 0
0.823529 0.676471 0
0.764706 0.676471 0
0.794118 0.676471 0
0.764706 0.705882 0
0.794118 0.705882 0
0.794118 0.676471 0
0.823529 0.676471 0
0.794118 0.705882 0
0.823529 0.705882 0
0.764706 0.705882 0
0.794118 0.705882 0
0.764706 0.735294 0
0.794118 0.735294 0
0.794118 0.705882 0
0.823529 0.705882 0
0.794118 0.735294 0
0.823529 0.735294 0
0.764706 0.735294 0
0.794118 0.735294 0
0.764706 0.764706 0
0.794118 0.764706 0
0.794118 0.735294 0
0.823529 0.735294 0
0.794118 0.764706 0
0.823529 0.764706 0
0.764706 0.764706 0
0.794118 0.764706 0
0.764706 0.794118 0
0.794118 0.794118 0
0.794118 0.764706 0
0.823529 0.764706 0
0.794118 0.794118 0
0.823529 0.794118 0
0.764706 0.794118 0
0.794118 0.794118 0
0.764706 0.823529 0
0.794118 0.823529 0
0.794118 0.794118 0
0.823529 0.794118 0
0.794118 0.823529 0
0.823529 0.823529 0
0.764706 0.823529 0
0.794118 0.823529 0
0.764706 0.852941 0
0.794118 0.852941 0
0.794118 0.823529 0
0.823529 0.823529 0
0.794118 0.852941 0
0.823529 0.852941 0
0.764706 0.852941 0
0.794118 0.852941 0
0.764706 0.882353 0
0.794118 0.882353 0
0.794118 0.852941 0
0.823529 0.852941 0
0.794118 0.882353 0
0.823529 0.882353 0
0.764706 0.882353 0
0.794118 0.882353 0
0.764706 0.911765 0
0.794118 0.911765 0
0.794118 0.882353 0
0.823529 0.882353 0
0.794118 0.911765 0
0.823529 0.911765 0
0.764706 0.911765 0
0.794118 0.911765 0
0.764706 0.941176 0
0.794118 0.941176 0
0.794118 0.911765 0
0.823529 0.911765 0
0.794118 0.941176 0
0.823529 0.941176 0
0.764706 0.941176 0
0.794118 0.941176 0
0.764706 0.970588 0
0.794118 0.970588 0
0.794118 0.941176 0
0.823529 0.941176 0
0.794118 0.970588 0
0.823529 0.970588 0
0.764706 0.970588 0
0.794118 0.970588 0
0.764706 1 0
0.794118 1 0
0.794118 0.970588 0
0.823529 0.970588 0
0.794118 1 0
0.823529 1 0
0.823529 0 0
0.852941 0 0
0.823529 0.0294118 0
0.852941 0.0294118 0
0.852941 0 0
0.882353 0 0
0.852941 0.0294118 0
0.882353 0.0294118 0
0.823529 0.0294118 0
0.852941 0.0294118 0
0.823529 0.0588235 0
0.852941 0.0588235 0
0.852941 0.0294118 0
0.882353 0.0294118 0
0.852941 0.0588235 0
0.882353 0.0588235 0
0.823529 0.0588235 0
0.852941 0.0588235 0
0.823529 0.0882353 0
0.852941 0.0882353 0
0.852941 0.0588235 0
0.882353 0.0588235 0
0.852941 0.0882353 0
0.882353 0.0882353 0
0.823529 0.0882353 0
0.852941 0.0882353 0
0.823529 0.117647 0
0.852941 0.117647 0
0.852941 0.0882353 0
0.882353 0.0882353 0
0.852941 0.117647 0
0.882353 0.117647 0
0.823529 0.117647 0
0.852941 0.117647 0
0.823529 0.147059 0
0.852941 0.147059 0
0.852941 0.117647 0
0.882353 0.117647 0
0.852941 0.147059 0
0.882353 0.147059 0
0.823529 0.147059 0
0.852941 0.147059 0
0.823529 0.176471 0
0.852941 0.176471 0
0.852941 0.147059 0
0.882353 0.147059 0
0.852941 0.176471 0
0.882353 0.176471 0
0.823529 0.176471 0
0.852941 0.176471 0
0.823529 0.205882 0
0.852941 0.205882 0
0.852941 0.176471 0
0.882353 0.176471 0
0.852941 0.205882 0
0.882353 0.205882 0
0.823529 0.205882 0
0.852941 0.205882 0
0.823529 0.235294 0
0.852941 0.235294 0
0.852941 0.205882 0
0.882353 0.205882 0
0.852941 0.235294 0
0.882353 0.235294 0
0.823529 0.235294 0
0.852941 0.235294 0
0.823529 0.264706 0
0.852941 0.264706 0
0.852941 0.235294 0
0.882353 0.235294 0
0.852941 0.264706 0
0.882353 0.264706 0
0.823529 0.264706 0
0.852941 0.264706 0
0.823529 0.294118 0
0.852941 0.294118 0
0.852941 0.264706 0
0.882353 0.264706 0
0.852941 0.294118 0
0.882353 0.294118 0
0.823529 0.294118 0
0.852941 0.294118 0
0.823529 0.323529 0
0.852941 0.323529 0
0.852941 0.294118 0
0.882353 0.294118 0
0.852941 0.323529 0
0.882353 0.323529 0
0.823529 0.323529 0
0.852941 0.323529 0
0.823529 0.352941 0
0.852941 0.352941 0
0.852941 0.323529 0
0.882353 0.323529 0
0.852941 0.352941 0
0.882353 0.352941 0
0.823529 0.352941 0
0.852941 0.352941 0
0.823529 0.382353 0
0.852941 0.382353 0
0.852941 0.352941 0
0.882353 0.352941 0
0.852941 0.382353 0
0.882353 0.382353 0
0.823529 0.382353 0
0.852941 0.382353 0
0.823529 0.411765 0
0.852941 0.411765 0
0.852941 0.382353 0
0.882353 0.382353 0
0.852941 0.411765 0
0.882353 0.411765 0
0.823529 0.411765 0
0.852941 0.411765 0
0.823529 0.441176 0
0.852941 0.441176 0
0.852941 0.411765 0
0.882353 0.411765 0
0.852941 0.441176 0
0.882353 0.441176 0
0.823529 0.441176 0
0.852941 0.441176 0
0.823529 0.470588 0
0.852941 0.470588 0
0.852941 0.441176 0
0.882353 0.441176 0
0.852941 0.470588 0
0.882353 0.470588 0
0.823529 0.470588 0
0.852941 0.470588 0
0.823529 0.5 0
0.852941 0.5 0
0.852941 0.470588 0
0.882353 0.470588 0
0.852941 0.5 0
0.882353 0.5 0
0.823529 0.5 0
0.852941 0.5 0
0.823529 0.529412 0
0.852941 0.529412 0
0.852941 0.5 0
0.882353 0.5 0
0.852941 0.529412 0
0.882353 0.529412 0
0.823529 0.529412 0
0.852941 0.529412 0
0.823529 0.558824 0
0.852941 0.558824 0
0.852941 0.529412 0
0.882353 0.529412 0
0.852941 0.558824 0
0.882353 0.558824 0
0.823529 0.558824 0
0.852941 0.558824 0
0.823529 0.588235 0
0.852941 0.588235 0
0.852941 0.558824 0
0.882353 0.558824 0
0.852941 0.588235 0
0.882353 0.588235 0
0.823529 0.588235 0
0.852941 0.588235 0
0.823529 0.617647 0
0.852941 0.617647 0
0.852941 0.588235 0
0.882353 0.588235 0
0.852941 0.617647 0
0.882353 0.617647 0
0.823529 0.617647 0
0.852941 0.617647 0
0.823529 0.647059 0
0.852941 0.647059 0
0.852941 0.617647 0
0.882353 0.617647 0
0.852941 0.647059 0
0.882353 0.647059 0
0.823529 0.647059 0
0.852941 0.647059 0
0.823529 0.676471 0
0.852941 0.676471 0
0.852941 0.647059 0
0.882353 0.647059 0
0.852941 0.676471 0
0.882353 0.676471 0
0.823529 0.676471 0
0.852941 0.676471 0
0.823529 0.705882 0
0.852941 0.705882 0
0.852941 0.676471 0
0.882353 0.676471 0
0.852941 0.705882 0
0.882353 0.705882 0
0.823529 0.705882 0
0.852941 0.705882 0
0.823529 0.735294 0
0.852941 0.735294 0
0.852941 0.705882 0
0.882353 0.705882 0
0.852941 0.735294 0
0.882353 0.735294 0
0.823529 0.735294 0
0.852941 0.735294 0
0.823529 0.764706 0
0.852941 0.764706 0
0.852941 0.735294 0
0.882353 0.735294 0
0.852941 0.764706 0
0.882353 0.764706 0
0.823529 0.764706 0
0.852941 0.764706 0
0.823529 0.794118 0
0.852941 0.794118 0
0.852941 0.764706 0
0.882353 0.764706 0
0.852941 0.794118 0
0.882353 0.794118 0
0.823529 0.794118 0
0.852941 0.794118 0
0.823529 0.823529 0
0.852941 0.823529 0
0.852941 0.794118 0
0.882353 0.794118 0
0.852941 0.823529 0
0.882353 0.823529 0
0.823529 0.823529 0
0.852941 0.823529 0
0.823529 0.852941 0
0.852941 0.852941 0
0.852941 0.823529 0
0.882353 0.823529 0
0.852941 0.852941 0
0.882353 0.852941 0
0.823529 0.852941 0
0.852941 0.852941 0
0.823529 0.882353 0
0.852941 0.882353 0
0.852941 0.852941 0
0.882353 0.852941 0
0.852941 0.882353 0
0.882353 0.882353 0
0.823529 0.882353 0
0.852941 0.882353 0
0.823529 0.911765 0
0.852941 0.911765 0
0.852941 0.882353 0
0.882353 0.882353 0
0.852941 0.911765 0
0.882353 0.911765 0
0.823529 0.911765 0
0.852941 0.911765 0
0.823529 0.941176 0
0.852941 0.941176 0
0.852941 0.911765 0
0.882353 0.911765 0
0.852941 0.941176 0
0.882353 0.941176 0
0.823529 0.941176 0
0.852941 0.941176 0
0.823529 0.970588 0
0.852941 0.970588 0
0.852941 0.941176 0
0.882353 0.941176 0
0.852941 0.970588 0
0.882353 0.970588 0
0.823529 0.970588 0
0.852941 0.970588 0
0.823529 1 0
0.852941 1 0
0.852941 0.970588 0
0.882353 0.970588 0
0.852941 1 0
0.882353 1 0
0.882353 0 0
0.911765 0 0
0.882353 0.0294118 0
0.911765 0.0294118 0
0.911765 0 0
0.941176 0 0
0.911765 0.0294118 0
0.941176 0.0294118 0
0.882353 0.0294118 0
0.911765 0.0294118 0
0.882353 0.0588235 0
0.911765 0.0588235 0
0.911765 0.0294118 0
0.941176 0.0294118 0
0.911765 0.0588235 0
0.941176 0.0588235 0
0.882353 0.0588235 0
0.911765 0.0588235 0
0.882353 0.0882353 0
0.911765 0.0882353 0
0.911765 0.0588235 0
0.941176 0.0588235 0
0.911765 0.0882353 0
0.941176 0.0882353 0
0.882353 0.0882353 0
0.911765 0.0882353 0
0.882353 0.117647 0
0.911765 0.117647 0
0.911765 0.0882353 0
0.941176 0.0882353 0
0.911765 0.117647 0
0.941176 0.117647 0
0.882353 0.117647 0
0.911765 0.117647 0
0.882353 0.147059 0
0.911765 0.147059 0
0.911765 0.117647 0
0.941176 0.117647 0
0.911765 0.147059 0
0.941176 0.147059 0
0.882353 0.147059 0
0.911765 0.147059 0
0.882353 0.176471 0
0.911765 0.176471 0
0.911765 0.147059 0
0.941176 0.147059 0
0.911765 0.176471 0
0.941176 0.176471 0
0.882353 0.176471 0
0.911765 0.176471 0
0.882353 0.205882 0
0.911765 0.205882 0
0.911765 0.176471 0
0.941176 0.176471 0
0.911765 0.205882 0
0.941176 0.205882 0
0.882353 0.205882 0
0.911765 0.205882 0
0.882353 0.235294 0
0.911765 0.235294 0
0.911765 0.205882 0
0.941176 0.205882 0
0.911765 0.235294 0
0.941176 0.235294 0
0.882353 0.235294 0
0.911765 0.235294 0
0.882353 0.264706 0
0.911765 0.264706 0
0.911765 0.235294 0
0.941176 0.235294 0
0.911765 0.264706 0
0.941176 0.264706 0
0.882353 0.264706 0
0.911765 0.264706 0
0.882353 0.294118 0
0.911765 0.294118 0
0.911765 0.264706 0
0.941176 0.264706 0
0.911765 0.294118 0
0.941176 0.294118 0
0.882353 0.294118 0
0.911765 0.294118 0
0.882353 0.323529 0
0.911765 0.323529 0
0.911765 0.294118 0
0.941176 0.294118 0
0.911765 0.323529 0
0.941176 0.323529 0
0.882353 0.323529 0
0.911765 0.323529 0
0.882353 0.352941 0
0.911765 0.352941 0
0.911765 0.323529 0
0.941176 0.323529 0
0.911765 0.352941 0
0.941176 0.352941 0
0.882353 0.352941 0
0.911765 0.352941 0
0.882353 0.382353 0
0.911765 0.382353 0
0.911765 0.352941 0
0.941176 0.352941 0
0.911765 0.382353 0
0.941176 0.382353 0
0.882353 0.382353 0
0.911765 0.382353 0
0.882353 0.411765 0
0.911765 0.411765 0
0.911765 0.382353 0
0.941176 0.382353 0
0.911765 0.411765 0
0.941176 0.411765 0
0.882353 0.411765 0
0.911765 0.411765 0
0.882353 0.441176 0
0.911765 0.441176 0
0.911765 0.411765 0
0.941176 0.411765 0
0.911765 0.441176 0
0.941176 0.441176 0
0.882353 0.441176 0
0.911765 0.441176 0
0.882353 0.470588 0
0.911765 0.470588 0
0.911765 0.441176 0
0.941176 0.441176 0
0.911765 0.470588 0
0.941176 0.470588 0
0.882353 0.470588 0
0.911765 0.470588 0
0.882353 0.5 0
0.911765 0.5 0
0.911765 0.470588 0
0.941176 0.470588 0
0.911765 0.5 0
0.941176 0.5 0
0.882353 0.5 0
0.911765 0.5 0
0.882353 0.529412 0
0.911765 0.529412 0
0.911765 0.5 0
0.941176 0.5 0
0.911765 0.529412 0
0.941176 0.529412 0
0.882353 0.529412 0
0.911765 0.529412 0
0.882353 0.558824 0
0.911765 0.558824 0
0.911765 0.529412 0
0.941176 0.529412 0
0.911765 0.558824 0
0.941176 0.558824 0
0.882353 0.558824 0
0.911765 0.558824 0
0.882353 0.588235 0
0.911765 0.588235 0
0.911765 0.558824 0
0.941176 0.558824 0
0.911765 0.588235 0
0.941176 0.588235 0
0.882353 0.588235 0
0.911765 0.588235 0
0.882353 0.617647 0
0.911765 0.617647 0
0.911765 0.588235 0
0.941176 0.588235 0
0.911765 0.617647 0
0.941176 0.617647 0
0.882353 0.617647 0
0.911765 0.617647 0
0.882353 0.647059 0
0.911765 0.647059 0
0.911765 0.617647 0
0.941176 0.617647 0
0.911765 0.647059 0
0.941176 0.647059 0
0.882353 0.647059 0
0.911765 0.647059 0
0.882353 0.676471 0
0.911765 0.676471 0
0.911765 0.647059 0
0.941176 0.647059 0
0.911765 0.676471 0
0.941176 0.676471 0
0.882353 0.676471 0
0.911765 0.676471 0
0.882353 0.705882 0
0.911765 0.705882 0
0.911765 0.676471 0
0.941176 0.676471 0
0.911765 0.705882 0
0.941176 0.705882 0
0.882353 0.705882 0
0.911765 0.705882 0
0.882353 0.735294 0
0.911765 0.735294 0
0.911765 0.705882 0
0.941176 0.705882 0
0.911765 0.735294 0
0.941176 0.735294 0
0.882353 0.735294 0
0.911765 0.735294 0
0.882353 0.764706 0
0.911765 0.764706 0
0.911765 0.735294 0
0.941176 0.735294 0
0.911765 0.764706 0
0.941176 0.764706 0
0.882353 0.764706 0
0.911765 0.764706 0
0.882353 0.794118 0
0.911765 0.794118 0
0.911765 0.764706 0
0.941176 0.764706 0
0.911765 0.794118 0
0.941176 0.794118 0
0.882353 0.794118 0
0.911765 0.794118 0
0.882353 0.823529 0
0.911765 0.823529 0
0.911765 0.794118 0
0.941176 0.794118 0
0.911765 0.823529 0
0.941176 0.823529 0
0.882353 0.823529 0
0.911765 0.823529 0
0.882353 0.852941 0
0.911765 0.852941 0
0.911765 0.823529 0
0.941176 0.823529 0
0.911765 0.852941 0
0.941176 0.852941 0
0.882353 0.852941 0
0.911765 0.852941 0
0.882353 0.882353 0
0.911765 0.882353 0
0.911765 0.852941 0
0.941176 0.852941 0
0.911765 0.882353 0
0.941176 0.882353 0
0.882353 0.882353 0
0.911765 0.882353 0
0.882353 0.911765 0
0.911765 0.911765 0
0.911765 0.882353 0
0.941176 0.882353 0
0.911765 0.911765 0
0.941176 0.911765 0
0.882353 0.911765 0
0.911765 0.911765 0
0.882353 0.941176 0
0.911765 0.941176 0
0.911765 0.911765 0
0.941176 0.911765 0
0.911765 0.941176 0
0.941176 0.941176 0
0.882353 0.941176 0
0.911765 0.941176 0
0.882353 0.970588 0
0.911765 0.970588 0
0.911765 0.941176 0
0.941176 0.941176 0
0.911765 0.970588 0
0.941176 0.970588 0
0.882353 0.970588 0
0.911765 0.970588 0
0.882353 1 0
0.911765 1 0
0.911765 0.970588 0
0.941176 0.970588 0
0.911765 1 0
0.941176 1 0
0.941176 0 0
0.970588 0 0
0.941176 0.0294118 0
0.970588 0.0294118 0
0.970588 0 0
1 0 0
0.970588 0.0294118 0
1 0.0294118 0
0.941176 0.0294118 0
0.970588 0.0294118 0
0.941176 0.0588235 0
0.970588 0.0588235 0
0.970588 0.0294118 0
1 0.0294118 0
0.970588 0.0588235 0
1 0.0588235 0
0.941176 0.0588235 0
0.970588 0.0588235 0
0.941176 0.0882353 0
0.970588 0.0882353 0
0.970588 0.0588235 0
1 0.0588235 0
0.970588 0.0882353 0
1 0.0882353 0
0.941176 0.0882353 0
0.970588 0.0882353 0
0.941176 0.117647 0
0.970588 0.117647 0
0.970588 0.0882353 0
1 0.0882353 0
0.970588 0.117647 0
1 0.117647 0
0.941176 0.117647 0
0.970588 0.117647 0
0.941176 0.147059 0
0.970588 0.147059 0
0.970588 0.117647 0
1 0.117647 0
0.970588 0.147059 0
1 0.147059 0
0.941176 0.147059 0
0.970588 0.147059 0
0.941176 0.176471 0
0.970588 0.176471 0
0.970588 0.147059 0
1 0.147059 0
0.970588 0.176471 0
1 0.176471 0
0.941176 0.176471 0
0.970588 0.176471 0
0.941176 0.205882 0
0.970588 0.205882 0
0.970588 0.176471 0
1 0.176471 0
0.970588 0.205882 0
1 0.205882 0
0.941176 0.205882 0
0.970588 0.205882 0
0.941176 0.235294 0
0.970588 0.235294 0
0.970588 0.205882 0
1 0.205882 0
0.970588 0.235294 0
1 0.235294 0
0.941176 0.235294 0
0.970588 0.235294 0
0.941176 0.264706 0
0.970588 0.264706 0
0.970588 0.235294 0
1 0.235294 0
0.970588 0.264706 0
1 0.264706 0
0.941176 0.264706 0
0.970588 0.264706 0
0.941176 0.294118 0
0.970588 0.294118 0
0.970588 0.264706 0
1 0.264706 0
0.970588 0.294118 0
1 0.294118 0
0.941176 0.294118 0
0.970588 0.294118 0
0.941176 0.323529 0
0.970588 0.323529 0
0.970588 0.294118 0
1 0.294118 0
0.970588 0.323529 0
1 0.323529 0
0.941176 0.323529 0
0.970588 0.323529 0
0.941176 0.352941 0
0.970588 0.352941 0
0.970588 0.323529 0
1 0.323529 0
0.970588 0.352941 0
1 0.352941 0
0.941176 0.352941 0
0.970588 0.352941 0
0.941176 0.382353 0
0.970588 0.382353 0
0.970588 0.352941 0
1 0.352941 0
0.970588 0.382353 0
1 0.382353 0
0.941176 0.382353 0
0.970588 0.382353 0
0.941176 0.411765 0
0.970588 0.411765 0
0.970588 0.382353 0
1 0.382353 0
0.970588 0.411765 0
1 0.411765 0
0.941176 0.411765 0
0.970588 0.411765 0
0.941176 0.441176 0
0.970588 0.441176 0
0.970588 0.411765 0
1 0.411765 0
0.970588 0.441176 0
1 0.441176 0
0.941176 0.441176 0
0.970588 0.441176 0
0.941176 0.470588 0
0.970588 0.470588 0
0.970588 0.441176 0
1 0.441176 0
0.970588 0.470588 0
1 0.470588 0
0.941176 0.470588 0
0.970588 0.470588 0
0.941176 0.5 0
0.970588 0.5 0
0.970588 0.470588 0
1 0.470588 0
0.970588 0.5 0
1 0.5 0
0.941176 0.5 0
0.970588 0.5 0
0.941176 0.529412 0
0.970588 0.529412 0
0.970588 0.5 0
1 0.5 0
0.970588 0.529412 0
1 0.529412 0
0.941176 0.529412 0
0.970588 0.529412 0
0.941176 0.558824 0
0.970588 0.558824 0
0.970588 0.529412 0
1 0.529412 0
0.970588 0.558824 0
1 0.558824 0
0.941176 0.558824 0
0.970588 0.558824 0
0.941176 0.588235 0
0.970588 0.588235 0
0.970588 0.558824 0
1 0.558824 0
0.970588 0.588235 0
1 0.588235 0
0.941176 0.588235 0
0.970588 0.588235 0
0.941176 0.617647 0
0.970588 0.617647 0
0.970588 0.588235 0
1 0.588235 0
0.970588 0.617647 0
1 0.617647 0
0.941176 0.617647 0
0.970588 0.617647 0
0.941176 0.647059 0
0.970588 0.647059 0
0.970588 0.617647 0
1 0.617647 0
0.970588 0.647059 0
1 0.647059 0
0.941176 0.647059 0
0.970588 0.647059 0
0.941176 0.676471 0
0.970588 0.676471 0
0.970588 0.647059 0
1 0.647059 0
0.970588 0.676471 0
1 0.676471 0
0.941176 0.676471 0
0.970588 0.676471 0
0.941176 0.705882 0
0.970588 0.705882 0
0.970588 0.676471 0
1 0.676471 0
0.970588 0.705882 0
1 0.705882 0
0.941176 0.705882 0
0.970588 0.705882 0
0.941176 0.735294 0
0.970588 0.735294 0
0.970588 0.705882 0
1 0.705882 0
0.970588 0.735294 0
1 0.735294 0
0.941176 0.735294 0
0.970588 0.735294 0
0.941176 0.764706 0
0.970588 0.764706 0
0.970588 0.735294 0
1 0.735294 0
0.970588 0.764706 0
1 0.764706 0
0.941176 0.764706 0
0.970588 0.764706 0
0.941176 0.794118 0
0.970588 0.794118 0
0.970588 0.764706 0
1 0.764706 0
0.970588 0.794118 0
1 0.794118 0
0.941176 0.794118 0
0.970588 0.794118 0
0.941176 0.823529 0
0.970588 0.823529 0
0.970588 0.794118 0
1 0.794118 0
0.970588 0.823529 0
1 0.823529 0
0.941176 0.823529 0
0.970588 0.823529 0
0.941176 0.852941 0
0.970588 0.852941 0
0.970588 0.823529 0
1 0.823529 0
0.970588 0.852941 0
1 0.852941 0
0.941176 0.852941 0
0.970588 0.852941 0
0.941176 0.882353 0
0.970588 0.882353 0
0.970588 0.852941 0
1 0.852941 0
0.970588 0.882353 0
1 0.882353 0
0.941176 0.882353 0
0.970588 0.882353 0
0.941176 0.911765 0
0.970588 0.911765 0
0.970588 0.882353 0
1 0.882353 0
0.970588 0.911765 0
1 0.911765 0
0.941176 0.911765 0
0.970588 0.911765 0
0.941176 0.941176 0
0.970588 0.941176 0
0.970588 0.911765 0
1 0.911765 0
0.970588 0.941176 0
1 0.941176 0
0.941176 0.941176 0
0.970588 0.941176 0
0.941176 0.970588 0
0.970588 0.970588 0
0.970588 0.941176 0
1 0.941176 0
0.970588 0.970588 0
1 0.970588 0
0.941176 0.970588 0
0.970588 0.970588 0
0.941176 1 0
0.970588 1 0
0.970588 0.970588 0
1 0.970588 0
0.970588 1 0
1 1 0

CELLS 1156 5780
4	0	1	3	2
4	4	5	7	6
4	8	9	11	10
4	12	13	15	14
4	16	17	19	18
4	20	21	23	22
4	24	25	27	26
4	28	29	31	30
4	32	33	35	34
4	36	37	39	38
4	40	41	43	42
4	44	45	47	46
4	48	49	51	50
4	52	53	55	54
4	56	57	59	58
4	60	61	63	62
4	64	65	67	66
4	68	69	71	70
4	72	73	75	74
4	76	77	79	78
4	80	81	83	82
4	84	85	87	86
4	88	89	91	90
4	92	93	95	94
4	96	97	99	98
4	100	101	103	102
4	104	105	107	106
4	108	109	111	110
4	112	113	115	114
4	116	117	119	118
4	120	121	123	122
4	124	125	127	126
4	128	129	131	130
4	132	133	135	134
4	136	137	139	138
4	140	141	143	142
4	144	145	147	146
4	148	149	151	150
4	152	153	155	154
4	156	157	159	158
4	160	161	163	162
4	164	165	167	166
4	168	169	171	170
4	172	173	175	174
4	176	177	179	178
4	180	181	183	182
4	184	185	187	186
4	188	189	191	190
4	192	193	195	194
4	196	197	199	198
4	200	201	203	202
4	204	205	207	206
4	208	209	211	210
4	212	213	215	214
4	216	217	219	218
4	220	221	223	222
4	224	225	227	226
4	228	229	231	230
4	232	233	235	234
4	236	237	239	238
4	240	241	243	242
4	244	245	247	246
4	248	249	251	250
4	252	253	255	254
4	256	257	259	258
4	260	261	263	262
4	264	265	267	266
4	268	269	271	270
4	272	273	275	274
4	276	277	279	278
4	280	281	283	282
4	284	285	287	286
4	288	289	291	290
4	292	293	295	294
4	296	297	299	298
4	300	301	303	302
4	304	305	307	306
4	308	309	311	310
4	312	313	315	314
4	316	317	319	318
4	320	321	323	322
4	324	325	327	326
4	328	329	331	330
4	332	333	335	334
4	336	337	339	338
4	340	341	343	342
4	344	345	347	346
4	348	349	351	350
4	352	353	355	354
4	356	357	359	358
4	360	361	363	362
4	364	365	367	366
4	368	369	371	370
4	372	373	375	374
4	376	377	379	378
4	380	381	383	382
4	384	385	387	386
4	388	389	391	390
4	392	393	395	394
4	396	397	399	398
4	400	401	403	402
4	404	405	407	406
4	408	409	411	410
4	412	413	415	414
4	416	417	419	418
4	420	421	423	422
4	424	425	427	426
4	428	429	431	430
4	432	433	435	434
4	436	437	439	438
4	440	441	443	442
4	444	445	447	446
4	448	449	451	450
4	452	453	455	454
4	456	457	459	458
4	460	461	463	462
4	464	465	467	466
4	468	469	471	470
4	472	473	475	474
4	476	477	479	478
4	480	481	483	482
4	484	485	487	486
4	488	489	491	490
4	492	493	495	494
4	496	497	499	498
4	500	501	503	502
4	504	505	507	506
4	508	509	511	510
4	512	513	515	514
4	516	517	519	518
4	520	521	523	522
4	524	525	527	526
4	528	529	531	530
4	532	533	535	534
4	536	537	539	538
4	540	541	543	542
4	544	545	547	546
4	548	549	551	550
4	552	553	555	554
4	556	557	559	558
4	560	561	563	562
4	564	565	567	566
4	568	569	571	570
4	572	573	575	574
4	576	577	579	578
4	580	581	583	582
4	584	585	587	586
4	588	589	591	590
4	592	593	595	594
4	596	597	599	598
4	600	601	603	602
4	604	605	607	606
4	608	609	611	610
4	612	613	615	614
4	616	617	619	618
4	620	621	623	622
4	624	625	627	626
4	628	629	631	630
4	632	633	635	634
4	636	637	639	638
4	640	641	643	642
4	644	645	647	646
4	648	649	651	650
4	652	653	655	654
4	656	657	659	658
4	660	661	663	662
4	664	665	667	666
4	668	669	671	670
4	672	673	675	674
4	676	677	679	678
4	680	681	683	682
4	684	685	687	686
4	688	689	691	690
4	692	693	695	694
4	696	697	699	698
4	700	701	703	702
4	704	705	707	706
4	708	709	711	710
4	712	713	715	714
4	716	717	719	718
4	720	721	723	722
4	724	725	727	726
4	728	729	731	730
4	732	733	735	734
4	736	737	739	738
4	740	741	743	742
4	744	745	747	746
4	748	749	751	750
4	752	753	755	754
4	756	757	759	758
4	760	761	763	762
4	764	765	767	766
4	768	769	771	770
4	772	773	775	774
4	776	777	779	778
4	780	781	783	782
4	784	785	787	786
4	788	789	791	790
4	792	793	795	794
4	796	797	799	798
4	800	801	803	802
4	804	805	807	806
4	808	809	811	810
4	812	813	815	814
4	816	817	819	818
4	820	821	823	822
4	824	825	827	826
4	828	829	831	830
4	832	833	835	834
4	836	837	839	838
4	840	841	843	842
4	844	845	847	846
4	848	849	851	850
4	852	853	855	854
4	856	857	859	858
4	860	861	863	862
4	864	865	867	866
4	868	869	871	870
4	872	873	875	874
4	876	877	879	878
4	880	881	883	882
4	884	885	887	886
4	888	889	891	890
4	892	893	895	894
4	896	897	899	898
4	900	901	903	902
4	904	905	907	906
4	908	909	911	910
4	912	913	915	914
4	916	917	919	918
4	920	921	923	922
4	924	925	927	926
4	928	929	931	930
4	932	933	935	934
4	936	937	939	938
4	940	941	943	942
4	944	945	947	946
4	948	949	951	950
4	952	953	955	954
4	956	957	959	958
4	960	961	963	962
4	964	965	967	966
4	968	969	971	970
4	972	973	975	974
4	976	977	979	978
4	980	981	983	982
4	984	985	987	986
4	988	989	991	990
4	992	993	995	994
4	996	997	999	998
4	1000	1001	1003	1002
4	1004	1005	1007	1006
4	1008	1009	1011	1010
4	1012	1013	1015	1014
4	1016	1017	1019	1018
4	1020	1021	1023	1022
4	1024	1025	1027	1026
4	1028	1029	1031	1030
4	1032	1033	1035	1034
4	1036	1037	1039	1038
4	1040	1041	1043	1042
4	1044	1045	1047	1046
4	1048	1049	1051	1050
4	1052	1053	1055	1054
4	1056	1057	1059	1058
4	1060	1061	1063	1062
4	1064	1065	1067	1066
4	1068	1069	1071	1070
4	1072	1073	1075	1074
4	1076	1077	1079	1078
4	1080	1081	1083	1082
4	1084	1085	1087	1086
4	1088	1089	1091	1090
4	1092	1093	1095	1094
4	1096	1097	1099	1098
4	1100	1101	1103	1102
4	1104	1105	1107	1106
4	1108	1109	1111	1110
4	1112	1113	1115	1114
4	1116	1117	1119	1118
4	1120	1121	1123	1122
4	1124	1125	1127	1126
4	1128	1129	1131	1130
4	1132	1133	1135	1134
4	1136	1137	1139	1138
4	1140	1141	1143	1142
4	1144	1145	1147	1146
4	1148	1149	1151	1150
4	1152	1153	1155	1154
4	1156	1157	1159	1158
4	1160	1161	1163	1162
4	1164	1165	1167	1166
4	1168	1169	1171	1170
4	1172	1173	1175	1174
4	1176	1177	1179	1178
4	1180	1181	1183	1182
4	1184	1185	1187	1186
4	1188	1189	1191	1190
4	1192	1193	1195	1194
4	1196	1197	1199	1198
4	1200	1201	1203	1202
4	1204	1205	1207	1206
4	1208	1209	1211	1210
4	1212	1213	1215	1214
4	1216	1217	1219	1218
4	1220	1221	1223	1222
4	1224	1225	1227	1226
4	1228	1229	1231	1230
4	1232	1233	1235	1234
4	1236	1237	1239	1238
4	1240	1241	1243	1242
4	1244	1245	1247	1246
4	1248	1249	1251	1250
4	1252	1253	1255	1254
4	1256	1257	1259	1258
4	1260	1261	1263	1262
4	1264	1265	1267	1266
4	1268	1269	1271	1270
4	1272	1273	1275	1274
4	1276	1277	1279	1278
4	1280	1281	1283	1282
4	1284	1285	1287	1286
4	1288	1289	1291	1290
4	1292	1293	1295	1294
4	1296	1297	1299	1298
4	1300	1301	1303	1302
4	1304	1305	1307	1306
4	1308	1309	1311	1310
4	1312	1313	1315	1314
4	1316	1317	1319	1318
4	1320	1321	1323	1322
4	1324	1325	1327	1326
4	1328	1329	1331	1330
4	1332	1333	1335	1334
4	1336	1337	1339	1338
4	1340	1341	1343	1342
4	1344	1345	1347	1346
4	1348	1349	1351	1350
4	1352	1353	1355	1354
4	1356	1357	1359	1358
4	1360	1361	1363	1362
4	1364	1365	1367	1366
4	1368	1369	1371	1370
4	1372	1373	1375	1374
4	1376	1377	1379	1378
4	1380	1381	1383	1382
4	1384	1385	1387	1386
4	1388	1389	1391	1390
4	1392	1393	1395	1394
4	1396	1397	1399	1398
4	1400	1401	1403	1402
4	1404	1405	1407	1406
4	1408	1409	1411	1410
4	1412	1413	1415	1414
4	1416	1417	1419	1418
4	1420	1421	1423	1422
4	1424	1425	1427	1426
4	1428	1429	1431	1430
4	1432	1433	1435	1434
4	1436	1437	1439	1438
4	1440	1441	1443	1442
4	1444	1445	1447	1446
4	1448	1449	1451	1450
4	1452	1453	1455	1454
4	1456	1457	1459	1458
4	1460	1461	1463	1462
4	1464	1465	1467	1466
4	1468	1469	1471	1470
4	1472	1473	1475	1474
4	1476	1477	1479	1478
4	1480	1481	1483	1482
4	1484	1485	1487	1486
4	1488	1489	1491	1490
4	1492	1493	1495	1494
4	1496	1497	1499	1498
4	1500	1501	1503	1502
4	1504	1505	1507	1506
4	1508	1509	1511	1510
4	1512	1513	1515	1514
4	1516	1517	1519	1518
4	1520	1521	1523	1522
4	1524	1525	1527	1526
4	1528	1529	1531	1530
4	1532	1533	1535	1534
4	1536	1537	1539	1538
4	1540	1541	1543	1542
4	1544	1545	1547	1546
4	1548	1549	1551	1550
4	1552	1553	1555	1554
4	1556	1557	1559	1558
4	1560	1561	1563	1562
4	1564	1565	1567	1566
4	1568	1569	1571	1570
4	1572	1573	1575	1574
4	1576	1577	1579	1578
4	1580	1581	1583	1582
4	1584	1585	1587	1586
4	1588	1589	1591	1590
4	1592	1593	1595	1594
4	1596	1597	1599	1598
4	1600	1601	1603	1602
4	1604	1605	1607	1606
4	1608	1609	1611	1610
4	1612	1613	1615	1614
4	1616	1617	1619	1618
4	1620	1621	1623	1622
4	1624	1625	1627	1626
4	1628	1629	1631	1630
4	1632	1633	1635	1634
4	1636	1637	1639	1638
4	1640	1641	1643	1642
4	1644	1645	1647	1646
4	1648	1649	1651	1650
4	1652	1653	1655	1654
4	1656	1657	1659	1658
4	1660	1661	1663	1662
4	1664	1665	1667	1666
4	1668	1669	1671	1670
4	1672	1673	1675	1674
4	1676	1677	1679	1678
4	1680	1681	1683	1682
4	1684	1685	1687	1686
4	1688	1689	1691	1690
4	1692	1693	1695	1694
4	1696	1697	1699	1698
4	1700	1701	1703	1702
4	1704	1705	1707	1706
4	1708	1709	1711	1710
4	1712	1713	1715	1714
4	1716	1717	1719	1718
4	1720	1721	1723	1722
4	1724	1725	1727	1726
4	1728	1729	1731	1730
4	1732	1733	1735	1734
4	1736	1737	1739	1738
4	1740	1741	1743	1742
4	1744	1745	1747	1746
4	1748	1749	1751	1750
4	1752	1753	1755	1754
4	1756	1757	1759	1758
4	1760	1761	1763	1762
4	1764	1765	1767	1766
4	1768	1769	1771	1770
4	1772	1773	1775	1774
4	1776	1777	1779	1778
4	1780	1781	1783	1782
4	1784	1785	1787	1786
4	1788	1789	1791	1790
4	1792	1793	1795	1794
4	1796	1797	1799	1798
4	1800	1801	1803	1802
4	1804	1805	1807	1806
4	1808	1809	1811	1810
4	1812	1813	1815	1814
4	1816	1817	1819	1818
4	1820	1821	1823	1822
4	1824	1825	1827	1826
4	1828	1829	1831	1830
4	1832	1833	1835	1834
4	1836	1837	1839	1838
4	1840	1841	1843	1842
4	1844	1845	1847	1846
4	1848	1849	1851	1850
4	1852	1853	1855	1854
4	1856	1857	1859	1858
4	1860	1861	1863	1862
4	1864	1865	1867	1866
4	1868	1869	1871	1870
4	1872	1873	1875	1874
4	1876	1877	1879	1878
4	1880	1881	1883	1882
4	1884	1885	1887	1886
4	1888	1889	1891	1890
4	1892	1893	1895	1894
4	1896	1897	1899	1898
4	1900	1901	1903	1902
4	1904	1905	1907	1906
4	1908	1909	1911	1910
4	1912	1913	1915	1914
4	1916	1917	1919	1918
4	1920	1921	1923	1922
4	1924	1925	1927	1926
4	1928	1929	1931	1930
4	1932	1933	1935	1934
4	1936	1937	1939	1938
4	1940	1941	1943	1942
4	1944	1945	1947	1946
4	1948	1949	1951	1950
4	1952	1953	1955	1954
4	1956	1957	1959	1958
4	1960	1961	1963	1962
4	1964	1965	1967	1966
4	1968	1969	1971	1970
4	1972	1973	1975	1974
4	1976	1977	1979	1978
4	1980	1981	1983	1982
4	1984	1985	1987	1986
4	1988	1989	1991	1990
4	1992	1993	1995	1994
4	1996	1997	1999	1998
4	2000	2001	2003	2002
4	2004	2005	2007	2006
4	2008	2009	2011	2010
4	2012	2013	2015	2014
4	2016	2017	2019	2018
4	2020	2021	2023	2022
4	2024	2025	2027	2026
4	2028	2029	2031	2030
4	2032	2033	2035	2034
4	2036	2037	2039	2038
4	2040	2041	2043	2042
4	2044	2045	2047	2046
4	2048	2049	2051	2050
4	2052	2053	2055	2054
4	2056	2057	2059	2058
4	2060	2061	2063	2062
4	2064	2065	2067	2066
4	2068	2069	2071	2070
4	2072	2073	2075	2074
4	2076	2077	2079	2078
4	2080	2081	2083	2082
4	2084	2085	2087	2086
4	2088	2089	2091	2090
4	2092	2093	2095	2094
4	2096	2097	2099	2098
4	2100	2101	2103	2102
4	2104	2105	2107	2106
4	2108	2109	2111	2110
4	2112	2113	2115	2114
4	2116	2117	2119	2118
4	2120	2121	2123	2122
4	2124	2125	2127	2126
4	2128	2129	2131	2130
4	2132	2133	2135	2134
4	2136	2137	2139	2138
4	2140	2141	2143	2142
4	2144	2145	2147	2146
4	2148	2149	2151	2150
4	2152	2153	2155	2154
4	2156	2157	2159	2158
4	2160	2161	2163	2162
4	2164	2165	2167	2166
4	2168	2169	2171	2170
4	2172	2173	2175	2174
4	2176	2177	2179	2178
4	2180	2181	2183	2182
4	2184	2185	2187	2186
4	2188	2189	2191	2190
4	2192	2193	2195	2194
4	2196	2197	2199	2198
4	2200	2201	2203	2202
4	2204	2205	2207	2206
4	2208	2209	2211	2210
4	2212	2213	2215	2214
4	2216	2217	2219	2218
4	2220	2221	2223	2222
4	2224	2225	2227	2226
4	2228	2229	2231	2230
4	2232	2233	2235	2234
4	2236	2237	2239	2238
4	2240	2241	2243	2242
4	2244	2245	2247	2246
4	2248	2249	2251	2250
4	2252	2253	2255	2254
4	2256	2257	2259	2258
4	2260	2261	2263	2262
4	2264	2265	2267	2266
4	2268	2269	2271	2270
4	2272	2273	2275	2274
4	2276	2277	2279	2278
4	2280	2281	2283	2282
4	2284	2285	2287	2286
4	2288	2289	2291	2290
4	2292	2293	2295	2294
4	2296	2297	2299	2298
4	2300	2301	2303	2302
4	2304	2305	2307	2306
4	2308	2309	2311	2310
4	2312	2313	2315	2314
4	2316	2317	2319	2318
4	2320	2321	2323	2322
4	2324	2325	2327	2326
4	2328	2329	2331	2330
4	2332	2333	2335	2334
4	2336	2337	2339	2338
4	2340	2341	2343	2342
4	2344	2345	2347	2346
4	2348	2349	2351	2350
4	2352	2353	2355	2354
4	2356	2357	2359	2358
4	2360	2361	2363	2362
4	2364	2365	2367	2366
4	2368	2369	2371	2370
4	2372	2373	2375	2374
4	2376	2377	2379	2378
4	2380	2381	2383	2382
4	2384	2385	2387	2386
4	2388	2389	2391	2390
4	2392	2393	2395	2394
4	2396	2397	2399	2398
4	2400	2401	2403	2402
4	2404	2405	2407	2406
4	2408	2409	2411	2410
4	2412	2413	2415	2414
4	2416	2417	2419	2418
4	2420	2421	2423	2422
4	2424	2425	2427	2426
4	2428	2429	2431	2430
4	2432	2433	2435	2434
4	2436	2437	2439	2438
4	2440	2441	2443	2442
4	2444	2445	2447	2446
4	2448	2449	2451	2450
4	2452	2453	2455	2454
4	2456	2457	2459	2458
4	2460	2461	2463	2462
4	2464	2465	2467	2466
4	2468	2469	2471	2470
4	2472	2473	2475	2474
4	2476	2477	2479	2478
4	2480	2481	2483	2482
4	2484	2485	2487	2486
4	2488	2489	2491	2490
4	2492	2493	2495	2494
4	2496	2497	2499	2498
4	2500	2501	2503	2502
4	2504	2505	2507	2506
4	2508	2509	2511	2510
4	2512	2513	2515	2514
4	2516	2517	2519	2518
4	2520	2521	2523	2522
4	2524	2525	2527	2526
4	2528	2529	2531	2530
4	2532	2533	2535	2534
4	2536	2537	2539	2538
4	2540	2541	2543	2542
4	2544	2545	2547	2546
4	2548	2549	2551	2550
4	2552	2553	2555	2554
4	2556	2557	2559	2558
4	2560	2561	2563	2562
4	2564	2565	2567	2566
4	2568	2569	2571	2570
4	2572	2573	2575	2574
4	2576	2577	2579	2578
4	2580	2581	2583	2582
4	2584	2585	2587	2586
4	2588	2589	2591	2590
4	2592	2593	2595	2594
4	2596	2597	2599	2598
4	2600	2601	2603	2602
4	2604	2605	2607	2606
4	2608	2609	2611	2610
4	2612	2613	2615	2614
4	2616	2617	2619	2618
4	2620	2621	2623	2622
4	2624	2625	2627	2626
4	2628	2629	2631	2630
4	2632	2633	2635	2634
4	2636	2637	2639	2638
4	2640	2641	2643	2642
4	2644	2645	2647	2646
4	2648	2649	2651	2650
4	2652	2653	2655	2654
4	2656	2657	2659	2658
4	2660	2661	2663	2662
4	2664	2665	2667	2666
4	2668	2669	2671	2670
4	2672	2673	2675	2674
4	2676	2677	2679	2678
4	2680	2681	2683	2682
4	2684	2685	2687	2686
4	2688	2689	2691	2690
4	2692	2693	2695	2694
4	2696	2697	2699	2698
4	2700	2701	2703	2702
4	2704	2705	2707	2706
4	2708	2709	2711	2710
4	2712	2713	2715	2714
4	2716	2717	2719	2718
4	2720	2721	2723	2722
4	2724	2725	2727	2726
4	2728	2729	2731	2730
4	2732	2733	2735	2734
4	2736	2737	2739	2738
4	2740	2741	2743	2742
4	2744	2745	2747	2746
4	2748	2749	2751	2750
4	2752	2753	2755	2754
4	2756	2757	2759	2758
4	2760	2761	2763	2762
4	2764	2765	2767	2766
4	2768	2769	2771	2770
4	2772	2773	2775	2774
4	2776	2777	2779	2778
4	2780	2781	2783	2782
4	2784	2785	2787	2786
4	2788	2789	2791	2790
4	2792	2793	2795	2794
4	2796	2797	2799	2798
4	2800	2801	2803	2802
4	2804	2805	2807	2806
4	2808	2809	2811	2810
4	2812	2813	2815	2814
4	2816	2817	2819	2818
4	2820	2821	2823	2822
4	2824	2825	2827	2826
4	2828	2829	2831	2830
4	2832	2833	2835	2834
4	2836	2837	2839	2838
4	2840	2841	2843	2842
4	2844	2845	2847	2846
4	2848	2849	2851	2850
4	2852	2853	2855	2854
4	2856	2857	2859	2858
4	2860	2861	2863	2862
4	2864	2865	2867	2866
4	2868	2869	2871	2870
4	2872	2873	2875	2874
4	2876	2877	2879	2878
4	2880	2881	2883	2882
4	2884	2885	2887	2886
4	2888	2889	2891	2890
4	2892	2893	2895	2894
4	2896	2897	2899	2898
4	2900	2901	2903	2902
4	2904	2905	2907	2906
4	2908	2909	2911	2910
4	2912	2913	2915	2914
4	2916	2917	2919	2918
4	2920	2921	2923	2922
4	2924	2925	2927	2926
4	2928	2929	2931	2930
4	2932	2933	2935	2934
4	2936	2937	2939	2938
4	2940	2941	2943	2942
4	2944	2945	2947	2946
4	2948	2949	2951	2950
4	2952	2953	2955	2954
4	2956	2957	2959	2958
4	2960	2961	2963	2962
4	2964	2965	2967	2966
4	2968	2969	2971	2970
4	2972	2973	2975	2974
4	2976	2977	2979	2978
4	2980	2981	2983	2982
4	2984	2985	2987	2986
4	2988	2989	2991	2990
4	2992	2993	2995	2994
4	2996	2997	2999	2998
4	3000	3001	3003	3002
4	3004	3005	3007	3006
4	3008	3009	3011	3010
4	3012	3013	3015	3014
4	3016	3017	3019	3018
4	3020	3021	3023	3022
4	3024	3025	3027	3026
4	3028	3029	3031	3030
4	3032	3033	3035	3034
4	3036	3037	3039	3038
4	3040	3041	3043	3042
4	3044	3045	3047	3046
4	3048	3049	3051	3050
4	3052	3053	3055	3054
4	3056	3057	3059	3058
4	3060	3061	3063	3062
4	3064	3065	3067	3066
4	3068	3069	3071	3070
4	3072	3073	3075	3074
4	3076	3077	3079	3078
4	3080	3081	3083	3082
4	3084	3085	3087	3086
4	3088	3089	3091	3090
4	3092	3093	3095	3094
4	3096	3097	3099	3098
4	3100	3101	3103	3102
4	3104	3105	3107	3106
4	3108	3109	3111	3110
4	3112	3113	3115	3114
4	3116	3117	3119	3118
4	3120	3121	3123	3122
4	3124	3125	3127	3126
4	3128	3129	3131	3130
4	3132	3133	3135	3134
4	3136	3137	3139	3138
4	3140	3141	3143	3142
4	3144	3145	3147	3146
4	3148	3149	3151	3150
4	3152	3153	3155	3154
4	3156	3157	3159	3158
4	3160	3161	3163	3162
4	3164	3165	3167	3166
4	3168	3169	3171	3170
4	3172	3173	3175	3174
4	3176	3177	3179	3178
4	3180	3181	3183	3182
4	3184	3185	3187	3186
4	3188	3189	3191	3190
4	3192	3193	3195	3194
4	3196	3197	3199	3198
4	3200	3201	3203	3202
4	3204	3205	3207	3206
4	3208	3209	3211	3210
4	3212	3213	3215	3214
4	3216	3217	3219	3218
4	3220	3221	3223	3222
4	3224	3225	3227	3226
4	3228	3229	3231	3230
4	3232	3233	3235	3234
4	3236	3237	3239	3238
4	3240	3241	3243	3242
4	3244	3245	3247	3246
4	3248	3249	3251	3250
4	3252	3253	3255	3254
4	3256	3257	3259	3258
4	3260	3261	3263	3262
4	3264	3265	3267	3266
4	3268	3269	3271	3270
4	3272	3273	3275	3274
4	3276	3277	3279	3278
4	3280	3281	3283	3282
4	3284	3285	3287	3286
4	3288	3289	3291	3290
4	3292	3293	3295	3294
4	3296	3297	3299	3298
4	3300	3301	3303	3302
4	3304	3305	3307	3306
4	3308	3309	3311	3310
4	3312	3313	3315	3314
4	3316	3317	3319	3318
4	3320	3321	3323	3322
4	3324	3325	3327	3326
4	3328	3329	3331	3330
4	3332	3333	3335	3334
4	3336	3337	3339	3338
4	3340	3341	3343	3342
4	3344	3345	3347	3346
4	3348	3349	3351	3350
4	3352	3353	3355	3354
4	3356	3357	3359	3358
4	3360	3361	3363	3362
4	3364	3365	3367	3366
4	3368	3369	3371	3370
4	3372	3373	3375	3374
4	3376	3377	3379	3378
4	3380	3381	3383	3382
4	3384	3385	3387	3386
4	3388	3389	3391	3390
4	3392	3393	3395	3394
4	3396	3397	3399	3398
4	3400	3401	3403	3402
4	3404	3405	3407	3406
4	3408	3409	3411	3410
4	3412	3413	3415	3414
4	3416	3417	3419	3418
4	3420	3421	3423	3422
4	3424	3425	3427	3426
4	3428	3429	3431	3430
4	3432	3433	3435	3434
4	3436	3437	3439	3438
4	3440	3441	3443	3442
4	3444	3445	3447	3446
4	3448	3449	3451	3450
4	3452	3453	3455	3454
4	3456	3457	3459	3458
4	3460	3461	3463	3462
4	3464	3465	3467	3466
4	3468	3469	3471	3470
4	3472	3473	3475	3474
4	3476	3477	3479	3478
4	3480	3481	3483	3482
4	3484	3485	3487	3486
4	3488	3489	3491	3490
4	3492	3493	3495	3494
4	3496	3497	3499	3498
4	3500	3501	3503	3502
4	3504	3505	3507	3506
4	3508	3509	3511	3510
4	3512	3513	3515	3514
4	3516	3517	3519	3518
4	3520	3521	3523	3522
4	3524	3525	3527	3526
4	3528	3529	3531	3530
4	3532	3533	3535	3534
4	3536	3537	3539	3538
4	3540	3541	3543	3542
4	3544	3545	3547	3546
4	3548	3549	3551	3550
4	3552	3553	3555	3554
4	3556	3557	3559	3558
4	3560	3561	3563	3562
4	3564	3565	3567	3566
4	3568	3569	3571	3570
4	3572	3573	3575	3574
4	3576	3577	3579	3578
4	3580	3581	3583	3582
4	3584	3585	3587	3586
4	3588	3589	3591	3590
4	3592	3593	3595	3594
4	3596	3597	3599	3598
4	3600	3601	3603	3602
4	3604	3605	3607	3606
4	3608	3609	3611	3610
4	3612	3613	3615	3614
4	3616	3617	3619	3618
4	3620	3621	3623	3622
4	3624	3625	3627	3626
4	3628	3629	3631	3630
4	3632	3633	3635	3634
4	3636	3637	3639	3638
4	3640	3641	3643	3642
4	3644	3645	3647	3646
4	3648	3649	3651	3650
4	3652	3653	3655	3654
4	3656	3657	3659	3658
4	3660	3661	3663	3662
4	3664	3665	3667	3666
4	3668	3669	3671	3670
4	3672	3673	3675	3674
4	3676	3677	3679	3678
4	3680	3681	3683	3682
4	3684	3685	3687	3686
4	3688	3689	3691	3690
4	3692	3693	3695	3694
4	3696	3697	3699	3698
4	3700	3701	3703	3702
4	3704	3705	3707	3706
4	3708	3709	3711	3710
4	3712	3713	3715	3714
4	3716	3717	3719	3718
4	3720	3721	3723	3722
4	3724	3725	3727	3726
4	3728	3729	3731	3730
4	3732	3733	3735	3734
4	3736	3737	3739	3738
4	3740	3741	3743	3742
4	3744	3745	3747	3746
4	3748	3749	3751	3750
4	3752	3753	3755	3754
4	3756	3757	3759	3758
4	3760	3761	3763	3762
4	3764	3765	3767	3766
4	3768	3769	3771	3770
4	3772	3773	3775	3774
4	3776	3777	3779	3778
4	3780	3781	3783	3782
4	3784	3785	3787	3786
4	3788	3789	3791	3790
4	3792	3793	3795	3794
4	3796	3797	3799	3798
4	3800	3801	3803	3802
4	3804	3805	3807	3806
4	3808	3809	3811	3810
4	3812	3813	3815	3814
4	3816	3817	3819	3818
4	3820	3821	3823	3822
4	3824	3825	3827	3826
4	3828	3829	3831	3830
4	3832	3833	3835	3834
4	3836	3837	3839	3838
4	3840	3841	3843	3842
4	3844	3845	3847	3846
4	3848	3849	3851	3850
4	3852	3853	3855	3854
4	3856	3857	3859	3858
4	3860	3861	3863	3862
4	3864	3865	3867	3866
4	3868	3869	3871	3870
4	3872	3873	3875	3874
4	3876	3877	3879	3878
4	3880	3881	3883	3882
4	3884	3885	3887	3886
4	3888	3889	3891	3890
4	3892	3893	3895	3894
4	3896	3897	3899	3898
4	3900	3901	3903	3902
4	3904	3905	3907	3906
4	3908	3909	3911	3910
4	3912	3913	3915	3914
4	3916	3917	3919	3918
4	3920	3921	3923	3922
4	3924	3925	3927	3926
4	3928	3929	3931	3930
4	3932	3933	3935	3934
4	3936	3937	3939	3938
4	3940	3941	3943	3942
4	3944	3945	3947	3946
4	3948	3949	3951	3950
4	3952	3953	3955	3954
4	3956	3957	3959	3958
4	3960	3961	3963	3962
4	3964	3965	3967	3966
4	3968	3969	3971	3970
4	3972	3973	3975	3974
4	3976	3977	3979	3978
4	3980	3981	3983	3982
4	3984	3985	3987	3986
4	3988	3989	3991	3990
4	3992	3993	3995	3994
4	3996	3997	3999	3998
4	4000	4001	4003	4002
4	4004	4005	4007	4006
4	4008	4009	4011	4010
4	4012	4013	4015	4014
4	4016	4017	4019	4018
4	4020	4021	4023	4022
4	4024	4025	4027	4026
4	4028	4029	4031	4030
4	4032	4033	4035	4034
4	4036	4037	4039	4038
4	4040	4041	4043	4042
4	4044	4045	4047	4046
4	4048	4049	4051	4050
4	4052	4053	4055	4054
4	4056	4057	4059	4058
4	4060	4061	4063	4062
4	4064	4065	4067	4066
4	4068	4069	4071	4070
4	4072	4073	4075	4074
4	4076	4077	4079	4078
4	4080	4081	4083	4082
4	4084	4085	4087	4086
4	4088	4089	4091	4090
4	4092	4093	4095	4094
4	4096	4097	4099	4098
4	4100	4101	4103	4102
4	4104	4105	4107	4106
4	4108	4109	4111	4110
4	4112	4113	4115	4114
4	4116	4117	4119	4118
4	4120	4121	4123	4122
4	4124	4125	4127	4126
4	4128	4129	4131	4130
4	4132	4133	4135	4134
4	4136	4137	4139	4138
4	4140	4141	4143	4142
4	4144	4145	4147	4146
4	4148	4149	4151	4150
4	4152	4153	4155	4154
4	4156	4157	4159	4158
4	4160	4161	4163	4162
4	4164	4165	4167	4166
4	4168	4169	4171	4170
4	4172	4173	4175	4174
4	4176	4177	4179	4178
4	4180	4181	4183	4182
4	4184	4185	4187	4186
4	4188	4189	4191	4190
4	4192	4193	4195	4194
4	4196	4197	4199	4198
4	4200	4201	4203	4202
4	4204	4205	4207	4206
4	4208	4209	4211	4210
4	4212	4213	4215	4214
4	4216	4217	4219	4218
4	4220	4221	4223	4222
4	4224	4225	4227	4226
4	4228	4229	4231	4230
4	4232	4233	4235	4234
4	4236	4237	4239	4238
4	4240	4241	4243	4242
4	4244	4245	4247	4246
4	4248	4249	4251	4250
4	4252	4253	4255	4254
4	4256	4257	4259	4258
4	4260	4261	4263	4262
4	4264	4265	4267	4266
4	4268	4269	4271	4270
4	4272	4273	4275	4274
4	4276	4277	4279	4278
4	4280	4281	4283	4282
4	4284	4285	4287	4286
4	4288	4289	4291	4290
4	4292	4293	4295	4294
4	4296	4297	4299	4298
4	4300	4301	4303	4302
4	4304	4305	4307	4306
4	4308	4309	4311	4310
4	4312	4313	4315	4314
4	4316	4317	4319	4318
4	4320	4321	4323	4322
4	4324	4325	4327	4326
4	4328	4329	4331	4330
4	4332	4333	4335	4334
4	4336	4337	4339	4338
4	4340	4341	4343	4342
4	4344	4345	4347	4346
4	4348	4349	4351	4350
4	4352	4353	4355	4354
4	4356	4357	4359	4358
4	4360	4361	4363	4362
4	4364	4365	4367	4366
4	4368	4369	4371	4370
4	4372	4373	4375	4374
4	4376	4377	4379	4378
4	4380	4381	4383	4382
4	4384	4385	4387	4386
4	4388	4389	4391	4390
4	4392	4393	4395	4394
4	4396	4397	4399	4398
4	4400	4401	4403	4402
4	4404	4405	4407	4406
4	4408	4409	4411	4410
4	4412	4413	4415	4414
4	4416	4417	4419	4418
4	4420	4421	4423	4422
4	4424	4425	4427	4426
4	4428	4429	4431	4430
4	4432	4433	4435	4434
4	4436	4437	4439	4438
4	4440	4441	4443	4442
4	4444	4445	4447	4446
4	4448	4449	4451	4450
4	4452	4453	4455	4454
4	4456	4457	4459	4458
4	4460	4461	4463	4462
4	4464	4465	4467	4466
4	4468	4469	4471	4470
4	4472	4473	4475	4474
4	4476	4477	4479	4478
4	4480	4481	4483	4482
4	4484	4485	4487	4486
4	4488	4489	4491	4490
4	4492	4493	4495	4494
4	4496	4497	4499	4498
4	4500	4501	4503	4502
4	4504	4505	4507	4506
4	4508	4509	4511	4510
4	4512	4513	4515	4514
4	4516	4517	4519	4518
4	4520	4521	4523	4522
4	4524	4525	4527	4526
4	4528	4529	4531	4530
4	4532	4533	4535	4534
4	4536	4537	4539	4538
4	4540	4541	4543	4542
4	4544	4545	4547	4546
4	4548	4549	4551	4550
4	4552	4553	4555	4554
4	4556	4557	4559	4558
4	4560	4561	4563	4562
4	4564	4565	4567	4566
4	4568	4569	4571	4570
4	4572	4573	4575	4574
4	4576	4577	4579	4578
4	4580	4581	4583	4582
4	4584	4585	4587	4586
4	4588	4589	4591	4590
4	4592	4593	4595	4594
4	4596	4597	4599	4598
4	4600	4601	4603	4602
4	4604	4605	4607	4606
4	4608	4609	4611	4610
4	4612	4613	4615	4614
4	4616	4617	4619	4618
4	4620	4621	4623	4622

CELL_TYPES 1156
 9 9 9 9 9 9 9 9 9 9 9 9 9 9 9 9 9 9 9 9 9 9 9 9 9 9 9 9 9 9 9 9 9 9 9 9 9 9 9 9 9 9 9 9 9 9 9 9 9 9 9 9 9 9 9 9 9 9 9 9 9 9 9 9 9 9 9 9 9 9 9 9 9 9 9 9 9 9 9 9 9 9 9 9 9 9 9 9 9 9 9 9 9 9 9 9 9 9 9 9 9 9 9 9 9 9 9 9 9 9 9 9 9 9 9 9 9 9 9 9 9 9 9 9 9 9 9 9 9 9 9 9 9 9 9 9 9 9 9 9 9 9 9 9 9 9 9 9 9 9 9 9 9 9 9 9 9 9 9 9 9 9 9 9 9 9 9 9 9 9 9 9 9 9 9 9 9 9 9 9 9 9 9 9 9 9 9 9 9 9 9 9 9 9 9 9 9 9 9 9 9 9 9 9 9 9 9 9 9 9 9 9 9 9 9 9 9 9 9 9 9 9 9 9 9 9 9 9 9 9 9 9 9 9 9 9 9 9 9 9 9 9 9 9 9 9 9 9 9 9 9 9 9 9 9 9 9 9 9 9 9 9 9 9 9 9 9 9 9 9 9 9 9 9 9 9 9 9 9 9 9 9 9 9 9 9 9 9 9 9 9 9 9 9 9 9 9 9 9 9 9 9 9 9 9 9 9 9 9 9 9 9 9 9 9 9 9 9 9 9 9 9 9 9 9 9 9 9 9 9 9 9 9 9 9 9 9 9 9 9 9 9 9 9 9 9 9 9 9 9 9 9 9 9 9 9 9 9 9 9 9 9 9 9 9 9 9 9 9 9 9 9 9 9 9 9 9 9 9 9 9 9 9 9 9 9 9 9 9 9 9 9 9 9 9 9 9 9 9 9 9 9 9 9 9 9 9 9 9 9 9 9 9 9 9 9 9 9 9 9 9 9 9 9 9 9 9 9 9 9 9 9 9 9 9 9 9 9 9 9 9 9 9 9 9 9 9 9 9 9 9 9 9 9 9 9 9 9 9 9 9 9 9 9 9 9 9 9 9 9 9 9 9 9 9 9 9 9 9 9 9 9 9 9 9 9 9 9 9 9 9 9 9 9 9 9 9 9 9 9 9 9 9 9 9 9 9 9 9 9 9 9 9 9 9 9 9 9 9 9 9 9 9 9 9 9 9 9 9 9 9 9 9 9 9 9 9 9 9 9 9 9 9 9 9 9 9 9 9 9 9 9 9 9 9 9 9 9 9 9 9 9 9 9 9 9 9 9 9 9 9 9 9 9 9 9 9 9 9 9 9 9 9 9 9 9 9 9 9 9 9 9 9 9 9 9 9 9 9 9 9 9 9 9 9 9 9 9 9 9 9 9 9 9 9 9 9 9 9 9 9 9 9 9 9 9 9 9 9 9 9 9 9 9 9 9 9 9 9 9 9 9 9 9 9 9 9 9 9 9 9 9 9 9 9 9 9 9 9 9 9 9 9 9 9 9 9 9 9 9 9 9 9 9 9 9 9 9 9 9 9 9 9 9 9 9 9 9 9 9 9 9 9 9 9 9 9 9 9 9 9 9 9 9 9 9 9 9 9 9 9 9 9 9 9 9 9 9 9 9 9 9 9 9 9 9 9 9 9 9 9 9 9 9 9 9 9 9 9 9 9 9 9 9 9 9 9 9 9 9 9 9 9 9 9 9 9 9 9 9 9 9 9 9 9 9 9 9 9 9 9 9 9 9 9 9 9 9 9 9 9 9 9 9 9 9 9 9 9 9 9 9 9 9 9 9 9 9 9 9 9 9 9 9 9 9 9 9 9 9 9 9 9 9 9 9 9 9 9 9 9 9 9 9 9 9 9 9 9 9 9 9 9 9 9 9 9 9 9 9 9 9 9 9 9 9 9 9 9 9 9 9 9 9 9 9 9 9 9 9 9 9 9 9 9 9 9 9 9 9 9 9 9 9 9 9 9 9 9 9 9 9 9 9 9 9 9 9 9 9 9 9 9 9 9 9 9 9 9 9 9 9 9 9 9 9 9 9 9 9 9 9 9 9 9 9 9 9 9 9 9 9 9 9 9 9 9 9 9 9 9 9 9 9 9 9 9 9 9 9 9 9 9 9 9 9 9 9 9 9 9 9 9 9 9 9 9 9 9 9 9 9 9 9 9 9 9 9 9 9 9 9 9 9 9 9 9 9 9 9 9 9 9 9 9 9 9 9 9 9 9 9 9 9 9 9 9 9 9 9 9 9 9 9 9 9 9 9 9 9 9 9 9 9 9 9 9 9 9 9 9 9 9 9 9 9 9 9 9 9 9 9 9 9 9 9 9 9 9 9 9 9 9 9 9 9 9 9 9 9 9 9 9 9 9 9 9 9 9 9 9 9 9 9 9 9 9 9 9 9 9 9 9 9 9 9 9 9 9 9 9 9 9 9 9 9 9 9 9 9 9 9 9 9 9 9 9 9 9 9 9 9 9 9 9 9 9 9 9 9 9 9 9 9 9 9 9 9 9 9 9 9 9 9 9 9 9 9 9 9 9 9 9 9 9 9 9 9 9 9 9 9 9 9 9 9 9 9 9 9 9 9 9 9 9 9
POINT_DATA 4624
VECTORS velocity double
0 0 0
0.0922684 0 0
0 -0.0922684 0
0.0918738 -0.0918762 0
0.0922684 0 0
0.18375 0 0
0.0918738 -0.0918762 0
0.182964 -0.0906989 0
0 -0.0922684 0
0.0918738 -0.0918762 0
0 -0.18375 0
0.0906967 -0.182967 0
0.0918738 -0.0918762 0
0.182964 -0.0906989 0
0.0906967 -0.182967 0
0.18062 -0.180623 0
0 -0.18375 0
0.0906967 -0.182967 0
0 -0.273663 0
0.0887458 -0.272497 0
0.0906967 -0.182967 0
0.18062 -0.180623 0
0.0887458 -0.272497 0
0.176734 -0.269006 0
0 -0.273663 0
0.0887458 -0.272497 0
0 -0.361242 0
0.0860376 -0.359702 0
0.0887458 -0.272497 0
0.176734 -0.269006 0
0.0860376 -0.359702 0
0.171341 -0.355093 0
0 -0.361242 0
0.0860376 -0.359702 0
0 -0.445738 0
0.0825953 -0.443838 0
0.0860376 -0.359702 0
0.171341 -0.355093 0
0.0825953 -0.443838 0
0.164486 -0.438151 0
0 -0.445738 0
0.0825953 -0.443838 0
0 -0.526432 0
0.0784483 -0.524188 0
0.0825953 -0.443838 0
0.164486 -0.438151 0
0.0784483 -0.524188 0
0.156227 -0.517471 0
0 -0.526432 0
0.0784483 -0.524188 0
0 -0.602635 0
0.073632 -0.600065 0
0.0784483 -0.524188 0
0.156227 -0.517471 0
0.073632 -0.600065 0
0.146636 -0.592376 0
0 -0.602635 0
0.073632 -0.600065 0
0 -0.673696 0
0.0681874 -0.670823 0
0.073632 -0.600065 0
0.146636 -0.592376 0
0.0681874 -0.670823 0
0.135793 -0.662227 0
0 -0.673696 0
0.0681874 -0.670823 0
0 -0.739009 0
0.0621611 -0.735858 0
0.0681874 -0.670823 0
0.135793 -0.662227 0
0.0621611 -0.735858 0
0.123792 -0.726428 0
0 -0.739009 0
0.0621611 -0.735858 0
0 -0.798017 0
0.0556044 -0.794614 0
0.0621611 -0.735858 0
0.123792 -0.726428 0
0.0556044 -0.794614 0
0.110734 -0.784432 0
0 -0.798017 0
0.0556044 -0.794614 0
0 -0.850217 0
0.0485734 -0.846592 0
0.0556044 -0.794614 0
0.110734 -0.784432 0
0.0485734 -0.846592 0
0.0967323 -0.835743 0
0 -0.850217 0
0.0485734 -0.846592 0
0 -0.895163 0
0.0411279 -0.891346 0
0.0485734 -0.846592 0
0.0967323 -0.835743 0
0.0411279 -0.891346 0
0.0819049 -0.879924 0
0 -0.895163 0
0.0411279 -0.891346 0
0 -0.932472 0
0.0333315 -0.928496 0
0.0411279 -0.891346 0
0.0819049 -0.879924 0
0.0333315 -0.928496 0
0.0663786 -0.916597 0
0 -0.932472 0
0.0333315 -0.928496 0
0 -0.961826 0
0.0252508 -0.957724 0
0.0333315 -0.928496 0
0.0663786 -0.916597 0
0.0252508 -0.957724 0
0.050286 -0.945451 0
0 -0.961826 0
0.0252508 -0.957724 0
0 -0.982973 0
0.0169546 -0.978781 0
0.0252508 -0.957724 0
0.050286 -0.945451 0
0.0169546 -0.978781 0
0.0337644 -0.966238 0
0 -0.982973 0
0.0169546 -0.978781 0
0 -0.995734 0
0.00851374 -0.991488 0
0.0169546 -0.978781 0
0.0337644 -0.966238 0
0.00851374 -0.991488 0
0.0169547 -0.978782 0
0 -0.995734 0
0.00851374 -0.991488 0
0 -1 0
2.71667e-07 -0.995735 0
0.00851374 -0.991488 0
0.0169547 -0.978782 0
2.71667e-07 -0.995735 0
4.20583e-07 -0.982975 0
0 -1 0
2.71667e-07 -0.995735 0
0 -0.995734 0
-0.0085132 -0.991488 0
2.71667e-07 -0.995735 0
4.20583e-07 -0.982975 0
-0.0085132 -0.991488 0
-0.0169539 -0.978781 0
0 -0.995734 0
-0.0085132 -0.991488 0
0 -0.982973 0
-0.016954 -0.978781 0
-0.0085132 -0.991488 0
-0.0169539 -0.978781 0
-0.016954 -0.978781 0
-0.0337636 -0.966237 0
0 -0.982973 0
-0.016954 -0.978781 0
0 -0.961826 0
-0.0252502 -0.957723 0
-0.016954 -0.978781 0
-0.0337636 -0.966237 0
-0.0252502 -0.957723 0
-0.0502852 -0.945449 0
0 -0.961826 0
-0.0252502 -0.957723 0
0 -0.932472 0
-0.033331 -0.928495 0
-0.0252502 -0.957723 0
-0.0502852 -0.945449 0
-0.033331 -0.928495 0
-0.0663778 -0.916595 0
0 -0.932472 0
-0.033331 -0.928495 0
0 -0.895163 0
-0.0411274 -0.891345 0
-0.033331 -0.928495 0
-0.0663778 -0.916595 0
-0.0411274 -0.891345 0
-0.0819041 -0.879921 0
0 -0.895163 0
-0.0411274 -0.891345 0
0 -0.850217 0
-0.0485729 -0.84659 0
-0.0411274 -0.891345 0
-0.0819041 -0.879921 0
-0.0485729 -0.84659 0
-0.0967315 -0.83574 0
0 -0.850217 0
-0.0485729 -0.84659 0
0 -0.798017 0
-0.055604 -0.794613 0
-0.0485729 -0.84659 0
-0.0967315 -0.83574 0
-0.055604 -0.794613 0
-0.110734 -0.784429 0
0 -0.798017 0
-0.055604 -0.794613 0
0 -0.739009 0
-0.0621607 -0.735856 0
-0.055604 -0.794613 0
-0.110734 -0.784429 0
-0.0621607 -0.735856 0
-0.123791 -0.726425 0
0 -0.739009 0
-0.0621607 -0.735856 0
0 -0.673696 0
-0.0681871 -0.670821 0
-0.0621607 -0.735856 0
-0.123791 -0.726425 0
-0.0681871 -0.670821 0
-0.135793 -0.662223 0
0 -0.673696 0
-0.0681871 -0.670821 0
0 -0.602635 0
-0.0736317 -0.600063 0
-0.0681871 -0.670821 0
-0.135793 -0.662223 0
-0.0736317 -0.600063 0
-0.146635 -0.592372 0
0 -0.602635 0
-0.0736317 -0.600063 0
0 -0.526432 0
-0.0784481 -0.524185 0
-0.0736317 -0.600063 0
-0.146635 -0.592372 0
-0.0784481 -0.524185 0
-0.156227 -0.517466 0
0 -0.526432 0
-0.0784481 -0.524185 0
0 -0.445738 0
-0.0825953 -0.443835 0
-0.0784481 -0.524185 0
-0.156227 -0.517466 0
-0.0825953 -0.443835 0
-0.164486 -0.438146 0
0 -0.445738 0
-0.0825953 -0.443835 0
0 -0.361242 0
-0.0860378 -0.359699 0
-0.0825953 -0.443835 0
-0.164486 -0.438146 0
-0.0860378 -0.359699 0
-0.171342 -0.355088 0
0 -0.361242 0
-0.0860378 -0.359699 0
0 -0.273663 0
-0.0887463 -0.272493 0
-0.0860378 -0.359699 0
-0.171342 -0.355088 0
-0.0887463 -0.272493 0
-0.176735 -0.269001 0
0 -0.273663 0
-0.0887463 -0.272493 0
0 -0.18375 0
-0.0906978 -0.182964 0
-0.0887463 -0.272493 0
-0.176735 -0.269001 0
-0.0906978 -0.182964 0
-0.180621 -0.180618 0
0 -0.18375 0
-0.0906978 -0.182964 0
0 -0.0922684 0
-0.0918755 -0.0918731 0
-0.0906978 -0.182964 0
-0.180621 -0.180618 0
-0.0918755 -0.0918731 0
-0.182966 -0.0906956 0
0 -0.0922684 0
-0.0918755 -0.0918731 0
0 -1.22465e-16 0
-0.0922684 -1.21942e-16 0
-0.0918755 -0.0918731 0
-0.182966 -0.0906956 0
-0.0922684 -1.21942e-16 0
-0.18375 -1.20379e-16 0
0.18375 0 0
0.273663 0 0
0.182964 -0.0906989 0
0.272494 -0.0887477 0
0.273663 0 0
0.361242 0 0
0.272494 -0.0887477 0
0.3597 -0.0860393 0
0.182964 -0.0906989 0
0.272494 -0.0887477 0
0.18062 -0.180623 0
0.269002 -0.176737 0
0.272494 -0.0887477 0
0.3597 -0.0860393 0
0.269002 -0.176737 0
0.35509 -0.171344 0
0.18062 -0.180623 0
0.269002 -0.176737 0
0.176734 -0.269006 0
0.263215 -0.263219 0
0.269002 -0.176737 0
0.35509 -0.171344 0
0.263215 -0.263219 0
0.347451 -0.255186 0
0.176734 -0.269006 0
0.263215 -0.263219 0
0.171341 -0.355093 0
0.255183 -0.347454 0
0.263215 -0.263219 0
0.347451 -0.255186 0
0.255183 -0.347454 0
0.336848 -0.336851 0
0.171341 -0.355093 0
0.255183 -0.347454 0
0.164486 -0.438151 0
0.244973 -0.428725 0
0.255183 -0.347454 0
0.336848 -0.336851 0
0.244973 -0.428725 0
0.323371 -0.415642 0
0.164486 -0.438151 0
0.244973 -0.428725 0
0.156227 -0.517471 0
0.232673 -0.506339 0
0.244973 -0.428725 0
0.323371 -0.415642 0
0.232673 -0.506339 0
0.307135 -0.490887 0
0.156227 -0.517471 0
0.232673 -0.506339 0
0.146636 -0.592376 0
0.218388 -0.579632 0
0.232673 -0.506339 0
0.307135 -0.490887 0
0.218388 -0.579632 0
0.288278 -0.561943 0
0.146636 -0.592376 0
0.218388 -0.579632 0
0.135793 -0.662227 0
0.20224 -0.647981 0
0.218388 -0.579632 0
0.288278 -0.561943 0
0.20224 -0.647981 0
0.266962 -0.628206 0
0.135793 -0.662227 0
0.20224 -0.647981 0
0.123792 -0.726428 0
0.184366 -0.710801 0
0.20224 -0.647981 0
0.266962 -0.628206 0
0.184366 -0.710801 0
0.243368 -0.689109 0
0.123792 -0.726428 0
0.184366 -0.710801 0
0.110734 -0.784432 0
0.16492 -0.767556 0
0.184366 -0.710801 0
0.243368 -0.689109 0
0.16492 -0.767556 0
0.217698 -0.744132 0
0.110734 -0.784432 0
0.16492 -0.767556 0
0.0967323 -0.835743 0
0.144066 -0.817763 0
0.16492 -0.767556 0
0.217698 -0.744132 0
0.144066 -0.817763 0
0.19017 -0.792807 0
0.0967323 -0.835743 0
0.144066 -0.817763 0
0.0819049 -0.879924 0
0.121983 -0.860994 0
0.144066 -0.817763 0
0.19017 -0.792807 0
0.121983 -0.860994 0
0.16102 -0.834718 0
0.0819049 -0.879924 0
0.121983 -0.860994 0
0.0663786 -0.916597 0
0.0988593 -0.896878 0
0.121983 -0.860994 0
0.16102 -0.834718 0
0.0988593 -0.896878 0
0.130497 -0.869507 0
0.0663786 -0.916597 0
0.0988593 -0.896878 0
0.050286 -0.945451 0
0.0748922 -0.925111 0
0.0988593 -0.896878 0
0.130497 -0.869507 0
0.0748922 -0.925111 0
0.0988594 -0.896878 0
0.050286 -0.945451 0
0.0748922 -0.925111 0
0.0337644 -0.966238 0
0.0502861 -0.945451 0
0.0748922 -0.925111 0
0.0988594 -0.896878 0
0.0502861 -0.945451 0
0.0663788 -0.916597 0
0.0337644 -0.966238 0
0.0502861 -0.945451 0
0.0169547 -0.978782 0
0.025251 -0.957725 0
0.0502861 -0.945451 0
0.0663788 -0.916597 0
0.025251 -0.957725 0
0.0333318 -0.928496 0
0.0169547 -0.978782 0
0.025251 -0.957725 0
4.20583e-07 -0.982975 0
4.89603e-07 -0.961827 0
0.025251 -0.957725 0
0.0333318 -0.928496 0
4.89603e-07 -0.961827 0
5.29809e-07 -0.932474 0
4.20583e-07 -0.982975 0
4.89603e-07 -0.961827 0
-0.0169539 -0.978781 0
-0.02525 -0.957724 0
4.89603e-07 -0.961827 0
5.29809e-07 -0.932474 0
-0.02525 -0.957724 0
-0.0333308 -0.928496 0
-0.0169539 -0.978781 0
-0.02525 -0.957724 0
-0.0337636 -0.966237 0
-0.0502851 -0.94545 0
-0.02525 -0.957724 0
-0.0333308 -0.928496 0
-0.0502851 -0.94545 0
-0.0663777 -0.916596 0
-0.0337636 -0.966237 0
-0.0502851 -0.94545 0
-0.0502852 -0.945449 0
-0.0748912 -0.925109 0
-0.0502851 -0.94545 0
-0.0663777 -0.916596 0
-0.0748912 -0.925109 0
-0.0988583 -0.896876 0
-0.0502852 -0.945449 0
-0.0748912 -0.925109 0
-0.0663778 -0.916595 0
-0.0988583 -0.896876 0
-0.0748912 -0.925109 0
-0.0988583 -0.896876 0
-0.0988583 -0.896876 0
-0.130495 -0.869505 0
-0.0663778 -0.916595 0
-0.0988583 -0.896876 0
-0.0819041 -0.879921 0
-0.121982 -0.860991 0
-0.0988583 -0.896876 0
-0.130495 -0.869505 0
-0.121982 -0.860991 0
-0.161019 -0.834715 0
-0.0819041 -0.879921 0
-0.121982 -0.860991 0
-0.0967315 -0.83574 0
-0.144065 -0.81776 0
-0.121982 -0.860991 0
-0.161019 -0.834715 0
-0.144065 -0.81776 0
-0.190169 -0.792803 0
-0.0967315 -0.83574 0
-0.144065 -0.81776 0
-0.110734 -0.784429 0
-0.164919 -0.767552 0
-0.144065 -0.81776 0
-0.190169 -0.792803 0
-0.164919 -0.767552 0
-0.217697 -0.744128 0
-0.110734 -0.784429 0
-0.164919 -0.767552 0
-0.123791 -0.726425 0
-0.184366 -0.710796 0
-0.164919 -0.767552 0
-0.217697 -0.744128 0
-0.184366 -0.710796 0
-0.243367 -0.689104 0
-0.123791 -0.726425 0
-0.184366 -0.710796 0
-0.135793 -0.662223 0
-0.20224 -0.647976 0
-0.184366 -0.710796 0
-0.243367 -0.689104 0
-0.20224 -0.647976 0
-0.266961 -0.628201 0
-0.135793 -0.662223 0
-0.20224 -0.647976 0
-0.146635 -0.592372 0
-0.218388 -0.579627 0
-0.20224 -0.647976 0
-0.266961 -0.628201 0
-0.218388 -0.579627 0
-0.288277 -0.561938 0
-0.146635 -0.592372 0
-0.218388 -0.579627 0
-0.156227 -0.517466 0
-0.232673 -0.506333 0
-0.218388 -0.579627 0
-0.288277 -0.561938 0
-0.232673 -0.506333 0
-0.307134 -0.490881 0
-0.156227 -0.517466 0
-0.232673 -0.506333 0
-0.164486 -0.438146 0
-0.244973 -0.42872 0
-0.232673 -0.506333 0
-0.307134 -0.490881 0
-0.244973 -0.42872 0
-0.323371 -0.415636 0
-0.164486 -0.438146 0
-0.244973 -0.42872 0
-0.171342 -0.355088 0
-0.255183 -0.347449 0
-0.244973 -0.42872 0
-0.323371 -0.415636 0
-0.255183 -0.347449 0
-0.336848 -0.336845 0
-0.171342 -0.355088 0
-0.255183 -0.347449 0
-0.176735 -0.269001 0
-0.263217 -0.263213 0
-0.255183 -0.347449 0
-0.336848 -0.336845 0
-0.263217 -0.263213 0
-0.347452 -0.25518 0
-0.176735 -0.269001 0
-0.263217 -0.263213 0
-0.180621 -0.180618 0
-0.269004 -0.176732 0
-0.263217 -0.263213 0
-0.347452 -0.25518 0
-0.269004 -0.176732 0
-0.355091 -0.171339 0
-0.180621 -0.180618 0
-0.269004 -0.176732 0
-0.182966 -0.0906956 0
-0.272496 -0.0887445 0
-0.269004 -0.176732 0
-0.355091 -0.171339 0
-0.272496 -0.0887445 0
-0.359701 -0.0860362 0
-0.182966 -0.0906956 0
-0.272496 -0.0887445 0
-0.18375 -1.20379e-16 0
-0.273663 -1.1779e-16 0
-0.272496 -0.0887445 0
-0.359701 -0.0860362 0
-0.273663 -1.1779e-16 0
-0.361242 -1.14195e-16 0
0.361242 0 0
0.445738 0 0
0.3597 -0.0860393 0
0.443836 -0.0825968 0
0.445738 0 0
0.526432 0 0
0.443836 -0.0825968 0
0.524186 -0.0784497 0
0.3597 -0.0860393 0
0.443836 -0.0825968 0
0.35509 -0.171344 0
0.438148 -0.164488 0
0.443836 -0.0825968 0
0.524186 -0.0784497 0
0.438148 -0.164488 0
0.517468 -0.15623 0
0.35509 -0.171344 0
0.438148 -0.164488 0
0.347451 -0.255186 0
0.428722 -0.244976 0
0.438148 -0.164488 0
0.517468 -0.15623 0
0.428722 -0.244976 0
0.506336 -0.232676 0
0.347451 -0.255186 0
0.428722 -0.244976 0
0.336848 -0.336851 0
0.415639 -0.323374 0
0.428722 -0.244976 0
0.506336 -0.232676 0
0.415639 -0.323374 0
0.490884 -0.307137 0
0.336848 -0.336851 0
0.415639 -0.323374 0
0.323371 -0.415642 0
0.399009 -0.399012 0
0.415639 -0.323374 0
0.490884 -0.307137 0
0.399009 -0.399012 0
0.471244 -0.378978 0
0.323371 -0.415642 0
0.399009 -0.399012 0
0.307135 -0.490887 0
0.378975 -0.471246 0
0.399009 -0.399012 0
0.471244 -0.378978 0
0.378975 -0.471246 0
0.447583 -0.447585 0
0.307135 -0.490887 0
0.378975 -0.471246 0
0.288278 -0.561943 0
0.355708 -0.53946 0
0.378975 -0.471246 0
0.447583 -0.447585 0
0.355708 -0.53946 0
0.420103 -0.512374 0
0.288278 -0.561943 0
0.355708 -0.53946 0
0.266962 -0.628206 0
0.329406 -0.603071 0
0.355708 -0.53946 0
0.420103 -0.512374 0
0.329406 -0.603071 0
0.38904 -0.572791 0
0.266962 -0.628206 0
0.329406 -0.603071 0
0.243368 -0.689109 0
0.300293 -0.661537 0
0.329406 -0.603071 0
0.38904 -0.572791 0
0.300293 -0.661537 0
0.354657 -0.628322 0
0.243368 -0.689109 0
0.300293 -0.661537 0
0.217698 -0.744132 0
0.268619 -0.714359 0
0.300293 -0.661537 0
0.354657 -0.628322 0
0.268619 -0.714359 0
0.317248 -0.678491 0
0.217698 -0.744132 0
0.268619 -0.714359 0
0.19017 -0.792807 0
0.234652 -0.761086 0
0.268619 -0.714359 0
0.317248 -0.678491 0
0.234652 -0.761086 0
0.277132 -0.722873 0
0.19017 -0.792807 0
0.234652 -0.761086 0
0.16102 -0.834718 0
0.198684 -0.80132 0
0.234652 -0.761086 0
0.277132 -0.722873 0
0.198684 -0.80132 0
0.234652 -0.761086 0
0.16102 -0.834718 0
0.198684 -0.80132 0
0.130497 -0.869507 0
0.16102 -0.834718 0
0.198684 -0.80132 0
0.234652 -0.761086 0
0.16102 -0.834718 0
0.190171 -0.792807 0
0.130497 -0.869507 0
0.16102 -0.834718 0
0.0988594 -0.896878 0
0.121983 -0.860994 0
0.16102 -0.834718 0
0.190171 -0.792807 0
0.121983 -0.860994 0
0.144066 -0.817763 0
0.0988594 -0.896878 0
0.121983 -0.860994 0
0.0663788 -0.916597 0
0.0819051 -0.879924 0
0.121983 -0.860994 0
0.144066 -0.817763 0
0.0819051 -0.879924 0
0.0967326 -0.835743 0
0.0663788 -0.916597 0
0.0819051 -0.879924 0
0.0333318 -0.928496 0
0.0411283 -0.891347 0
0.0819051 -0.879924 0
0.0967326 -0.835743 0
0.0411283 -0.891347 0
0.0485739 -0.846592 0
0.0333318 -0.928496 0
0.0411283 -0.891347 0
5.29809e-07 -0.932474 0
5.77964e-07 -0.895165 0
0.0411283 -0.891347 0
0.0485739 -0.846592 0
5.77964e-07 -0.895165 0
6.53179e-07 -0.850219 0
5.29809e-07 -0.932474 0
5.77964e-07 -0.895165 0
-0.0333308 -0.928496 0
-0.0411271 -0.891346 0
5.77964e-07 -0.895165 0
6.53179e-07 -0.850219 0
-0.0411271 -0.891346 0
-0.0485725 -0.846592 0
-0.0333308 -0.928496 0
-0.0411271 -0.891346 0
-0.0663777 -0.916596 0
-0.0819039 -0.879922 0
-0.0411271 -0.891346 0
-0.0485725 -0.846592 0
-0.0819039 -0.879922 0
-0.0967313 -0.835742 0
-0.0663777 -0.916596 0
-0.0819039 -0.879922 0
-0.0988583 -0.896876 0
-0.121982 -0.860992 0
-0.0819039 -0.879922 0
-0.0967313 -0.835742 0
-0.121982 -0.860992 0
-0.144065 -0.817761 0
-0.0988583 -0.896876 0
-0.121982 -0.860992 0
-0.130495 -0.869505 0
-0.161019 -0.834715 0
-0.121982 -0.860992 0
-0.144065 -0.817761 0
-0.161019 -0.834715 0
-0.190169 -0.792804 0
-0.130495 -0.869505 0
-0.161019 -0.834715 0
-0.161019 -0.834715 0
-0.198683 -0.801317 0
-0.161019 -0.834715 0
-0.190169 -0.792804 0
-0.198683 -0.801317 0
-0.234651 -0.761083 0
-0.161019 -0.834715 0
-0.198683 -0.801317 0
-0.190169 -0.792803 0
-0.234651 -0.761082 0
-0.198683 -0.801317 0
-0.234651 -0.761083 0
-0.234651 -0.761082 0
-0.277131 -0.722869 0
-0.190169 -0.792803 0
-0.234651 -0.761082 0
-0.217697 -0.744128 0
-0.268618 -0.714355 0
-0.234651 -0.761082 0
-0.277131 -0.722869 0
-0.268618 -0.714355 0
-0.317247 -0.678487 0
-0.217697 -0.744128 0
-0.268618 -0.714355 0
-0.243367 -0.689104 0
-0.300292 -0.661532 0
-0.268618 -0.714355 0
-0.317247 -0.678487 0
-0.300292 -0.661532 0
-0.354655 -0.628317 0
-0.243367 -0.689104 0
-0.300292 -0.661532 0
-0.266961 -0.628201 0
-0.329405 -0.603066 0
-0.300292 -0.661532 0
-0.354655 -0.628317 0
-0.329405 -0.603066 0
-0.389039 -0.572786 0
-0.266961 -0.628201 0
-0.329405 -0.603066 0
-0.288277 -0.561938 0
-0.355707 -0.539454 0
-0.329405 -0.603066 0
-0.389039 -0.572786 0
-0.355707 -0.539454 0
-0.420102 -0.512368 0
-0.288277 -0.561938 0
-0.355707 -0.539454 0
-0.307134 -0.490881 0
-0.378975 -0.47124 0
-0.355707 -0.539454 0
-0.420102 -0.512368 0
-0.378975 -0.47124 0
-0.447582 -0.447579 0
-0.307134 -0.490881 0
-0.378975 -0.47124 0
-0.323371 -0.415636 0
-0.399009 -0.399006 0
-0.378975 -0.47124 0
-0.447582 -0.447579 0
-0.399009 -0.399006 0
-0.471243 -0.378972 0
-0.323371 -0.415636 0
-0.399009 -0.399006 0
-0.336848 -0.336845 0
-0.415639 -0.323368 0
-0.399009 -0.399006 0
-0.471243 -0.378972 0
-0.415639 -0.323368 0
-0.490884 -0.307131 0
-0.336848 -0.336845 0
-0.415639 -0.323368 0
-0.347452 -0.25518 0
-0.428723 -0.24497 0
-0.415639 -0.323368 0
-0.490884 -0.307131 0
-0.428723 -0.24497 0
-0.506336 -0.232671 0
-0.347452 -0.25518 0
-0.428723 -0.24497 0
-0.355091 -0.171339 0
-0.438149 -0.164484 0
-0.428723 -0.24497 0
-0.506336 -0.232671 0
-0.438149 -0.164484 0
-0.517469 -0.156225 0
-0.355091 -0.171339 0
-0.438149 -0.164484 0
-0.359701 -0.0860362 0
-0.443837 -0.0825938 0
-0.438149 -0.164484 0
-0.517469 -0.156225 0
-0.443837 -0.0825938 0
-0.524187 -0.0784468 0
-0.359701 -0.0860362 0
-0.443837 -0.0825938 0
-0.361242 -1.14195e-16 0
-0.445738 -1.09626e-16 0
-0.443837 -0.0825938 0
-0.524187 -0.0784468 0
-0.445738 -1.09626e-16 0
-0.526432 -1.04122e-16 0
0.526432 0 0
0.602635 0 0
0.524186 -0.0784497 0
0.600063 -0.0736332 0
0.602635 0 0
0.673696 0 0
0.600063 -0.0736332 0
0.670822 -0.0681885 0
0.524186 -0.0784497 0
0.600063 -0.0736332 0
0.517468 -0.15623 0
0.592373 -0.146638 0
0.600063 -0.0736332 0
0.670822 -0.0681885 0
0.592373 -0.146638 0
0.662225 -0.135795 0
0.517468 -0.15623 0
0.592373 -0.146638 0
0.506336 -0.232676 0
0.579629 -0.218391 0
0.592373 -0.146638 0
0.662225 -0.135795 0
0.579629 -0.218391 0
0.647978 -0.202242 0
0.506336 -0.232676 0
0.579629 -0.218391 0
0.490884 -0.307137 0
0.561941 -0.28828 0
0.579629 -0.218391 0
0.647978 -0.202242 0
0.561941 -0.28828 0
0.628203 -0.266964 0
0.490884 -0.307137 0
0.561941 -0.28828 0
0.471244 -0.378978 0
0.539457 -0.355711 0
0.561941 -0.28828 0
0.628203 -0.266964 0
0.539457 -0.355711 0
0.603069 -0.329408 0
0.471244 -0.378978 0
0.539457 -0.355711 0
0.447583 -0.447585 0
0.512372 -0.420106 0
0.539457 -0.355711 0
0.603069 -0.329408 0
0.512372 -0.420106 0
0.572789 -0.389042 0
0.447583 -0.447585 0
0.512372 -0.420106 0
0.420103 -0.512374 0
0.480914 -0.480917 0
0.512372 -0.420106 0
0.572789 -0.389042 0
0.480914 -0.480917 0
0.537623 -0.445356 0
0.420103 -0.512374 0
0.480914 -0.480917 0
0.38904 -0.572791 0
0.445354 -0.537624 0
0.480914 -0.480917 0
0.537623 -0.445356 0
0.445354 -0.537624 0
0.497869 -0.497871 0
0.38904 -0.572791 0
0.445354 -0.537624 0
0.354657 -0.628322 0
0.405994 -0.589746 0
0.445354 -0.537624 0
0.497869 -0.497871 0
0.405994 -0.589746 0
0.453868 -0.546138 0
0.354657 -0.628322 0
0.405994 -0.589746 0
0.317248 -0.678491 0
0.36317 -0.636835 0
0.405994 -0.589746 0
0.453868 -0.546138 0
0.36317 -0.636835 0
0.405994 -0.589745 0
0.317248 -0.678491 0
0.36317 -0.636835 0
0.277132 -0.722873 0
0.317248 -0.678491 0
0.36317 -0.636835 0
0.405994 -0.589745 0
0.317248 -0.678491 0
0.354657 -0.628321 0
0.277132 -0.722873 0
0.317248 -0.678491 0
0.234652 -0.761086 0
0.268619 -0.714359 0
0.317248 -0.678491 0
0.354657 -0.628321 0
0.268619 -0.714359 0
0.300294 -0.661537 0
0.234652 -0.761086 0
0.268619 -0.714359 0
0.190171 -0.792807 0
0.217698 -0.744132 0
0.268619 -0.714359 0
0.300294 -0.661537 0
0.217698 -0.744132 0
0.243369 -0.689108 0
0.190171 -0.792807 0
0.217698 -0.744132 0
0.144066 -0.817763 0
0.16492 -0.767556 0
0.217698 -0.744132 0
0.243369 -0.689108 0
0.16492 -0.767556 0
0.184367 -0.7108 0
0.144066 -0.817763 0
0.16492 -0.767556 0
0.0967326 -0.835743 0
0.110735 -0.784432 0
0.16492 -0.767556 0
0.184367 -0.7108 0
0.110735 -0.784432 0
0.123793 -0.726428 0
0.0967326 -0.835743 0
0.110735 -0.784432 0
0.0485739 -0.846592 0
0.0556051 -0.794615 0
0.110735 -0.784432 0
0.123793 -0.726428 0
0.0556051 -0.794615 0
0.0621619 -0.735858 0
0.0485739 -0.846592 0
0.0556051 -0.794615 0
6.53179e-07 -0.850219 0
7.62466e-07 -0.798019 0
0.0556051 -0.794615 0
0.0621619 -0.735858 0
7.62466e-07 -0.798019 0
9.06869e-07 -0.739011 0
6.53179e-07 -0.850219 0
7.62466e-07 -0.798019 0
-0.0485725 -0.846592 0
-0.0556035 -0.794614 0
7.62466e-07 -0.798019 0
9.06869e-07 -0.739011 0
-0.0556035 -0.794614 0
-0.0621601 -0.735858 0
-0.0485725 -0.846592 0
-0.0556035 -0.794614 0
-0.0967313 -0.835742 0
-0.110733 -0.78443 0
-0.0556035 -0.794614 0
-0.0621601 -0.735858 0
-0.110733 -0.78443 0
-0.123791 -0.726427 0
-0.0967313 -0.835742 0
-0.110733 -0.78443 0
-0.144065 -0.817761 0
-0.164919 -0.767554 0
-0.110733 -0.78443 0
-0.123791 -0.726427 0
-0.164919 -0.767554 0
-0.184365 -0.710798 0
-0.144065 -0.817761 0
-0.164919 -0.767554 0
-0.190169 -0.792804 0
-0.217697 -0.744129 0
-0.164919 -0.767554 0
-0.184365 -0.710798 0
-0.217697 -0.744129 0
-0.243367 -0.689105 0
-0.190169 -0.792804 0
-0.217697 -0.744129 0
-0.234651 -0.761083 0
-0.268617 -0.714356 0
-0.217697 -0.744129 0
-0.243367 -0.689105 0
-0.268617 -0.714356 0
-0.300292 -0.661533 0
-0.234651 -0.761083 0
-0.268617 -0.714356 0
-0.277131 -0.722869 0
-0.317246 -0.678487 0
-0.268617 -0.714356 0
-0.300292 -0.661533 0
-0.317246 -0.678487 0
-0.354655 -0.628317 0
-0.277131 -0.722869 0
-0.317246 -0.678487 0
-0.317247 -0.678487 0
-0.363169 -0.636831 0
-0.317246 -0.678487 0
-0.354655 -0.628317 0
-0.363169 -0.636831 0
-0.405993 -0.589741 0
-0.317247 -0.678487 0
-0.363169 -0.636831 0
-0.354655 -0.628317 0
-0.405993 -0.589741 0
-0.363169 -0.636831 0
-0.405993 -0.589741 0
-0.405993 -0.589741 0
-0.453866 -0.546133 0
-0.354655 -0.628317 0
-0.405993 -0.589741 0
-0.389039 -0.572786 0
-0.445353 -0.537619 0
-0.405993 -0.589741 0
-0.453866 -0.546133 0
-0.445353 -0.537619 0
-0.497868 -0.497866 0
-0.389039 -0.572786 0
-0.445353 -0.537619 0
-0.420102 -0.512368 0
-0.480913 -0.480911 0
-0.445353 -0.537619 0
-0.497868 -0.497866 0
-0.480913 -0.480911 0
-0.537621 -0.445351 0
-0.420102 -0.512368 0
-0.480913 -0.480911 0
-0.447582 -0.447579 0
-0.512371 -0.4201 0
-0.480913 -0.480911 0
-0.537621 -0.445351 0
-0.512371 -0.4201 0
-0.572788 -0.389036 0
-0.447582 -0.447579 0
-0.512371 -0.4201 0
-0.471243 -0.378972 0
-0.539457 -0.355705 0
-0.512371 -0.4201 0
-0.572788 -0.389036 0
-0.539457 -0.355705 0
-0.603068 -0.329403 0
-0.471243 -0.378972 0
-0.539457 -0.355705 0
-0.490884 -0.307131 0
-0.561941 -0.288275 0
-0.539457 -0.355705 0
-0.603068 -0.329403 0
-0.561941 -0.288275 0
-0.628203 -0.266959 0
-0.490884 -0.307131 0
-0.561941 -0.288275 0
-0.506336 -0.232671 0
-0.57963 -0.218386 0
-0.561941 -0.288275 0
-0.628203 -0.266959 0
-0.57963 -0.218386 0
-0.647978 -0.202237 0
-0.506336 -0.232671 0
-0.57963 -0.218386 0
-0.517469 -0.156225 0
-0.592374 -0.146633 0
-0.57963 -0.218386 0
-0.647978 -0.202237 0
-0.592374 -0.146633 0
-0.662225 -0.135791 0
-0.517469 -0.156225 0
-0.592374 -0.146633 0
-0.524187 -0.0784468 0
-0.600064 -0.0736304 0
-0.592374 -0.146633 0
-0.662225 -0.135791 0
-0.600064 -0.0736304 0
-0.670822 -0.0681859 0
-0.524187 -0.0784468 0
-0.600064 -0.0736304 0
-0.526432 -1.04122e-16 0
-0.602635 -9.77289e-17 0
-0.600064 -0.0736304 0
-0.670822 -0.0681859 0
-0.602635 -9.77289e-17 0
-0.673696 -9.05025e-17 0
0.673696 0 0
0.739009 0 0
0.670822 -0.0681885 0
0.735856 -0.0621621 0
0.739009 0 0
0.798017 0 0
0.735856 -0.0621621 0
0.794613 -0.0556053 0
0.670822 -0.0681885 0
0.735856 -0.0621621 0
0.662225 -0.135795 0
0.726426 -0.123793 0
0.735856 -0.0621621 0
0.794613 -0.0556053 0
0.726426 -0.123793 0
0.78443 -0.110736 0
0.662225 -0.135795 0
0.726426 -0.123793 0
0.647978 -0.202242 0
0.710798 -0.184368 0
0.726426 -0.123793 0
0.78443 -0.110736 0
0.710798 -0.184368 0
0.767554 -0.164921 0
0.647978 -0.202242 0
0.710798 -0.184368 0
0.628203 -0.266964 0
0.689106 -0.24337 0
0.710798 -0.184368 0
0.767554 -0.164921 0
0.689106 -0.24337 0
0.74413 -0.2177 0
0.628203 -0.266964 0
0.689106 -0.24337 0
0.603069 -0.329408 0
0.661535 -0.300295 0
0.689106 -0.24337 0
0.74413 -0.2177 0
0.661535 -0.300295 0
0.714357 -0.268621 0
0.603069 -0.329408 0
0.661535 -0.300295 0
0.572789 -0.389042 0
0.62832 -0.354659 0
0.661535 -0.300295 0
0.714357 -0.268621 0
0.62832 -0.354659 0
0.67849 -0.31725 0
0.572789 -0.389042 0
0.62832 -0.354659 0
0.537623 -0.445356 0
0.589744 -0.405996 0
0.62832 -0.354659 0
0.67849 -0.31725 0
0.589744 -0.405996 0
0.636834 -0.363172 0
0.537623 -0.445356 0
0.589744 -0.405996 0
0.497869 -0.497871 0
0.546136 -0.453869 0
0.589744 -0.405996 0
0.636834 -0.363172 0
0.546136 -0.453869 0
0.589744 -0.405996 0
0.497869 -0.497871 0
0.546136 -0.453869 0
0.453868 -0.546138 0
0.497869 -0.497871 0
0.546136 -0.453869 0
0.589744 -0.405996 0
0.497869 -0.497871 0
0.537623 -0.445356 0
0.453868 -0.546138 0
0.497869 -0.497871 0
0.405994 -0.589745 0
0.445355 -0.537624 0
0.497869 -0.497871 0
0.537623 -0.445356 0
0.445355 -0.537624 0
0.480915 -0.480916 0
0.405994 -0.589745 0
0.445355 -0.537624 0
0.354657 -0.628321 0
0.38904 -0.572791 0
0.445355 -0.537624 0
0.480915 -0.480916 0
0.38904 -0.572791 0
0.420104 -0.512374 0
0.354657 -0.628321 0
0.38904 -0.572791 0
0.300294 -0.661537 0
0.329407 -0.603071 0
0.38904 -0.572791 0
0.420104 -0.512374 0
0.329407 -0.603071 0
0.355709 -0.539459 0
0.300294 -0.661537 0
0.329407 -0.603071 0
0.243369 -0.689108 0
0.266963 -0.628205 0
0.329407 -0.603071 0
0.355709 -0.539459 0
0.266963 -0.628205 0
0.288279 -0.561943 0
0.243369 -0.689108 0
0.266963 -0.628205 0
0.184367 -0.7108 0
0.202241 -0.64798 0
0.266963 -0.628205 0
0.288279 -0.561943 0
0.202241 -0.64798 0
0.21839 -0.579632 0
0.184367 -0.7108 0
0.202241 -0.64798 0
0.123793 -0.726428 0
0.135794 -0.662227 0
0.202241 -0.64798 0
0.21839 -0.579632 0
0.135794 -0.662227 0
0.146637 -0.592376 0
0.123793 -0.726428 0
0.135794 -0.662227 0
0.0621619 -0.735858 0
0.0681884 -0.670824 0
0.135794 -0.662227 0
0.146637 -0.592376 0
0.0681884 -0.670824 0
0.0736333 -0.600066 0
0.0621619 -0.735858 0
0.0681884 -0.670824 0
9.06869e-07 -0.739011 0
1.08505e-06 -0.673697 0
0.0681884 -0.670824 0
0.0736333 -0.600066 0
1.08505e-06 -0.673697 0
1.29456e-06 -0.602636 0
9.06869e-07 -0.739011 0
1.08505e-06 -0.673697 0
-0.0621601 -0.735858 0
-0.0681863 -0.670823 0
1.08505e-06 -0.673697 0
1.29456e-06 -0.602636 0
-0.0681863 -0.670823 0
-0.0736307 -0.600065 0
-0.0621601 -0.735858 0
-0.0681863 -0.670823 0
-0.123791 -0.726427 0
-0.135792 -0.662226 0
-0.0681863 -0.670823 0
-0.0736307 -0.600065 0
-0.135792 -0.662226 0
-0.146634 -0.592374 0
-0.123791 -0.726427 0
-0.135792 -0.662226 0
-0.184365 -0.710798 0
-0.202239 -0.647978 0
-0.135792 -0.662226 0
-0.146634 -0.592374 0
-0.202239 -0.647978 0
-0.218387 -0.57963 0
-0.184365 -0.710798 0
-0.202239 -0.647978 0
-0.243367 -0.689105 0
-0.266961 -0.628203 0
-0.202239 -0.647978 0
-0.218387 -0.57963 0
-0.266961 -0.628203 0
-0.288277 -0.56194 0
-0.243367 -0.689105 0
-0.266961 -0.628203 0
-0.300292 -0.661533 0
-0.329405 -0.603067 0
-0.266961 -0.628203 0
-0.288277 -0.56194 0
-0.329405 -0.603067 0
-0.355707 -0.539456 0
-0.300292 -0.661533 0
-0.329405 -0.603067 0
-0.354655 -0.628317 0
-0.389038 -0.572787 0
-0.329405 -0.603067 0
-0.355707 -0.539456 0
-0.389038 -0.572787 0
-0.420102 -0.51237 0
-0.354655 -0.628317 0
-0.389038 -0.572787 0
-0.405993 -0.589741 0
-0.445353 -0.53762 0
-0.389038 -0.572787 0
-0.420102 -0.51237 0
-0.445353 -0.53762 0
-0.480913 -0.480912 0
-0.405993 -0.589741 0
-0.445353 -0.53762 0
-0.453866 -0.546133 0
-0.497867 -0.497866 0
-0.445353 -0.53762 0
-0.480913 -0.480912 0
-0.497867 -0.497866 0
-0.537621 -0.445351 0
-0.453866 -0.546133 0
-0.497867 -0.497866 0
-0.497868 -0.497866 0
-0.546135 -0.453864 0
-0.497867 -0.497866 0
-0.537621 -0.445351 0
-0.546135 -0.453864 0
-0.589742 -0.405991 0
-0.497868 -0.497866 0
-0.546135 -0.453864 0
-0.537621 -0.445351 0
-0.589742 -0.405991 0
-0.546135 -0.453864 0
-0.589742 -0.405991 0
-0.589742 -0.405991 0
-0.636832 -0.363167 0
-0.537621 -0.445351 0
-0.589742 -0.405991 0
-0.572788 -0.389036 0
-0.628319 -0.354653 0
-0.589742 -0.405991 0
-0.636832 -0.363167 0
-0.628319 -0.354653 0
-0.678489 -0.317245 0
-0.572788 -0.389036 0
-0.628319 -0.354653 0
-0.603068 -0.329403 0
-0.661534 -0.30029 0
-0.628319 -0.354653 0
-0.678489 -0.317245 0
-0.661534 -0.30029 0
-0.714356 -0.268616 0
-0.603068 -0.329403 0
-0.661534 -0.30029 0
-0.628203 -0.266959 0
-0.689106 -0.243365 0
-0.661534 -0.30029 0
-0.714356 -0.268616 0
-0.689106 -0.243365 0
-0.74413 -0.217695 0
-0.628203 -0.266959 0
-0.689106 -0.243365 0
-0.647978 -0.202237 0
-0.710798 -0.184364 0
-0.689106 -0.243365 0
-0.74413 -0.217695 0
-0.710798 -0.184364 0
-0.767554 -0.164917 0
-0.647978 -0.202237 0
-0.710798 -0.184364 0
-0.662225 -0.135791 0
-0.726426 -0.12379 0
-0.710798 -0.184364 0
-0.767554 -0.164917 0
-0.726426 -0.12379 0
-0.78443 -0.110732 0
-0.662225 -0.135791 0
-0.726426 -0.12379 0
-0.670822 -0.0681859 0
-0.735857 -0.0621596 0
-0.726426 -0.12379 0
-0.78443 -0.110732 0
-0.735857 -0.0621596 0
-0.794613 -0.0556031 0
-0.670822 -0.0681859 0
-0.735857 -0.0621596 0
-0.673696 -9.05025e-17 0
-0.739009 -8.25039e-17 0
-0.735857 -0.0621596 0
-0.794613 -0.0556031 0
-0.739009 -8.25039e-17 0
-0.798017 -7.38015e-17 0
0.798017 0 0
0.850217 0 0
0.794613 -0.0556053 0
0.846591 -0.0485741 0
0.850217 0 0
0.895163 0 0
0.846591 -0.0485741 0
0.891345 -0.0411285 0
0.794613 -0.0556053 0
0.846591 -0.0485741 0
0.78443 -0.110736 0
0.835741 -0.0967335 0
0.846591 -0.0485741 0
0.891345 -0.0411285 0
0.835741 -0.0967335 0
0.879922 -0.0819059 0
0.78443 -0.110736 0
0.835741 -0.0967335 0
0.767554 -0.164921 0
0.817762 -0.144067 0
0.835741 -0.0967335 0
0.879922 -0.0819059 0
0.817762 -0.144067 0
0.860992 -0.121984 0
0.767554 -0.164921 0
0.817762 -0.144067 0
0.74413 -0.2177 0
0.792805 -0.190172 0
0.817762 -0.144067 0
0.860992 -0.121984 0
0.792805 -0.190172 0
0.834717 -0.161022 0
0.74413 -0.2177 0
0.792805 -0.190172 0
0.714357 -0.268621 0
0.761085 -0.234654 0
0.792805 -0.190172 0
0.834717 -0.161022 0
0.761085 -0.234654 0
0.801319 -0.198685 0
0.714357 -0.268621 0
0.761085 -0.234654 0
0.67849 -0.31725 0
0.722871 -0.277134 0
0.761085 -0.234654 0
0.801319 -0.198685 0
0.722871 -0.277134 0
0.761086 -0.234654 0
0.67849 -0.31725 0
0.722871 -0.277134 0
0.636834 -0.363172 0
0.67849 -0.31725 0
0.722871 -0.277134 0
0.761086 -0.234654 0
0.67849 -0.31725 0
0.714358 -0.26862 0
0.636834 -0.363172 0
0.67849 -0.31725 0
0.589744 -0.405996 0
0.628321 -0.354658 0
0.67849 -0.31725 0
0.714358 -0.26862 0
0.628321 -0.354658 0
0.661537 -0.300295 0
0.589744 -0.405996 0
0.628321 -0.354658 0
0.537623 -0.445356 0
0.57279 -0.389041 0
0.628321 -0.354658 0
0.661537 -0.300295 0
0.57279 -0.389041 0
0.603071 -0.329408 0
0.537623 -0.445356 0
0.57279 -0.389041 0
0.480915 -0.480916 0
0.512373 -0.420105 0
0.57279 -0.389041 0
0.603071 -0.329408 0
0.512373 -0.420105 0
0.539459 -0.35571 0
0.480915 -0.480916 0
0.512373 -0.420105 0
0.420104 -0.512374 0
0.447584 -0.447585 0
0.512373 -0.420105 0
0.539459 -0.35571 0
0.447584 -0.447585 0
0.471246 -0.378977 0
0.420104 -0.512374 0
0.447584 -0.447585 0
0.355709 -0.539459 0
0.378977 -0.471246 0
0.447584 -0.447585 0
0.471246 -0.378977 0
0.378977 -0.471246 0
0.399011 -0.399011 0
0.355709 -0.539459 0
0.378977 -0.471246 0
0.288279 -0.561943 0
0.307136 -0.490886 0
0.378977 -0.471246 0
0.399011 -0.399011 0
0.307136 -0.490886 0
0.323373 -0.415641 0
0.288279 -0.561943 0
0.307136 -0.490886 0
0.21839 -0.579632 0
0.232675 -0.506338 0
0.307136 -0.490886 0
0.323373 -0.415641 0
0.232675 -0.506338 0
0.244976 -0.428725 0
0.21839 -0.579632 0
0.232675 -0.506338 0
0.146637 -0.592376 0
0.156229 -0.517471 0
0.232675 -0.506338 0
0.244976 -0.428725 0
0.156229 -0.517471 0
0.164488 -0.438151 0
0.146637 -0.592376 0
0.156229 -0.517471 0
0.0736333 -0.600066 0
0.0784499 -0.524188 0
0.156229 -0.517471 0
0.164488 -0.438151 0
0.0784499 -0.524188 0
0.0825973 -0.443838 0
0.0736333 -0.600066 0
0.0784499 -0.524188 0
1.29456e-06 -0.602636 0
1.53203e-06 -0.526434 0
0.0784499 -0.524188 0
0.0825973 -0.443838 0
1.53203e-06 -0.526434 0
1.79297e-06 -0.44574 0
1.29456e-06 -0.602636 0
1.53203e-06 -0.526434 0
-0.0736307 -0.600065 0
-0.0784469 -0.524188 0
1.53203e-06 -0.526434 0
1.79297e-06 -0.44574 0
-0.0784469 -0.524188 0
-0.0825937 -0.443838 0
-0.0736307 -0.600065 0
-0.0784469 -0.524188 0
-0.146634 -0.592374 0
-0.156226 -0.517469 0
-0.0784469 -0.524188 0
-0.0825937 -0.443838 0
-0.156226 -0.517469 0
-0.164485 -0.438149 0
-0.146634 -0.592374 0
-0.156226 -0.517469 0
-0.218387 -0.57963 0
-0.232672 -0.506336 0
-0.156226 -0.517469 0
-0.164485 -0.438149 0
-0.232672 -0.506336 0
-0.244972 -0.428723 0
-0.218387 -0.57963 0
-0.232672 -0.506336 0
-0.288277 -0.56194 0
-0.307133 -0.490883 0
-0.232672 -0.506336 0
-0.244972 -0.428723 0
-0.307133 -0.490883 0
-0.32337 -0.415638 0
-0.288277 -0.56194 0
-0.307133 -0.490883 0
-0.355707 -0.539456 0
-0.378974 -0.471242 0
-0.307133 -0.490883 0
-0.32337 -0.415638 0
-0.378974 -0.471242 0
-0.399008 -0.399008 0
-0.355707 -0.539456 0
-0.378974 -0.471242 0
-0.420102 -0.51237 0
-0.447582 -0.447581 0
-0.378974 -0.471242 0
-0.399008 -0.399008 0
-0.447582 -0.447581 0
-0.471242 -0.378974 0
-0.420102 -0.51237 0
-0.447582 -0.447581 0
-0.480913 -0.480912 0
-0.51237 -0.420101 0
-0.447582 -0.447581 0
-0.471242 -0.378974 0
-0.51237 -0.420101 0
-0.539456 -0.355706 0
-0.480913 -0.480912 0
-0.51237 -0.420101 0
-0.537621 -0.445351 0
-0.572788 -0.389037 0
-0.51237 -0.420101 0
-0.539456 -0.355706 0
-0.572788 -0.389037 0
-0.603068 -0.329403 0
-0.537621 -0.445351 0
-0.572788 -0.389037 0
-0.589742 -0.405991 0
-0.628318 -0.354654 0
-0.572788 -0.389037 0
-0.603068 -0.329403 0
-0.628318 -0.354654 0
-0.661534 -0.300291 0
-0.589742 -0.405991 0
-0.628318 -0.354654 0
-0.636832 -0.363167 0
-0.678488 -0.317245 0
-0.628318 -0.354654 0
-0.661534 -0.300291 0
-0.678488 -0.317245 0
-0.714356 -0.268616 0
-0.636832 -0.363167 0
-0.678488 -0.317245 0
-0.678489 -0.317245 0
-0.72287 -0.277129 0
-0.678488 -0.317245 0
-0.714356 -0.268616 0
-0.72287 -0.277129 0
-0.761084 -0.234649 0
-0.678489 -0.317245 0
-0.72287 -0.277129 0
-0.714356 -0.268616 0
-0.761084 -0.234649 0
-0.72287 -0.277129 0
-0.761084 -0.234649 0
-0.761084 -0.234649 0
-0.801318 -0.198681 0
-0.714356 -0.268616 0
-0.761084 -0.234649 0
-0.74413 -0.217695 0
-0.792805 -0.190168 0
-0.761084 -0.234649 0
-0.801318 -0.198681 0
-0.792805 -0.190168 0
-0.834716 -0.161018 0
-0.74413 -0.217695 0
-0.792805 -0.190168 0
-0.767554 -0.164917 0
-0.817761 -0.144063 0
-0.792805 -0.190168 0
-0.834716 -0.161018 0
-0.817761 -0.144063 0
-0.860992 -0.121981 0
-0.767554 -0.164917 0
-0.817761 -0.144063 0
-0.78443 -0.110732 0
-0.835741 -0.0967302 0
-0.817761 -0.144063 0
-0.860992 -0.121981 0
-0.835741 -0.0967302 0
-0.879922 -0.0819029 0
-0.78443 -0.110732 0
-0.835741 -0.0967302 0
-0.794613 -0.0556031 0
-0.846591 -0.0485721 0
-0.835741 -0.0967302 0
-0.879922 -0.0819029 0
-0.846591 -0.0485721 0
-0.891345 -0.0411267 0
-0.794613 -0.0556031 0
-0.846591 -0.0485721 0
-0.798017 -7.38015e-17 0
-0.850217 -6.44693e-17 0
-0.846591 -0.0485721 0
-0.891345 -0.0411267 0
-0.850217 -6.44693e-17 0
-0.895163 -5.45872e-17 0
0.895163 0 0
0.932472 0 0
0.891345 -0.0411285 0
0.928495 -0.033332 0
0.932472 0 0
0.961826 0 0
0.928495 -0.033332 0
0.957723 -0.0252511 0
0.891345 -0.0411285 0
0.928495 -0.033332 0
0.879922 -0.0819059 0
0.916596 -0.0663794 0
0.928495 -0.033332 0
0.957723 -0.0252511 0
0.916596 -0.0663794 0
0.94545 -0.0502866 0
0.879922 -0.0819059 0
0.916596 -0.0663794 0
0.860992 -0.121984 0
0.896877 -0.0988604 0
0.916596 -0.0663794 0
0.94545 -0.0502866 0
0.896877 -0.0988604 0
0.92511 -0.074893 0
0.860992 -0.121984 0
0.896877 -0.0988604 0
0.834717 -0.161022 0
0.869506 -0.130498 0
0.896877 -0.0988604 0
0.92511 -0.074893 0
0.869506 -0.130498 0
0.896878 -0.0988604 0
0.834717 -0.161022 0
0.869506 -0.130498 0
0.801319 -0.198685 0
0.834717 -0.161022 0
0.869506 -0.130498 0
0.896878 -0.0988604 0
0.834717 -0.161022 0
0.860994 -0.121984 0
0.801319 -0.198685 0
0.834717 -0.161022 0
0.761086 -0.234654 0
0.792807 -0.190172 0
0.834717 -0.161022 0
0.860994 -0.121984 0
0.792807 -0.190172 0
0.817764 -0.144067 0
0.761086 -0.234654 0
0.792807 -0.190172 0
0.714358 -0.26862 0
0.744132 -0.2177 0
0.792807 -0.190172 0
0.817764 -0.144067 0
0.744132 -0.2177 0
0.767557 -0.164921 0
0.714358 -0.26862 0
0.744132 -0.2177 0
0.661537 -0.300295 0
0.689108 -0.24337 0
0.744132 -0.2177 0
0.767557 -0.164921 0
0.689108 -0.24337 0
0.710801 -0.184368 0
0.661537 -0.300295 0
0.689108 -0.24337 0
0.603071 -0.329408 0
0.628206 -0.266964 0
0.689108 -0.24337 0
0.710801 -0.184368 0
0.628206 -0.266964 0
0.647981 -0.202242 0
0.603071 -0.329408 0
0.628206 -0.266964 0
0.539459 -0.35571 0
0.561943 -0.28828 0
0.628206 -0.266964 0
0.647981 -0.202242 0
0.561943 -0.28828 0
0.579633 -0.21839 0
0.539459 -0.35571 0
0.561943 -0.28828 0
0.471246 -0.378977 0
0.490887 -0.307136 0
0.561943 -0.28828 0
0.579633 -0.21839 0
0.490887 -0.307136 0
0.506339 -0.232675 0
0.471246 -0.378977 0
0.490887 -0.307136 0
0.399011 -0.399011 0
0.415642 -0.323373 0
0.490887 -0.307136 0
0.506339 -0.232675 0
0.415642 -0.323373 0
0.428726 -0.244975 0
0.399011 -0.399011 0
0.415642 -0.323373 0
0.323373 -0.415641 0
0.336851 -0.33685 0
0.415642 -0.323373 0
0.428726 -0.244975 0
0.336851 -0.33685 0
0.347455 -0.255185 0
0.323373 -0.415641 0
0.336851 -0.33685 0
0.244976 -0.428725 0
0.255186 -0.347453 0
0.336851 -0.33685 0
0.347455 -0.255185 0
0.255186 -0.347453 0
0.263219 -0.263218 0
0.244976 -0.428725 0
0.255186 -0.347453 0
0.164488 -0.438151 0
0.171344 -0.355092 0
0.255186 -0.347453 0
0.263219 -0.263218 0
0.171344 -0.355092 0
0.176738 -0.269005 0
0.164488 -0.438151 0
0.171344 -0.355092 0
0.0825973 -0.443838 0
0.08604 -0.359702 0
0.171344 -0.355092 0
0.176738 -0.269005 0
0.08604 -0.359702 0
0.0887487 -0.272497 0
0.0825973 -0.443838 0
0.08604 -0.359702 0
1.79297e-06 -0.44574 0
2.07167e-06 -0.361243 0
0.08604 -0.359702 0
0.0887487 -0.272497 0
2.07167e-06 -0.361243 0
2.36126e-06 -0.273664 0
1.79297e-06 -0.44574 0
2.07167e-06 -0.361243 0
-0.0825937 -0.443838 0
-0.0860359 -0.359701 0
2.07167e-06 -0.361243 0
2.36126e-06 -0.273664 0
-0.0860359 -0.359701 0
-0.088744 -0.272496 0
-0.0825937 -0.443838 0
-0.0860359 -0.359701 0
-0.164485 -0.438149 0
-0.17134 -0.355091 0
-0.0860359 -0.359701 0
-0.088744 -0.272496 0
-0.17134 -0.355091 0
-0.176733 -0.269003 0
-0.164485 -0.438149 0
-0.17134 -0.355091 0
-0.244972 -0.428723 0
-0.255182 -0.347451 0
-0.17134 -0.355091 0
-0.176733 -0.269003 0
-0.255182 -0.347451 0
-0.263215 -0.263216 0
-0.244972 -0.428723 0
-0.255182 -0.347451 0
-0.32337 -0.415638 0
-0.336847 -0.336847 0
-0.255182 -0.347451 0
-0.263215 -0.263216 0
-0.336847 -0.336847 0
-0.34745 -0.255183 0
-0.32337 -0.415638 0
-0.336847 -0.336847 0
-0.399008 -0.399008 0
-0.415638 -0.32337 0
-0.336847 -0.336847 0
-0.34745 -0.255183 0
-0.415638 -0.32337 0
-0.428722 -0.244972 0
-0.399008 -0.399008 0
-0.415638 -0.32337 0
-0.471242 -0.378974 0
-0.490883 -0.307133 0
-0.415638 -0.32337 0
-0.428722 -0.244972 0
-0.490883 -0.307133 0
-0.506335 -0.232672 0
-0.471242 -0.378974 0
-0.490883 -0.307133 0
-0.539456 -0.355706 0
-0.56194 -0.288276 0
-0.490883 -0.307133 0
-0.506335 -0.232672 0
-0.56194 -0.288276 0
-0.579629 -0.218387 0
-0.539456 -0.355706 0
-0.56194 -0.288276 0
-0.603068 -0.329403 0
-0.628202 -0.26696 0
-0.56194 -0.288276 0
-0.579629 -0.218387 0
-0.628202 -0.26696 0
-0.647978 -0.202238 0
-0.603068 -0.329403 0
-0.628202 -0.26696 0
-0.661534 -0.300291 0
-0.689106 -0.243366 0
-0.628202 -0.26696 0
-0.647978 -0.202238 0
-0.689106 -0.243366 0
-0.710798 -0.184364 0
-0.661534 -0.300291 0
-0.689106 -0.243366 0
-0.714356 -0.268616 0
-0.744129 -0.217695 0
-0.689106 -0.243366 0
-0.710798 -0.184364 0
-0.744129 -0.217695 0
-0.767554 -0.164917 0
-0.714356 -0.268616 0
-0.744129 -0.217695 0
-0.761084 -0.234649 0
-0.792804 -0.190168 0
-0.744129 -0.217695 0
-0.767554 -0.164917 0
-0.792804 -0.190168 0
-0.817761 -0.144064 0
-0.761084 -0.234649 0
-0.792804 -0.190168 0
-0.801318 -0.198681 0
-0.834716 -0.161018 0
-0.792804 -0.190168 0
-0.817761 -0.144064 0
-0.834716 -0.161018 0
-0.860992 -0.121981 0
-0.801318 -0.198681 0
-0.834716 -0.161018 0
-0.834716 -0.161018 0
-0.869505 -0.130494 0
-0.834716 -0.161018 0
-0.860992 -0.121981 0
-0.869505 -0.130494 0
-0.896877 -0.0988571 0
-0.834716 -0.161018 0
-0.869505 -0.130494 0
-0.860992 -0.121981 0
-0.896876 -0.0988571 0
-0.869505 -0.130494 0
-0.896877 -0.0988571 0
-0.896876 -0.0988571 0
-0.925109 -0.0748902 0
-0.860992 -0.121981 0
-0.896876 -0.0988571 0
-0.879922 -0.0819029 0
-0.916596 -0.0663768 0
-0.896876 -0.0988571 0
-0.925109 -0.0748902 0
-0.916596 -0.0663768 0
-0.945449 -0.0502844 0
-0.879922 -0.0819029 0
-0.916596 -0.0663768 0
-0.891345 -0.0411267 0
-0.928495 -0.0333304 0
-0.916596 -0.0663768 0
-0.945449 -0.0502844 0
-0.928495 -0.0333304 0
-0.957723 -0.0252498 0
-0.891345 -0.0411267 0
-0.928495 -0.0333304 0
-0.895163 -5.45872e-17 0
-0.932472 -4.42393e-17 0
-0.928495 -0.0333304 0
-0.957723 -0.0252498 0
-0.932472 -4.42393e-17 0
-0.961826 -3.3514e-17 0
0.961826 0 0
0.982973 0 0
0.957723 -0.0252511 0
0.978781 -0.0169548 0
0.982973 0 0
0.995734 0 0
0.978781 -0.0169548 0
0.991487 -0.00851382 0
0.957723 -0.0252511 0
0.978781 -0.0169548 0
0.94545 -0.0502866 0
0.966237 -0.0337648 0
0.978781 -0.0169548 0
0.991487 -0.00851382 0
0.966237 -0.0337648 0
0.978781 -0.016955 0
0.94545 -0.0502866 0
0.966237 -0.0337648 0
0.92511 -0.074893 0
0.945451 -0.0502868 0
0.966237 -0.0337648 0
0.978781 -0.016955 0
0.945451 -0.0502868 0
0.957725 -0.0252514 0
0.92511 -0.074893 0
0.945451 -0.0502868 0
0.896878 -0.0988604 0
0.916597 -0.0663796 0
0.945451 -0.0502868 0
0.957725 -0.0252514 0
0.916597 -0.0663796 0
0.928497 -0.0333324 0
0.896878 -0.0988604 0
0.916597 -0.0663796 0
0.860994 -0.121984 0
0.879924 -0.0819061 0
0.916597 -0.0663796 0
0.928497 -0.0333324 0
0.879924 -0.0819061 0
0.891348 -0.041129 0
0.860994 -0.121984 0
0.879924 -0.0819061 0
0.817764 -0.144067 0
0.835744 -0.0967337 0
0.879924 -0.0819061 0
0.891348 -0.041129 0
0.835744 -0.0967337 0
0.846593 -0.0485747 0
0.817764 -0.144067 0
0.835744 -0.0967337 0
0.767557 -0.164921 0
0.784433 -0.110736 0
0.835744 -0.0967337 0
0.846593 -0.0485747 0
0.784433 -0.110736 0
0.794617 -0.0556059 0
0.767557 -0.164921 0
0.784433 -0.110736 0
0.710801 -0.184368 0
0.726429 -0.123793 0
0.784433 -0.110736 0
0.794617 -0.0556059 0
0.726429 -0.123793 0
0.73586 -0.0621626 0
0.710801 -0.184368 0
0.726429 -0.123793 0
0.647981 -0.202242 0
0.662228 -0.135795 0
0.726429 -0.123793 0
0.73586 -0.0621626 0
0.662228 -0.135795 0
0.670826 -0.0681889 0
0.647981 -0.202242 0
0.662228 -0.135795 0
0.579633 -0.21839 0
0.592377 -0.146637 0
0.662228 -0.135795 0
0.670826 -0.0681889 0
0.592377 -0.146637 0
0.600068 -0.0736335 0
0.579633 -0.21839 0
0.592377 -0.146637 0
0.506339 -0.232675 0
0.517472 -0.156229 0
0.592377 -0.146637 0
0.600068 -0.0736335 0
0.517472 -0.156229 0
0.52419 -0.0784498 0
0.506339 -0.232675 0
0.517472 -0.156229 0
0.428726 -0.244975 0
0.438152 -0.164488 0
0.517472 -0.156229 0
0.52419 -0.0784498 0
0.438152 -0.164488 0
0.443841 -0.0825967 0
0.428726 -0.244975 0
0.438152 -0.164488 0
0.347455 -0.255185 0
0.355094 -0.171343 0
0.438152 -0.164488 0
0.443841 -0.0825967 0
0.355094 -0.171343 0
0.359704 -0.086039 0
0.347455 -0.255185 0
0.355094 -0.171343 0
0.263219 -0.263218 0
0.269007 -0.176736 0
0.355094 -0.171343 0
0.359704 -0.086039 0
0.269007 -0.176736 0
0.272499 -0.0887471 0
0.263219 -0.263218 0
0.269007 -0.176736 0
0.176738 -0.269005 0
0.180624 -0.180622 0
0.269007 -0.176736 0
0.272499 -0.0887471 0
0.180624 -0.180622 0
0.182969 -0.0906981 0
0.176738 -0.269005 0
0.180624 -0.180622 0
0.0887487 -0.272497 0
0.0907002 -0.182966 0
0.180624 -0.180622 0
0.182969 -0.0906981 0
0.0907002 -0.182966 0
0.091878 -0.0918753 0
0.0887487 -0.272497 0
0.0907002 -0.182966 0
2.36126e-06 -0.273664 0
2.65387e-06 -0.18375 0
0.0907002 -0.182966 0
0.091878 -0.0918753 0
2.65387e-06 -0.18375 0
2.9409e-06 -0.0922686 0
2.36126e-06 -0.273664 0
2.65387e-06 -0.18375 0
-0.088744 -0.272496 0
-0.0906949 -0.182966 0
2.65387e-06 -0.18375 0
2.9409e-06 -0.0922686 0
-0.0906949 -0.182966 0
-0.0918721 -0.0918747 0
-0.088744 -0.272496 0
-0.0906949 -0.182966 0
-0.176733 -0.269003 0
-0.180619 -0.180621 0
-0.0906949 -0.182966 0
-0.0918721 -0.0918747 0
-0.180619 -0.180621 0
-0.182963 -0.090697 0
-0.176733 -0.269003 0
-0.180619 -0.180621 0
-0.263215 -0.263216 0
-0.269002 -0.176735 0
-0.180619 -0.180621 0
-0.182963 -0.090697 0
-0.269002 -0.176735 0
-0.272494 -0.0887455 0
-0.263215 -0.263216 0
-0.269002 -0.176735 0
-0.34745 -0.255183 0
-0.355089 -0.171341 0
-0.269002 -0.176735 0
-0.272494 -0.0887455 0
-0.355089 -0.171341 0
-0.359699 -0.0860369 0
-0.34745 -0.255183 0
-0.355089 -0.171341 0
-0.428722 -0.244972 0
-0.438148 -0.164485 0
-0.355089 -0.171341 0
-0.359699 -0.0860369 0
-0.438148 -0.164485 0
-0.443836 -0.0825942 0
-0.428722 -0.244972 0
-0.438148 -0.164485 0
-0.506335 -0.232672 0
-0.517468 -0.156226 0
-0.438148 -0.164485 0
-0.443836 -0.0825942 0
-0.517468 -0.156226 0
-0.524185 -0.0784469 0
-0.506335 -0.232672 0
-0.517468 -0.156226 0
-0.579629 -0.218387 0
-0.592373 -0.146634 0
-0.517468 -0.156226 0
-0.524185 -0.0784469 0
-0.592373 -0.146634 0
-0.600063 -0.0736304 0
-0.579629 -0.218387 0
-0.592373 -0.146634 0
-0.647978 -0.202238 0
-0.662224 -0.135791 0
-0.592373 -0.146634 0
-0.600063 -0.0736304 0
-0.662224 -0.135791 0
-0.670821 -0.0681858 0
-0.647978 -0.202238 0
-0.662224 -0.135791 0
-0.710798 -0.184364 0
-0.726426 -0.12379 0
-0.662224 -0.135791 0
-0.670821 -0.0681858 0
-0.726426 -0.12379 0
-0.735856 -0.0621594 0
-0.710798 -0.184364 0
-0.726426 -0.12379 0
-0.767554 -0.164917 0
-0.78443 -0.110732 0
-0.726426 -0.12379 0
-0.735856 -0.0621594 0
-0.78443 -0.110732 0
-0.794613 -0.0556027 0
-0.767554 -0.164917 0
-0.78443 -0.110732 0
-0.817761 -0.144064 0
-0.835741 -0.0967303 0
-0.78443 -0.110732 0
-0.794613 -0.0556027 0
-0.835741 -0.0967303 0
-0.846591 -0.0485717 0
-0.817761 -0.144064 0
-0.835741 -0.0967303 0
-0.860992 -0.121981 0
-0.879922 -0.0819029 0
-0.835741 -0.0967303 0
-0.846591 -0.0485717 0
-0.879922 -0.0819029 0
-0.891345 -0.0411264 0
-0.860992 -0.121981 0
-0.879922 -0.0819029 0
-0.896877 -0.0988571 0
-0.916596 -0.0663768 0
-0.879922 -0.0819029 0
-0.891345 -0.0411264 0
-0.916596 -0.0663768 0
-0.928495 -0.0333301 0
-0.896877 -0.0988571 0
-0.916596 -0.0663768 0
-0.925109 -0.0748902 0
-0.94545 -0.0502844 0
-0.916596 -0.0663768 0
-0.928495 -0.0333301 0
-0.94545 -0.0502844 0
-0.957723 -0.0252496 0
-0.925109 -0.0748902 0
-0.94545 -0.0502844 0
-0.945449 -0.0502844 0
-0.966237 -0.0337631 0
-0.94545 -0.0502844 0
-0.957723 -0.0252496 0
-0.966237 -0.0337631 0
-0.978781 -0.0169536 0
-0.945449 -0.0502844 0
-0.966237 -0.0337631 0
-0.957723 -0.0252498 0
-0.97878 -0.0169538 0
-0.966237 -0.0337631 0
-0.978781 -0.0169536 0
-0.97878 -0.0169538 0
-0.991487 -0.00851307 0
-0.957723 -0.0252498 0
-0.97878 -0.0169538 0
-0.961826 -3.3514e-17 0
-0.982973 -2.25028e-17 0
-0.97878 -0.0169538 0
-0.991487 -0.00851307 0
-0.982973 -2.25028e-17 0
-0.995734 -1.12996e-17 0
0.995734 0 0
1 0 0
0.991487 -0.00851382 0
0.995735 -2.15081e-07 0
1 0 0
0.995734 0 0
0.995735 -2.15081e-07 0
0.991487 0.00851339 0
0.991487 -0.00851382 0
0.995735 -2.15081e-07 0
0.978781 -0.016955 0
0.982975 -4.46059e-07 0
0.995735 -2.15081e-07 0
0.991487 0.00851339 0
0.982975 -4.46059e-07 0
0.978781 0.0169541 0
0.978781 -0.016955 0
0.982975 -4.46059e-07 0
0.957725 -0.0252514 0
0.961828 -6.86843e-07 0
0.982975 -4.46059e-07 0
0.978781 0.0169541 0
0.961828 -6.86843e-07 0
0.957725 0.0252501 0
0.957725 -0.0252514 0
0.961828 -6.86843e-07 0
0.928497 -0.0333324 0
0.932475 -9.13181e-07 0
0.961828 -6.86843e-07 0
0.957725 0.0252501 0
0.932475 -9.13181e-07 0
0.928497 0.0333306 0
0.928497 -0.0333324 0
0.932475 -9.13181e-07 0
0.891348 -0.041129 0
0.895166 -1.10519e-06 0
0.932475 -9.13181e-07 0
0.928497 0.0333306 0
0.895166 -1.10519e-06 0
0.891348 0.0411268 0
0.891348 -0.041129 0
0.895166 -1.10519e-06 0
0.846593 -0.0485747 0
0.85022 -1.25254e-06 0
0.895166 -1.10519e-06 0
0.891348 0.0411268 0
0.85022 -1.25254e-06 0
0.846594 0.0485722 0
0.846593 -0.0485747 0
0.85022 -1.25254e-06 0
0.794617 -0.0556059 0
0.798021 -1.35146e-06 0
0.85022 -1.25254e-06 0
0.846594 0.0485722 0
0.798021 -1.35146e-06 0
0.794617 0.0556032 0
0.794617 -0.0556059 0
0.798021 -1.35146e-06 0
0.73586 -0.0621626 0
0.739013 -1.40102e-06 0
0.798021 -1.35146e-06 0
0.794617 0.0556032 0
0.739013 -1.40102e-06 0
0.73586 0.0621598 0
0.73586 -0.0621626 0
0.739013 -1.40102e-06 0
0.670826 -0.0681889 0
0.6737 -1.40123e-06 0
0.739013 -1.40102e-06 0
0.73586 0.0621598 0
0.6737 -1.40123e-06 0
0.670826 0.0681862 0
0.670826 -0.0681889 0
0.6737 -1.40123e-06 0
0.600068 -0.0736335 0
0.602639 -1.35281e-06 0
0.6737 -1.40123e-06 0
0.670826 0.0681862 0
0.602639 -1.35281e-06 0
0.600068 0.0736308 0
0.600068 -0.0736335 0
0.602639 -1.35281e-06 0
0.52419 -0.0784498 0
0.526436 -1.25757e-06 0
0.602639 -1.35281e-06 0
0.600068 0.0736308 0
0.526436 -1.25757e-06 0
0.524191 0.0784473 0
0.52419 -0.0784498 0
0.526436 -1.25757e-06 0
0.443841 -0.0825967 0
0.445742 -1.11874e-06 0
0.526436 -1.25757e-06 0
0.524191 0.0784473 0
0.445742 -1.11874e-06 0
0.443841 0.0825945 0
0.443841 -0.0825967 0
0.445742 -1.11874e-06 0
0.359704 -0.086039 0
0.361246 -9.41082e-07 0
0.445742 -1.11874e-06 0
0.443841 0.0825945 0
0.361246 -9.41082e-07 0
0.359705 0.0860371 0
0.359704 -0.086039 0
0.361246 -9.41082e-07 0
0.272499 -0.0887471 0
0.273667 -7.30768e-07 0
0.361246 -9.41082e-07 0
0.359705 0.0860371 0
0.273667 -7.30768e-07 0
0.2725 0.0887457 0
0.272499 -0.0887471 0
0.273667 -7.30768e-07 0
0.182969 -0.0906981 0
0.183753 -4.95146e-07 0
0.273667 -7.30768e-07 0
0.2725 0.0887457 0
0.183753 -4.95146e-07 0
0.18297 0.0906971 0
0.182969 -0.0906981 0
0.183753 -4.95146e-07 0
0.091878 -0.0918753 0
0.0922718 -2.42463e-07 0
0.183753 -4.95146e-07 0
0.18297 0.0906971 0
0.0922718 -2.42463e-07 0
0.0918785 0.0918748 0
0.091878 -0.0918753 0
0.0922718 -2.42463e-07 0
2.9409e-06 -0.0922686 0
3.21328e-06 1.84511e-08 0
0.0922718 -2.42463e-07 0
0.0918785 0.0918748 0
3.21328e-06 1.84511e-08 0
3.46185e-06 0.0922686 0
2.9409e-06 -0.0922686 0
3.21328e-06 1.84511e-08 0
-0.0918721 -0.0918747 0
-0.0922654 2.78493e-07 0
3.21328e-06 1.84511e-08 0
3.46185e-06 0.0922686 0
-0.0922654 2.78493e-07 0
-0.0918716 0.0918753 0
-0.0918721 -0.0918747 0
-0.0922654 2.78493e-07 0
-0.182963 -0.090697 0
-0.183747 5.28601e-07 0
-0.0922654 2.78493e-07 0
-0.0918716 0.0918753 0
-0.183747 5.28601e-07 0
-0.182963 0.090698 0
-0.182963 -0.090697 0
-0.183747 5.28601e-07 0
-0.272494 -0.0887455 0
-0.273661 7.60067e-07 0
-0.183747 5.28601e-07 0
-0.182963 0.090698 0
-0.273661 7.60067e-07 0
-0.272493 0.088747 0
-0.272494 -0.0887455 0
-0.273661 7.60067e-07 0
-0.359699 -0.0860369 0
-0.36124 9.64812e-07 0
-0.273661 7.60067e-07 0
-0.272493 0.088747 0
-0.36124 9.64812e-07 0
-0.359699 0.0860388 0
-0.359699 -0.0860369 0
-0.36124 9.64812e-07 0
-0.443836 -0.0825942 0
-0.445737 1.13564e-06 0
-0.36124 9.64812e-07 0
-0.359699 0.0860388 0
-0.445737 1.13564e-06 0
-0.443835 0.0825965 0
-0.443836 -0.0825942 0
-0.445737 1.13564e-06 0
-0.524185 -0.0784469 0
-0.526431 1.26645e-06 0
-0.445737 1.13564e-06 0
-0.443835 0.0825965 0
-0.526431 1.26645e-06 0
-0.524185 0.0784495 0
-0.524185 -0.0784469 0
-0.526431 1.26645e-06 0
-0.600063 -0.0736304 0
-0.602634 1.35232e-06 0
-0.526431 1.26645e-06 0
-0.524185 0.0784495 0
-0.602634 1.35232e-06 0
-0.600063 0.0736331 0
-0.600063 -0.0736304 0
-0.602634 1.35232e-06 0
-0.670821 -0.0681858 0
-0.673695 1.38973e-06 0
-0.602634 1.35232e-06 0
-0.600063 0.0736331 0
-0.673695 1.38973e-06 0
-0.670821 0.0681885 0
-0.670821 -0.0681858 0
-0.673695 1.38973e-06 0
-0.735856 -0.0621594 0
-0.739009 1.37672e-06 0
-0.673695 1.38973e-06 0
-0.670821 0.0681885 0
-0.739009 1.37672e-06 0
-0.735856 0.0621621 0
-0.735856 -0.0621594 0
-0.739009 1.37672e-06 0
-0.794613 -0.0556027 0
-0.798017 1.31339e-06 0
-0.739009 1.37672e-06 0
-0.735856 0.0621621 0
-0.798017 1.31339e-06 0
-0.794613 0.0556053 0
-0.794613 -0.0556027 0
-0.798017 1.31339e-06 0
-0.846591 -0.0485717 0
-0.850217 1.20271e-06 0
-0.798017 1.31339e-06 0
-0.794613 0.0556053 0
-0.850217 1.20271e-06 0
-0.84659 0.0485741 0
-0.846591 -0.0485717 0
-0.850217 1.20271e-06 0
-0.891345 -0.0411264 0
-0.895164 1.05141e-06 0
-0.850217 1.20271e-06 0
-0.84659 0.0485741 0
-0.895164 1.05141e-06 0
-0.891345 0.0411284 0
-0.891345 -0.0411264 0
-0.895164 1.05141e-06 0
-0.928495 -0.0333301 0
-0.932473 8.69962e-07 0
-0.895164 1.05141e-06 0
-0.891345 0.0411284 0
-0.932473 8.69962e-07 0
-0.928495 0.0333319 0
-0.928495 -0.0333301 0
-0.932473 8.69962e-07 0
-0.957723 -0.0252496 0
-0.961827 6.70629e-07 0
-0.932473 8.69962e-07 0
-0.928495 0.0333319 0
-0.961827 6.70629e-07 0
-0.957723 0.0252509 0
-0.957723 -0.0252496 0
-0.961827 6.70629e-07 0
-0.978781 -0.0169536 0
-0.982974 4.62566e-07 0
-0.961827 6.70629e-07 0
-0.957723 0.0252509 0
-0.982974 4.62566e-07 0
-0.978781 0.0169545 0
-0.978781 -0.0169536 0
-0.982974 4.62566e-07 0
-0.991487 -0.00851307 0
-0.995735 2.4499e-07 0
-0.982974 4.62566e-07 0
-0.978781 0.0169545 0
-0.995735 2.4499e-07 0
-0.991487 0.00851356 0
-0.991487 -0.00851307 0
-0.995735 2.4499e-07 0
-0.995734 -1.12996e-17 0
-1 -7.4988e-33 0
-0.995735 2.4499e-07 0
-0.991487 0.00851356 0
-1 -7.4988e-33 0
-0.995734 1.12996e-17 0
0.995734 0 0
0.982973 0 0
0.991487 0.00851339 0
0.978781 0.0169544 0
0.982973 0 0
0.961826 0 0
0.978781 0.0169544 0
0.957723 0.0252507 0
0.991487 0.00851339 0
0.978781 0.0169544 0
0.978781 0.0169541 0
0.966238 0.033764 0
0.978781 0.0169544 0
0.957723 0.0252507 0
0.966238 0.033764 0
0.94545 0.0502858 0
0.978781 0.0169541 0
0.966238 0.033764 0
0.957725 0.0252501 0
0.945451 0.0502854 0
0.966238 0.033764 0
0.94545 0.0502858 0
0.945451 0.0502854 0
0.925111 0.0748917 0
0.957725 0.0252501 0
0.945451 0.0502854 0
0.928497 0.0333306 0
0.916598 0.0663778 0
0.945451 0.0502854 0
0.925111 0.0748917 0
0.916598 0.0663778 0
0.896878 0.0988586 0
0.928497 0.0333306 0
0.916598 0.0663778 0
0.891348 0.0411268 0
0.879924 0.0819039 0
0.916598 0.0663778 0
0.896878 0.0988586 0
0.879924 0.0819039 0
0.860994 0.121982 0
0.891348 0.0411268 0
0.879924 0.0819039 0
0.846594 0.0485722 0
0.835744 0.0967312 0
0.879924 0.0819039 0
0.860994 0.121982 0
0.835744 0.0967312 0
0.817764 0.144065 0
0.846594 0.0485722 0
0.835744 0.0967312 0
0.794617 0.0556032 0
0.784433 0.110733 0
0.835744 0.0967312 0
0.817764 0.144065 0
0.784433 0.110733 0
0.767557 0.164919 0
0.794617 0.0556032 0
0.784433 0.110733 0
0.73586 0.0621598 0
0.72643 0.123791 0
0.784433 0.110733 0
0.767557 0.164919 0
0.72643 0.123791 0
0.710802 0.184365 0
0.73586 0.0621598 0
0.72643 0.123791 0
0.670826 0.0681862 0
0.662229 0.135792 0
0.72643 0.123791 0
0.710802 0.184365 0
0.662229 0.135792 0
0.647982 0.202239 0
0.670826 0.0681862 0
0.662229 0.135792 0
0.600068 0.0736308 0
0.592378 0.146635 0
0.662229 0.135792 0
0.647982 0.202239 0
0.592378 0.146635 0
0.579634 0.218388 0
0.600068 0.0736308 0
0.592378 0.146635 0
0.524191 0.0784473 0
0.517473 0.156227 0
0.592378 0.146635 0
0.579634 0.218388 0
0.517473 0.156227 0
0.50634 0.232673 0
0.524191 0.0784473 0
0.517473 0.156227 0
0.443841 0.0825945 0
0.438153 0.164485 0
0.517473 0.156227 0
0.50634 0.232673 0
0.438153 0.164485 0
0.428727 0.244973 0
0.443841 0.0825945 0
0.438153 0.164485 0
0.359705 0.0860371 0
0.355095 0.171341 0
0.438153 0.164485 0
0.428727 0.244973 0
0.355095 0.171341 0
0.347456 0.255183 0
0.359705 0.0860371 0
0.355095 0.171341 0
0.2725 0.0887457 0
0.269008 0.176735 0
0.355095 0.171341 0
0.347456 0.255183 0
0.269008 0.176735 0
0.26322 0.263216 0
0.2725 0.0887457 0
0.269008 0.176735 0
0.18297 0.0906971 0
0.180625 0.180621 0
0.269008 0.176735 0
0.26322 0.263216 0
0.180625 0.180621 0
0.176739 0.269004 0
0.18297 0.0906971 0
0.180625 0.180621 0
0.0918785 0.0918748 0
0.0907012 0.182966 0
0.180625 0.180621 0
0.176739 0.269004 0
0.0907012 0.182966 0
0.0887502 0.272496 0
0.0918785 0.0918748 0
0.0907012 0.182966 0
3.46185e-06 0.0922686 0
3.67762e-06 0.18375 0
0.0907012 0.182966 0
0.0887502 0.272496 0
3.67762e-06 0.18375 0
3.85209e-06 0.273664 0
3.46185e-06 0.0922686 0
3.67762e-06 0.18375 0
-0.0918716 0.0918753 0
-0.0906939 0.182966 0
3.67762e-06 0.18375 0
3.85209e-06 0.273664 0
-0.0906939 0.182966 0
-0.0887425 0.272497 0
-0.0918716 0.0918753 0
-0.0906939 0.182966 0
-0.182963 0.090698 0
-0.180618 0.180622 0
-0.0906939 0.182966 0
-0.0887425 0.272497 0
-0.180618 0.180622 0
-0.176732 0.269004 0
-0.182963 0.090698 0
-0.180618 0.180622 0
-0.272493 0.088747 0
-0.269001 0.176736 0
-0.180618 0.180622 0
-0.176732 0.269004 0
-0.269001 0.176736 0
-0.263213 0.263217 0
-0.272493 0.088747 0
-0.269001 0.176736 0
-0.359699 0.0860388 0
-0.355088 0.171343 0
-0.269001 0.176736 0
-0.263213 0.263217 0
-0.355088 0.171343 0
-0.347449 0.255184 0
-0.359699 0.0860388 0
-0.355088 0.171343 0
-0.443835 0.0825965 0
-0.438147 0.164487 0
-0.355088 0.171343 0
-0.347449 0.255184 0
-0.438147 0.164487 0
-0.42872 0.244974 0
-0.443835 0.0825965 0
-0.438147 0.164487 0
-0.524185 0.0784495 0
-0.517467 0.156228 0
-0.438147 0.164487 0
-0.42872 0.244974 0
-0.517467 0.156228 0
-0.506334 0.232674 0
-0.524185 0.0784495 0
-0.517467 0.156228 0
-0.600063 0.0736331 0
-0.592372 0.146637 0
-0.517467 0.156228 0
-0.506334 0.232674 0
-0.592372 0.146637 0
-0.579628 0.218389 0
-0.600063 0.0736331 0
-0.592372 0.146637 0
-0.670821 0.0681885 0
-0.662224 0.135794 0
-0.592372 0.146637 0
-0.579628 0.218389 0
-0.662224 0.135794 0
-0.647977 0.202241 0
-0.670821 0.0681885 0
-0.662224 0.135794 0
-0.735856 0.0621621 0
-0.726425 0.123792 0
-0.662224 0.135794 0
-0.647977 0.202241 0
-0.726425 0.123792 0
-0.710797 0.184367 0
-0.735856 0.0621621 0
-0.726425 0.123792 0
-0.794613 0.0556053 0
-0.784429 0.110735 0
-0.726425 0.123792 0
-0.710797 0.184367 0
-0.784429 0.110735 0
-0.767553 0.16492 0
-0.794613 0.0556053 0
-0.784429 0.110735 0
-0.84659 0.0485741 0
-0.835741 0.0967326 0
-0.784429 0.110735 0
-0.767553 0.16492 0
-0.835741 0.0967326 0
-0.817761 0.144066 0
-0.84659 0.0485741 0
-0.835741 0.0967326 0
-0.891345 0.0411284 0
-0.879922 0.0819049 0
-0.835741 0.0967326 0
-0.817761 0.144066 0
-0.879922 0.0819049 0
-0.860991 0.121983 0
-0.891345 0.0411284 0
-0.879922 0.0819049 0
-0.928495 0.0333319 0
-0.916596 0.0663785 0
-0.879922 0.0819049 0
-0.860991 0.121983 0
-0.916596 0.0663785 0
-0.896876 0.0988587 0
-0.928495 0.0333319 0
-0.916596 0.0663785 0
-0.957723 0.0252509 0
-0.94545 0.0502857 0
-0.916596 0.0663785 0
-0.896876 0.0988587 0
-0.94545 0.0502857 0
-0.925109 0.0748915 0
-0.957723 0.0252509 0
-0.94545 0.0502857 0
-0.978781 0.0169545 0
-0.966237 0.033764 0
-0.94545 0.0502857 0
-0.925109 0.0748915 0
-0.966237 0.033764 0
-0.94545 0.0502853 0
-0.978781 0.0169545 0
-0.966237 0.033764 0
-0.991487 0.00851356 0
-0.978781 0.0169542 0
-0.966237 0.033764 0
-0.94545 0.0502853 0
-0.978781 0.0169542 0
-0.957723 0.0252503 0
-0.991487 0.00851356 0
-0.978781 0.0169542 0
-0.995734 1.12996e-17 0
-0.982973 2.25028e-17 0
-0.978781 0.0169542 0
-0.957723 0.0252503 0
-0.982973 2.25028e-17 0
-0.961826 3.3514e-17 0
0.961826 0 0
0.932472 0 0
0.957723 0.0252507 0
0.928495 0.0333316 0
0.932472 0 0
0.895163 0 0
0.928495 0.0333316 0
0.891345 0.0411281 0
0.957723 0.0252507 0
0.928495 0.0333316 0
0.94545 0.0502858 0
0.916597 0.0663786 0
0.928495 0.0333316 0
0.891345 0.0411281 0
0.916597 0.0663786 0
0.879923 0.081905 0
0.94545 0.0502858 0
0.916597 0.0663786 0
0.925111 0.0748917 0
0.896878 0.0988591 0
0.916597 0.0663786 0
0.879923 0.081905 0
0.896878 0.0988591 0
0.860993 0.121983 0
0.925111 0.0748917 0
0.896878 0.0988591 0
0.896878 0.0988586 0
0.869507 0.130496 0
0.896878 0.0988591 0
0.860993 0.121983 0
0.869507 0.130496 0
0.834717 0.16102 0
0.896878 0.0988586 0
0.869507 0.130496 0
0.860994 0.121982 0
0.834718 0.16102 0
0.869507 0.130496 0
0.834717 0.16102 0
0.834718 0.16102 0
0.80132 0.198684 0
0.860994 0.121982 0
0.834718 0.16102 0
0.817764 0.144065 0
0.792807 0.19017 0
0.834718 0.16102 0
0.80132 0.198684 0
0.792807 0.19017 0
0.761086 0.234652 0
0.817764 0.144065 0
0.792807 0.19017 0
0.767557 0.164919 0
0.744133 0.217697 0
0.792807 0.19017 0
0.761086 0.234652 0
0.744133 0.217697 0
0.714359 0.268618 0
0.767557 0.164919 0
0.744133 0.217697 0
0.710802 0.184365 0
0.689109 0.243367 0
0.744133 0.217697 0
0.714359 0.268618 0
0.689109 0.243367 0
0.661538 0.300293 0
0.710802 0.184365 0
0.689109 0.243367 0
0.647982 0.202239 0
0.628207 0.266961 0
0.689109 0.243367 0
0.661538 0.300293 0
0.628207 0.266961 0
0.603072 0.329405 0
0.647982 0.202239 0
0.628207 0.266961 0
0.579634 0.218388 0
0.561944 0.288277 0
0.628207 0.266961 0
0.603072 0.329405 0
0.561944 0.288277 0
0.539461 0.355708 0
0.579634 0.218388 0
0.561944 0.288277 0
0.50634 0.232673 0
0.490888 0.307134 0
0.561944 0.288277 0
0.539461 0.355708 0
0.490888 0.307134 0
0.471247 0.378975 0
0.50634 0.232673 0
0.490888 0.307134 0
0.428727 0.244973 0
0.415643 0.323371 0
0.490888 0.307134 0
0.471247 0.378975 0
0.415643 0.323371 0
0.399013 0.399009 0
0.428727 0.244973 0
0.415643 0.323371 0
0.347456 0.255183 0
0.336852 0.336848 0
0.415643 0.323371 0
0.399013 0.399009 0
0.336852 0.336848 0
0.323375 0.41564 0
0.347456 0.255183 0
0.336852 0.336848 0
0.26322 0.263216 0
0.255188 0.347452 0
0.336852 0.336848 0
0.323375 0.41564 0
0.255188 0.347452 0
0.244978 0.428724 0
0.26322 0.263216 0
0.255188 0.347452 0
0.176739 0.269004 0
0.171346 0.355092 0
0.255188 0.347452 0
0.244978 0.428724 0
0.171346 0.355092 0
0.16449 0.43815 0
0.176739 0.269004 0
0.171346 0.355092 0
0.0887502 0.272496 0
0.0860419 0.359702 0
0.171346 0.355092 0
0.16449 0.43815 0
0.0860419 0.359702 0
0.0825995 0.443838 0
0.0887502 0.272496 0
0.0860419 0.359702 0
3.85209e-06 0.273664 0
3.97756e-06 0.361243 0
0.0860419 0.359702 0
0.0825995 0.443838 0
3.97756e-06 0.361243 0
4.04735e-06 0.44574 0
3.85209e-06 0.273664 0
3.97756e-06 0.361243 0
-0.0887425 0.272497 0
-0.086034 0.359702 0
3.97756e-06 0.361243 0
4.04735e-06 0.44574 0
-0.086034 0.359702 0
-0.0825915 0.443838 0
-0.0887425 0.272497 0
-0.086034 0.359702 0
-0.176732 0.269004 0
-0.171338 0.355092 0
-0.086034 0.359702 0
-0.0825915 0.443838 0
-0.171338 0.355092 0
-0.164482 0.43815 0
-0.176732 0.269004 0
-0.171338 0.355092 0
-0.263213 0.263217 0
-0.25518 0.347453 0
-0.171338 0.355092 0
-0.164482 0.43815 0
-0.25518 0.347453 0
-0.24497 0.428724 0
-0.263213 0.263217 0
-0.25518 0.347453 0
-0.347449 0.255184 0
-0.336845 0.336849 0
-0.25518 0.347453 0
-0.24497 0.428724 0
-0.336845 0.336849 0
-0.323367 0.41564 0
-0.347449 0.255184 0
-0.336845 0.336849 0
-0.42872 0.244974 0
-0.415636 0.323372 0
-0.336845 0.336849 0
-0.323367 0.41564 0
-0.415636 0.323372 0
-0.399006 0.39901 0
-0.42872 0.244974 0
-0.415636 0.323372 0
-0.506334 0.232674 0
-0.490881 0.307135 0
-0.415636 0.323372 0
-0.399006 0.39901 0
-0.490881 0.307135 0
-0.471241 0.378976 0
-0.506334 0.232674 0
-0.490881 0.307135 0
-0.579628 0.218389 0
-0.561938 0.288278 0
-0.490881 0.307135 0
-0.471241 0.378976 0
-0.561938 0.288278 0
-0.539455 0.355708 0
-0.579628 0.218389 0
-0.561938 0.288278 0
-0.647977 0.202241 0
-0.628201 0.266962 0
-0.561938 0.288278 0
-0.539455 0.355708 0
-0.628201 0.266962 0
-0.603066 0.329406 0
-0.647977 0.202241 0
-0.628201 0.266962 0
-0.710797 0.184367 0
-0.689104 0.243368 0
-0.628201 0.266962 0
-0.603066 0.329406 0
-0.689104 0.243368 0
-0.661533 0.300293 0
-0.710797 0.184367 0
-0.689104 0.243368 0
-0.767553 0.16492 0
-0.744128 0.217698 0
-0.689104 0.243368 0
-0.661533 0.300293 0
-0.744128 0.217698 0
-0.714355 0.268618 0
-0.767553 0.16492 0
-0.744128 0.217698 0
-0.817761 0.144066 0
-0.792804 0.19017 0
-0.744128 0.217698 0
-0.714355 0.268618 0
-0.792804 0.19017 0
-0.761083 0.234651 0
-0.817761 0.144066 0
-0.792804 0.19017 0
-0.860991 0.121983 0
-0.834715 0.16102 0
-0.792804 0.19017 0
-0.761083 0.234651 0
-0.834715 0.16102 0
-0.801317 0.198683 0
-0.860991 0.121983 0
-0.834715 0.16102 0
-0.896876 0.0988587 0
-0.869505 0.130496 0
-0.834715 0.16102 0
-0.801317 0.198683 0
-0.869505 0.130496 0
-0.834715 0.161019 0
-0.896876 0.0988587 0
-0.869505 0.130496 0
-0.925109 0.0748915 0
-0.896876 0.0988583 0
-0.869505 0.130496 0
-0.834715 0.161019 0
-0.896876 0.0988583 0
-0.860992 0.121982 0
-0.925109 0.0748915 0
-0.896876 0.0988583 0
-0.94545 0.0502853 0
-0.916596 0.0663776 0
-0.896876 0.0988583 0
-0.860992 0.121982 0
-0.916596 0.0663776 0
-0.879922 0.0819036 0
-0.94545 0.0502853 0
-0.916596 0.0663776 0
-0.957723 0.0252503 0
-0.928495 0.0333309 0
-0.916596 0.0663776 0
-0.879922 0.0819036 0
-0.928495 0.0333309 0
-0.891345 0.0411271 0
-0.957723 0.0252503 0
-0.928495 0.0333309 0
-0.961826 3.3514e-17 0
-0.932472 4.42393e-17 0
-0.928495 0.0333309 0
-0.891345 0.0411271 0
-0.932472 4.42393e-17 0
-0.895163 5.45872e-17 0
0.895163 0 0
0.850217 0 0
0.891345 0.0411281 0
0.846591 0.0485737 0
0.850217 0 0
0.798017 0 0
0.846591 0.0485737 0
0.794614 0.0556049 0
0.891345 0.0411281 0
0.846591 0.0485737 0
0.879923 0.081905 0
0.835742 0.0967327 0
0.846591 0.0485737 0
0.794614 0.0556049 0
0.835742 0.0967327 0
0.784431 0.110735 0
0.879923 0.081905 0
0.835742 0.0967327 0
0.860993 0.121983 0
0.817762 0.144066 0
0.835742 0.0967327 0
0.784431 0.110735 0
0.817762 0.144066 0
0.767555 0.16492 0
0.860993 0.121983 0
0.817762 0.144066 0
0.834717 0.16102 0
0.792806 0.19017 0
0.817762 0.144066 0
0.767555 0.16492 0
0.792806 0.19017 0
0.744131 0.217698 0
0.834717 0.16102 0
0.792806 0.19017 0
0.80132 0.198684 0
0.761086 0.234652 0
0.792806 0.19017 0
0.744131 0.217698 0
0.761086 0.234652 0
0.714358 0.268619 0
0.80132 0.198684 0
0.761086 0.234652 0
0.761086 0.234652 0
0.722872 0.277132 0
0.761086 0.234652 0
0.714358 0.268619 0
0.722872 0.277132 0
0.678491 0.317248 0
0.761086 0.234652 0
0.722872 0.277132 0
0.714359 0.268618 0
0.678491 0.317247 0
0.722872 0.277132 0
0.678491 0.317248 0
0.678491 0.317247 0
0.636835 0.36317 0
0.714359 0.268618 0
0.678491 0.317247 0
0.661538 0.300293 0
0.628322 0.354656 0
0.678491 0.317247 0
0.636835 0.36317 0
0.628322 0.354656 0
0.589746 0.405994 0
0.661538 0.300293 0
0.628322 0.354656 0
0.603072 0.329405 0
0.572792 0.389039 0
0.628322 0.354656 0
0.589746 0.405994 0
0.572792 0.389039 0
0.537625 0.445354 0
0.603072 0.329405 0
0.572792 0.389039 0
0.539461 0.355708 0
0.512375 0.420103 0
0.572792 0.389039 0
0.537625 0.445354 0
0.512375 0.420103 0
0.480917 0.480914 0
0.539461 0.355708 0
0.512375 0.420103 0
0.471247 0.378975 0
0.447586 0.447583 0
0.512375 0.420103 0
0.480917 0.480914 0
0.447586 0.447583 0
0.420106 0.512372 0
0.471247 0.378975 0
0.447586 0.447583 0
0.399013 0.399009 0
0.378979 0.471244 0
0.447586 0.447583 0
0.420106 0.512372 0
0.378979 0.471244 0
0.355711 0.539458 0
0.399013 0.399009 0
0.378979 0.471244 0
0.323375 0.41564 0
0.307138 0.490885 0
0.378979 0.471244 0
0.355711 0.539458 0
0.307138 0.490885 0
0.288282 0.561942 0
0.323375 0.41564 0
0.307138 0.490885 0
0.244978 0.428724 0
0.232677 0.506337 0
0.307138 0.490885 0
0.288282 0.561942 0
0.232677 0.506337 0
0.218392 0.579631 0
0.244978 0.428724 0
0.232677 0.506337 0
0.16449 0.43815 0
0.156231 0.51747 0
0.232677 0.506337 0
0.218392 0.579631 0
0.156231 0.51747 0
0.14664 0.592375 0
0.16449 0.43815 0
0.156231 0.51747 0
0.0825995 0.443838 0
0.0784524 0.524188 0
0.156231 0.51747 0
0.14664 0.592375 0
0.0784524 0.524188 0
0.0736359 0.600066 0
0.0825995 0.443838 0
0.0784524 0.524188 0
4.04735e-06 0.44574 0
4.05605e-06 0.526434 0
0.0784524 0.524188 0
0.0736359 0.600066 0
4.05605e-06 0.526434 0
3.99969e-06 0.602636 0
4.04735e-06 0.44574 0
4.05605e-06 0.526434 0
-0.0825915 0.443838 0
-0.0784443 0.524188 0
4.05605e-06 0.526434 0
3.99969e-06 0.602636 0
-0.0784443 0.524188 0
-0.073628 0.600066 0
-0.0825915 0.443838 0
-0.0784443 0.524188 0
-0.164482 0.43815 0
-0.156223 0.51747 0
-0.0784443 0.524188 0
-0.073628 0.600066 0
-0.156223 0.51747 0
-0.146632 0.592375 0
-0.164482 0.43815 0
-0.156223 0.51747 0
-0.24497 0.428724 0
-0.23267 0.506337 0
-0.156223 0.51747 0
-0.146632 0.592375 0
-0.23267 0.506337 0
-0.218385 0.579631 0
-0.24497 0.428724 0
-0.23267 0.506337 0
-0.323367 0.41564 0
-0.307131 0.490885 0
-0.23267 0.506337 0
-0.218385 0.579631 0
-0.307131 0.490885 0
-0.288274 0.561942 0
-0.323367 0.41564 0
-0.307131 0.490885 0
-0.399006 0.39901 0
-0.378972 0.471244 0
-0.307131 0.490885 0
-0.288274 0.561942 0
-0.378972 0.471244 0
-0.355704 0.539458 0
-0.399006 0.39901 0
-0.378972 0.471244 0
-0.471241 0.378976 0
-0.44758 0.447583 0
-0.378972 0.471244 0
-0.355704 0.539458 0
-0.44758 0.447583 0
-0.4201 0.512371 0
-0.471241 0.378976 0
-0.44758 0.447583 0
-0.539455 0.355708 0
-0.512369 0.420103 0
-0.44758 0.447583 0
-0.4201 0.512371 0
-0.512369 0.420103 0
-0.480911 0.480914 0
-0.539455 0.355708 0
-0.512369 0.420103 0
-0.603066 0.329406 0
-0.572786 0.389039 0
-0.512369 0.420103 0
-0.480911 0.480914 0
-0.572786 0.389039 0
-0.537619 0.445353 0
-0.603066 0.329406 0
-0.572786 0.389039 0
-0.661533 0.300293 0
-0.628317 0.354656 0
-0.572786 0.389039 0
-0.537619 0.445353 0
-0.628317 0.354656 0
-0.589741 0.405993 0
-0.661533 0.300293 0
-0.628317 0.354656 0
-0.714355 0.268618 0
-0.678487 0.317247 0
-0.628317 0.354656 0
-0.589741 0.405993 0
-0.678487 0.317247 0
-0.636831 0.363169 0
-0.714355 0.268618 0
-0.678487 0.317247 0
-0.761083 0.234651 0
-0.722869 0.277131 0
-0.678487 0.317247 0
-0.636831 0.363169 0
-0.722869 0.277131 0
-0.678487 0.317246 0
-0.761083 0.234651 0
-0.722869 0.277131 0
-0.801317 0.198683 0
-0.761083 0.234651 0
-0.722869 0.277131 0
-0.678487 0.317246 0
-0.761083 0.234651 0
-0.714356 0.268617 0
-0.801317 0.198683 0
-0.761083 0.234651 0
-0.834715 0.161019 0
-0.792804 0.190169 0
-0.761083 0.234651 0
-0.714356 0.268617 0
-0.792804 0.190169 0
-0.744129 0.217696 0
-0.834715 0.161019 0
-0.792804 0.190169 0
-0.860992 0.121982 0
-0.817761 0.144064 0
-0.792804 0.190169 0
-0.744129 0.217696 0
-0.817761 0.144064 0
-0.767554 0.164918 0
-0.860992 0.121982 0
-0.817761 0.144064 0
-0.879922 0.0819036 0
-0.835741 0.0967309 0
-0.817761 0.144064 0
-0.767554 0.164918 0
-0.835741 0.0967309 0
-0.78443 0.110733 0
-0.879922 0.0819036 0
-0.835741 0.0967309 0
-0.891345 0.0411271 0
-0.846591 0.0485724 0
-0.835741 0.0967309 0
-0.78443 0.110733 0
-0.846591 0.0485724 0
-0.794614 0.0556034 0
-0.891345 0.0411271 0
-0.846591 0.0485724 0
-0.895163 5.45872e-17 0
-0.850217 6.44693e-17 0
-0.846591 0.0485724 0
-0.794614 0.0556034 0
-0.850217 6.44693e-17 0
-0.798017 7.38015e-17 0
0.798017 0 0
0.739009 0 0
0.794614 0.0556049 0
0.735857 0.0621617 0
0.739009 0 0
0.673696 0 0
0.735857 0.0621617 0
0.670822 0.0681882 0
0.794614 0.0556049 0
0.735857 0.0621617 0
0.784431 0.110735 0
0.726427 0.123793 0
0.735857 0.0621617 0
0.670822 0.0681882 0
0.726427 0.123793 0
0.662225 0.135794 0
0.784431 0.110735 0
0.726427 0.123793 0
0.767555 0.16492 0
0.710799 0.184367 0
0.726427 0.123793 0
0.662225 0.135794 0
0.710799 0.184367 0
0.647979 0.202241 0
0.767555 0.16492 0
0.710799 0.184367 0
0.744131 0.217698 0
0.689107 0.243369 0
0.710799 0.184367 0
0.647979 0.202241 0
0.689107 0.243369 0
0.628204 0.266963 0
0.744131 0.217698 0
0.689107 0.243369 0
0.714358 0.268619 0
0.661536 0.300294 0
0.689107 0.243369 0
0.628204 0.266963 0
0.661536 0.300294 0
0.60307 0.329407 0
0.714358 0.268619 0
0.661536 0.300294 0
0.678491 0.317248 0
0.628321 0.354657 0
0.661536 0.300294 0
0.60307 0.329407 0
0.628321 0.354657 0
0.57279 0.38904 0
0.678491 0.317248 0
0.628321 0.354657 0
0.636835 0.36317 0
0.589745 0.405994 0
0.628321 0.354657 0
0.57279 0.38904 0
0.589745 0.405994 0
0.537624 0.445354 0
0.636835 0.36317 0
0.589745 0.405994 0
0.589746 0.405994 0
0.546138 0.453868 0
0.589745 0.405994 0
0.537624 0.445354 0
0.546138 0.453868 0
0.49787 0.497869 0
0.589746 0.405994 0
0.546138 0.453868 0
0.537625 0.445354 0
0.497871 0.497869 0
0.546138 0.453868 0
0.49787 0.497869 0
0.497871 0.497869 0
0.453869 0.546136 0
0.537625 0.445354 0
0.497871 0.497869 0
0.480917 0.480914 0
0.445356 0.537623 0
0.497871 0.497869 0
0.453869 0.546136 0
0.445356 0.537623 0
0.405996 0.589744 0
0.480917 0.480914 0
0.445356 0.537623 0
0.420106 0.512372 0
0.389042 0.572789 0
0.445356 0.537623 0
0.405996 0.589744 0
0.389042 0.572789 0
0.354659 0.62832 0
0.420106 0.512372 0
0.389042 0.572789 0
0.355711 0.539458 0
0.329409 0.603069 0
0.389042 0.572789 0
0.354659 0.62832 0
0.329409 0.603069 0
0.300296 0.661536 0
0.355711 0.539458 0
0.329409 0.603069 0
0.288282 0.561942 0
0.266965 0.628204 0
0.329409 0.603069 0
0.300296 0.661536 0
0.266965 0.628204 0
0.243371 0.689107 0
0.288282 0.561942 0
0.266965 0.628204 0
0.218392 0.579631 0
0.202244 0.64798 0
0.266965 0.628204 0
0.243371 0.689107 0
0.202244 0.64798 0
0.18437 0.7108 0
0.218392 0.579631 0
0.202244 0.64798 0
0.14664 0.592375 0
0.135797 0.662227 0
0.202244 0.64798 0
0.18437 0.7108 0
0.135797 0.662227 0
0.123795 0.726428 0
0.14664 0.592375 0
0.135797 0.662227 0
0.0736359 0.600066 0
0.0681912 0.670824 0
0.135797 0.662227 0
0.123795 0.726428 0
0.0681912 0.670824 0
0.0621646 0.735858 0
0.0736359 0.600066 0
0.0681912 0.670824 0
3.99969e-06 0.602636 0
3.87601e-06 0.673697 0
0.0681912 0.670824 0
0.0621646 0.735858 0
3.87601e-06 0.673697 0
3.68461e-06 0.739011 0
3.99969e-06 0.602636 0
3.87601e-06 0.673697 0
-0.073628 0.600066 0
-0.0681835 0.670824 0
3.87601e-06 0.673697 0
3.68461e-06 0.739011 0
-0.0681835 0.670824 0
-0.0621573 0.735858 0
-0.073628 0.600066 0
-0.0681835 0.670824 0
-0.146632 0.592375 0
-0.135789 0.662226 0
-0.0681835 0.670824 0
-0.0621573 0.735858 0
-0.135789 0.662226 0
-0.123788 0.726428 0
-0.146632 0.592375 0
-0.135789 0.662226 0
-0.218385 0.579631 0
-0.202236 0.647979 0
-0.135789 0.662226 0
-0.123788 0.726428 0
-0.202236 0.647979 0
-0.184363 0.710799 0
-0.218385 0.579631 0
-0.202236 0.647979 0
-0.288274 0.561942 0
-0.266958 0.628204 0
-0.202236 0.647979 0
-0.184363 0.710799 0
-0.266958 0.628204 0
-0.243364 0.689107 0
-0.288274 0.561942 0
-0.266958 0.628204 0
-0.355704 0.539458 0
-0.329402 0.603069 0
-0.266958 0.628204 0
-0.243364 0.689107 0
-0.329402 0.603069 0
-0.30029 0.661535 0
-0.355704 0.539458 0
-0.329402 0.603069 0
-0.4201 0.512371 0
-0.389036 0.572789 0
-0.329402 0.603069 0
-0.30029 0.661535 0
-0.389036 0.572789 0
-0.354653 0.628319 0
-0.4201 0.512371 0
-0.389036 0.572789 0
-0.480911 0.480914 0
-0.44535 0.537621 0
-0.389036 0.572789 0
-0.354653 0.628319 0
-0.44535 0.537621 0
-0.40599 0.589742 0
-0.480911 0.480914 0
-0.44535 0.537621 0
-0.537619 0.445353 0
-0.497866 0.497868 0
-0.44535 0.537621 0
-0.40599 0.589742 0
-0.497866 0.497868 0
-0.453864 0.546134 0
-0.537619 0.445353 0
-0.497866 0.497868 0
-0.589741 0.405993 0
-0.546133 0.453866 0
-0.497866 0.497868 0
-0.453864 0.546134 0
-0.546133 0.453866 0
-0.497866 0.497867 0
-0.589741 0.405993 0
-0.546133 0.453866 0
-0.636831 0.363169 0
-0.589741 0.405992 0
-0.546133 0.453866 0
-0.497866 0.497867 0
-0.589741 0.405992 0
-0.53762 0.445352 0
-0.636831 0.363169 0
-0.589741 0.405992 0
-0.678487 0.317246 0
-0.628317 0.354655 0
-0.589741 0.405992 0
-0.53762 0.445352 0
-0.628317 0.354655 0
-0.572787 0.389037 0
-0.678487 0.317246 0
-0.628317 0.354655 0
-0.714356 0.268617 0
-0.661533 0.300291 0
-0.628317 0.354655 0
-0.572787 0.389037 0
-0.661533 0.300291 0
-0.603067 0.329403 0
-0.714356 0.268617 0
-0.661533 0.300291 0
-0.744129 0.217696 0
-0.689105 0.243366 0
-0.661533 0.300291 0
-0.603067 0.329403 0
-0.689105 0.243366 0
-0.628203 0.266959 0
-0.744129 0.217696 0
-0.689105 0.243366 0
-0.767554 0.164918 0
-0.710798 0.184364 0
-0.689105 0.243366 0
-0.628203 0.266959 0
-0.710798 0.184364 0
-0.647978 0.202238 0
-0.767554 0.164918 0
-0.710798 0.184364 0
-0.78443 0.110733 0
-0.726427 0.12379 0
-0.710798 0.184364 0
-0.647978 0.202238 0
-0.726427 0.12379 0
-0.662225 0.135791 0
-0.78443 0.110733 0
-0.726427 0.12379 0
-0.794614 0.0556034 0
-0.735857 0.0621599 0
-0.726427 0.12379 0
-0.662225 0.135791 0
-0.735857 0.0621599 0
-0.670822 0.0681861 0
-0.794614 0.0556034 0
-0.735857 0.0621599 0
-0.798017 7.38015e-17 0
-0.739009 8.25039e-17 0
-0.735857 0.0621599 0
-0.670822 0.0681861 0
-0.739009 8.25039e-17 0
-0.673696 9.05025e-17 0
0.673696 0 0
0.602635 0 0
0.670822 0.0681882 0
0.600064 0.0736329 0
0.602635 0 0
0.526432 0 0
0.600064 0.0736329 0
0.524187 0.0784494 0
0.670822 0.0681882 0
0.600064 0.0736329 0
0.662225 0.135794 0
0.592374 0.146637 0
0.600064 0.0736329 0
0.524187 0.0784494 0
0.592374 0.146637 0
0.517469 0.156229 0
0.662225 0.135794 0
0.592374 0.146637 0
0.647979 0.202241 0
0.57963 0.21839 0
0.592374 0.146637 0
0.517469 0.156229 0
0.57963 0.21839 0
0.506337 0.232675 0
0.647979 0.202241 0
0.57963 0.21839 0
0.628204 0.266963 0
0.561941 0.288279 0
0.57963 0.21839 0
0.506337 0.232675 0
0.561941 0.288279 0
0.490884 0.307136 0
0.628204 0.266963 0
0.561941 0.288279 0
0.60307 0.329407 0
0.539458 0.355709 0
0.561941 0.288279 0
0.490884 0.307136 0
0.539458 0.355709 0
0.471244 0.378977 0
0.60307 0.329407 0
0.539458 0.355709 0
0.57279 0.38904 0
0.512372 0.420104 0
0.539458 0.355709 0
0.471244 0.378977 0
0.512372 0.420104 0
0.447583 0.447584 0
0.57279 0.38904 0
0.512372 0.420104 0
0.537624 0.445354 0
0.480915 0.480915 0
0.512372 0.420104 0
0.447583 0.447584 0
0.480915 0.480915 0
0.420104 0.512373 0
0.537624 0.445354 0
0.480915 0.480915 0
0.49787 0.497869 0
0.445355 0.537623 0
0.480915 0.480915 0
0.420104 0.512373 0
0.445355 0.537623 0
0.389041 0.57279 0
0.49787 0.497869 0
0.445355 0.537623 0
0.453869 0.546136 0
0.405995 0.589744 0
0.445355 0.537623 0
0.389041 0.57279 0
0.405995 0.589744 0
0.354658 0.628321 0
0.453869 0.546136 0
0.405995 0.589744 0
0.405996 0.589744 0
0.363172 0.636834 0
0.405995 0.589744 0
0.354658 0.628321 0
0.363172 0.636834 0
0.317249 0.67849 0
0.405996 0.589744 0
0.363172 0.636834 0
0.354659 0.62832 0
0.31725 0.67849 0
0.363172 0.636834 0
0.317249 0.67849 0
0.31725 0.67849 0
0.277134 0.722872 0
0.354659 0.62832 0
0.31725 0.67849 0
0.300296 0.661536 0
0.268621 0.714358 0
0.31725 0.67849 0
0.277134 0.722872 0
0.268621 0.714358 0
0.234654 0.761086 0
0.300296 0.661536 0
0.268621 0.714358 0
0.243371 0.689107 0
0.2177 0.744131 0
0.268621 0.714358 0
0.234654 0.761086 0
0.2177 0.744131 0
0.190172 0.792806 0
0.243371 0.689107 0
0.2177 0.744131 0
0.18437 0.7108 0
0.164922 0.767556 0
0.2177 0.744131 0
0.190172 0.792806 0
0.164922 0.767556 0
0.144068 0.817763 0
0.18437 0.7108 0
0.164922 0.767556 0
0.123795 0.726428 0
0.110737 0.784432 0
0.164922 0.767556 0
0.144068 0.817763 0
0.110737 0.784432 0
0.0967349 0.835743 0
0.123795 0.726428 0
0.110737 0.784432 0
0.0621646 0.735858 0
0.0556077 0.794615 0
0.110737 0.784432 0
0.0967349 0.835743 0
0.0556077 0.794615 0
0.0485762 0.846592 0
0.0621646 0.735858 0
0.0556077 0.794615 0
3.68461e-06 0.739011 0
3.42731e-06 0.798019 0
0.0556077 0.794615 0
0.0485762 0.846592 0
3.42731e-06 0.798019 0
3.10843e-06 0.850219 0
3.68461e-06 0.739011 0
3.42731e-06 0.798019 0
-0.0621573 0.735858 0
-0.0556008 0.794615 0
3.42731e-06 0.798019 0
3.10843e-06 0.850219 0
-0.0556008 0.794615 0
-0.0485701 0.846592 0
-0.0621573 0.735858 0
-0.0556008 0.794615 0
-0.123788 0.726428 0
-0.110731 0.784431 0
-0.0556008 0.794615 0
-0.0485701 0.846592 0
-0.110731 0.784431 0
-0.0967288 0.835742 0
-0.123788 0.726428 0
-0.110731 0.784431 0
-0.184363 0.710799 0
-0.164916 0.767555 0
-0.110731 0.784431 0
-0.0967288 0.835742 0
-0.164916 0.767555 0
-0.144062 0.817762 0
-0.184363 0.710799 0
-0.164916 0.767555 0
-0.243364 0.689107 0
-0.217694 0.74413 0
-0.164916 0.767555 0
-0.144062 0.817762 0
-0.217694 0.74413 0
-0.190167 0.792805 0
-0.243364 0.689107 0
-0.217694 0.74413 0
-0.30029 0.661535 0
-0.268615 0.714357 0
-0.217694 0.74413 0
-0.190167 0.792805 0
-0.268615 0.714357 0
-0.234649 0.761084 0
-0.30029 0.661535 0
-0.268615 0.714357 0
-0.354653 0.628319 0
-0.317244 0.678489 0
-0.268615 0.714357 0
-0.234649 0.761084 0
-0.317244 0.678489 0
-0.277129 0.72287 0
-0.354653 0.628319 0
-0.317244 0.678489 0
-0.40599 0.589742 0
-0.363167 0.636832 0
-0.317244 0.678489 0
-0.277129 0.72287 0
-0.363167 0.636832 0
-0.317244 0.678488 0
-0.40599 0.589742 0
-0.363167 0.636832 0
-0.453864 0.546134 0
-0.405991 0.589742 0
-0.363167 0.636832 0
-0.317244 0.678488 0
-0.405991 0.589742 0
-0.354653 0.628318 0
-0.453864 0.546134 0
-0.405991 0.589742 0
-0.497866 0.497867 0
-0.445351 0.53762 0
-0.405991 0.589742 0
-0.354653 0.628318 0
-0.445351 0.53762 0
-0.389037 0.572787 0
-0.497866 0.497867 0
-0.445351 0.53762 0
-0.53762 0.445352 0
-0.480912 0.480912 0
-0.445351 0.53762 0
-0.389037 0.572787 0
-0.480912 0.480912 0
-0.420101 0.512369 0
-0.53762 0.445352 0
-0.480912 0.480912 0
-0.572787 0.389037 0
-0.51237 0.420101 0
-0.480912 0.480912 0
-0.420101 0.512369 0
-0.51237 0.420101 0
-0.447581 0.44758 0
-0.572787 0.389037 0
-0.51237 0.420101 0
-0.603067 0.329403 0
-0.539456 0.355705 0
-0.51237 0.420101 0
-0.447581 0.44758 0
-0.539456 0.355705 0
-0.471242 0.378973 0
-0.603067 0.329403 0
-0.539456 0.355705 0
-0.628203 0.266959 0
-0.56194 0.288275 0
-0.539456 0.355705 0
-0.471242 0.378973 0
-0.56194 0.288275 0
-0.490883 0.307132 0
-0.628203 0.266959 0
-0.56194 0.288275 0
-0.647978 0.202238 0
-0.57963 0.218386 0
-0.56194 0.288275 0
-0.490883 0.307132 0
-0.57963 0.218386 0
-0.506337 0.232671 0
-0.647978 0.202238 0
-0.57963 0.218386 0
-0.662225 0.135791 0
-0.592374 0.146634 0
-0.57963 0.218386 0
-0.506337 0.232671 0
-0.592374 0.146634 0
-0.51747 0.156225 0
-0.662225 0.135791 0
-0.592374 0.146634 0
-0.670822 0.0681861 0
-0.600065 0.0736306 0
-0.592374 0.146634 0
-0.51747 0.156225 0
-0.600065 0.0736306 0
-0.524187 0.0784469 0
-0.670822 0.0681861 0
-0.600065 0.0736306 0
-0.673696 9.05025e-17 0
-0.602635 9.77289e-17 0
-0.600065 0.0736306 0
-0.524187 0.0784469 0
-0.602635 9.77289e-17 0
-0.526432 1.04122e-16 0
0.526432 0 0
0.445738 0 0
0.524187 0.0784494 0
0.443837 0.0825966 0
0.445738 0 0
0.361242 0 0
0.443837 0.0825966 0
0.359701 0.0860391 0
0.524187 0.0784494 0
0.443837 0.0825966 0
0.517469 0.156229 0
0.438149 0.164488 0
0.443837 0.0825966 0
0.359701 0.0860391 0
0.438149 0.164488 0
0.355091 0.171344 0
0.517469 0.156229 0
0.438149 0.164488 0
0.506337 0.232675 0
0.428723 0.244975 0
0.438149 0.164488 0
0.355091 0.171344 0
0.428723 0.244975 0
0.347452 0.255186 0
0.506337 0.232675 0
0.428723 0.244975 0
0.490884 0.307136 0
0.415639 0.323373 0
0.428723 0.244975 0
0.347452 0.255186 0
0.415639 0.323373 0
0.336848 0.336851 0
0.490884 0.307136 0
0.415639 0.323373 0
0.471244 0.378977 0
0.39901 0.399011 0
0.415639 0.323373 0
0.336848 0.336851 0
0.39901 0.399011 0
0.323371 0.415641 0
0.471244 0.378977 0
0.39901 0.399011 0
0.447583 0.447584 0
0.378976 0.471245 0
0.39901 0.399011 0
0.323371 0.415641 0
0.378976 0.471245 0
0.307135 0.490886 0
0.447583 0.447584 0
0.378976 0.471245 0
0.420104 0.512373 0
0.355709 0.539459 0
0.378976 0.471245 0
0.307135 0.490886 0
0.355709 0.539459 0
0.288278 0.561943 0
0.420104 0.512373 0
0.355709 0.539459 0
0.389041 0.57279 0
0.329407 0.60307 0
0.355709 0.539459 0
0.288278 0.561943 0
0.329407 0.60307 0
0.266962 0.628205 0
0.389041 0.57279 0
0.329407 0.60307 0
0.354658 0.628321 0
0.300294 0.661536 0
0.329407 0.60307 0
0.266962 0.628205 0
0.300294 0.661536 0
0.243369 0.689108 0
0.354658 0.628321 0
0.300294 0.661536 0
0.317249 0.67849 0
0.26862 0.714358 0
0.300294 0.661536 0
0.243369 0.689108 0
0.26862 0.714358 0
0.217699 0.744132 0
0.317249 0.67849 0
0.26862 0.714358 0
0.277134 0.722872 0
0.234654 0.761086 0
0.26862 0.714358 0
0.217699 0.744132 0
0.234654 0.761086 0
0.190171 0.792806 0
0.277134 0.722872 0
0.234654 0.761086 0
0.234654 0.761086 0
0.198685 0.80132 0
0.234654 0.761086 0
0.190171 0.792806 0
0.198685 0.80132 0
0.161022 0.834717 0
0.234654 0.761086 0
0.198685 0.80132 0
0.190172 0.792806 0
0.161022 0.834717 0
0.198685 0.80132 0
0.161022 0.834717 0
0.161022 0.834717 0
0.130498 0.869507 0
0.190172 0.792806 0
0.161022 0.834717 0
0.144068 0.817763 0
0.121985 0.860993 0
0.161022 0.834717 0
0.130498 0.869507 0
0.121985 0.860993 0
0.0988609 0.896878 0
0.144068 0.817763 0
0.121985 0.860993 0
0.0967349 0.835743 0
0.0819071 0.879924 0
0.121985 0.860993 0
0.0988609 0.896878 0
0.0819071 0.879924 0
0.0663804 0.916597 0
0.0967349 0.835743 0
0.0819071 0.879924 0
0.0485762 0.846592 0
0.0411304 0.891347 0
0.0819071 0.879924 0
0.0663804 0.916597 0
0.0411304 0.891347 0
0.0333335 0.928496 0
0.0485762 0.846592 0
0.0411304 0.891347 0
3.10843e-06 0.850219 0
2.73456e-06 0.895165 0
0.0411304 0.891347 0
0.0333335 0.928496 0
2.73456e-06 0.895165 0
2.31295e-06 0.932474 0
3.10843e-06 0.850219 0
2.73456e-06 0.895165 0
-0.0485701 0.846592 0
-0.0411249 0.891346 0
2.73456e-06 0.895165 0
2.31295e-06 0.932474 0
-0.0411249 0.891346 0
-0.0333289 0.928496 0
-0.0485701 0.846592 0
-0.0411249 0.891346 0
-0.0967288 0.835742 0
-0.0819017 0.879923 0
-0.0411249 0.891346 0
-0.0333289 0.928496 0
-0.0819017 0.879923 0
-0.0663758 0.916596 0
-0.0967288 0.835742 0
-0.0819017 0.879923 0
-0.144062 0.817762 0
-0.12198 0.860992 0
-0.0819017 0.879923 0
-0.0663758 0.916596 0
-0.12198 0.860992 0
-0.0988564 0.896877 0
-0.144062 0.817762 0
-0.12198 0.860992 0
-0.190167 0.792805 0
-0.161017 0.834716 0
-0.12198 0.860992 0
-0.0988564 0.896877 0
-0.161017 0.834716 0
-0.130494 0.869505 0
-0.190167 0.792805 0
-0.161017 0.834716 0
-0.234649 0.761084 0
-0.198681 0.801318 0
-0.161017 0.834716 0
-0.130494 0.869505 0
-0.198681 0.801318 0
-0.161017 0.834715 0
-0.234649 0.761084 0
-0.198681 0.801318 0
-0.277129 0.72287 0
-0.234649 0.761083 0
-0.198681 0.801318 0
-0.161017 0.834715 0
-0.234649 0.761083 0
-0.190168 0.792804 0
-0.277129 0.72287 0
-0.234649 0.761083 0
-0.317244 0.678488 0
-0.268616 0.714356 0
-0.234649 0.761083 0
-0.190168 0.792804 0
-0.268616 0.714356 0
-0.217695 0.744128 0
-0.317244 0.678488 0
-0.268616 0.714356 0
-0.354653 0.628318 0
-0.30029 0.661533 0
-0.268616 0.714356 0
-0.217695 0.744128 0
-0.30029 0.661533 0
-0.243366 0.689105 0
-0.354653 0.628318 0
-0.30029 0.661533 0
-0.389037 0.572787 0
-0.329403 0.603067 0
-0.30029 0.661533 0
-0.243366 0.689105 0
-0.329403 0.603067 0
-0.26696 0.628201 0
-0.389037 0.572787 0
-0.329403 0.603067 0
-0.420101 0.512369 0
-0.355706 0.539455 0
-0.329403 0.603067 0
-0.26696 0.628201 0
-0.355706 0.539455 0
-0.288276 0.561939 0
-0.420101 0.512369 0
-0.355706 0.539455 0
-0.447581 0.44758 0
-0.378974 0.471241 0
-0.355706 0.539455 0
-0.288276 0.561939 0
-0.378974 0.471241 0
-0.307133 0.490882 0
-0.447581 0.44758 0
-0.378974 0.471241 0
-0.471242 0.378973 0
-0.399008 0.399007 0
-0.378974 0.471241 0
-0.307133 0.490882 0
-0.399008 0.399007 0
-0.32337 0.415637 0
-0.471242 0.378973 0
-0.399008 0.399007 0
-0.490883 0.307132 0
-0.415639 0.323368 0
-0.399008 0.399007 0
-0.32337 0.415637 0
-0.415639 0.323368 0
-0.336848 0.336846 0
-0.490883 0.307132 0
-0.415639 0.323368 0
-0.506337 0.232671 0
-0.428723 0.244971 0
-0.415639 0.323368 0
-0.336848 0.336846 0
-0.428723 0.244971 0
-0.347452 0.255181 0
-0.506337 0.232671 0
-0.428723 0.244971 0
-0.51747 0.156225 0
-0.43815 0.164484 0
-0.428723 0.244971 0
-0.347452 0.255181 0
-0.43815 0.164484 0
-0.355092 0.171339 0
-0.51747 0.156225 0
-0.43815 0.164484 0
-0.524187 0.0784469 0
-0.443838 0.0825939 0
-0.43815 0.164484 0
-0.355092 0.171339 0
-0.443838 0.0825939 0
-0.359702 0.0860363 0
-0.524187 0.0784469 0
-0.443838 0.0825939 0
-0.526432 1.04122e-16 0
-0.445738 1.09626e-16 0
-0.443838 0.0825939 0
-0.359702 0.0860363 0
-0.445738 1.09626e-16 0
-0.361242 1.14195e-16 0
0.361242 0 0
0.273663 0 0
0.359701 0.0860391 0
0.272495 0.0887476 0
0.273663 0 0
0.18375 0 0
0.272495 0.0887476 0
0.182965 0.0906989 0
0.359701 0.0860391 0
0.272495 0.0887476 0
0.355091 0.171344 0
0.269003 0.176737 0
0.272495 0.0887476 0
0.182965 0.0906989 0
0.269003 0.176737 0
0.18062 0.180623 0
0.355091 0.171344 0
0.269003 0.176737 0
0.347452 0.255186 0
0.263216 0.263219 0
0.269003 0.176737 0
0.18062 0.180623 0
0.263216 0.263219 0
0.176735 0.269006 0
0.347452 0.255186 0
0.263216 0.263219 0
0.336848 0.336851 0
0.255183 0.347454 0
0.263216 0.263219 0
0.176735 0.269006 0
0.255183 0.347454 0
0.171341 0.355094 0
0.336848 0.336851 0
0.255183 0.347454 0
0.323371 0.415641 0
0.244974 0.428725 0
0.255183 0.347454 0
0.171341 0.355094 0
0.244974 0.428725 0
0.164486 0.438151 0
0.323371 0.415641 0
0.244974 0.428725 0
0.307135 0.490886 0
0.232674 0.506339 0
0.244974 0.428725 0
0.164486 0.438151 0
0.232674 0.506339 0
0.156228 0.517471 0
0.307135 0.490886 0
0.232674 0.506339 0
0.288278 0.561943 0
0.218389 0.579632 0
0.232674 0.506339 0
0.156228 0.517471 0
0.218389 0.579632 0
0.146636 0.592376 0
0.288278 0.561943 0
0.218389 0.579632 0
0.266962 0.628205 0
0.202241 0.64798 0
0.218389 0.579632 0
0.146636 0.592376 0
0.202241 0.64798 0
0.135793 0.662227 0
0.266962 0.628205 0
0.202241 0.64798 0
0.243369 0.689108 0
0.184367 0.7108 0
0.202241 0.64798 0
0.135793 0.662227 0
0.184367 0.7108 0
0.123792 0.726428 0
0.243369 0.689108 0
0.184367 0.7108 0
0.217699 0.744132 0
0.16492 0.767556 0
0.184367 0.7108 0
0.123792 0.726428 0
0.16492 0.767556 0
0.110735 0.784432 0
0.217699 0.744132 0
0.16492 0.767556 0
0.190171 0.792806 0
0.144067 0.817763 0
0.16492 0.767556 0
0.110735 0.784432 0
0.144067 0.817763 0
0.0967328 0.835742 0
0.190171 0.792806 0
0.144067 0.817763 0
0.161022 0.834717 0
0.121984 0.860993 0
0.144067 0.817763 0
0.0967328 0.835742 0
0.121984 0.860993 0
0.0819054 0.879923 0
0.161022 0.834717 0
0.121984 0.860993 0
0.130498 0.869507 0
0.0988603 0.896878 0
0.121984 0.860993 0
0.0819054 0.879923 0
0.0988603 0.896878 0
0.0663793 0.916597 0
0.130498 0.869507 0
0.0988603 0.896878 0
0.0988609 0.896878 0
0.0748933 0.925111 0
0.0988603 0.896878 0
0.0663793 0.916597 0
0.0748933 0.925111 0
0.0502868 0.94545 0
0.0988609 0.896878 0
0.0748933 0.925111 0
0.0663804 0.916597 0
0.0502873 0.94545 0
0.0748933 0.925111 0
0.0502868 0.94545 0
0.0502873 0.94545 0
0.0337652 0.966237 0
0.0663804 0.916597 0
0.0502873 0.94545 0
0.0333335 0.928496 0
0.0252523 0.957724 0
0.0502873 0.94545 0
0.0337652 0.966237 0
0.0252523 0.957724 0
0.0169556 0.978781 0
0.0333335 0.928496 0
0.0252523 0.957724 0
2.31295e-06 0.932474 0
1.84708e-06 0.961827 0
0.0252523 0.957724 0
0.0169556 0.978781 0
1.84708e-06 0.961827 0
1.32921e-06 0.982974 0
2.31295e-06 0.932474 0
1.84708e-06 0.961827 0
-0.0333289 0.928496 0
-0.0252486 0.957724 0
1.84708e-06 0.961827 0
1.32921e-06 0.982974 0
-0.0252486 0.957724 0
-0.016953 0.978781 0
-0.0333289 0.928496 0
-0.0252486 0.957724 0
-0.0663758 0.916596 0
-0.0502837 0.94545 0
-0.0252486 0.957724 0
-0.016953 0.978781 0
-0.0502837 0.94545 0
-0.0337626 0.966237 0
-0.0663758 0.916596 0
-0.0502837 0.94545 0
-0.0988564 0.896877 0
-0.0748897 0.925109 0
-0.0502837 0.94545 0
-0.0337626 0.966237 0
-0.0748897 0.925109 0
-0.0502842 0.945449 0
-0.0988564 0.896877 0
-0.0748897 0.925109 0
-0.130494 0.869505 0
-0.0988569 0.896876 0
-0.0748897 0.925109 0
-0.0502842 0.945449 0
-0.0988569 0.896876 0
-0.0663768 0.916595 0
-0.130494 0.869505 0
-0.0988569 0.896876 0
-0.161017 0.834715 0
-0.121981 0.860991 0
-0.0988569 0.896876 0
-0.0663768 0.916595 0
-0.121981 0.860991 0
-0.0819031 0.879921 0
-0.161017 0.834715 0
-0.121981 0.860991 0
-0.190168 0.792804 0
-0.144064 0.81776 0
-0.121981 0.860991 0
-0.0819031 0.879921 0
-0.144064 0.81776 0
-0.0967306 0.83574 0
-0.190168 0.792804 0
-0.144064 0.81776 0
-0.217695 0.744128 0
-0.164917 0.767553 0
-0.144064 0.81776 0
-0.0967306 0.83574 0
-0.164917 0.767553 0
-0.110733 0.784429 0
-0.217695 0.744128 0
-0.164917 0.767553 0
-0.243366 0.689105 0
-0.184364 0.710797 0
-0.164917 0.767553 0
-0.110733 0.784429 0
-0.184364 0.710797 0
-0.12379 0.726425 0
-0.243366 0.689105 0
-0.184364 0.710797 0
-0.26696 0.628201 0
-0.202238 0.647977 0
-0.184364 0.710797 0
-0.12379 0.726425 0
-0.202238 0.647977 0
-0.135792 0.662224 0
-0.26696 0.628201 0
-0.202238 0.647977 0
-0.288276 0.561939 0
-0.218387 0.579628 0
-0.202238 0.647977 0
-0.135792 0.662224 0
-0.218387 0.579628 0
-0.146635 0.592372 0
-0.288276 0.561939 0
-0.218387 0.579628 0
-0.307133 0.490882 0
-0.232672 0.506334 0
-0.218387 0.579628 0
-0.146635 0.592372 0
-0.232672 0.506334 0
-0.156226 0.517467 0
-0.307133 0.490882 0
-0.232672 0.506334 0
-0.32337 0.415637 0
-0.244973 0.428721 0
-0.232672 0.506334 0
-0.156226 0.517467 0
-0.244973 0.428721 0
-0.164485 0.438147 0
-0.32337 0.415637 0
-0.244973 0.428721 0
-0.336848 0.336846 0
-0.255183 0.347449 0
-0.244973 0.428721 0
-0.164485 0.438147 0
-0.255183 0.347449 0
-0.171341 0.355089 0
-0.336848 0.336846 0
-0.255183 0.347449 0
-0.347452 0.255181 0
-0.263217 0.263214 0
-0.255183 0.347449 0
-0.171341 0.355089 0
-0.263217 0.263214 0
-0.176735 0.269001 0
-0.347452 0.255181 0
-0.263217 0.263214 0
-0.355092 0.171339 0
-0.269004 0.176733 0
-0.263217 0.263214 0
-0.176735 0.269001 0
-0.269004 0.176733 0
-0.180622 0.180619 0
-0.355092 0.171339 0
-0.269004 0.176733 0
-0.359702 0.0860363 0
-0.272497 0.0887446 0
-0.269004 0.176733 0
-0.180622 0.180619 0
-0.272497 0.0887446 0
-0.182967 0.0906958 0
-0.359702 0.0860363 0
-0.272497 0.0887446 0
-0.361242 1.14195e-16 0
-0.273663 1.1779e-16 0
-0.272497 0.0887446 0
-0.182967 0.0906958 0
-0.273663 1.1779e-16 0
-0.18375 1.20379e-16 0
0.18375 0 0
0.0922684 0 0
0.182965 0.0906989 0
0.0918741 0.0918763 0
0.0922684 0 0
1.22465e-16 0 0
0.0918741 0.0918763 0
1.21942e-16 0.0922684 0
0.182965 0.0906989 0
0.0918741 0.0918763 0
0.18062 0.180623 0
0.090697 0.182968 0
0.0918741 0.0918763 0
1.21942e-16 0.0922684 0
0.090697 0.182968 0
1.20379e-16 0.18375 0
0.18062 0.180623 0
0.090697 0.182968 0
0.176735 0.269006 0
0.088746 0.272498 0
0.090697 0.182968 0
1.20379e-16 0.18375 0
0.088746 0.272498 0
1.1779e-16 0.273663 0
0.176735 0.269006 0
0.088746 0.272498 0
0.171341 0.355094 0
0.0860378 0.359703 0
0.088746 0.272498 0
1.1779e-16 0.273663 0
0.0860378 0.359703 0
1.14195e-16 0.361242 0
0.171341 0.355094 0
0.0860378 0.359703 0
0.164486 0.438151 0
0.0825955 0.443839 0
0.0860378 0.359703 0
1.14195e-16 0.361242 0
0.0825955 0.443839 0
1.09626e-16 0.445738 0
0.164486 0.438151 0
0.0825955 0.443839 0
0.156228 0.517471 0
0.0784485 0.524188 0
0.0825955 0.443839 0
1.09626e-16 0.445738 0
0.0784485 0.524188 0
1.04122e-16 0.526432 0
0.156228 0.517471 0
0.0784485 0.524188 0
0.146636 0.592376 0
0.0736321 0.600065 0
0.0784485 0.524188 0
1.04122e-16 0.526432 0
0.0736321 0.600065 0
9.77289e-17 0.602635 0
0.146636 0.592376 0
0.0736321 0.600065 0
0.135793 0.662227 0
0.0681876 0.670823 0
0.0736321 0.600065 0
9.77289e-17 0.602635 0
0.0681876 0.670823 0
9.05025e-17 0.673696 0
0.135793 0.662227 0
0.0681876 0.670823 0
0.123792 0.726428 0
0.0621613 0.735858 0
0.0681876 0.670823 0
9.05025e-17 0.673696 0
0.0621613 0.735858 0
8.25039e-17 0.739009 0
0.123792 0.726428 0
0.0621613 0.735858 0
0.110735 0.784432 0
0.0556047 0.794614 0
0.0621613 0.735858 0
8.25039e-17 0.739009 0
0.0556047 0.794614 0
7.38015e-17 0.798017 0
0.110735 0.784432 0
0.0556047 0.794614 0
0.0967328 0.835742 0
0.0485737 0.846591 0
0.0556047 0.794614 0
7.38015e-17 0.798017 0
0.0485737 0.846591 0
6.44693e-17 0.850217 0
0.0967328 0.835742 0
0.0485737 0.846591 0
0.0819054 0.879923 0
0.0411282 0.891346 0
0.0485737 0.846591 0
6.44693e-17 0.850217 0
0.0411282 0.891346 0
5.45872e-17 0.895163 0
0.0819054 0.879923 0
0.0411282 0.891346 0
0.0663793 0.916597 0
0.0333319 0.928495 0
0.0411282 0.891346 0
5.45872e-17 0.895163 0
0.0333319 0.928495 0
4.42393e-17 0.932472 0
0.0663793 0.916597 0
0.0333319 0.928495 0
0.0502868 0.94545 0
0.0252511 0.957723 0
0.0333319 0.928495 0
4.42393e-17 0.932472 0
0.0252511 0.957723 0
3.3514e-17 0.961826 0
0.0502868 0.94545 0
0.0252511 0.957723 0
0.0337652 0.966237 0
0.016955 0.978781 0
0.0252511 0.957723 0
3.3514e-17 0.961826 0
0.016955 0.978781 0
2.25028e-17 0.982973 0
0.0337652 0.966237 0
0.016955 0.978781 0
0.0169556 0.978781 0
0.00851418 0.991487 0
0.016955 0.978781 0
2.25028e-17 0.982973 0
0.00851418 0.991487 0
1.12996e-17 0.995734 0
0.0169556 0.978781 0
0.00851418 0.991487 0
1.32921e-06 0.982974 0
7.31738e-07 0.995735 0
0.00851418 0.991487 0
1.12996e-17 0.995734 0
7.31738e-07 0.995735 0
7.4988e-33 1 0
1.32921e-06 0.982974 0
7.31738e-07 0.995735 0
-0.016953 0.978781 0
-0.00851273 0.991487 0
7.31738e-07 0.995735 0
7.4988e-33 1 0
-0.00851273 0.991487 0
-1.12996e-17 0.995734 0
-0.016953 0.978781 0
-0.00851273 0.991487 0
-0.0337626 0.966237 0
-0.0169536 0.97878 0
-0.00851273 0.991487 0
-1.12996e-17 0.995734 0
-0.0169536 0.97878 0
-2.25028e-17 0.982973 0
-0.0337626 0.966237 0
-0.0169536 0.97878 0
-0.0502842 0.945449 0
-0.0252497 0.957723 0
-0.0169536 0.97878 0
-2.25028e-17 0.982973 0
-0.0252497 0.957723 0
-3.3514e-17 0.961826 0
-0.0502842 0.945449 0
-0.0252497 0.957723 0
-0.0663768 0.916595 0
-0.0333305 0.928494 0
-0.0252497 0.957723 0
-3.3514e-17 0.961826 0
-0.0333305 0.928494 0
-4.42393e-17 0.932472 0
-0.0663768 0.916595 0
-0.0333305 0.928494 0
-0.0819031 0.879921 0
-0.0411269 0.891344 0
-0.0333305 0.928494 0
-4.42393e-17 0.932472 0
-0.0411269 0.891344 0
-5.45872e-17 0.895163 0
-0.0819031 0.879921 0
-0.0411269 0.891344 0
-0.0967306 0.83574 0
-0.0485724 0.84659 0
-0.0411269 0.891344 0
-5.45872e-17 0.895163 0
-0.0485724 0.84659 0
-6.44693e-17 0.850217 0
-0.0967306 0.83574 0
-0.0485724 0.84659 0
-0.110733 0.784429 0
-0.0556035 0.794613 0
-0.0485724 0.84659 0
-6.44693e-17 0.850217 0
-0.0556035 0.794613 0
-7.38015e-17 0.798017 0
-0.110733 0.784429 0
-0.0556035 0.794613 0
-0.12379 0.726425 0
-0.0621603 0.735856 0
-0.0556035 0.794613 0
-7.38015e-17 0.798017 0
-0.0621603 0.735856 0
-8.25039e-17 0.739009 0
-0.12379 0.726425 0
-0.0621603 0.735856 0
-0.135792 0.662224 0
-0.0681867 0.670821 0
-0.0621603 0.735856 0
-8.25039e-17 0.739009 0
-0.0681867 0.670821 0
-9.05025e-17 0.673696 0
-0.135792 0.662224 0
-0.0681867 0.670821 0
-0.146635 0.592372 0
-0.0736313 0.600063 0
-0.0681867 0.670821 0
-9.05025e-17 0.673696 0
-0.0736313 0.600063 0
-9.77289e-17 0.602635 0
-0.146635 0.592372 0
-0.0736313 0.600063 0
-0.156226 0.517467 0
-0.0784478 0.524186 0
-0.0736313 0.600063 0
-9.77289e-17 0.602635 0
-0.0784478 0.524186 0
-1.04122e-16 0.526432 0
-0.156226 0.517467 0
-0.0784478 0.524186 0
-0.164485 0.438147 0
-0.082595 0.443836 0
-0.0784478 0.524186 0
-1.04122e-16 0.526432 0
-0.082595 0.443836 0
-1.09626e-16 0.445738 0
-0.164485 0.438147 0
-0.082595 0.443836 0
-0.171341 0.355089 0
-0.0860376 0.3597 0
-0.082595 0.443836 0
-1.09626e-16 0.445738 0
-0.0860376 0.3597 0
-1.14195e-16 0.361242 0
-0.171341 0.355089 0
-0.0860376 0.3597 0
-0.176735 0.269001 0
-0.0887463 0.272494 0
-0.0860376 0.3597 0
-1.14195e-16 0.361242 0
-0.0887463 0.272494 0
-1.1779e-16 0.273663 0
-0.176735 0.269001 0
-0.0887463 0.272494 0
-0.180622 0.180619 0
-0.0906978 0.182964 0
-0.0887463 0.272494 0
-1.1779e-16 0.273663 0
-0.0906978 0.182964 0
-1.20379e-16 0.18375 0
-0.180622 0.180619 0
-0.0906978 0.182964 0
-0.182967 0.0906958 0
-0.0918757 0.0918734 0
-0.0906978 0.182964 0
-1.20379e-16 0.18375 0
-0.0918757 0.0918734 0
-1.21942e-16 0.0922684 0
-0.182967 0.0906958 0
-0.0918757 0.0918734 0
-0.18375 1.20379e-16 0
-0.0922684 1.21942e-16 0
-0.0918757 0.0918734 0
-1.21942e-16 0.0922684 0
-0.0922684 1.21942e-16 0
-1.22465e-16 1.22465e-16 0
VECTORS velocity_error double
0 0 0
0 0 0
0 0 0
9.85706e-07 1.42793e-06 0
0 0 0
0 0 0
9.85706e-07 1.42793e-06 0
1.224e-06 1.58964e-06 0
0 0 0
9.85706e-07 1.42793e-06 0
0 0 0
6.04844e-07 1.59307e-06 0
9.85706e-07 1.42793e-06 0
1.224e-06 1.58964e-06 0
6.04844e-07 1.59307e-06 0
1.06329e-06 2.2205e-06 0
0 0 0
6.04844e-07 1.59307e-06 0
0 0 0
2.70899e-07 1.39163e-06 0
6.04844e-07 1.59307e-06 0
1.06329e-06 2.2205e-06 0
2.70899e-07 1.39163e-06 0
5.58246e-07 2.24271e-06 0
0 0 0
2.70899e-07 1.39163e-06 0
0 0 0
5.12667e-08 1.24286e-06 0
2.70899e-07 1.39163e-06 0
5.58246e-07 2.24271e-06 0
5.12667e-08 1.24286e-06 0
1.41155e-07 2.15131e-06 0
0 0 0
5.12667e-08 1.24286e-06 0
0 0 0
-8.78122e-08 1.15686e-06 0
5.12667e-08 1.24286e-06 0
1.41155e-07 2.15131e-06 0
-8.78122e-08 1.15686e-06 0
-1.49062e-07 2.07935e-06 0
0 0 0
-8.78122e-08 1.15686e-06 0
0 0 0
-1.77062e-07 1.12591e-06 0
-8.78122e-08 1.15686e-06 0
-1.49062e-07 2.07935e-06 0
-1.77062e-07 1.12591e-06 0
-3.45105e-07 2.05451e-06 0
0 0 0
-1.77062e-07 1.12591e-06 0
0 0 0
-2.37225e-07 1.1322e-06 0
-1.77062e-07 1.12591e-06 0
-3.45105e-07 2.05451e-06 0
-2.37225e-07 1.1322e-06 0
-4.7796e-07 2.06632e-06 0
0 0 0
-2.37225e-07 1.1322e-06 0
0 0 0
-2.78682e-07 1.16253e-06 0
-2.37225e-07 1.1322e-06 0
-4.7796e-07 2.06632e-06 0
-2.78682e-07 1.16253e-06 0
-5.66469e-07 2.09902e-06 0
0 0 0
-2.78682e-07 1.16253e-06 0
0 0 0
-3.0676e-07 1.20528e-06 0
-2.78682e-07 1.16253e-06 0
-5.66469e-07 2.09902e-06 0
-3.0676e-07 1.20528e-06 0
-6.21172e-07 2.13648e-06 0
0 0 0
-3.0676e-07 1.20528e-06 0
0 0 0
-3.24296e-07 1.25037e-06 0
-3.0676e-07 1.20528e-06 0
-6.21172e-07 2.13648e-06 0
-3.24296e-07 1.25037e-06 0
-6.48635e-07 2.16455e-06 0
0 0 0
-3.24296e-07 1.25037e-06 0
0 0 0
-3.33101e-07 1.28894e-06 0
-3.24296e-07 1.25037e-06 0
-6.48635e-07 2.16455e-06 0
-3.33101e-07 1.28894e-06 0
-6.53724e-07 2.17163e-06 0
0 0 0
-3.33101e-07 1.28894e-06 0
0 0 0
-3.34572e-07 1.3135e-06 0
-3.33101e-07 1.28894e-06 0
-6.53724e-07 2.17163e-06 0
-3.34572e-07 1.3135e-06 0
-6.40584e-07 2.14886e-06 0
0 0 0
-3.34572e-07 1.3135e-06 0
0 0 0
-3.29934e-07 1.31795e-06 0
-3.34572e-07 1.3135e-06 0
-6.40584e-07 2.14886e-06 0
-3.29934e-07 1.31795e-06 0
-6.1296e-07 2.09005e-06 0
0 0 0
-3.29934e-07 1.31795e-06 0
0 0 0
-3.2032e-07 1.29771e-06 0
-3.29934e-07 1.31795e-06 0
-6.1296e-07 2.09005e-06 0
-3.2032e-07 1.29771e-06 0
-5.74265e-07 1.99146e-06 0
0 0 0
-3.2032e-07 1.29771e-06 0
0 0 0
-3.06782e-07 1.24956e-06 0
-3.2032e-07 1.29771e-06 0
-5.74265e-07 1.99146e-06 0
-3.06782e-07 1.24956e-06 0
-5.2757e-07 1.85147e-06 0
0 0 0
-3.06782e-07 1.24956e-06 0
0 0 0
-2.90281e-07 1.17165e-06 0
-3.06782e-07 1.24956e-06 0
-5.2757e-07 1.85147e-06 0
-2.90281e-07 1.17165e-06 0
-4.75571e-07 1.67022e-06 0
0 0 0
-2.90281e-07 1.17165e-06 0
0 0 0
-2.71667e-07 1.06331e-06 0
-2.90281e-07 1.17165e-06 0
-4.75571e-07 1.67022e-06 0
-2.71667e-07 1.06331e-06 0
-4.20583e-07 1.4493e-06 0
0 0 0
-2.71667e-07 1.06331e-06 0
0 0 0
-2.51672e-07 9.24965e-07 0
-2.71667e-07 1.06331e-06 0
-4.20583e-07 1.4493e-06 0
-2.51672e-07 9.24965e-07 0
-3.64539e-07 1.19145e-06 0
0 0 0
-2.51672e-07 9.24965e-07 0
0 0 0
-2.309e-07 7.57979e-07 0
-2.51672e-07 9.24965e-07 0
-3.64539e-07 1.19145e-06 0
-2.309e-07 7.57979e-07 0
-3.09007e-07 9.00355e-07 0
0 0 0
-2.309e-07 7.57979e-07 0
0 0 0
-2.09818e-07 5.64569e-07 0
-2.309e-07 7.57979e-07 0
-3.09007e-07 9.00355e-07 0
-2.09818e-07 5.64569e-07 0
-2.55205e-07 5.80407e-07 0
0 0 0
-2.09818e-07 5.64569e-07 0
0 0 0
-1.8876e-07 3.47679e-07 0
-2.09818e-07 5.64569e-07 0
-2.55205e-07 5.80407e-07 0
-1.8876e-07 3.47679e-07 0
-2.04015e-07 2.36608e-07 0
0 0 0
-1.8876e-07 3.47679e-07 0
0 0 0
-1.67904e-07 1.10896e-07 0
-1.8876e-07 3.47679e-07 0
-2.04015e-07 2.36608e-07 0
-1.67904e-07 1.10896e-07 0
-1.5599e-07 -1.25543e-07 0
0 0 0
-1.67904e-07 1.10896e-07 0
0 0 0
-1.47251e-07 -1.41658e-07 0
-1.67904e-07 1.10896e-07 0
-1.5599e-07 -1.25543e-07 0
-1.47251e-07 -1.41658e-07 0
-1.11315e-07 -5.00118e-07 0
0 0 0
-1.47251e-07 -1.41658e-07 0
0 0 0
-1.26554e-07 -4.05433e-07 0
-1.47251e-07 -1.41658e-07 0
-1.11315e-07 -5.00118e-07 0
-1.26554e-07 -4.05433e-07 0
-6.97263e-08 -8.80781e-07 0
0 0 0
-1.26554e-07 -4.05433e-07 0
0 0 0
-1.05195e-07 -6.75601e-07 0
-1.26554e-07 -4.05433e-07 0
-6.97263e-08 -8.80781e-07 0
-1.05195e-07 -6.75601e-07 0
-3.03123e-08 -1.26075e-06 0
0 0 0
-1.05195e-07 -6.75601e-07 0
0 0 0
-8.19245e-08 -9.47245e-07 0
-1.05195e-07 -6.75601e-07 0
-3.03123e-08 -1.26075e-06 0
-8.19245e-08 -9.47245e-07 0
8.83163e-09 -1.63266e-06 0
0 0 0
-8.19245e-08 -9.47245e-07 0
0 0 0
-5.44164e-08 -1.21549e-06 0
-8.19245e-08 -9.47245e-07 0
8.83163e-09 -1.63266e-06 0
-5.44164e-08 -1.21549e-06 0
5.11911e-08 -1.98798e-06 0
0 0 0
-5.44164e-08 -1.21549e-06 0
0 0 0
-1.8401e-08 -1.47559e-06 0
-5.44164e-08 -1.21549e-06 0
5.11911e-08 -1.98798e-06 0
-1.8401e-08 -1.47559e-06 0
1.02649e-07 -2.31581e-06 0
0 0 0
-1.8401e-08 -1.47559e-06 0
0 0 0
3.35332e-08 -1.72131e-06 0
-1.8401e-08 -1.47559e-06 0
1.02649e-07 -2.31581e-06 0
3.35332e-08 -1.72131e-06 0
1.72471e-07 -2.59862e-06 0
0 0 0
3.35332e-08 -1.72131e-06 0
0 0 0
1.14678e-07 -1.94292e-06 0
3.35332e-08 -1.72131e-06 0
1.72471e-07 -2.59862e-06 0
1.14678e-07 -1.94292e-06 0
2.73049e-07 -2.80505e-06 0
0 0 0
1.14678e-07 -1.94292e-06 0
0 0 0
2.44375e-07 -2.10492e-06 0
1.14678e-07 -1.94292e-06 0
2.73049e-07 -2.80505e-06 0
2.44375e-07 -2.10492e-06 0
4.15593e-07 -2.85967e-06 0
0 0 0
2.44375e-07 -2.10492e-06 0
0 0 0
4.49415e-07 -2.138e-06 0
2.44375e-07 -2.10492e-06 0
4.15593e-07 -2.85967e-06 0
4.49415e-07 -2.138e-06 0
5.84197e-07 -2.61196e-06 0
0 0 0
4.49415e-07 -2.138e-06 0
0 0 0
7.31837e-07 -1.61531e-06 0
4.49415e-07 -2.138e-06 0
5.84197e-07 -2.61196e-06 0
7.31837e-07 -1.61531e-06 0
5.91282e-07 -1.68955e-06 0
0 0 0
7.31837e-07 -1.61531e-06 0
0 0 0
0 0 0
7.31837e-07 -1.61531e-06 0
5.91282e-07 -1.68955e-06 0
0 0 0
0 0 0
0 0 0
0 0 0
1.224e-06 1.58964e-06 0
1.20012e-06 1.62278e-06 0
0 0 0
0 0 0
1.20012e-06 1.62278e-06 0
1.06927e-06 1.61833e-06 0
1.224e-06 1.58964e-06 0
1.20012e-06 1.62278e-06 0
1.06329e-06 2.2205e-06 0
1.20138e-06 2.46059e-06 0
1.20012e-06 1.62278e-06 0
1.06927e-06 1.61833e-06 0
1.20138e-06 2.46059e-06 0
1.13771e-06 2.55576e-06 0
1.06329e-06 2.2205e-06 0
1.20138e-06 2.46059e-06 0
5.58246e-07 2.24271e-06 0
7.01202e-07 2.71005e-06 0
1.20138e-06 2.46059e-06 0
1.13771e-06 2.55576e-06 0
7.01202e-07 2.71005e-06 0
6.78221e-07 2.95567e-06 0
5.58246e-07 2.24271e-06 0
7.01202e-07 2.71005e-06 0
1.41155e-07 2.15131e-06 0
1.7383e-07 2.75553e-06 0
7.01202e-07 2.71005e-06 0
6.78221e-07 2.95567e-06 0
1.7383e-07 2.75553e-06 0
1.13858e-07 3.12672e-06 0
1.41155e-07 2.15131e-06 0
1.7383e-07 2.75553e-06 0
-1.49062e-07 2.07935e-06 0
-2.33416e-07 2.74992e-06 0
1.7383e-07 2.75553e-06 0
1.13858e-07 3.12672e-06 0
-2.33416e-07 2.74992e-06 0
-3.61788e-07 3.19766e-06 0
-1.49062e-07 2.07935e-06 0
-2.33416e-07 2.74992e-06 0
-3.45105e-07 2.05451e-06 0
-5.21313e-07 2.75383e-06 0
-2.33416e-07 2.74992e-06 0
-3.61788e-07 3.19766e-06 0
-5.21313e-07 2.75383e-06 0
-7.11109e-07 3.23695e-06 0
-3.45105e-07 2.05451e-06 0
-5.21313e-07 2.75383e-06 0
-4.7796e-07 2.06632e-06 0
-7.17016e-07 2.77092e-06 0
-5.21313e-07 2.75383e-06 0
-7.11109e-07 3.23695e-06 0
-7.17016e-07 2.77092e-06 0
-9.48759e-07 3.25942e-06 0
-4.7796e-07 2.06632e-06 0
-7.17016e-07 2.77092e-06 0
-5.66469e-07 2.09902e-06 0
-8.42527e-07 2.79067e-06 0
-7.17016e-07 2.77092e-06 0
-9.48759e-07 3.25942e-06 0
-8.42527e-07 2.79067e-06 0
-1.09564e-06 3.26215e-06 0
-5.66469e-07 2.09902e-06 0
-8.42527e-07 2.79067e-06 0
-6.21172e-07 2.13648e-06 0
-9.12711e-07 2.79898e-06 0
-8.42527e-07 2.79067e-06 0
-1.09564e-06 3.26215e-06 0
-9.12711e-07 2.79898e-06 0
-1.16947e-06 3.23676e-06 0
-6.21172e-07 2.13648e-06 0
-9.12711e-07 2.79898e-06 0
-6.48635e-07 2.16455e-06 0
-9.38368e-07 2.78338e-06 0
-9.12711e-07 2.79898e-06 0
-1.16947e-06 3.23676e-06 0
-9.38368e-07 2.78338e-06 0
-1.18497e-06 3.17564e-06 0
-6.48635e-07 2.16455e-06 0
-9.38368e-07 2.78338e-06 0
-6.53724e-07 2.17163e-06 0
-9.28318e-07 2.73432e-06 0
-9.38368e-07 2.78338e-06 0
-1.18497e-06 3.17564e-06 0
-9.28318e-07 2.73432e-06 0
-1.15481e-06 3.07368e-06 0
-6.53724e-07 2.17163e-06 0
-9.28318e-07 2.73432e-06 0
-6.40584e-07 2.14886e-06 0
-8.90264e-07 2.64553e-06 0
-9.28318e-07 2.73432e-06 0
-1.15481e-06 3.07368e-06 0
-8.90264e-07 2.64553e-06 0
-1.09005e-06 2.92858e-06 0
-6.40584e-07 2.14886e-06 0
-8.90264e-07 2.64553e-06 0
-6.1296e-07 2.09005e-06 0
-8.31033e-07 2.5137e-06 0
-8.90264e-07 2.64553e-06 0
-1.09005e-06 2.92858e-06 0
-8.31033e-07 2.5137e-06 0
-1.00019e-06 2.74038e-06 0
-6.1296e-07 2.09005e-06 0
-8.31033e-07 2.5137e-06 0
-5.74265e-07 1.99146e-06 0
-7.5661e-07 2.33801e-06 0
-8.31033e-07 2.5137e-06 0
-1.00019e-06 2.74038e-06 0
-7.5661e-07 2.33801e-06 0
-8.9324e-07 2.51093e-06 0
-5.74265e-07 1.99146e-06 0
-7.5661e-07 2.33801e-06 0
-5.2757e-07 1.85147e-06 0
-6.72139e-07 2.11954e-06 0
-7.5661e-07 2.33801e-06 0
-8.9324e-07 2.51093e-06 0
-6.72139e-07 2.11954e-06 0
-7.75798e-07 2.24326e-06 0
-5.2757e-07 1.85147e-06 0
-6.72139e-07 2.11954e-06 0
-4.75571e-07 1.67022e-06 0
-5.81948e-07 1.8608e-06 0
-6.72139e-07 2.11954e-06 0
-7.75798e-07 2.24326e-06 0
-5.81948e-07 1.8608e-06 0
-6.53227e-07 1.9412e-06 0
-4.75571e-07 1.67022e-06 0
-5.81948e-07 1.8608e-06 0
-4.20583e-07 1.4493e-06 0
-4.89603e-07 1.56534e-06 0
-5.81948e-07 1.8608e-06 0
-6.53227e-07 1.9412e-06 0
-4.89603e-07 1.56534e-06 0
-5.29809e-07 1.60905e-06 0
-4.20583e-07 1.4493e-06 0
-4.89603e-07 1.56534e-06 0
-3.64539e-07 1.19145e-06 0
-3.97979e-07 1.23743e-06 0
-4.89603e-07 1.56534e-06 0
-5.29809e-07 1.60905e-06 0
-3.97979e-07 1.23743e-06 0
-4.08916e-07 1.25142e-06 0
-3.64539e-07 1.19145e-06 0
-3.97979e-07 1.23743e-06 0
-3.09007e-07 9.00355e-07 0
-3.09335e-07 8.81863e-07 0
-3.97979e-07 1.23743e-06 0
-4.08916e-07 1.25142e-06 0
-3.09335e-07 8.81863e-07 0
-2.93163e-07 8.73084e-07 0
-3.09007e-07 9.00355e-07 0
-3.09335e-07 8.81863e-07 0
-2.55205e-07 5.80407e-07 0
-2.25389e-07 5.03784e-07 0
-3.09335e-07 8.81863e-07 0
-2.93163e-07 8.73084e-07 0
-2.25389e-07 5.03784e-07 0
-1.84529e-07 4.79004e-07 0
-2.55205e-07 5.80407e-07 0
-2.25389e-07 5.03784e-07 0
-2.04015e-07 2.36608e-07 0
-1.47377e-07 1.08651e-07 0
-2.25389e-07 5.03784e-07 0
-1.84529e-07 4.79004e-07 0
-1.47377e-07 1.08651e-07 0
-8.44659e-08 7.42709e-08 0
-2.04015e-07 2.36608e-07 0
-1.47377e-07 1.08651e-07 0
-1.5599e-07 -1.25543e-07 0
-7.60974e-08 -2.97807e-07 0
-1.47377e-07 1.08651e-07 0
-8.44659e-08 7.42709e-08 0
-7.60974e-08 -2.97807e-07 0
6.01259e-09 -3.35828e-07 0
-1.5599e-07 -1.25543e-07 0
-7.60974e-08 -2.97807e-07 0
-1.11315e-07 -5.00118e-07 0
-1.19204e-08 -7.09541e-07 0
-7.60974e-08 -2.97807e-07 0
6.01259e-09 -3.35828e-07 0
-1.19204e-08 -7.09541e-07 0
8.62645e-08 -7.4571e-07 0
-1.11315e-07 -5.00118e-07 0
-1.19204e-08 -7.09541e-07 0
-6.97263e-08 -8.80781e-07 0
4.52578e-08 -1.12005e-06 0
-1.19204e-08 -7.09541e-07 0
8.62645e-08 -7.4571e-07 0
4.52578e-08 -1.12005e-06 0
1.55983e-07 -1.14929e-06 0
-6.97263e-08 -8.80781e-07 0
4.52578e-08 -1.12005e-06 0
-3.03123e-08 -1.26075e-06 0
9.61526e-08 -1.52211e-06 0
4.52578e-08 -1.12005e-06 0
1.55983e-07 -1.14929e-06 0
9.61526e-08 -1.52211e-06 0
2.15209e-07 -1.5396e-06 0
-3.03123e-08 -1.26075e-06 0
9.61526e-08 -1.52211e-06 0
8.83163e-09 -1.63266e-06 0
1.42351e-07 -1.90723e-06 0
9.61526e-08 -1.52211e-06 0
2.15209e-07 -1.5396e-06 0
1.42351e-07 -1.90723e-06 0
2.64416e-07 -1.90808e-06 0
8.83163e-09 -1.63266e-06 0
1.42351e-07 -1.90723e-06 0
5.11911e-08 -1.98798e-06 0
1.86695e-07 -2.26454e-06 0
1.42351e-07 -1.90723e-06 0
2.64416e-07 -1.90808e-06 0
1.86695e-07 -2.26454e-06 0
3.04621e-07 -2.24334e-06 0
5.11911e-08 -1.98798e-06 0
1.86695e-07 -2.26454e-06 0
1.02649e-07 -2.31581e-06 0
2.33649e-07 -2.57874e-06 0
1.86695e-07 -2.26454e-06 0
3.04621e-07 -2.24334e-06 0
2.33649e-07 -2.57874e-06 0
3.37381e-07 -2.52911e-06 0
1.02649e-07 -2.31581e-06 0
2.33649e-07 -2.57874e-06 0
1.72471e-07 -2.59862e-06 0
2.89101e-07 -2.82507e-06 0
2.33649e-07 -2.57874e-06 0
3.37381e-07 -2.52911e-06 0
2.89101e-07 -2.82507e-06 0
3.64204e-07 -2.74003e-06 0
1.72471e-07 -2.59862e-06 0
2.89101e-07 -2.82507e-06 0
2.73049e-07 -2.80505e-06 0
3.57994e-07 -2.96237e-06 0
2.89101e-07 -2.82507e-06 0
3.64204e-07 -2.74003e-06 0
3.57994e-07 -2.96237e-06 0
3.84284e-07 -2.83733e-06 0
2.73049e-07 -2.80505e-06 0
3.57994e-07 -2.96237e-06 0
4.15593e-07 -2.85967e-06 0
4.35415e-07 -2.90763e-06 0
3.57994e-07 -2.96237e-06 0
3.84284e-07 -2.83733e-06 0
4.35415e-07 -2.90763e-06 0
3.8887e-07 -2.75237e-06 0
4.15593e-07 -2.85967e-06 0
4.35415e-07 -2.90763e-06 0
5.84197e-07 -2.61196e-06 0
4.78033e-07 -2.5465e-06 0
4.35415e-07 -2.90763e-06 0
3.8887e-07 -2.75237e-06 0
4.78033e-07 -2.5465e-06 0
3.54844e-07 -2.39906e-06 0
5.84197e-07 -2.61196e-06 0
4.78033e-07 -2.5465e-06 0
5.91282e-07 -1.68955e-06 0
3.82876e-07 -1.61087e-06 0
4.78033e-07 -2.5465e-06 0
3.54844e-07 -2.39906e-06 0
3.82876e-07 -1.61087e-06 0
2.44108e-07 -1.53075e-06 0
5.91282e-07 -1.68955e-06 0
3.82876e-07 -1.61087e-06 0
0 0 0
0 0 0
3.82876e-07 -1.61087e-06 0
2.44108e-07 -1.53075e-06 0
0 0 0
0 0 0
0 0 0
0 0 0
1.06927e-06 1.61833e-06 0
8.86349e-07 1.588e-06 0
0 0 0
0 0 0
8.86349e-07 1.588e-06 0
6.73347e-07 1.53929e-06 0
1.06927e-06 1.61833e-06 0
8.86349e-07 1.588e-06 0
1.13771e-06 2.55576e-06 0
9.59781e-07 2.57432e-06 0
8.86349e-07 1.588e-06 0
6.73347e-07 1.53929e-06 0
9.59781e-07 2.57432e-06 0
7.17189e-07 2.53906e-06 0
1.13771e-06 2.55576e-06 0
9.59781e-07 2.57432e-06 0
6.78221e-07 2.95567e-06 0
5.35309e-07 3.06727e-06 0
9.59781e-07 2.57432e-06 0
7.17189e-07 2.53906e-06 0
5.35309e-07 3.06727e-06 0
3.16788e-07 3.08663e-06 0
6.78221e-07 2.95567e-06 0
5.35309e-07 3.06727e-06 0
1.13858e-07 3.12672e-06 0
-2.99312e-08 3.32989e-06 0
5.35309e-07 3.06727e-06 0
3.16788e-07 3.08663e-06 0
-2.99312e-08 3.32989e-06 0
-2.33381e-07 3.41021e-06 0
1.13858e-07 3.12672e-06 0
-2.99312e-08 3.32989e-06 0
-3.61788e-07 3.19766e-06 0
-5.33821e-07 3.46526e-06 0
-2.99312e-08 3.32989e-06 0
-2.33381e-07 3.41021e-06 0
-5.33821e-07 3.46526e-06 0
-7.39688e-07 3.59334e-06 0
-3.61788e-07 3.19766e-06 0
-5.33821e-07 3.46526e-06 0
-7.11109e-07 3.23695e-06 0
-9.14143e-07 3.53733e-06 0
-5.33821e-07 3.46526e-06 0
-7.39688e-07 3.59334e-06 0
-9.14143e-07 3.53733e-06 0
-1.12807e-06 3.69265e-06 0
-7.11109e-07 3.23695e-06 0
-9.14143e-07 3.53733e-06 0
-9.48759e-07 3.25942e-06 0
-1.17235e-06 3.56621e-06 0
-9.14143e-07 3.53733e-06 0
-1.12807e-06 3.69265e-06 0
-1.17235e-06 3.56621e-06 0
-1.39063e-06 3.72987e-06 0
-9.48759e-07 3.25942e-06 0
-1.17235e-06 3.56621e-06 0
-1.09564e-06 3.26215e-06 0
-1.32646e-06 3.55575e-06 0
-1.17235e-06 3.56621e-06 0
-1.39063e-06 3.72987e-06 0
-1.32646e-06 3.55575e-06 0
-1.54257e-06 3.71361e-06 0
-1.09564e-06 3.26215e-06 0
-1.32646e-06 3.55575e-06 0
-1.16947e-06 3.23676e-06 0
-1.39583e-06 3.5039e-06 0
-1.32646e-06 3.55575e-06 0
-1.54257e-06 3.71361e-06 0
-1.39583e-06 3.5039e-06 0
-1.60399e-06 3.64697e-06 0
-1.16947e-06 3.23676e-06 0
-1.39583e-06 3.5039e-06 0
-1.18497e-06 3.17564e-06 0
-1.39813e-06 3.40859e-06 0
-1.39583e-06 3.5039e-06 0
-1.60399e-06 3.64697e-06 0
-1.39813e-06 3.40859e-06 0
-1.59433e-06 3.53235e-06 0
-1.18497e-06 3.17564e-06 0
-1.39813e-06 3.40859e-06 0
-1.15481e-06 3.07368e-06 0
-1.34897e-06 3.26926e-06 0
-1.39813e-06 3.40859e-06 0
-1.59433e-06 3.53235e-06 0
-1.34897e-06 3.26926e-06 0
-1.53075e-06 3.37262e-06 0
-1.15481e-06 3.07368e-06 0
-1.34897e-06 3.26926e-06 0
-1.09005e-06 2.92858e-06 0
-1.26173e-06 3.08712e-06 0
-1.34897e-06 3.26926e-06 0
-1.53075e-06 3.37262e-06 0
-1.26173e-06 3.08712e-06 0
-1.42766e-06 3.17129e-06 0
-1.09005e-06 2.92858e-06 0
-1.26173e-06 3.08712e-06 0
-1.00019e-06 2.74038e-06 0
-1.14757e-06 2.86471e-06 0
-1.26173e-06 3.08712e-06 0
-1.42766e-06 3.17129e-06 0
-1.14757e-06 2.86471e-06 0
-1.29672e-06 2.93221e-06 0
-1.00019e-06 2.74038e-06 0
-1.14757e-06 2.86471e-06 0
-8.9324e-07 2.51093e-06 0
-1.01556e-06 2.60543e-06 0
-1.14757e-06 2.86471e-06 0
-1.29672e-06 2.93221e-06 0
-1.01556e-06 2.60543e-06 0
-1.1472e-06 2.65935e-06 0
-8.9324e-07 2.51093e-06 0
-1.01556e-06 2.60543e-06 0
-7.75798e-07 2.24326e-06 0
-8.72976e-07 2.31314e-06 0
-1.01556e-06 2.60543e-06 0
-1.1472e-06 2.65935e-06 0
-8.72976e-07 2.31314e-06 0
-9.86411e-07 2.35673e-06 0
-7.75798e-07 2.24326e-06 0
-8.72976e-07 2.31314e-06 0
-6.53227e-07 1.9412e-06 0
-7.25589e-07 1.99196e-06 0
-8.72976e-07 2.31314e-06 0
-9.86411e-07 2.35673e-06 0
-7.25589e-07 1.99196e-06 0
-8.20178e-07 2.02839e-06 0
-6.53227e-07 1.9412e-06 0
-7.25589e-07 1.99196e-06 0
-5.29809e-07 1.60905e-06 0
-5.77964e-07 1.64617e-06 0
-7.25589e-07 1.99196e-06 0
-8.20178e-07 2.02839e-06 0
-5.77964e-07 1.64617e-06 0
-6.53179e-07 1.6785e-06 0
-5.29809e-07 1.60905e-06 0
-5.77964e-07 1.64617e-06 0
-4.08916e-07 1.25142e-06 0
-4.33707e-07 1.28017e-06 0
-5.77964e-07 1.64617e-06 0
-6.53179e-07 1.6785e-06 0
-4.33707e-07 1.28017e-06 0
-4.89218e-07 1.31139e-06 0
-4.08916e-07 1.25142e-06 0
-4.33707e-07 1.28017e-06 0
-2.93163e-07 8.73084e-07 0
-2.95645e-07 8.98461e-07 0
-4.33707e-07 1.28017e-06 0
-4.89218e-07 1.31139e-06 0
-2.95645e-07 8.98461e-07 0
-3.31391e-07 9.31614e-07 0
-2.93163e-07 8.73084e-07 0
-2.95645e-07 8.98461e-07 0
-1.84529e-07 4.79004e-07 0
-1.65981e-07 5.05709e-07 0
-2.95645e-07 8.98461e-07 0
-3.31391e-07 9.31614e-07 0
-1.65981e-07 5.05709e-07 0
-1.82215e-07 5.43927e-07 0
-1.84529e-07 4.79004e-07 0
-1.65981e-07 5.05709e-07 0
-8.44659e-08 7.42709e-08 0
-4.64073e-08 1.06714e-07 0
-1.65981e-07 5.05709e-07 0
-1.82215e-07 5.43927e-07 0
-4.64073e-08 1.06714e-07 0
-4.3718e-08 1.53271e-07 0
-8.44659e-08 7.42709e-08 0
-4.64073e-08 1.06714e-07 0
6.01259e-09 -3.35828e-07 0
6.17754e-08 -2.93543e-07 0
-4.64073e-08 1.06714e-07 0
-4.3718e-08 1.53271e-07 0
6.17754e-08 -2.93543e-07 0
8.24398e-08 -2.35277e-07 0
6.01259e-09 -3.35828e-07 0
6.17754e-08 -2.93543e-07 0
8.62645e-08 -7.4571e-07 0
1.57544e-07 -6.89825e-07 0
6.17754e-08 -2.93543e-07 0
8.24398e-08 -2.35277e-07 0
1.57544e-07 -6.89825e-07 0
1.94819e-07 -6.16517e-07 0
8.62645e-08 -7.4571e-07 0
1.57544e-07 -6.89825e-07 0
1.55983e-07 -1.14929e-06 0
2.40025e-07 -1.07648e-06 0
1.57544e-07 -6.89825e-07 0
1.94819e-07 -6.16517e-07 0
2.40025e-07 -1.07648e-06 0
2.92001e-07 -9.85064e-07 0
1.55983e-07 -1.14929e-06 0
2.40025e-07 -1.07648e-06 0
2.15209e-07 -1.5396e-06 0
3.08376e-07 -1.44707e-06 0
2.40025e-07 -1.07648e-06 0
2.92001e-07 -9.85064e-07 0
3.08376e-07 -1.44707e-06 0
3.72343e-07 -1.33512e-06 0
2.15209e-07 -1.5396e-06 0
3.08376e-07 -1.44707e-06 0
2.64416e-07 -1.90808e-06 0
3.6168e-07 -1.79376e-06 0
3.08376e-07 -1.44707e-06 0
3.72343e-07 -1.33512e-06 0
3.6168e-07 -1.79376e-06 0
4.33716e-07 -1.65999e-06 0
2.64416e-07 -1.90808e-06 0
3.6168e-07 -1.79376e-06 0
3.04621e-07 -2.24334e-06 0
3.9888e-07 -2.10616e-06 0
3.6168e-07 -1.79376e-06 0
4.33716e-07 -1.65999e-06 0
3.9888e-07 -2.10616e-06 0
4.73318e-07 -1.9511e-06 0
3.04621e-07 -2.24334e-06 0
3.9888e-07 -2.10616e-06 0
3.37381e-07 -2.52911e-06 0
4.18705e-07 -2.36964e-06 0
3.9888e-07 -2.10616e-06 0
4.73318e-07 -1.9511e-06 0
4.18705e-07 -2.36964e-06 0
4.87665e-07 -2.19656e-06 0
3.37381e-07 -2.52911e-06 0
4.18705e-07 -2.36964e-06 0
3.64204e-07 -2.74003e-06 0
4.19492e-07 -2.56186e-06 0
4.18705e-07 -2.36964e-06 0
4.87665e-07 -2.19656e-06 0
4.19492e-07 -2.56186e-06 0
4.73012e-07 -2.37793e-06 0
3.64204e-07 -2.74003e-06 0
4.19492e-07 -2.56186e-06 0
3.84284e-07 -2.83733e-06 0
3.98714e-07 -2.65008e-06 0
4.19492e-07 -2.56186e-06 0
4.73012e-07 -2.37793e-06 0
3.98714e-07 -2.65008e-06 0
4.26528e-07 -2.46722e-06 0
3.84284e-07 -2.83733e-06 0
3.98714e-07 -2.65008e-06 0
3.8887e-07 -2.75237e-06 0
3.52764e-07 -2.57524e-06 0
3.98714e-07 -2.65008e-06 0
4.26528e-07 -2.46722e-06 0
3.52764e-07 -2.57524e-06 0
3.48737e-07 -2.41038e-06 0
3.8887e-07 -2.75237e-06 0
3.52764e-07 -2.57524e-06 0
3.54844e-07 -2.39906e-06 0
2.77357e-07 -2.25957e-06 0
3.52764e-07 -2.57524e-06 0
3.48737e-07 -2.41038e-06 0
2.77357e-07 -2.25957e-06 0
2.4685e-07 -2.13108e-06 0
3.54844e-07 -2.39906e-06 0
2.77357e-07 -2.25957e-06 0
2.44108e-07 -1.53075e-06 0
1.69259e-07 -1.45618e-06 0
2.77357e-07 -2.25957e-06 0
2.4685e-07 -2.13108e-06 0
1.69259e-07 -1.45618e-06 0
1.3492e-07 -1.38512e-06 0
2.44108e-07 -1.53075e-06 0
1.69259e-07 -1.45618e-06 0
0 0 0
0 0 0
1.69259e-07 -1.45618e-06 0
1.3492e-07 -1.38512e-06 0
0 0 0
0 0 0
0 0 0
0 0 0
6.73347e-07 1.53929e-06 0
4.47841e-07 1.4736e-06 0
0 0 0
0 0 0
4.47841e-07 1.4736e-06 0
2.22034e-07 1.39277e-06 0
6.73347e-07 1.53929e-06 0
4.47841e-07 1.4736e-06 0
7.17189e-07 2.53906e-06 0
4.40397e-07 2.4619e-06 0
4.47841e-07 1.4736e-06 0
2.22034e-07 1.39277e-06 0
4.40397e-07 2.4619e-06 0
1.50487e-07 2.35012e-06 0
7.17189e-07 2.53906e-06 0
4.40397e-07 2.4619e-06 0
3.16788e-07 3.08663e-06 0
5.50703e-08 3.03677e-06 0
4.40397e-07 2.4619e-06 0
1.50487e-07 2.35012e-06 0
5.50703e-08 3.03677e-06 0
-2.27287e-07 2.93265e-06 0
3.16788e-07 3.08663e-06 0
5.50703e-08 3.03677e-06 0
-2.33381e-07 3.41021e-06 0
-4.73525e-07 3.39831e-06 0
5.50703e-08 3.03677e-06 0
-2.27287e-07 2.93265e-06 0
-4.73525e-07 3.39831e-06 0
-7.32698e-07 3.31544e-06 0
-2.33381e-07 3.41021e-06 0
-4.73525e-07 3.39831e-06 0
-7.39688e-07 3.59334e-06 0
-9.6783e-07 3.61489e-06 0
-4.73525e-07 3.39831e-06 0
-7.32698e-07 3.31544e-06 0
-9.6783e-07 3.61489e-06 0
-1.20841e-06 3.55473e-06 0
-7.39688e-07 3.59334e-06 0
-9.6783e-07 3.61489e-06 0
-1.12807e-06 3.69265e-06 0
-1.35028e-06 3.73625e-06 0
-9.6783e-07 3.61489e-06 0
-1.20841e-06 3.55473e-06 0
-1.35028e-06 3.73625e-06 0
-1.57837e-06 3.69405e-06 0
-1.12807e-06 3.69265e-06 0
-1.35028e-06 3.73625e-06 0
-1.39063e-06 3.72987e-06 0
-1.60766e-06 3.784e-06 0
-1.35028e-06 3.73625e-06 0
-1.57837e-06 3.69405e-06 0
-1.60766e-06 3.784e-06 0
-1.82683e-06 3.75399e-06 0
-1.39063e-06 3.72987e-06 0
-1.60766e-06 3.784e-06 0
-1.54257e-06 3.71361e-06 0
-1.75313e-06 3.76946e-06 0
-1.60766e-06 3.784e-06 0
-1.82683e-06 3.75399e-06 0
-1.75313e-06 3.76946e-06 0
-1.96549e-06 3.74694e-06 0
-1.54257e-06 3.71361e-06 0
-1.75313e-06 3.76946e-06 0
-1.60399e-06 3.64697e-06 0
-1.80684e-06 3.69906e-06 0
-1.75313e-06 3.76946e-06 0
-1.96549e-06 3.74694e-06 0
-1.80684e-06 3.69906e-06 0
-2.01402e-06 3.68087e-06 0
-1.60399e-06 3.64697e-06 0
-1.80684e-06 3.69906e-06 0
-1.59433e-06 3.53235e-06 0
-1.7888e-06 3.57801e-06 0
-1.80684e-06 3.69906e-06 0
-2.01402e-06 3.68087e-06 0
-1.7888e-06 3.57801e-06 0
-1.99194e-06 3.56219e-06 0
-1.59433e-06 3.53235e-06 0
-1.7888e-06 3.57801e-06 0
-1.53075e-06 3.37262e-06 0
-1.7164e-06 3.4111e-06 0
-1.7888e-06 3.57801e-06 0
-1.99194e-06 3.56219e-06 0
-1.7164e-06 3.4111e-06 0
-1.9159e-06 3.39642e-06 0
-1.53075e-06 3.37262e-06 0
-1.7164e-06 3.4111e-06 0
-1.42766e-06 3.17129e-06 0
-1.60391e-06 3.20293e-06 0
-1.7164e-06 3.4111e-06 0
-1.9159e-06 3.39642e-06 0
-1.60391e-06 3.20293e-06 0
-1.79921e-06 3.18845e-06 0
-1.42766e-06 3.17129e-06 0
-1.60391e-06 3.20293e-06 0
-1.29672e-06 2.93221e-06 0
-1.46261e-06 2.95783e-06 0
-1.60391e-06 3.20293e-06 0
-1.79921e-06 3.18845e-06 0
-1.46261e-06 2.95783e-06 0
-1.65226e-06 2.94265e-06 0
-1.29672e-06 2.93221e-06 0
-1.46261e-06 2.95783e-06 0
-1.1472e-06 2.65935e-06 0
-1.30136e-06 2.67988e-06 0
-1.46261e-06 2.95783e-06 0
-1.65226e-06 2.94265e-06 0
-1.30136e-06 2.67988e-06 0
-1.48327e-06 2.66323e-06 0
-1.1472e-06 2.65935e-06 0
-1.30136e-06 2.67988e-06 0
-9.86411e-07 2.35673e-06 0
-1.12724e-06 2.37313e-06 0
-1.30136e-06 2.67988e-06 0
-1.48327e-06 2.66323e-06 0
-1.12724e-06 2.37313e-06 0
-1.299e-06 2.35442e-06 0
-9.86411e-07 2.35673e-06 0
-1.12724e-06 2.37313e-06 0
-8.20178e-07 2.02839e-06 0
-9.46002e-07 2.04169e-06 0
-1.12724e-06 2.37313e-06 0
-1.299e-06 2.35442e-06 0
-9.46002e-07 2.04169e-06 0
-1.10518e-06 2.02078e-06 0
-8.20178e-07 2.02839e-06 0
-9.46002e-07 2.04169e-06 0
-6.53179e-07 1.6785e-06 0
-7.62466e-07 1.68995e-06 0
-9.46002e-07 2.04169e-06 0
-1.10518e-06 2.02078e-06 0
-7.62466e-07 1.68995e-06 0
-9.06869e-07 1.66724e-06 0
-6.53179e-07 1.6785e-06 0
-7.62466e-07 1.68995e-06 0
-4.89218e-07 1.31139e-06 0
-5.80728e-07 1.32259e-06 0
-7.62466e-07 1.68995e-06 0
-9.06869e-07 1.66724e-06 0
-5.80728e-07 1.32259e-06 0
-7.08521e-07 1.2992e-06 0
-4.89218e-07 1.31139e-06 0
-5.80728e-07 1.32259e-06 0
-3.31391e-07 9.31614e-07 0
-4.04267e-07 9.44631e-07 0
-5.80728e-07 1.32259e-06 0
-7.08521e-07 1.2992e-06 0
-4.04267e-07 9.44631e-07 0
-5.14068e-07 9.22405e-07 0
-3.31391e-07 9.31614e-07 0
-4.04267e-07 9.44631e-07 0
-1.82215e-07 5.43927e-07 0
-2.36009e-07 5.61345e-07 0
-4.04267e-07 9.44631e-07 0
-5.14068e-07 9.22405e-07 0
-2.36009e-07 5.61345e-07 0
-3.26898e-07 5.42858e-07 0
-1.82215e-07 5.43927e-07 0
-2.36009e-07 5.61345e-07 0
-4.3718e-08 1.53271e-07 0
-7.83941e-08 1.78168e-07 0
-2.36009e-07 5.61345e-07 0
-3.26898e-07 5.42858e-07 0
-7.83941e-08 1.78168e-07 0
-1.49881e-07 1.66634e-07 0
-4.3718e-08 1.53271e-07 0
-7.83941e-08 1.78168e-07 0
8.24398e-08 -2.35277e-07 0
6.65363e-08 -1.99429e-07 0
-7.83941e-08 1.78168e-07 0
-1.49881e-07 1.66634e-07 0
6.65363e-08 -1.99429e-07 0
1.45669e-08 -2.00291e-07 0
8.24398e-08 -2.35277e-07 0
6.65363e-08 -1.99429e-07 0
1.94819e-07 -6.16517e-07 0
1.96974e-07 -5.66055e-07 0
6.65363e-08 -1.99429e-07 0
1.45669e-08 -2.00291e-07 0
1.96974e-07 -5.66055e-07 0
1.64335e-07 -5.52222e-07 0
1.94819e-07 -6.16517e-07 0
1.96974e-07 -5.66055e-07 0
2.92001e-07 -9.85064e-07 0
3.11094e-07 -9.16447e-07 0
1.96974e-07 -5.66055e-07 0
1.64335e-07 -5.52222e-07 0
3.11094e-07 -9.16447e-07 0
2.97351e-07 -8.83896e-07 0
2.92001e-07 -9.85064e-07 0
3.11094e-07 -9.16447e-07 0
3.72343e-07 -1.33512e-06 0
4.06716e-07 -1.24539e-06 0
3.11094e-07 -9.16447e-07 0
2.97351e-07 -8.83896e-07 0
4.06716e-07 -1.24539e-06 0
4.11182e-07 -1.19054e-06 0
3.72343e-07 -1.33512e-06 0
4.06716e-07 -1.24539e-06 0
4.33716e-07 -1.65999e-06 0
4.80901e-07 -1.54741e-06 0
4.06716e-07 -1.24539e-06 0
4.11182e-07 -1.19054e-06 0
4.80901e-07 -1.54741e-06 0
5.02515e-07 -1.46774e-06 0
4.33716e-07 -1.65999e-06 0
4.80901e-07 -1.54741e-06 0
4.73318e-07 -1.9511e-06 0
5.29628e-07 -1.81598e-06 0
4.80901e-07 -1.54741e-06 0
5.02515e-07 -1.46774e-06 0
5.29628e-07 -1.81598e-06 0
5.66645e-07 -1.71079e-06 0
4.73318e-07 -1.9511e-06 0
5.29628e-07 -1.81598e-06 0
4.87665e-07 -2.19656e-06 0
5.47771e-07 -2.04213e-06 0
5.29628e-07 -1.81598e-06 0
5.66645e-07 -1.71079e-06 0
5.47771e-07 -2.04213e-06 0
5.9727e-07 -1.91346e-06 0
4.87665e-07 -2.19656e-06 0
5.47771e-07 -2.04213e-06 0
4.73012e-07 -2.37793e-06 0
5.29827e-07 -2.21116e-06 0
5.47771e-07 -2.04213e-06 0
5.9727e-07 -1.91346e-06 0
5.29827e-07 -2.21116e-06 0
5.87135e-07 -2.06461e-06 0
4.73012e-07 -2.37793e-06 0
5.29827e-07 -2.21116e-06 0
4.26528e-07 -2.46722e-06 0
4.71934e-07 -2.2991e-06 0
5.29827e-07 -2.21116e-06 0
5.87135e-07 -2.06461e-06 0
4.71934e-07 -2.2991e-06 0
5.30277e-07 -2.14412e-06 0
4.26528e-07 -2.46722e-06 0
4.71934e-07 -2.2991e-06 0
3.48737e-07 -2.41038e-06 0
3.75805e-07 -2.25557e-06 0
4.71934e-07 -2.2991e-06 0
5.30277e-07 -2.14412e-06 0
3.75805e-07 -2.25557e-06 0
4.26701e-07 -2.10583e-06 0
3.48737e-07 -2.41038e-06 0
3.75805e-07 -2.25557e-06 0
2.4685e-07 -2.13108e-06 0
2.53607e-07 -2.00558e-06 0
3.75805e-07 -2.25557e-06 0
4.26701e-07 -2.10583e-06 0
2.53607e-07 -2.00558e-06 0
2.88752e-07 -1.87751e-06 0
2.4685e-07 -2.13108e-06 0
2.53607e-07 -2.00558e-06 0
1.3492e-07 -1.38512e-06 0
1.2897e-07 -1.31125e-06 0
2.53607e-07 -2.00558e-06 0
2.88752e-07 -1.87751e-06 0
1.2897e-07 -1.31125e-06 0
1.44151e-07 -1.23203e-06 0
1.3492e-07 -1.38512e-06 0
1.2897e-07 -1.31125e-06 0
0 0 0
0 0 0
1.2897e-07 -1.31125e-06 0
1.44151e-07 -1.23203e-06 0
0 0 0
0 0 0
0 0 0
0 0 0
2.22034e-07 1.39277e-06 0
5.30499e-09 1.29828e-06 0
0 0 0
0 0 0
5.30499e-09 1.29828e-06 0
-1.95554e-07 1.19161e-06 0
2.22034e-07 1.39277e-06 0
5.30499e-09 1.29828e-06 0
1.50487e-07 2.35012e-06 0
-1.37713e-07 2.20924e-06 0
5.30499e-09 1.29828e-06 0
-1.95554e-07 1.19161e-06 0
-1.37713e-07 2.20924e-06 0
-4.13504e-07 2.04365e-06 0
1.50487e-07 2.35012e-06 0
-1.37713e-07 2.20924e-06 0
-2.27287e-07 2.93265e-06 0
-5.14439e-07 2.78479e-06 0
-1.37713e-07 2.20924e-06 0
-4.13504e-07 2.04365e-06 0
-5.14439e-07 2.78479e-06 0
-7.95131e-07 2.60095e-06 0
-2.27287e-07 2.93265e-06 0
-5.14439e-07 2.78479e-06 0
-7.32698e-07 3.31544e-06 0
-9.98113e-07 3.17667e-06 0
-5.14439e-07 2.78479e-06 0
-7.95131e-07 2.60095e-06 0
-9.98113e-07 3.17667e-06 0
-1.26046e-06 2.99271e-06 0
-7.32698e-07 3.31544e-06 0
-9.98113e-07 3.17667e-06 0
-1.20841e-06 3.55473e-06 0
-1.45374e-06 3.4307e-06 0
-9.98113e-07 3.17667e-06 0
-1.26046e-06 2.99271e-06 0
-1.45374e-06 3.4307e-06 0
-1.69772e-06 3.25528e-06 0
-1.20841e-06 3.55473e-06 0
-1.45374e-06 3.4307e-06 0
-1.57837e-06 3.69405e-06 0
-1.80983e-06 3.58463e-06 0
-1.45374e-06 3.4307e-06 0
-1.69772e-06 3.25528e-06 0
-1.80983e-06 3.58463e-06 0
-2.04175e-06 3.42068e-06 0
-1.57837e-06 3.69405e-06 0
-1.80983e-06 3.58463e-06 0
-1.82683e-06 3.75399e-06 0
-2.0497e-06 3.65739e-06 0
-1.80983e-06 3.58463e-06 0
-2.04175e-06 3.42068e-06 0
-2.0497e-06 3.65739e-06 0
-2.27576e-06 3.50567e-06 0
-1.82683e-06 3.75399e-06 0
-2.0497e-06 3.65739e-06 0
-1.96549e-06 3.74694e-06 0
-2.18377e-06 3.66117e-06 0
-2.0497e-06 3.65739e-06 0
-2.27576e-06 3.50567e-06 0
-2.18377e-06 3.66117e-06 0
-2.40879e-06 3.5214e-06 0
-1.96549e-06 3.74694e-06 0
-2.18377e-06 3.66117e-06 0
-2.01402e-06 3.68087e-06 0
-2.23071e-06 3.60414e-06 0
-2.18377e-06 3.66117e-06 0
-2.40879e-06 3.5214e-06 0
-2.23071e-06 3.60414e-06 0
-2.45801e-06 3.47536e-06 0
-2.01402e-06 3.68087e-06 0
-2.23071e-06 3.60414e-06 0
-1.99194e-06 3.56219e-06 0
-2.20883e-06 3.49278e-06 0
-2.23071e-06 3.60414e-06 0
-2.45801e-06 3.47536e-06 0
-2.20883e-06 3.49278e-06 0
-2.44015e-06 3.37343e-06 0
-1.99194e-06 3.56219e-06 0
-2.20883e-06 3.49278e-06 0
-1.9159e-06 3.39642e-06 0
-2.13342e-06 3.33254e-06 0
-2.20883e-06 3.49278e-06 0
-2.44015e-06 3.37343e-06 0
-2.13342e-06 3.33254e-06 0
-2.36885e-06 3.22056e-06 0
-1.9159e-06 3.39642e-06 0
-2.13342e-06 3.33254e-06 0
-1.79921e-06 3.18845e-06 0
-2.01645e-06 3.12816e-06 0
-2.13342e-06 3.33254e-06 0
-2.36885e-06 3.22056e-06 0
-2.01645e-06 3.12816e-06 0
-2.25465e-06 3.02129e-06 0
-1.79921e-06 3.18845e-06 0
-2.01645e-06 3.12816e-06 0
-1.65226e-06 2.94265e-06 0
-1.86723e-06 2.88406e-06 0
-2.01645e-06 3.12816e-06 0
-2.25465e-06 3.02129e-06 0
-1.86723e-06 2.88406e-06 0
-2.10585e-06 2.78013e-06 0
-1.65226e-06 2.94265e-06 0
-1.86723e-06 2.88406e-06 0
-1.48327e-06 2.66323e-06 0
-1.69334e-06 2.60467e-06 0
-1.86723e-06 2.88406e-06 0
-2.10585e-06 2.78013e-06 0
-1.69334e-06 2.60467e-06 0
-1.92939e-06 2.50189e-06 0
-1.48327e-06 2.66323e-06 0
-1.69334e-06 2.60467e-06 0
-1.299e-06 2.35442e-06 0
-1.50123e-06 2.29471e-06 0
-1.69334e-06 2.60467e-06 0
-1.92939e-06 2.50189e-06 0
-1.50123e-06 2.29471e-06 0
-1.73151e-06 2.19192e-06 0
-1.299e-06 2.35442e-06 0
-1.50123e-06 2.29471e-06 0
-1.10518e-06 2.02078e-06 0
-1.2967e-06 1.9594e-06 0
-1.50123e-06 2.29471e-06 0
-1.73151e-06 2.19192e-06 0
-1.2967e-06 1.9594e-06 0
-1.51806e-06 1.85622e-06 0
-1.10518e-06 2.02078e-06 0
-1.2967e-06 1.9594e-06 0
-9.06869e-07 1.66724e-06 0
-1.08505e-06 1.60447e-06 0
-1.2967e-06 1.9594e-06 0
-1.51806e-06 1.85622e-06 0
-1.08505e-06 1.60447e-06 0
-1.29456e-06 1.50136e-06 0
-9.06869e-07 1.66724e-06 0
-1.08505e-06 1.60447e-06 0
-7.08521e-07 1.2992e-06 0
-8.71122e-07 1.23614e-06 0
-1.08505e-06 1.60447e-06 0
-1.29456e-06 1.50136e-06 0
-8.71122e-07 1.23614e-06 0
-1.0662e-06 1.13438e-06 0
-7.08521e-07 1.2992e-06 0
-8.71122e-07 1.23614e-06 0
-5.14068e-07 9.22405e-07 0
-6.59302e-07 8.60988e-07 0
-8.71122e-07 1.23614e-06 0
-1.0662e-06 1.13438e-06 0
-6.59302e-07 8.60988e-07 0
-8.37749e-07 7.62579e-07 0
-5.14068e-07 9.22405e-07 0
-6.59302e-07 8.60988e-07 0
-3.26898e-07 5.42858e-07 0
-4.53429e-07 4.85733e-07 0
-6.59302e-07 8.60988e-07 0
-8.37749e-07 7.62579e-07 0
-4.53429e-07 4.85733e-07 0
-6.13464e-07 3.93355e-07 0
-3.26898e-07 5.42858e-07 0
-4.53429e-07 4.85733e-07 0
-1.49881e-07 1.66634e-07 0
-2.56802e-07 1.17087e-07 0
-4.53429e-07 4.85733e-07 0
-6.13464e-07 3.93355e-07 0
-2.56802e-07 1.17087e-07 0
-3.97073e-07 3.3951e-08 0
-1.49881e-07 1.66634e-07 0
-2.56802e-07 1.17087e-07 0
1.45669e-08 -2.00291e-07 0
-7.22084e-08 -2.38476e-07 0
-2.56802e-07 1.17087e-07 0
-3.97073e-07 3.3951e-08 0
-7.22084e-08 -2.38476e-07 0
-1.91758e-07 -3.08733e-07 0
1.45669e-08 -2.00291e-07 0
-7.22084e-08 -2.38476e-07 0
1.64335e-07 -5.52222e-07 0
9.79657e-08 -5.74935e-07 0
-7.22084e-08 -2.38476e-07 0
-1.91758e-07 -3.08733e-07 0
9.79657e-08 -5.74935e-07 0
-2.11029e-10 -6.28372e-07 0
1.64335e-07 -5.52222e-07 0
9.79657e-08 -5.74935e-07 0
2.97351e-07 -8.83896e-07 0
2.51494e-07 -8.86933e-07 0
9.79657e-08 -5.74935e-07 0
-2.11029e-10 -6.28372e-07 0
2.51494e-07 -8.86933e-07 0
1.75184e-07 -9.19461e-07 0
2.97351e-07 -8.83896e-07 0
2.51494e-07 -8.86933e-07 0
4.11182e-07 -1.19054e-06 0
3.85899e-07 -1.16995e-06 0
2.51494e-07 -8.86933e-07 0
1.75184e-07 -9.19461e-07 0
3.85899e-07 -1.16995e-06 0
3.31993e-07 -1.17756e-06 0
4.11182e-07 -1.19054e-06 0
3.85899e-07 -1.16995e-06 0
5.02515e-07 -1.46774e-06 0
4.9785e-07 -1.42031e-06 0
3.85899e-07 -1.16995e-06 0
3.31993e-07 -1.17756e-06 0
4.9785e-07 -1.42031e-06 0
4.67096e-07 -1.39943e-06 0
5.02515e-07 -1.46774e-06 0
4.9785e-07 -1.42031e-06 0
5.66645e-07 -1.71079e-06 0
5.82443e-07 -1.63478e-06 0
4.9785e-07 -1.42031e-06 0
4.67096e-07 -1.39943e-06 0
5.82443e-07 -1.63478e-06 0
5.75781e-07 -1.58288e-06 0
5.66645e-07 -1.71079e-06 0
5.82443e-07 -1.63478e-06 0
5.9727e-07 -1.91346e-06 0
6.3265e-07 -1.80945e-06 0
5.82443e-07 -1.63478e-06 0
5.75781e-07 -1.58288e-06 0
6.3265e-07 -1.80945e-06 0
6.50767e-07 -1.72584e-06 0
5.9727e-07 -1.91346e-06 0
6.3265e-07 -1.80945e-06 0
5.87135e-07 -2.06461e-06 0
6.39556e-07 -1.93649e-06 0
6.3265e-07 -1.80945e-06 0
6.50767e-07 -1.72584e-06 0
6.39556e-07 -1.93649e-06 0
6.81783e-07 -1.82343e-06 0
5.87135e-07 -2.06461e-06 0
6.39556e-07 -1.93649e-06 0
5.30277e-07 -2.14412e-06 0
5.94314e-07 -1.99979e-06 0
6.39556e-07 -1.93649e-06 0
6.81783e-07 -1.82343e-06 0
5.94314e-07 -1.99979e-06 0
6.56819e-07 -1.86364e-06 0
5.30277e-07 -2.14412e-06 0
5.94314e-07 -1.99979e-06 0
4.26701e-07 -2.10583e-06 0
4.93047e-07 -1.95832e-06 0
5.94314e-07 -1.99979e-06 0
6.56819e-07 -1.86364e-06 0
4.93047e-07 -1.95832e-06 0
5.66719e-07 -1.81151e-06 0
4.26701e-07 -2.10583e-06 0
4.93047e-07 -1.95832e-06 0
2.88752e-07 -1.87751e-06 0
3.44487e-07 -1.74467e-06 0
4.93047e-07 -1.95832e-06 0
5.66719e-07 -1.81151e-06 0
3.44487e-07 -1.74467e-06 0
4.137e-07 -1.60637e-06 0
2.88752e-07 -1.87751e-06 0
3.44487e-07 -1.74467e-06 0
1.44151e-07 -1.23203e-06 0
1.75873e-07 -1.14636e-06 0
3.44487e-07 -1.74467e-06 0
4.137e-07 -1.60637e-06 0
1.75873e-07 -1.14636e-06 0
2.20128e-07 -1.05408e-06 0
1.44151e-07 -1.23203e-06 0
1.75873e-07 -1.14636e-06 0
0 0 0
0 0 0
1.75873e-07 -1.14636e-06 0
2.20128e-07 -1.05408e-06 0
0 0 0
0 0 0
0 0 0
0 0 0
-1.95554e-07 1.19161e-06 0
-3.75713e-07 1.07414e-06 0
0 0 0
0 0 0
-3.75713e-07 1.07414e-06 0
-5.31903e-07 9.47162e-07 0
-1.95554e-07 1.19161e-06 0
-3.75713e-07 1.07414e-06 0
-4.13504e-07 2.04365e-06 0
-6.69147e-07 1.85691e-06 0
-3.75713e-07 1.07414e-06 0
-5.31903e-07 9.47162e-07 0
-6.69147e-07 1.85691e-06 0
-8.99003e-07 1.65206e-06 0
-4.13504e-07 2.04365e-06 0
-6.69147e-07 1.85691e-06 0
-7.95131e-07 2.60095e-06 0
-1.06115e-06 2.38695e-06 0
-6.69147e-07 1.85691e-06 0
-8.99003e-07 1.65206e-06 0
-1.06115e-06 2.38695e-06 0
-1.30629e-06 2.14733e-06 0
-7.95131e-07 2.60095e-06 0
-1.06115e-06 2.38695e-06 0
-1.26046e-06 2.99271e-06 0
-1.5127e-06 2.77122e-06 0
-1.06115e-06 2.38695e-06 0
-1.30629e-06 2.14733e-06 0
-1.5127e-06 2.77122e-06 0
-1.74917e-06 2.51783e-06 0
-1.26046e-06 2.99271e-06 0
-1.5127e-06 2.77122e-06 0
-1.69772e-06 3.25528e-06 0
-1.93511e-06 3.03707e-06 0
-1.5127e-06 2.77122e-06 0
-1.74917e-06 2.51783e-06 0
-1.93511e-06 3.03707e-06 0
-2.16108e-06 2.78219e-06 0
-1.69772e-06 3.25528e-06 0
-1.93511e-06 3.03707e-06 0
-2.04175e-06 3.42068e-06 0
-2.2706e-06 3.21068e-06 0
-1.93511e-06 3.03707e-06 0
-2.16108e-06 2.78219e-06 0
-2.2706e-06 3.21068e-06 0
-2.49221e-06 2.96054e-06 0
-2.04175e-06 3.42068e-06 0
-2.2706e-06 3.21068e-06 0
-2.27576e-06 3.50567e-06 0
-2.50261e-06 3.30625e-06 0
-2.2706e-06 3.21068e-06 0
-2.49221e-06 2.96054e-06 0
-2.50261e-06 3.30625e-06 0
-2.72642e-06 3.06423e-06 0
-2.27576e-06 3.50567e-06 0
-2.50261e-06 3.30625e-06 0
-2.40879e-06 3.5214e-06 0
-2.63862e-06 3.33337e-06 0
-2.50261e-06 3.30625e-06 0
-2.72642e-06 3.06423e-06 0
-2.63862e-06 3.33337e-06 0
-2.86936e-06 3.10106e-06 0
-2.40879e-06 3.5214e-06 0
-2.63862e-06 3.33337e-06 0
-2.45801e-06 3.47536e-06 0
-2.69393e-06 3.29838e-06 0
-2.63862e-06 3.33337e-06 0
-2.86936e-06 3.10106e-06 0
-2.69393e-06 3.29838e-06 0
-2.93429e-06 3.07605e-06 0
-2.45801e-06 3.47536e-06 0
-2.69393e-06 3.29838e-06 0
-2.44015e-06 3.37343e-06 0
-2.68347e-06 3.20623e-06 0
-2.69393e-06 3.29838e-06 0
-2.93429e-06 3.07605e-06 0
-2.68347e-06 3.20623e-06 0
-2.9343e-06 2.9932e-06 0
-2.44015e-06 3.37343e-06 0
-2.68347e-06 3.20623e-06 0
-2.36885e-06 3.22056e-06 0
-2.61925e-06 3.06131e-06 0
-2.68347e-06 3.20623e-06 0
-2.9343e-06 2.9932e-06 0
-2.61925e-06 3.06131e-06 0
-2.87984e-06 2.85628e-06 0
-2.36885e-06 3.22056e-06 0
-2.61925e-06 3.06131e-06 0
-2.25465e-06 3.02129e-06 0
-2.51046e-06 2.86794e-06 0
-2.61925e-06 3.06131e-06 0
-2.87984e-06 2.85628e-06 0
-2.51046e-06 2.86794e-06 0
-2.77893e-06 2.66947e-06 0
-2.25465e-06 3.02129e-06 0
-2.51046e-06 2.86794e-06 0
-2.10585e-06 2.78013e-06 0
-2.36447e-06 2.63078e-06 0
-2.51046e-06 2.86794e-06 0
-2.77893e-06 2.66947e-06 0
-2.36447e-06 2.63078e-06 0
-2.63813e-06 2.43759e-06 0
-2.10585e-06 2.78013e-06 0
-2.36447e-06 2.63078e-06 0
-1.92939e-06 2.50189e-06 0
-2.18769e-06 2.35511e-06 0
-2.36447e-06 2.63078e-06 0
-2.63813e-06 2.43759e-06 0
-2.18769e-06 2.35511e-06 0
-2.46336e-06 2.16638e-06 0
-1.92939e-06 2.50189e-06 0
-2.18769e-06 2.35511e-06 0
-1.73151e-06 2.19192e-06 0
-1.98616e-06 2.04694e-06 0
-2.18769e-06 2.35511e-06 0
-2.46336e-06 2.16638e-06 0
-1.98616e-06 2.04694e-06 0
-2.26041e-06 1.86243e-06 0
-1.73151e-06 2.19192e-06 0
-1.98616e-06 2.04694e-06 0
-1.51806e-06 1.85622e-06 0
-1.76572e-06 1.71301e-06 0
-1.98616e-06 2.04694e-06 0
-2.26041e-06 1.86243e-06 0
-1.76572e-06 1.71301e-06 0
-2.03504e-06 1.53312e-06 0
-1.51806e-06 1.85622e-06 0
-1.76572e-06 1.71301e-06 0
-1.29456e-06 1.50136e-06 0
-1.53203e-06 1.36065e-06 0
-1.76572e-06 1.71301e-06 0
-2.03504e-06 1.53312e-06 0
-1.53203e-06 1.36065e-06 0
-1.79297e-06 1.18641e-06 0
-1.29456e-06 1.50136e-06 0
-1.53203e-06 1.36065e-06 0
-1.0662e-06 1.13438e-06 0
-1.29054e-06 9.97627e-07 0
-1.53203e-06 1.36065e-06 0
-1.79297e-06 1.18641e-06 0
-1.29054e-06 9.97627e-07 0
-1.53977e-06 8.30632e-07 0
-1.0662e-06 1.13438e-06 0
-1.29054e-06 9.97627e-07 0
-8.37749e-07 7.62579e-07 0
-1.04631e-06 6.31869e-07 0
-1.29054e-06 9.97627e-07 0
-1.53977e-06 8.30632e-07 0
-1.04631e-06 6.31869e-07 0
-1.28077e-06 4.74236e-07 0
-8.37749e-07 7.62579e-07 0
-1.04631e-06 6.31869e-07 0
-6.13464e-07 3.93355e-07 0
-8.0399e-07 2.71298e-07 0
-1.04631e-06 6.31869e-07 0
-1.28077e-06 4.74236e-07 0
-8.0399e-07 2.71298e-07 0
-1.02095e-06 1.25555e-07 0
-6.13464e-07 3.93355e-07 0
-8.0399e-07 2.71298e-07 0
-3.97073e-07 3.3951e-08 0
-5.67743e-07 -7.64072e-08 0
-8.0399e-07 2.71298e-07 0
-1.02095e-06 1.25555e-07 0
-5.67743e-07 -7.64072e-08 0
-7.64902e-07 -2.07412e-07 0
-3.97073e-07 3.3951e-08 0
-5.67743e-07 -7.64072e-08 0
-1.91758e-07 -3.08733e-07 0
-3.41184e-07 -4.04016e-07 0
-5.67743e-07 -7.64072e-08 0
-7.64902e-07 -2.07412e-07 0
-3.41184e-07 -4.04016e-07 0
-5.16727e-07 -5.17203e-07 0
-1.91758e-07 -3.08733e-07 0
-3.41184e-07 -4.04016e-07 0
-2.11029e-10 -6.28372e-07 0
-1.27392e-07 -7.04962e-07 0
-3.41184e-07 -4.04016e-07 0
-5.16727e-07 -5.17203e-07 0
-1.27392e-07 -7.04962e-07 0
-2.79997e-07 -7.971e-07 0
-2.11029e-10 -6.28372e-07 0
-1.27392e-07 -7.04962e-07 0
1.75184e-07 -9.19461e-07 0
7.10076e-08 -9.73592e-07 0
-1.27392e-07 -7.04962e-07 0
-2.79997e-07 -7.971e-07 0
7.10076e-08 -9.73592e-07 0
-5.77095e-08 -1.04135e-06 0
1.75184e-07 -9.19461e-07 0
7.10076e-08 -9.73592e-07 0
3.31993e-07 -1.17756e-06 0
2.51588e-07 -1.20544e-06 0
7.10076e-08 -9.73592e-07 0
-5.77095e-08 -1.04135e-06 0
2.51588e-07 -1.20544e-06 0
1.47587e-07 -1.24544e-06 0
3.31993e-07 -1.17756e-06 0
2.51588e-07 -1.20544e-06 0
4.67096e-07 -1.39943e-06 0
4.11529e-07 -1.39749e-06 0
2.51588e-07 -1.20544e-06 0
1.47587e-07 -1.24544e-06 0
4.11529e-07 -1.39749e-06 0
3.33329e-07 -1.40643e-06 0
4.67096e-07 -1.39943e-06 0
4.11529e-07 -1.39749e-06 0
5.75781e-07 -1.58288e-06 0
5.46584e-07 -1.54816e-06 0
4.11529e-07 -1.39749e-06 0
3.33329e-07 -1.40643e-06 0
5.46584e-07 -1.54816e-06 0
4.95885e-07 -1.52311e-06 0
5.75781e-07 -1.58288e-06 0
5.46584e-07 -1.54816e-06 0
6.50767e-07 -1.72584e-06 0
6.49681e-07 -1.65678e-06 0
5.46584e-07 -1.54816e-06 0
4.95885e-07 -1.52311e-06 0
6.49681e-07 -1.65678e-06 0
6.28787e-07 -1.59575e-06 0
6.50767e-07 -1.72584e-06 0
6.49681e-07 -1.65678e-06 0
6.81783e-07 -1.82343e-06 0
7.09692e-07 -1.721e-06 0
6.49681e-07 -1.65678e-06 0
6.28787e-07 -1.59575e-06 0
7.09692e-07 -1.721e-06 0
7.20658e-07 -1.62416e-06 0
6.81783e-07 -1.82343e-06 0
7.09692e-07 -1.721e-06 0
6.56819e-07 -1.86364e-06 0
7.11639e-07 -1.73287e-06 0
7.09692e-07 -1.721e-06 0
7.20658e-07 -1.62416e-06 0
7.11639e-07 -1.73287e-06 0
7.54111e-07 -1.60418e-06 0
6.56819e-07 -1.86364e-06 0
7.11639e-07 -1.73287e-06 0
5.66719e-07 -1.81151e-06 0
6.40451e-07 -1.66411e-06 0
7.11639e-07 -1.73287e-06 0
7.54111e-07 -1.60418e-06 0
6.40451e-07 -1.66411e-06 0
7.08164e-07 -1.51459e-06 0
5.66719e-07 -1.81151e-06 0
6.40451e-07 -1.66411e-06 0
4.137e-07 -1.60637e-06 0
4.89738e-07 -1.46241e-06 0
6.40451e-07 -1.66411e-06 0
7.08164e-07 -1.51459e-06 0
4.89738e-07 -1.46241e-06 0
5.6656e-07 -1.3126e-06 0
4.137e-07 -1.60637e-06 0
4.89738e-07 -1.46241e-06 0
2.20128e-07 -1.05408e-06 0
2.72994e-07 -9.55356e-07 0
4.89738e-07 -1.46241e-06 0
5.6656e-07 -1.3126e-06 0
2.72994e-07 -9.55356e-07 0
3.30546e-07 -8.50466e-07 0
2.20128e-07 -1.05408e-06 0
2.72994e-07 -9.55356e-07 0
0 0 0
0 0 0
2.72994e-07 -9.55356e-07 0
3.30546e-07 -8.50466e-07 0
0 0 0
0 0 0
0 0 0
0 0 0
-5.31903e-07 9.47162e-07 0
-6.62052e-07 8.11955e-07 0
0 0 0
0 0 0
-6.62052e-07 8.11955e-07 0
-7.65035e-07 6.6979e-07 0
-5.31903e-07 9.47162e-07 0
-6.62052e-07 8.11955e-07 0
-8.99003e-07 1.65206e-06 0
-1.09896e-06 1.43174e-06 0
-6.62052e-07 8.11955e-07 0
-7.65035e-07 6.6979e-07 0
-1.09896e-06 1.43174e-06 0
-1.26605e-06 1.19845e-06 0
-8.99003e-07 1.65206e-06 0
-1.09896e-06 1.43174e-06 0
-1.30629e-06 2.14733e-06 0
-1.5257e-06 1.88582e-06 0
-1.09896e-06 1.43174e-06 0
-1.26605e-06 1.19845e-06 0
-1.5257e-06 1.88582e-06 0
-1.71543e-06 1.60574e-06 0
-1.30629e-06 2.14733e-06 0
-1.5257e-06 1.88582e-06 0
-1.74917e-06 2.51783e-06 0
-1.96508e-06 2.23694e-06 0
-1.5257e-06 1.88582e-06 0
-1.71543e-06 1.60574e-06 0
-1.96508e-06 2.23694e-06 0
-2.15619e-06 1.93234e-06 0
-1.74917e-06 2.51783e-06 0
-1.96508e-06 2.23694e-06 0
-2.16108e-06 2.78219e-06 0
-2.37104e-06 2.49525e-06 0
-1.96508e-06 2.23694e-06 0
-2.15619e-06 1.93234e-06 0
-2.37104e-06 2.49525e-06 0
-2.56049e-06 2.18019e-06 0
-2.16108e-06 2.78219e-06 0
-2.37104e-06 2.49525e-06 0
-2.49221e-06 2.96054e-06 0
-2.70196e-06 2.67467e-06 0
-2.37104e-06 2.49525e-06 0
-2.56049e-06 2.18019e-06 0
-2.70196e-06 2.67467e-06 0
-2.89497e-06 2.35695e-06 0
-2.49221e-06 2.96054e-06 0
-2.70196e-06 2.67467e-06 0
-2.72642e-06 3.06423e-06 0
-2.94234e-06 2.78357e-06 0
-2.70196e-06 2.67467e-06 0
-2.89497e-06 2.35695e-06 0
-2.94234e-06 2.78357e-06 0
-3.14497e-06 2.4679e-06 0
-2.72642e-06 3.06423e-06 0
-2.94234e-06 2.78357e-06 0
-2.86936e-06 3.10106e-06 0
-3.09586e-06 2.82783e-06 0
-2.94234e-06 2.78357e-06 0
-3.14497e-06 2.4679e-06 0
-3.09586e-06 2.82783e-06 0
-3.31222e-06 2.51708e-06 0
-2.86936e-06 3.10106e-06 0
-3.09586e-06 2.82783e-06 0
-2.93429e-06 3.07605e-06 0
-3.17361e-06 2.81122e-06 0
-3.09586e-06 2.82783e-06 0
-3.31222e-06 2.51708e-06 0
-3.17361e-06 2.81122e-06 0
-3.40559e-06 2.5071e-06 0
-2.93429e-06 3.07605e-06 0
-3.17361e-06 2.81122e-06 0
-2.9343e-06 2.9932e-06 0
-3.18687e-06 2.7368e-06 0
-3.17361e-06 2.81122e-06 0
-3.40559e-06 2.5071e-06 0
-3.18687e-06 2.7368e-06 0
-3.43459e-06 2.44023e-06 0
-2.9343e-06 2.9932e-06 0
-3.18687e-06 2.7368e-06 0
-2.87984e-06 2.85628e-06 0
-3.14468e-06 2.60786e-06 0
-3.18687e-06 2.7368e-06 0
-3.43459e-06 2.44023e-06 0
-3.14468e-06 2.60786e-06 0
-3.40702e-06 2.31931e-06 0
-2.87984e-06 2.85628e-06 0
-3.14468e-06 2.60786e-06 0
-2.77893e-06 2.66947e-06 0
-3.05405e-06 2.42839e-06 0
-3.14468e-06 2.60786e-06 0
-3.40702e-06 2.31931e-06 0
-3.05405e-06 2.42839e-06 0
-3.32896e-06 2.14817e-06 0
-2.77893e-06 2.66947e-06 0
-3.05405e-06 2.42839e-06 0
-2.63813e-06 2.43759e-06 0
-2.92081e-06 2.20339e-06 0
-3.05405e-06 2.42839e-06 0
-3.32896e-06 2.14817e-06 0
-2.92081e-06 2.20339e-06 0
-3.2056e-06 1.9319e-06 0
-2.63813e-06 2.43759e-06 0
-2.92081e-06 2.20339e-06 0
-2.46336e-06 2.16638e-06 0
-2.75042e-06 1.93894e-06 0
-2.92081e-06 2.20339e-06 0
-3.2056e-06 1.9319e-06 0
-2.75042e-06 1.93894e-06 0
-3.04192e-06 1.67679e-06 0
-2.46336e-06 2.16638e-06 0
-2.75042e-06 1.93894e-06 0
-2.26041e-06 1.86243e-06 0
-2.54836e-06 1.64209e-06 0
-2.75042e-06 1.93894e-06 0
-3.04192e-06 1.67679e-06 0
-2.54836e-06 1.64209e-06 0
-2.84303e-06 1.3902e-06 0
-2.26041e-06 1.86243e-06 0
-2.54836e-06 1.64209e-06 0
-2.03504e-06 1.53312e-06 0
-2.32022e-06 1.3207e-06 0
-2.54836e-06 1.64209e-06 0
-2.84303e-06 1.3902e-06 0
-2.32022e-06 1.3207e-06 0
-2.6143e-06 1.08033e-06 0
-2.03504e-06 1.53312e-06 0
-2.32022e-06 1.3207e-06 0
-1.79297e-06 1.18641e-06 0
-2.07167e-06 9.83217e-07 0
-2.32022e-06 1.3207e-06 0
-2.6143e-06 1.08033e-06 0
-2.07167e-06 9.83217e-07 0
-2.36126e-06 7.55941e-07 0
-1.79297e-06 1.18641e-06 0
-2.07167e-06 9.83217e-07 0
-1.53977e-06 8.30632e-07 0
-1.80835e-06 6.38415e-07 0
-2.07167e-06 9.83217e-07 0
-2.36126e-06 7.55941e-07 0
-1.80835e-06 6.38415e-07 0
-2.08955e-06 4.2611e-07 0
-1.53977e-06 8.30632e-07 0
-1.80835e-06 6.38415e-07 0
-1.28077e-06 4.74236e-07 0
-1.53577e-06 2.95121e-07 0
-1.80835e-06 6.38415e-07 0
-2.08955e-06 4.2611e-07 0
-1.53577e-06 2.95121e-07 0
-1.8048e-06 9.99186e-08 0
-1.28077e-06 4.74236e-07 0
-1.53577e-06 2.95121e-07 0
-1.02095e-06 1.25555e-07 0
-1.2592e-06 -3.8026e-08 0
-1.53577e-06 2.95121e-07 0
-1.8048e-06 9.99186e-08 0
-1.2592e-06 -3.8026e-08 0
-1.51258e-06 -2.13802e-07 0
-1.02095e-06 1.25555e-07 0
-1.2592e-06 -3.8026e-08 0
-7.64902e-07 -2.07412e-07 0
-9.83675e-07 -3.52811e-07 0
-1.2592e-06 -3.8026e-08 0
-1.51258e-06 -2.13802e-07 0
-9.83675e-07 -3.52811e-07 0
-1.21829e-06 -5.06719e-07 0
-7.64902e-07 -2.07412e-07 0
-9.83675e-07 -3.52811e-07 0
-5.16727e-07 -5.17203e-07 0
-7.13815e-07 -6.41644e-07 0
-9.83675e-07 -3.52811e-07 0
-1.21829e-06 -5.06719e-07 0
-7.13815e-07 -6.41644e-07 0
-9.27126e-07 -7.71206e-07 0
-5.16727e-07 -5.17203e-07 0
-7.13815e-07 -6.41644e-07 0
-2.79997e-07 -7.971e-07 0
-4.53775e-07 -8.97747e-07 0
-7.13815e-07 -6.41644e-07 0
-9.27126e-07 -7.71206e-07 0
-4.53775e-07 -8.97747e-07 0
-6.43891e-07 -1.00052e-06 0
-2.79997e-07 -7.971e-07 0
-4.53775e-07 -8.97747e-07 0
-5.77095e-08 -1.04135e-06 0
-2.07076e-07 -1.11535e-06 0
-4.53775e-07 -8.97747e-07 0
-6.43891e-07 -1.00052e-06 0
-2.07076e-07 -1.11535e-06 0
-3.72756e-07 -1.18899e-06 0
-5.77095e-08 -1.04135e-06 0
-2.07076e-07 -1.11535e-06 0
1.47587e-07 -1.24544e-06 0
2.34346e-08 -1.28996e-06 0
-2.07076e-07 -1.11535e-06 0
-3.72756e-07 -1.18899e-06 0
2.34346e-08 -1.28996e-06 0
-1.17051e-07 -1.33219e-06 0
1.47587e-07 -1.24544e-06 0
2.34346e-08 -1.28996e-06 0
3.33329e-07 -1.40643e-06 0
2.35317e-07 -1.41865e-06 0
2.34346e-08 -1.28996e-06 0
-1.17051e-07 -1.33219e-06 0
2.35317e-07 -1.41865e-06 0
1.20715e-07 -1.42729e-06 0
3.33329e-07 -1.40643e-06 0
2.35317e-07 -1.41865e-06 0
4.95885e-07 -1.52311e-06 0
4.25569e-07 -1.50042e-06 0
2.35317e-07 -1.41865e-06 0
1.20715e-07 -1.42729e-06 0
4.25569e-07 -1.50042e-06 0
3.38095e-07 -1.47347e-06 0
4.95885e-07 -1.52311e-06 0
4.25569e-07 -1.50042e-06 0
6.28787e-07 -1.59575e-06 0
5.88631e-07 -1.53624e-06 0
4.25569e-07 -1.50042e-06 0
3.38095e-07 -1.47347e-06 0
5.88631e-07 -1.53624e-06 0
5.3062e-07 -1.47216e-06 0
6.28787e-07 -1.59575e-06 0
5.88631e-07 -1.53624e-06 0
7.20658e-07 -1.62416e-06 0
7.13492e-07 -1.52765e-06 0
5.88631e-07 -1.53624e-06 0
5.3062e-07 -1.47216e-06 0
7.13492e-07 -1.52765e-06 0
6.88198e-07 -1.4264e-06 0
7.20658e-07 -1.62416e-06 0
7.13492e-07 -1.52765e-06 0
7.54111e-07 -1.60418e-06 0
7.8113e-07 -1.47398e-06 0
7.13492e-07 -1.52765e-06 0
6.88198e-07 -1.4264e-06 0
7.8113e-07 -1.47398e-06 0
7.91028e-07 -1.33866e-06 0
7.54111e-07 -1.60418e-06 0
7.8113e-07 -1.47398e-06 0
7.08164e-07 -1.51459e-06 0
7.65153e-07 -1.36115e-06 0
7.8113e-07 -1.47398e-06 0
7.91028e-07 -1.33866e-06 0
7.65153e-07 -1.36115e-06 0
8.08127e-07 -1.20186e-06 0
7.08164e-07 -1.51459e-06 0
7.65153e-07 -1.36115e-06 0
5.6656e-07 -1.3126e-06 0
6.38942e-07 -1.15662e-06 0
7.65153e-07 -1.36115e-06 0
8.08127e-07 -1.20186e-06 0
6.38942e-07 -1.15662e-06 0
7.02672e-07 -9.9405e-07 0
5.6656e-07 -1.3126e-06 0
6.38942e-07 -1.15662e-06 0
3.30546e-07 -8.50466e-07 0
3.89009e-07 -7.39721e-07 0
6.38942e-07 -1.15662e-06 0
7.02672e-07 -9.9405e-07 0
3.89009e-07 -7.39721e-07 0
4.44944e-07 -6.23442e-07 0
3.30546e-07 -8.50466e-07 0
3.89009e-07 -7.39721e-07 0
0 0 0
0 0 0
3.89009e-07 -7.39721e-07 0
4.44944e-07 -6.23442e-07 0
0 0 0
0 0 0
0 0 0
0 0 0
-7.65035e-07 6.6979e-07 0
-8.40495e-07 5.21984e-07 0
0 0 0
0 0 0
-8.40495e-07 5.21984e-07 0
-8.88746e-07 3.69925e-07 0
-7.65035e-07 6.6979e-07 0
-8.40495e-07 5.21984e-07 0
-1.26605e-06 1.19845e-06 0
-1.3982e-06 9.54666e-07 0
-8.40495e-07 5.21984e-07 0
-8.88746e-07 3.69925e-07 0
-1.3982e-06 9.54666e-07 0
-1.49413e-06 7.02964e-07 0
-1.26605e-06 1.19845e-06 0
-1.3982e-06 9.54666e-07 0
-1.71543e-06 1.60574e-06 0
-1.87228e-06 1.31029e-06 0
-1.3982e-06 9.54666e-07 0
-1.49413e-06 7.02964e-07 0
-1.87228e-06 1.31029e-06 0
-1.9936e-06 1.00281e-06 0
-1.71543e-06 1.60574e-06 0
-1.87228e-06 1.31029e-06 0
-2.15619e-06 1.93234e-06 0
-2.31868e-06 1.60763e-06 0
-1.87228e-06 1.31029e-06 0
-1.9936e-06 1.00281e-06 0
-2.31868e-06 1.60763e-06 0
-2.44913e-06 1.26656e-06 0
-2.15619e-06 1.93234e-06 0
-2.31868e-06 1.60763e-06 0
-2.56049e-06 2.18019e-06 0
-2.72514e-06 1.84078e-06 0
-2.31868e-06 1.60763e-06 0
-2.44913e-06 1.26656e-06 0
-2.72514e-06 1.84078e-06 0
-2.86091e-06 1.48099e-06 0
-2.56049e-06 2.18019e-06 0
-2.72514e-06 1.84078e-06 0
-2.89497e-06 2.35695e-06 0
-3.0663e-06 2.01119e-06 0
-2.72514e-06 1.84078e-06 0
-2.86091e-06 1.48099e-06 0
-3.0663e-06 2.01119e-06 0
-3.21114e-06 1.64151e-06 0
-2.89497e-06 2.35695e-06 0
-3.0663e-06 2.01119e-06 0
-3.14497e-06 2.4679e-06 0
-3.32868e-06 2.12104e-06 0
-3.0663e-06 2.01119e-06 0
-3.21114e-06 1.64151e-06 0
-3.32868e-06 2.12104e-06 0
-3.48787e-06 1.74727e-06 0
-3.14497e-06 2.4679e-06 0
-3.32868e-06 2.12104e-06 0
-3.31222e-06 2.51708e-06 0
-3.51219e-06 2.17263e-06 0
-3.32868e-06 2.12104e-06 0
-3.48787e-06 1.74727e-06 0
-3.51219e-06 2.17263e-06 0
-3.68947e-06 1.7989e-06 0
-3.31222e-06 2.51708e-06 0
-3.51219e-06 2.17263e-06 0
-3.40559e-06 2.5071e-06 0
-3.6235e-06 2.16755e-06 0
-3.51219e-06 2.17263e-06 0
-3.68947e-06 1.7989e-06 0
-3.6235e-06 2.16755e-06 0
-3.82047e-06 1.79715e-06 0
-3.40559e-06 2.5071e-06 0
-3.6235e-06 2.16755e-06 0
-3.43459e-06 2.44023e-06 0
-3.67041e-06 2.10744e-06 0
-3.6235e-06 2.16755e-06 0
-3.82047e-06 1.79715e-06 0
-3.67041e-06 2.10744e-06 0
-3.88701e-06 1.74314e-06 0
-3.43459e-06 2.44023e-06 0
-3.67041e-06 2.10744e-06 0
-3.40702e-06 2.31931e-06 0
-3.65954e-06 1.99472e-06 0
-3.67041e-06 2.10744e-06 0
-3.88701e-06 1.74314e-06 0
-3.65954e-06 1.99472e-06 0
-3.89458e-06 1.63895e-06 0
-3.40702e-06 2.31931e-06 0
-3.65954e-06 1.99472e-06 0
-3.32896e-06 2.14817e-06 0
-3.59615e-06 1.83307e-06 0
-3.65954e-06 1.99472e-06 0
-3.89458e-06 1.63895e-06 0
-3.59615e-06 1.83307e-06 0
-3.84767e-06 1.48805e-06 0
-3.32896e-06 2.14817e-06 0
-3.59615e-06 1.83307e-06 0
-3.2056e-06 1.9319e-06 0
-3.48483e-06 1.62755e-06 0
-3.59615e-06 1.83307e-06 0
-3.84767e-06 1.48805e-06 0
-3.48483e-06 1.62755e-06 0
-3.75028e-06 1.2954e-06 0
-3.2056e-06 1.9319e-06 0
-3.48483e-06 1.62755e-06 0
-3.04192e-06 1.67679e-06 0
-3.33005e-06 1.38455e-06 0
-3.48483e-06 1.62755e-06 0
-3.75028e-06 1.2954e-06 0
-3.33005e-06 1.38455e-06 0
-3.60638e-06 1.06733e-06 0
-3.04192e-06 1.67679e-06 0
-3.33005e-06 1.38455e-06 0
-2.84303e-06 1.3902e-06 0
-3.13653e-06 1.11156e-06 0
-3.33005e-06 1.38455e-06 0
-3.60638e-06 1.06733e-06 0
-3.13653e-06 1.11156e-06 0
-3.42029e-06 8.11344e-07 0
-2.84303e-06 1.3902e-06 0
-3.13653e-06 1.11156e-06 0
-2.6143e-06 1.08033e-06 0
-2.90936e-06 8.16953e-07 0
-3.13653e-06 1.11156e-06 0
-3.42029e-06 8.11344e-07 0
-2.90936e-06 8.16953e-07 0
-3.19675e-06 5.35822e-07 0
-2.6143e-06 1.08033e-06 0
-2.90936e-06 8.16953e-07 0
-2.36126e-06 7.55941e-07 0
-2.65387e-06 5.09679e-07 0
-2.90936e-06 8.16953e-07 0
-3.19675e-06 5.35822e-07 0
-2.65387e-06 5.09679e-07 0
-2.9409e-06 2.49727e-07 0
-2.36126e-06 7.55941e-07 0
-2.65387e-06 5.09679e-07 0
-2.08955e-06 4.2611e-07 0
-2.37566e-06 1.98958e-07 0
-2.65387e-06 5.09679e-07 0
-2.9409e-06 2.49727e-07 0
-2.37566e-06 1.98958e-07 0
-2.65823e-06 -3.77061e-08 0
-2.08955e-06 4.2611e-07 0
-2.37566e-06 1.98958e-07 0
-1.8048e-06 9.99186e-08 0
-2.08044e-06 -1.05999e-07 0
-2.37566e-06 1.98958e-07 0
-2.65823e-06 -3.77061e-08 0
-2.08044e-06 -1.05999e-07 0
-2.35453e-06 -3.17273e-07 0
-1.8048e-06 9.99186e-08 0
-2.08044e-06 -1.05999e-07 0
-1.51258e-06 -2.13802e-07 0
-1.77401e-06 -3.96282e-07 0
-2.08044e-06 -1.05999e-07 0
-2.35453e-06 -3.17273e-07 0
-1.77401e-06 -3.96282e-07 0
-2.03579e-06 -5.80101e-07 0
-1.51258e-06 -2.13802e-07 0
-1.77401e-06 -3.96282e-07 0
-1.21829e-06 -5.06719e-07 0
-1.46218e-06 -6.63539e-07 0
-1.77401e-06 -3.96282e-07 0
-2.03579e-06 -5.80101e-07 0
-1.46218e-06 -6.63539e-07 0
-1.70819e-06 -8.17924e-07 0
-1.21829e-06 -5.06719e-07 0
-1.46218e-06 -6.63539e-07 0
-9.27126e-07 -7.71206e-07 0
-1.15068e-06 -9.00198e-07 0
-1.46218e-06 -6.63539e-07 0
-1.70819e-06 -8.17924e-07 0
-1.15068e-06 -9.00198e-07 0
-1.37798e-06 -1.02331e-06 0
-9.27126e-07 -7.71206e-07 0
-1.15068e-06 -9.00198e-07 0
-6.43891e-07 -1.00052e-06 0
-8.44995e-07 -1.09965e-06 0
-1.15068e-06 -9.00198e-07 0
-1.37798e-06 -1.02331e-06 0
-8.44995e-07 -1.09965e-06 0
-1.05133e-06 -1.18987e-06 0
-6.43891e-07 -1.00052e-06 0
-8.44995e-07 -1.09965e-06 0
-3.72756e-07 -1.18899e-06 0
-5.50042e-07 -1.25639e-06 0
-8.44995e-07 -1.09965e-06 0
-1.05133e-06 -1.18987e-06 0
-5.50042e-07 -1.25639e-06 0
-7.33931e-07 -1.31235e-06 0
-3.72756e-07 -1.18899e-06 0
-5.50042e-07 -1.25639e-06 0
-1.17051e-07 -1.33219e-06 0
-2.69789e-07 -1.3662e-06 0
-5.50042e-07 -1.25639e-06 0
-7.33931e-07 -1.31235e-06 0
-2.69789e-07 -1.3662e-06 0
-4.30502e-07 -1.38684e-06 0
-1.17051e-07 -1.33219e-06 0
-2.69789e-07 -1.3662e-06 0
1.20715e-07 -1.42729e-06 0
-7.00781e-09 -1.42642e-06 0
-2.69789e-07 -1.3662e-06 0
-4.30502e-07 -1.38684e-06 0
-7.00781e-09 -1.42642e-06 0
-1.44238e-07 -1.41098e-06 0
1.20715e-07 -1.42729e-06 0
-7.00781e-09 -1.42642e-06 0
3.38095e-07 -1.47347e-06 0
2.3627e-07 -1.43643e-06 0
-7.00781e-09 -1.42642e-06 0
-1.44238e-07 -1.41098e-06 0
2.3627e-07 -1.43643e-06 0
1.23095e-07 -1.38442e-06 0
3.38095e-07 -1.47347e-06 0
2.3627e-07 -1.43643e-06 0
5.3062e-07 -1.47216e-06 0
4.56747e-07 -1.39813e-06 0
2.3627e-07 -1.43643e-06 0
1.23095e-07 -1.38442e-06 0
4.56747e-07 -1.39813e-06 0
3.69377e-07 -1.30956e-06 0
5.3062e-07 -1.47216e-06 0
4.56747e-07 -1.39813e-06 0
6.88198e-07 -1.4264e-06 0
6.45701e-07 -1.31581e-06 0
4.56747e-07 -1.39813e-06 0
3.69377e-07 -1.30956e-06 0
6.45701e-07 -1.31581e-06 0
5.87587e-07 -1.1919e-06 0
6.88198e-07 -1.4264e-06 0
6.45701e-07 -1.31581e-06 0
7.91028e-07 -1.33866e-06 0
7.83372e-07 -1.19481e-06 0
6.45701e-07 -1.31581e-06 0
5.87587e-07 -1.1919e-06 0
7.83372e-07 -1.19481e-06 0
7.58733e-07 -1.03941e-06 0
7.91028e-07 -1.33866e-06 0
7.83372e-07 -1.19481e-06 0
8.08127e-07 -1.20186e-06 0
8.35154e-07 -1.03478e-06 0
7.83372e-07 -1.19481e-06 0
7.58733e-07 -1.03941e-06 0
8.35154e-07 -1.03478e-06 0
8.45554e-07 -8.58192e-07 0
8.08127e-07 -1.20186e-06 0
8.35154e-07 -1.03478e-06 0
7.02672e-07 -9.9405e-07 0
7.54664e-07 -8.24434e-07 0
8.35154e-07 -1.03478e-06 0
8.45554e-07 -8.58192e-07 0
7.54664e-07 -8.24434e-07 0
7.93015e-07 -6.47365e-07 0
7.02672e-07 -9.9405e-07 0
7.54664e-07 -8.24434e-07 0
4.44944e-07 -6.23442e-07 0
4.95444e-07 -5.01964e-07 0
7.54664e-07 -8.24434e-07 0
7.93015e-07 -6.47365e-07 0
4.95444e-07 -5.01964e-07 0
5.38273e-07 -3.75666e-07 0
4.44944e-07 -6.23442e-07 0
4.95444e-07 -5.01964e-07 0
0 0 0
0 0 0
4.95444e-07 -5.01964e-07 0
5.38273e-07 -3.75666e-07 0
0 0 0
0 0 0
0 0 0
0 0 0
-8.88746e-07 3.69925e-07 0
-9.10715e-07 2.15081e-07 0
0 0 0
0 0 0
-9.10715e-07 2.15081e-07 0
-9.07918e-07 5.89934e-08 0
-8.88746e-07 3.69925e-07 0
-9.10715e-07 2.15081e-07 0
-1.49413e-06 7.02964e-07 0
-1.55333e-06 4.46059e-07 0
-9.10715e-07 2.15081e-07 0
-9.07918e-07 5.89934e-08 0
-1.55333e-06 4.46059e-07 0
-1.57601e-06 1.86839e-07 0
-1.49413e-06 7.02964e-07 0
-1.55333e-06 4.46059e-07 0
-1.9936e-06 1.00281e-06 0
-2.07737e-06 6.86843e-07 0
-1.55333e-06 4.46059e-07 0
-1.57601e-06 1.86839e-07 0
-2.07737e-06 6.86843e-07 0
-2.12217e-06 3.66232e-07 0
-1.9936e-06 1.00281e-06 0
-2.07737e-06 6.86843e-07 0
-2.44913e-06 1.26656e-06 0
-2.54451e-06 9.13181e-07 0
-2.07737e-06 6.86843e-07 0
-2.12217e-06 3.66232e-07 0
-2.54451e-06 9.13181e-07 0
-2.60224e-06 5.51968e-07 0
-2.44913e-06 1.26656e-06 0
-2.54451e-06 9.13181e-07 0
-2.86091e-06 1.48099e-06 0
-2.96402e-06 1.10519e-06 0
-2.54451e-06 9.13181e-07 0
-2.60224e-06 5.51968e-07 0
-2.96402e-06 1.10519e-06 0
-3.0311e-06 7.18253e-07 0
-2.86091e-06 1.48099e-06 0
-2.96402e-06 1.10519e-06 0
-3.21114e-06 1.64151e-06 0
-3.32494e-06 1.25254e-06 0
-2.96402e-06 1.10519e-06 0
-3.0311e-06 7.18253e-07 0
-3.32494e-06 1.25254e-06 0
-3.40355e-06 8.49484e-07 0
-3.21114e-06 1.64151e-06 0
-3.32494e-06 1.25254e-06 0
-3.48787e-06 1.74727e-06 0
-3.61718e-06 1.35146e-06 0
-3.32494e-06 1.25254e-06 0
-3.40355e-06 8.49484e-07 0
-3.61718e-06 1.35146e-06 0
-3.71161e-06 9.39154e-07 0
-3.48787e-06 1.74727e-06 0
-3.61718e-06 1.35146e-06 0
-3.68947e-06 1.7989e-06 0
-3.8379e-06 1.40102e-06 0
-3.61718e-06 1.35146e-06 0
-3.71161e-06 9.39154e-07 0
-3.8379e-06 1.40102e-06 0
-3.95169e-06 9.84824e-07 0
-3.68947e-06 1.7989e-06 0
-3.8379e-06 1.40102e-06 0
-3.82047e-06 1.79715e-06 0
-3.98969e-06 1.40123e-06 0
-3.8379e-06 1.40102e-06 0
-3.95169e-06 9.84824e-07 0
-3.98969e-06 1.40123e-06 0
-4.12465e-06 9.85866e-07 0
-3.82047e-06 1.79715e-06 0
-3.98969e-06 1.40123e-06 0
-3.88701e-06 1.74314e-06 0
-4.07705e-06 1.35281e-06 0
-3.98969e-06 1.40123e-06 0
-4.12465e-06 9.85866e-07 0
-4.07705e-06 1.35281e-06 0
-4.23338e-06 9.42689e-07 0
-3.88701e-06 1.74314e-06 0
-4.07705e-06 1.35281e-06 0
-3.89458e-06 1.63895e-06 0
-4.10435e-06 1.25757e-06 0
-4.07705e-06 1.35281e-06 0
-4.23338e-06 9.42689e-07 0
-4.10435e-06 1.25757e-06 0
-4.28117e-06 8.56872e-07 0
-3.89458e-06 1.63895e-06 0
-4.10435e-06 1.25757e-06 0
-3.84767e-06 1.48805e-06 0
-4.07534e-06 1.11874e-06 0
-4.10435e-06 1.25757e-06 0
-4.28117e-06 8.56872e-07 0
-4.07534e-06 1.11874e-06 0
-4.27101e-06 7.3141e-07 0
-3.84767e-06 1.48805e-06 0
-4.07534e-06 1.11874e-06 0
-3.75028e-06 1.2954e-06 0
-3.99343e-06 9.41082e-07 0
-4.07534e-06 1.11874e-06 0
-4.27101e-06 7.3141e-07 0
-3.99343e-06 9.41082e-07 0
-4.20574e-06 5.70799e-07 0
-3.75028e-06 1.2954e-06 0
-3.99343e-06 9.41082e-07 0
-3.60638e-06 1.06733e-06 0
-3.86212e-06 7.30768e-07 0
-3.99343e-06 9.41082e-07 0
-4.20574e-06 5.70799e-07 0
-3.86212e-06 7.30768e-07 0
-4.08841e-06 3.80934e-07 0
-3.60638e-06 1.06733e-06 0
-3.86212e-06 7.30768e-07 0
-3.42029e-06 8.11344e-07 0
-3.68531e-06 4.95146e-07 0
-3.86212e-06 7.30768e-07 0
-4.08841e-06 3.80934e-07 0
-3.68531e-06 4.95146e-07 0
-3.9225e-06 1.68889e-07 0
-3.42029e-06 8.11344e-07 0
-3.68531e-06 4.95146e-07 0
-3.19675e-06 5.35822e-07 0
-3.46739e-06 2.42463e-07 0
-3.68531e-06 4.95146e-07 0
-3.9225e-06 1.68889e-07 0
-3.46739e-06 2.42463e-07 0
-3.71208e-06 -5.73691e-08 0
-3.19675e-06 5.35822e-07 0
-3.46739e-06 2.42463e-07 0
-2.9409e-06 2.49727e-07 0
-3.21328e-06 -1.84511e-08 0
-3.46739e-06 2.42463e-07 0
-3.71208e-06 -5.73691e-08 0
-3.21328e-06 -1.84511e-08 0
-3.46185e-06 -2.89283e-07 0
-2.9409e-06 2.49727e-07 0
-3.21328e-06 -1.84511e-08 0
-2.65823e-06 -3.77061e-08 0
-2.92838e-06 -2.78493e-07 0
-3.21328e-06 -1.84511e-08 0
-3.46185e-06 -2.89283e-07 0
-2.92838e-06 -2.78493e-07 0
-3.17709e-06 -5.18027e-07 0
-2.65823e-06 -3.77061e-08 0
-2.92838e-06 -2.78493e-07 0
-2.35453e-06 -3.17273e-07 0
-2.61849e-06 -5.28601e-07 0
-2.92838e-06 -2.78493e-07 0
-3.17709e-06 -5.18027e-07 0
-2.61849e-06 -5.28601e-07 0
-2.8636e-06 -7.34819e-07 0
-2.35453e-06 -3.17273e-07 0
-2.61849e-06 -5.28601e-07 0
-2.03579e-06 -5.80101e-07 0
-2.28978e-06 -7.60067e-07 0
-2.61849e-06 -5.28601e-07 0
-2.8636e-06 -7.34819e-07 0
-2.28978e-06 -7.60067e-07 0
-2.52773e-06 -9.31235e-07 0
-2.03579e-06 -5.80101e-07 0
-2.28978e-06 -7.60067e-07 0
-1.70819e-06 -8.17924e-07 0
-1.94877e-06 -9.64812e-07 0
-2.28978e-06 -7.60067e-07 0
-2.52773e-06 -9.31235e-07 0
-1.94877e-06 -9.64812e-07 0
-2.17626e-06 -1.0995e-06 0
-1.70819e-06 -8.17924e-07 0
-1.94877e-06 -9.64812e-07 0
-1.37798e-06 -1.02331e-06 0
-1.60219e-06 -1.13564e-06 0
-1.94877e-06 -9.64812e-07 0
-2.17626e-06 -1.0995e-06 0
-1.60219e-06 -1.13564e-06 0
-1.81637e-06 -1.23274e-06 0
-1.37798e-06 -1.02331e-06 0
-1.60219e-06 -1.13564e-06 0
-1.05133e-06 -1.18987e-06 0
-1.25685e-06 -1.26645e-06 0
-1.60219e-06 -1.13564e-06 0
-1.81637e-06 -1.23274e-06 0
-1.25685e-06 -1.26645e-06 0
-1.45544e-06 -1.3252e-06 0
-1.05133e-06 -1.18987e-06 0
-1.25685e-06 -1.26645e-06 0
-7.33931e-07 -1.31235e-06 0
-9.19223e-07 -1.35232e-06 0
-1.25685e-06 -1.26645e-06 0
-1.45544e-06 -1.3252e-06 0
-9.19223e-07 -1.35232e-06 0
-1.10066e-06 -1.37238e-06 0
-7.33931e-07 -1.31235e-06 0
-9.19223e-07 -1.35232e-06 0
-4.30502e-07 -1.38684e-06 0
-5.94798e-07 -1.38973e-06 0
-9.19223e-07 -1.35232e-06 0
-1.10066e-06 -1.37238e-06 0
-5.94798e-07 -1.38973e-06 0
-7.58267e-07 -1.3712e-06 0
-4.30502e-07 -1.38684e-06 0
-5.94798e-07 -1.38973e-06 0
-1.44238e-07 -1.41098e-06 0
-2.87298e-07 -1.37672e-06 0
-5.94798e-07 -1.38973e-06 0
-7.58267e-07 -1.3712e-06 0
-2.87298e-07 -1.37672e-06 0
-4.32528e-07 -1.32021e-06 0
-1.44238e-07 -1.41098e-06 0
-2.87298e-07 -1.37672e-06 0
1.23095e-07 -1.38442e-06 0
1.65138e-09 -1.31339e-06 0
-2.87298e-07 -1.37672e-06 0
-4.32528e-07 -1.32021e-06 0
1.65138e-09 -1.31339e-06 0
-1.24982e-07 -1.22012e-06 0
1.23095e-07 -1.38442e-06 0
1.65138e-09 -1.31339e-06 0
3.69377e-07 -1.30956e-06 0
2.71082e-07 -1.20271e-06 0
1.65138e-09 -1.31339e-06 0
-1.24982e-07 -1.22012e-06 0
2.71082e-07 -1.20271e-06 0
1.64532e-07 -1.07463e-06 0
3.69377e-07 -1.30956e-06 0
2.71082e-07 -1.20271e-06 0
5.87587e-07 -1.1919e-06 0
5.15906e-07 -1.05141e-06 0
2.71082e-07 -1.20271e-06 0
1.64532e-07 -1.07463e-06 0
5.15906e-07 -1.05141e-06 0
4.33021e-07 -8.91769e-07 0
5.87587e-07 -1.1919e-06 0
5.15906e-07 -1.05141e-06 0
7.58733e-07 -1.03941e-06 0
7.18484e-07 -8.69962e-07 0
5.15906e-07 -1.05141e-06 0
4.33021e-07 -8.91769e-07 0
7.18484e-07 -8.69962e-07 0
6.64631e-07 -6.84507e-07 0
7.58733e-07 -1.03941e-06 0
7.18484e-07 -8.69962e-07 0
8.45554e-07 -8.58192e-07 0
8.39753e-07 -6.70629e-07 0
7.18484e-07 -8.69962e-07 0
6.64631e-07 -6.84507e-07 0
8.39753e-07 -6.70629e-07 0
8.19157e-07 -4.71002e-07 0
8.45554e-07 -8.58192e-07 0
8.39753e-07 -6.70629e-07 0
7.93015e-07 -6.47365e-07 0
8.17001e-07 -4.62566e-07 0
8.39753e-07 -6.70629e-07 0
8.19157e-07 -4.71002e-07 0
8.17001e-07 -4.62566e-07 0
8.2705e-07 -2.69943e-07 0
7.93015e-07 -6.47365e-07 0
8.17001e-07 -4.62566e-07 0
5.38273e-07 -3.75666e-07 0
5.71987e-07 -2.4499e-07 0
8.17001e-07 -4.62566e-07 0
8.2705e-07 -2.69943e-07 0
5.71987e-07 -2.4499e-07 0
5.96007e-07 -1.10461e-07 0
5.38273e-07 -3.75666e-07 0
5.71987e-07 -2.4499e-07 0
0 0 0
0 0 0
5.71987e-07 -2.4499e-07 0
5.96007e-07 -1.10461e-07 0
0 0 0
0 0 0
0 0 0
0 0 0
-9.07918e-07 5.89934e-08 0
-8.82437e-07 -9.67379e-08 0
0 0 0
0 0 0
-8.82437e-07 -9.67379e-08 0
-8.36889e-07 -2.50487e-07 0
-9.07918e-07 5.89934e-08 0
-8.82437e-07 -9.67379e-08 0
-1.57601e-06 1.86839e-07 0
-1.5632e-06 -7.16655e-08 0
-8.82437e-07 -9.67379e-08 0
-8.36889e-07 -2.50487e-07 0
-1.5632e-06 -7.16655e-08 0
-1.51677e-06 -3.26333e-07 0
-1.57601e-06 1.86839e-07 0
-1.5632e-06 -7.16655e-08 0
-2.12217e-06 3.66232e-07 0
-2.12728e-06 4.51117e-08 0
-1.5632e-06 -7.16655e-08 0
-1.51677e-06 -3.26333e-07 0
-2.12728e-06 4.51117e-08 0
-2.09283e-06 -2.72155e-07 0
-2.12217e-06 3.66232e-07 0
-2.12728e-06 4.51117e-08 0
-2.60224e-06 5.51968e-07 0
-2.62031e-06 1.87829e-07 0
-2.12728e-06 4.51117e-08 0
-2.09283e-06 -2.72155e-07 0
-2.62031e-06 1.87829e-07 0
-2.59731e-06 -1.73936e-07 0
-2.60224e-06 5.51968e-07 0
-2.62031e-06 1.87829e-07 0
-3.0311e-06 7.18253e-07 0
-3.05921e-06 3.256e-07 0
-2.62031e-06 1.87829e-07 0
-2.59731e-06 -1.73936e-07 0
-3.05921e-06 3.256e-07 0
-3.04601e-06 -6.68313e-08 0
-3.0311e-06 7.18253e-07 0
-3.05921e-06 3.256e-07 0
-3.40355e-06 8.49484e-07 0
-3.44329e-06 4.38167e-07 0
-3.05921e-06 3.256e-07 0
-3.04601e-06 -6.68313e-08 0
-3.44329e-06 4.38167e-07 0
-3.44108e-06 2.49834e-08 0
-3.40355e-06 8.49484e-07 0
-3.44329e-06 4.38167e-07 0
-3.71161e-06 9.39154e-07 0
-3.76671e-06 5.16526e-07 0
-3.44329e-06 4.38167e-07 0
-3.44108e-06 2.49834e-08 0
-3.76671e-06 5.16526e-07 0
-3.77865e-06 9.03626e-08 0
-3.71161e-06 9.39154e-07 0
-3.76671e-06 5.16526e-07 0
-3.95169e-06 9.84824e-07 0
-4.02556e-06 5.56816e-07 0
-3.76671e-06 5.16526e-07 0
-3.77865e-06 9.03626e-08 0
-4.02556e-06 5.56816e-07 0
-4.0549e-06 1.24123e-07 0
-3.95169e-06 9.84824e-07 0
-4.02556e-06 5.56816e-07 0
-4.12465e-06 9.85866e-07 0
-4.21926e-06 5.57815e-07 0
-4.02556e-06 5.56816e-07 0
-4.0549e-06 1.24123e-07 0
-4.21926e-06 5.57815e-07 0
-4.26814e-06 1.24467e-07 0
-4.12465e-06 9.85866e-07 0
-4.21926e-06 5.57815e-07 0
-4.23338e-06 9.42689e-07 0
-4.34925e-06 5.19679e-07 0
-4.21926e-06 5.57815e-07 0
-4.26814e-06 1.24467e-07 0
-4.34925e-06 5.19679e-07 0
-4.4185e-06 9.13159e-08 0
-4.23338e-06 9.42689e-07 0
-4.34925e-06 5.19679e-07 0
-4.28117e-06 8.56872e-07 0
-4.41768e-06 4.43801e-07 0
-4.34925e-06 5.19679e-07 0
-4.4185e-06 9.13159e-08 0
-4.41768e-06 4.43801e-07 0
-4.50708e-06 2.5899e-08 0
-4.28117e-06 8.56872e-07 0
-4.41768e-06 4.43801e-07 0
-4.27101e-06 7.3141e-07 0
-4.42679e-06 3.32935e-07 0
-4.41768e-06 4.43801e-07 0
-4.50708e-06 2.5899e-08 0
-4.42679e-06 3.32935e-07 0
-4.53536e-06 -6.92635e-08 0
-4.27101e-06 7.3141e-07 0
-4.42679e-06 3.32935e-07 0
-4.20574e-06 5.70799e-07 0
-4.37889e-06 1.91265e-07 0
-4.42679e-06 3.32935e-07 0
-4.53536e-06 -6.92635e-08 0
-4.37889e-06 1.91265e-07 0
-4.5051e-06 -1.90323e-07 0
-4.20574e-06 5.70799e-07 0
-4.37889e-06 1.91265e-07 0
-4.08841e-06 3.80934e-07 0
-4.27658e-06 2.43281e-08 0
-4.37889e-06 1.91265e-07 0
-4.5051e-06 -1.90323e-07 0
-4.27658e-06 2.43281e-08 0
-4.41851e-06 -3.32167e-07 0
-4.08841e-06 3.80934e-07 0
-4.27658e-06 2.43281e-08 0
-3.9225e-06 1.68889e-07 0
-4.12297e-06 -1.61193e-07 0
-4.27658e-06 2.43281e-08 0
-4.41851e-06 -3.32167e-07 0
-4.12297e-06 -1.61193e-07 0
-4.27835e-06 -4.8859e-07 0
-3.9225e-06 1.68889e-07 0
-4.12297e-06 -1.61193e-07 0
-3.71208e-06 -5.73691e-08 0
-3.92183e-06 -3.57732e-07 0
-4.12297e-06 -1.61193e-07 0
-4.27835e-06 -4.8859e-07 0
-3.92183e-06 -3.57732e-07 0
-4.08812e-06 -6.52539e-07 0
-3.71208e-06 -5.73691e-08 0
-3.92183e-06 -3.57732e-07 0
-3.46185e-06 -2.89283e-07 0
-3.67762e-06 -5.57144e-07 0
-3.92183e-06 -3.57732e-07 0
-4.08812e-06 -6.52539e-07 0
-3.67762e-06 -5.57144e-07 0
-3.85209e-06 -8.16399e-07 0
-3.46185e-06 -2.89283e-07 0
-3.67762e-06 -5.57144e-07 0
-3.17709e-06 -5.18027e-07 0
-3.39552e-06 -7.51013e-07 0
-3.67762e-06 -5.57144e-07 0
-3.85209e-06 -8.16399e-07 0
-3.39552e-06 -7.51013e-07 0
-3.57533e-06 -9.72288e-07 0
-3.17709e-06 -5.18027e-07 0
-3.39552e-06 -7.51013e-07 0
-2.8636e-06 -7.34819e-07 0
-3.08134e-06 -9.3097e-07 0
-3.39552e-06 -7.51013e-07 0
-3.57533e-06 -9.72288e-07 0
-3.08134e-06 -9.3097e-07 0
-3.26364e-06 -1.11237e-06 0
-2.8636e-06 -7.34819e-07 0
-3.08134e-06 -9.3097e-07 0
-2.52773e-06 -9.31235e-07 0
-2.74154e-06 -1.089e-06 0
-3.08134e-06 -9.3097e-07 0
-3.26364e-06 -1.11237e-06 0
-2.74154e-06 -1.089e-06 0
-2.92355e-06 -1.22914e-06 0
-2.52773e-06 -9.31235e-07 0
-2.74154e-06 -1.089e-06 0
-2.17626e-06 -1.0995e-06 0
-2.38314e-06 -1.21772e-06 0
-2.74154e-06 -1.089e-06 0
-2.92355e-06 -1.22914e-06 0
-2.38314e-06 -1.21772e-06 0
-2.56229e-06 -1.31573e-06 0
-2.17626e-06 -1.0995e-06 0
-2.38314e-06 -1.21772e-06 0
-1.81637e-06 -1.23274e-06 0
-2.01369e-06 -1.31069e-06 0
-2.38314e-06 -1.21772e-06 0
-2.56229e-06 -1.31573e-06 0
-2.01369e-06 -1.31069e-06 0
-2.1877e-06 -1.36617e-06 0
-1.81637e-06 -1.23274e-06 0
-2.01369e-06 -1.31069e-06 0
-1.45544e-06 -1.3252e-06 0
-1.64107e-06 -1.36255e-06 0
-2.01369e-06 -1.31069e-06 0
-2.1877e-06 -1.36617e-06 0
-1.64107e-06 -1.36255e-06 0
-1.80805e-06 -1.3756e-06 0
-1.45544e-06 -1.3252e-06 0
-1.64107e-06 -1.36255e-06 0
-1.10066e-06 -1.37238e-06 0
-1.27308e-06 -1.36927e-06 0
-1.64107e-06 -1.36255e-06 0
-1.80805e-06 -1.3756e-06 0
-1.27308e-06 -1.36927e-06 0
-1.43162e-06 -1.34048e-06 0
-1.10066e-06 -1.37238e-06 0
-1.27308e-06 -1.36927e-06 0
-7.58267e-07 -1.3712e-06 0
-9.16607e-07 -1.3283e-06 0
-1.27308e-06 -1.36927e-06 0
-1.43162e-06 -1.34048e-06 0
-9.16607e-07 -1.3283e-06 0
-1.06578e-06 -1.25885e-06 0
-7.58267e-07 -1.3712e-06 0
-9.16607e-07 -1.3283e-06 0
-4.32528e-07 -1.32021e-06 0
-5.76377e-07 -1.2388e-06 0
-9.16607e-07 -1.3283e-06 0
-1.06578e-06 -1.25885e-06 0
-5.76377e-07 -1.2388e-06 0
-7.15513e-07 -1.13056e-06 0
-4.32528e-07 -1.32021e-06 0
-5.76377e-07 -1.2388e-06 0
-1.24982e-07 -1.22012e-06 0
-2.53809e-07 -1.10219e-06 0
-5.76377e-07 -1.2388e-06 0
-7.15513e-07 -1.13056e-06 0
-2.53809e-07 -1.10219e-06 0
-3.81992e-07 -9.57961e-07 0
-1.24982e-07 -1.22012e-06 0
-2.53809e-07 -1.10219e-06 0
1.64532e-07 -1.07463e-06 0
5.24099e-08 -9.23145e-07 0
-2.53809e-07 -1.10219e-06 0
-3.81992e-07 -9.57961e-07 0
5.24099e-08 -9.23145e-07 0
-6.26509e-08 -7.46854e-07 0
1.64532e-07 -1.07463e-06 0
5.24099e-08 -9.23145e-07 0
4.33021e-07 -8.91769e-07 0
3.41498e-07 -7.11149e-07 0
5.24099e-08 -9.23145e-07 0
-6.26509e-08 -7.46854e-07 0
3.41498e-07 -7.11149e-07 0
2.44037e-07 -5.08419e-07 0
4.33021e-07 -8.91769e-07 0
3.41498e-07 -7.11149e-07 0
6.64631e-07 -6.84507e-07 0
5.9968e-07 -4.81688e-07 0
3.41498e-07 -7.11149e-07 0
2.44037e-07 -5.08419e-07 0
5.9968e-07 -4.81688e-07 0
5.26541e-07 -2.60755e-07 0
6.64631e-07 -6.84507e-07 0
5.9968e-07 -4.81688e-07 0
8.19157e-07 -4.71002e-07 0
7.86022e-07 -2.58624e-07 0
5.9968e-07 -4.81688e-07 0
5.26541e-07 -2.60755e-07 0
7.86022e-07 -2.58624e-07 0
7.43351e-07 -3.32579e-08 0
8.19157e-07 -4.71002e-07 0
7.86022e-07 -2.58624e-07 0
8.2705e-07 -2.69943e-07 0
8.24689e-07 -6.96242e-08 0
7.86022e-07 -2.58624e-07 0
7.43351e-07 -3.32579e-08 0
8.24689e-07 -6.96242e-08 0
8.12482e-07 1.38008e-07 0
8.2705e-07 -2.69943e-07 0
8.24689e-07 -6.96242e-08 0
5.96007e-07 -1.10461e-07 0
6.10675e-07 2.73036e-08 0
8.24689e-07 -6.96242e-08 0
8.12482e-07 1.38008e-07 0
6.10675e-07 2.73036e-08 0
6.1728e-07 1.67578e-07 0
5.96007e-07 -1.10461e-07 0
6.10675e-07 2.73036e-08 0
0 0 0
0 0 0
6.10675e-07 2.73036e-08 0
6.1728e-07 1.67578e-07 0
0 0 0
0 0 0
0 0 0
0 0 0
-8.36889e-07 -2.50487e-07 0
-7.74367e-07 -4.00642e-07 0
0 0 0
0 0 0
-7.74367e-07 -4.00642e-07 0
-6.98332e-07 -5.45657e-07 0
-8.36889e-07 -2.50487e-07 0
-7.74367e-07 -4.00642e-07 0
-1.51677e-06 -3.26333e-07 0
-1.43945e-06 -5.74049e-07 0
-7.74367e-07 -4.00642e-07 0
-6.98332e-07 -5.45657e-07 0
-1.43945e-06 -5.74049e-07 0
-1.33484e-06 -8.11833e-07 0
-1.51677e-06 -3.26333e-07 0
-1.43945e-06 -5.74049e-07 0
-2.09283e-06 -2.72155e-07 0
-2.01982e-06 -5.811e-07 0
-1.43945e-06 -5.74049e-07 0
-1.33484e-06 -8.11833e-07 0
-2.01982e-06 -5.811e-07 0
-1.91032e-06 -8.77339e-07 0
-2.09283e-06 -2.72155e-07 0
-2.01982e-06 -5.811e-07 0
-2.59731e-06 -1.73936e-07 0
-2.53266e-06 -5.27754e-07 0
-2.01982e-06 -5.811e-07 0
-1.91032e-06 -8.77339e-07 0
-2.53266e-06 -5.27754e-07 0
-2.42668e-06 -8.67981e-07 0
-2.59731e-06 -1.73936e-07 0
-2.53266e-06 -5.27754e-07 0
-3.04601e-06 -6.68313e-08 0
-2.9898e-06 -4.52684e-07 0
-2.53266e-06 -5.27754e-07 0
-2.42668e-06 -8.67981e-07 0
-2.9898e-06 -4.52684e-07 0
-2.88967e-06 -8.2536e-07 0
-3.04601e-06 -6.68313e-08 0
-2.9898e-06 -4.52684e-07 0
-3.44108e-06 2.49834e-08 0
-3.39447e-06 -3.83169e-07 0
-2.9898e-06 -4.52684e-07 0
-2.88967e-06 -8.2536e-07 0
-3.39447e-06 -3.83169e-07 0
-3.30179e-06 -7.79032e-07 0
-3.44108e-06 2.49834e-08 0
-3.39447e-06 -3.83169e-07 0
-3.77865e-06 9.03626e-08 0
-3.74434e-06 -3.32028e-07 0
-3.39447e-06 -3.83169e-07 0
-3.30179e-06 -7.79032e-07 0
-3.74434e-06 -3.32028e-07 0
-3.66151e-06 -7.42926e-07 0
-3.77865e-06 9.03626e-08 0
-3.74434e-06 -3.32028e-07 0
-4.0549e-06 1.24123e-07 0
-4.0359e-06 -3.05607e-07 0
-3.74434e-06 -3.32028e-07 0
-3.66151e-06 -7.42926e-07 0
-4.0359e-06 -3.05607e-07 0
-3.96568e-06 -7.2431e-07 0
-4.0549e-06 1.24123e-07 0
-4.0359e-06 -3.05607e-07 0
-4.26814e-06 1.24467e-07 0
-4.26672e-06 -3.06271e-07 0
-4.0359e-06 -3.05607e-07 0
-3.96568e-06 -7.2431e-07 0
-4.26672e-06 -3.06271e-07 0
-4.21145e-06 -7.26089e-07 0
-4.26814e-06 1.24467e-07 0
-4.26672e-06 -3.06271e-07 0
-4.4185e-06 9.13159e-08 0
-4.43585e-06 -3.34354e-07 0
-4.26672e-06 -3.06271e-07 0
-4.21145e-06 -7.26089e-07 0
-4.43585e-06 -3.34354e-07 0
-4.39707e-06 -7.48886e-07 0
-4.4185e-06 9.13159e-08 0
-4.43585e-06 -3.34354e-07 0
-4.50708e-06 2.5899e-08 0
-4.54342e-06 -3.88789e-07 0
-4.43585e-06 -3.34354e-07 0
-4.39707e-06 -7.48886e-07 0
-4.54342e-06 -3.88789e-07 0
-4.52181e-06 -7.91833e-07 0
-4.50708e-06 2.5899e-08 0
-4.54342e-06 -3.88789e-07 0
-4.53536e-06 -6.92635e-08 0
-4.59018e-06 -4.67289e-07 0
-4.54342e-06 -3.88789e-07 0
-4.52181e-06 -7.91833e-07 0
-4.59018e-06 -4.67289e-07 0
-4.5858e-06 -8.52884e-07 0
-4.53536e-06 -6.92635e-08 0
-4.59018e-06 -4.67289e-07 0
-4.5051e-06 -1.90323e-07 0
-4.57738e-06 -5.66354e-07 0
-4.59018e-06 -4.67289e-07 0
-4.5858e-06 -8.52884e-07 0
-4.57738e-06 -5.66354e-07 0
-4.5898e-06 -9.28899e-07 0
-4.5051e-06 -1.90323e-07 0
-4.57738e-06 -5.66354e-07 0
-4.41851e-06 -3.32167e-07 0
-4.50684e-06 -6.81334e-07 0
-4.57738e-06 -5.66354e-07 0
-4.5898e-06 -9.28899e-07 0
-4.50684e-06 -6.81334e-07 0
-4.5353e-06 -1.01571e-06 0
-4.41851e-06 -3.32167e-07 0
-4.50684e-06 -6.81334e-07 0
-4.27835e-06 -4.8859e-07 0
-4.38104e-06 -8.06568e-07 0
-4.50684e-06 -6.81334e-07 0
-4.5353e-06 -1.01571e-06 0
-4.38104e-06 -8.06568e-07 0
-4.42453e-06 -1.10823e-06 0
-4.27835e-06 -4.8859e-07 0
-4.38104e-06 -8.06568e-07 0
-4.08812e-06 -6.52539e-07 0
-4.20325e-06 -9.35602e-07 0
-4.38104e-06 -8.06568e-07 0
-4.42453e-06 -1.10823e-06 0
-4.20325e-06 -9.35602e-07 0
-4.26056e-06 -1.20067e-06 0
-4.08812e-06 -6.52539e-07 0
-4.20325e-06 -9.35602e-07 0
-3.85209e-06 -8.16399e-07 0
-3.97756e-06 -1.06144e-06 0
-4.20325e-06 -9.35602e-07 0
-4.26056e-06 -1.20067e-06 0
-3.97756e-06 -1.06144e-06 0
-4.04735e-06 -1.28674e-06 0
-3.85209e-06 -8.16399e-07 0
-3.97756e-06 -1.06144e-06 0
-3.57533e-06 -9.72288e-07 0
-3.70894e-06 -1.17685e-06 0
-3.97756e-06 -1.06144e-06 0
-4.04735e-06 -1.28674e-06 0
-3.70894e-06 -1.17685e-06 0
-3.78977e-06 -1.35991e-06 0
-3.57533e-06 -9.72288e-07 0
-3.70894e-06 -1.17685e-06 0
-3.26364e-06 -1.11237e-06 0
-3.40316e-06 -1.27463e-06 0
-3.70894e-06 -1.17685e-06 0
-3.78977e-06 -1.35991e-06 0
-3.40316e-06 -1.27463e-06 0
-3.49355e-06 -1.41368e-06 0
-3.26364e-06 -1.11237e-06 0
-3.40316e-06 -1.27463e-06 0
-2.92355e-06 -1.22914e-06 0
-3.06682e-06 -1.34787e-06 0
-3.40316e-06 -1.27463e-06 0
-3.49355e-06 -1.41368e-06 0
-3.06682e-06 -1.34787e-06 0
-3.1653e-06 -1.44185e-06 0
-2.92355e-06 -1.22914e-06 0
-3.06682e-06 -1.34787e-06 0
-2.56229e-06 -1.31573e-06 0
-2.70727e-06 -1.39031e-06 0
-3.06682e-06 -1.34787e-06 0
-3.1653e-06 -1.44185e-06 0
-2.70727e-06 -1.39031e-06 0
-2.81248e-06 -1.43877e-06 0
-2.56229e-06 -1.31573e-06 0
-2.70727e-06 -1.39031e-06 0
-2.1877e-06 -1.36617e-06 0
-2.33256e-06 -1.39651e-06 0
-2.70727e-06 -1.39031e-06 0
-2.81248e-06 -1.43877e-06 0
-2.33256e-06 -1.39651e-06 0
-2.44325e-06 -1.3996e-06 0
-2.1877e-06 -1.36617e-06 0
-2.33256e-06 -1.39651e-06 0
-1.80805e-06 -1.3756e-06 0
-1.95126e-06 -1.36213e-06 0
-2.33256e-06 -1.39651e-06 0
-2.44325e-06 -1.3996e-06 0
-1.95126e-06 -1.36213e-06 0
-2.06629e-06 -1.32058e-06 0
-1.80805e-06 -1.3756e-06 0
-1.95126e-06 -1.36213e-06 0
-1.43162e-06 -1.34048e-06 0
-1.57192e-06 -1.2842e-06 0
-1.95126e-06 -1.36213e-06 0
-2.06629e-06 -1.32058e-06 0
-1.57192e-06 -1.2842e-06 0
-1.69025e-06 -1.19931e-06 0
-1.43162e-06 -1.34048e-06 0
-1.57192e-06 -1.2842e-06 0
-1.06578e-06 -1.25885e-06 0
-1.20215e-06 -1.16138e-06 0
-1.57192e-06 -1.2842e-06 0
-1.69025e-06 -1.19931e-06 0
-1.20215e-06 -1.16138e-06 0
-1.32263e-06 -1.03517e-06 0
-1.06578e-06 -1.25885e-06 0
-1.20215e-06 -1.16138e-06 0
-7.15513e-07 -1.13056e-06 0
-8.46934e-07 -9.94356e-07 0
-1.20215e-06 -1.16138e-06 0
-1.32263e-06 -1.03517e-06 0
-8.46934e-07 -9.94356e-07 0
-9.6805e-07 -8.29788e-07 0
-7.15513e-07 -1.13056e-06 0
-8.46934e-07 -9.94356e-07 0
-3.81992e-07 -9.57961e-07 0
-5.06921e-07 -7.86536e-07 0
-8.46934e-07 -9.94356e-07 0
-9.6805e-07 -8.29788e-07 0
-5.06921e-07 -7.86536e-07 0
-6.26255e-07 -5.87825e-07 0
-3.81992e-07 -9.57961e-07 0
-5.06921e-07 -7.86536e-07 0
-6.26509e-08 -7.46854e-07 0
-1.78114e-07 -5.45115e-07 0
-5.06921e-07 -7.86536e-07 0
-6.26255e-07 -5.87825e-07 0
-1.78114e-07 -5.45115e-07 0
-2.91555e-07 -3.1811e-07 0
-6.26509e-08 -7.46854e-07 0
-1.78114e-07 -5.45115e-07 0
2.44037e-07 -5.08419e-07 0
1.43422e-07 -2.8319e-07 0
-1.78114e-07 -5.45115e-07 0
-2.91555e-07 -3.1811e-07 0
1.43422e-07 -2.8319e-07 0
4.24997e-08 -3.58864e-08 0
2.44037e-07 -5.08419e-07 0
1.43422e-07 -2.8319e-07 0
5.26541e-07 -2.60755e-07 0
4.48453e-07 -2.16048e-08 0
1.43422e-07 -2.8319e-07 0
4.24997e-08 -3.58864e-08 0
4.48453e-07 -2.16048e-08 0
3.68921e-07 2.35126e-07 0
5.26541e-07 -2.60755e-07 0
4.48453e-07 -2.16048e-08 0
7.43351e-07 -3.32579e-08 0
6.94789e-07 2.04844e-07 0
4.48453e-07 -2.16048e-08 0
3.68921e-07 2.35126e-07 0
6.94789e-07 2.04844e-07 0
6.44511e-07 4.54857e-07 0
7.43351e-07 -3.32579e-08 0
6.94789e-07 2.04844e-07 0
8.12482e-07 1.38008e-07 0
7.93944e-07 3.52282e-07 0
6.94789e-07 2.04844e-07 0
6.44511e-07 4.54857e-07 0
7.93944e-07 3.52282e-07 0
7.7343e-07 5.72186e-07 0
8.12482e-07 1.38008e-07 0
7.93944e-07 3.52282e-07 0
6.1728e-07 1.67578e-07 0
6.18056e-07 3.09523e-07 0
7.93944e-07 3.52282e-07 0
7.7343e-07 5.72186e-07 0
6.18056e-07 3.09523e-07 0
6.16147e-07 4.52178e-07 0
6.1728e-07 1.67578e-07 0
6.18056e-07 3.09523e-07 0
0 0 0
0 0 0
6.18056e-07 3.09523e-07 0
6.16147e-07 4.52178e-07 0
0 0 0
0 0 0
0 0 0
0 0 0
-6.98332e-07 -5.45657e-07 0
-6.12444e-07 -6.84114e-07 0
0 0 0
0 0 0
-6.12444e-07 -6.84114e-07 0
-5.20314e-07 -8.1479e-07 0
-6.98332e-07 -5.45657e-07 0
-6.12444e-07 -6.84114e-07 0
-1.33484e-06 -8.11833e-07 0
-1.20726e-06 -1.03701e-06 0
-6.12444e-07 -6.84114e-07 0
-5.20314e-07 -8.1479e-07 0
-1.20726e-06 -1.03701e-06 0
-1.06155e-06 -1.2474e-06 0
-1.33484e-06 -8.11833e-07 0
-1.20726e-06 -1.03701e-06 0
-1.91032e-06 -8.77339e-07 0
-1.76744e-06 -1.15683e-06 0
-1.20726e-06 -1.03701e-06 0
-1.06155e-06 -1.2474e-06 0
-1.76744e-06 -1.15683e-06 0
-1.59534e-06 -1.41626e-06 0
-1.91032e-06 -8.77339e-07 0
-1.76744e-06 -1.15683e-06 0
-2.42668e-06 -8.67981e-07 0
-2.28083e-06 -1.18921e-06 0
-1.76744e-06 -1.15683e-06 0
-1.59534e-06 -1.41626e-06 0
-2.28083e-06 -1.18921e-06 0
-2.09778e-06 -1.48671e-06 0
-2.42668e-06 -8.67981e-07 0
-2.28083e-06 -1.18921e-06 0
-2.88967e-06 -8.2536e-07 0
-2.74573e-06 -1.17831e-06 0
-2.28083e-06 -1.18921e-06 0
-2.09778e-06 -1.48671e-06 0
-2.74573e-06 -1.17831e-06 0
-2.55931e-06 -1.50547e-06 0
-2.88967e-06 -8.2536e-07 0
-2.74573e-06 -1.17831e-06 0
-3.30179e-06 -7.79032e-07 0
-3.16229e-06 -1.15522e-06 0
-2.74573e-06 -1.17831e-06 0
-2.55931e-06 -1.50547e-06 0
-3.16229e-06 -1.15522e-06 0
-2.97638e-06 -1.5046e-06 0
-3.30179e-06 -7.79032e-07 0
-3.16229e-06 -1.15522e-06 0
-3.66151e-06 -7.42926e-07 0
-3.52886e-06 -1.13437e-06 0
-3.16229e-06 -1.15522e-06 0
-2.97638e-06 -1.5046e-06 0
-3.52886e-06 -1.13437e-06 0
-3.34618e-06 -1.49848e-06 0
-3.66151e-06 -7.42926e-07 0
-3.52886e-06 -1.13437e-06 0
-3.96568e-06 -7.2431e-07 0
-3.84242e-06 -1.12365e-06 0
-3.52886e-06 -1.13437e-06 0
-3.34618e-06 -1.49848e-06 0
-3.84242e-06 -1.12365e-06 0
-3.66549e-06 -1.49523e-06 0
-3.96568e-06 -7.2431e-07 0
-3.84242e-06 -1.12365e-06 0
-4.21145e-06 -7.26089e-07 0
-4.09995e-06 -1.1264e-06 0
-3.84242e-06 -1.12365e-06 0
-3.66549e-06 -1.49523e-06 0
-4.09995e-06 -1.1264e-06 0
-3.93111e-06 -1.49851e-06 0
-4.21145e-06 -7.26089e-07 0
-4.09995e-06 -1.1264e-06 0
-4.39707e-06 -7.48886e-07 0
-4.29913e-06 -1.14358e-06 0
-4.09995e-06 -1.1264e-06 0
-3.93111e-06 -1.49851e-06 0
-4.29913e-06 -1.14358e-06 0
-4.14044e-06 -1.50961e-06 0
-4.39707e-06 -7.48886e-07 0
-4.29913e-06 -1.14358e-06 0
-4.52181e-06 -7.91833e-07 0
-4.43864e-06 -1.17456e-06 0
-4.29913e-06 -1.14358e-06 0
-4.14044e-06 -1.50961e-06 0
-4.43864e-06 -1.17456e-06 0
-4.29176e-06 -1.5282e-06 0
-4.52181e-06 -7.91833e-07 0
-4.43864e-06 -1.17456e-06 0
-4.5858e-06 -8.52884e-07 0
-4.51805e-06 -1.21757e-06 0
-4.43864e-06 -1.17456e-06 0
-4.29176e-06 -1.5282e-06 0
-4.51805e-06 -1.21757e-06 0
-4.38427e-06 -1.55279e-06 0
-4.5858e-06 -8.52884e-07 0
-4.51805e-06 -1.21757e-06 0
-4.5898e-06 -9.28899e-07 0
-4.53773e-06 -1.26983e-06 0
-4.51805e-06 -1.21757e-06 0
-4.38427e-06 -1.55279e-06 0
-4.53773e-06 -1.26983e-06 0
-4.41808e-06 -1.581e-06 0
-4.5898e-06 -9.28899e-07 0
-4.53773e-06 -1.26983e-06 0
-4.5353e-06 -1.01571e-06 0
-4.4989e-06 -1.32767e-06 0
-4.53773e-06 -1.26983e-06 0
-4.41808e-06 -1.581e-06 0
-4.4989e-06 -1.32767e-06 0
-4.39418e-06 -1.60962e-06 0
-4.5353e-06 -1.01571e-06 0
-4.4989e-06 -1.32767e-06 0
-4.42453e-06 -1.10823e-06 0
-4.40358e-06 -1.3866e-06 0
-4.4989e-06 -1.32767e-06 0
-4.39418e-06 -1.60962e-06 0
-4.40358e-06 -1.3866e-06 0
-4.31446e-06 -1.63475e-06 0
-4.42453e-06 -1.10823e-06 0
-4.40358e-06 -1.3866e-06 0
-4.26056e-06 -1.20067e-06 0
-4.25468e-06 -1.44151e-06 0
-4.40358e-06 -1.3866e-06 0
-4.31446e-06 -1.63475e-06 0
-4.25468e-06 -1.44151e-06 0
-4.18172e-06 -1.65197e-06 0
-4.26056e-06 -1.20067e-06 0
-4.25468e-06 -1.44151e-06 0
-4.04735e-06 -1.28674e-06 0
-4.05605e-06 -1.48684e-06 0
-4.25468e-06 -1.44151e-06 0
-4.18172e-06 -1.65197e-06 0
-4.05605e-06 -1.48684e-06 0
-3.99969e-06 -1.65647e-06 0
-4.04735e-06 -1.28674e-06 0
-4.05605e-06 -1.48684e-06 0
-3.78977e-06 -1.35991e-06 0
-3.81246e-06 -1.51684e-06 0
-4.05605e-06 -1.48684e-06 0
-3.99969e-06 -1.65647e-06 0
-3.81246e-06 -1.51684e-06 0
-3.7731e-06 -1.64323e-06 0
-3.78977e-06 -1.35991e-06 0
-3.81246e-06 -1.51684e-06 0
-3.49355e-06 -1.41368e-06 0
-3.52961e-06 -1.52574e-06 0
-3.81246e-06 -1.51684e-06 0
-3.7731e-06 -1.64323e-06 0
-3.52961e-06 -1.52574e-06 0
-3.50758e-06 -1.60728e-06 0
-3.49355e-06 -1.41368e-06 0
-3.52961e-06 -1.52574e-06 0
-3.1653e-06 -1.44185e-06 0
-3.21412e-06 -1.50808e-06 0
-3.52961e-06 -1.52574e-06 0
-3.50758e-06 -1.60728e-06 0
-3.21412e-06 -1.50808e-06 0
-3.20969e-06 -1.54386e-06 0
-3.1653e-06 -1.44185e-06 0
-3.21412e-06 -1.50808e-06 0
-2.81248e-06 -1.43877e-06 0
-2.87342e-06 -1.45887e-06 0
-3.21412e-06 -1.50808e-06 0
-3.20969e-06 -1.54386e-06 0
-2.87342e-06 -1.45887e-06 0
-2.88685e-06 -1.44865e-06 0
-2.81248e-06 -1.43877e-06 0
-2.87342e-06 -1.45887e-06 0
-2.44325e-06 -1.3996e-06 0
-2.51572e-06 -1.37388e-06 0
-2.87342e-06 -1.45887e-06 0
-2.88685e-06 -1.44865e-06 0
-2.51572e-06 -1.37388e-06 0
-2.54712e-06 -1.31806e-06 0
-2.44325e-06 -1.3996e-06 0
-2.51572e-06 -1.37388e-06 0
-2.06629e-06 -1.32058e-06 0
-2.14965e-06 -1.24994e-06 0
-2.51572e-06 -1.37388e-06 0
-2.54712e-06 -1.31806e-06 0
-2.14965e-06 -1.24994e-06 0
-2.19887e-06 -1.14958e-06 0
-2.06629e-06 -1.32058e-06 0
-2.14965e-06 -1.24994e-06 0
-1.69025e-06 -1.19931e-06 0
-1.78365e-06 -1.08531e-06 0
-2.14965e-06 -1.24994e-06 0
-2.19887e-06 -1.14958e-06 0
-1.78365e-06 -1.08531e-06 0
-1.85e-06 -9.42198e-07 0
-1.69025e-06 -1.19931e-06 0
-1.78365e-06 -1.08531e-06 0
-1.32263e-06 -1.03517e-06 0
-1.42474e-06 -8.80177e-07 0
-1.78365e-06 -1.08531e-06 0
-1.85e-06 -9.42198e-07 0
-1.42474e-06 -8.80177e-07 0
-1.50662e-06 -6.97023e-07 0
-1.32263e-06 -1.03517e-06 0
-1.42474e-06 -8.80177e-07 0
-9.6805e-07 -8.29788e-07 0
-1.07671e-06 -6.37246e-07 0
-1.42474e-06 -8.80177e-07 0
-1.50662e-06 -6.97023e-07 0
-1.07671e-06 -6.37246e-07 0
-1.17109e-06 -4.18007e-07 0
-9.6805e-07 -8.29788e-07 0
-1.07671e-06 -6.37246e-07 0
-6.26255e-07 -5.87825e-07 0
-7.37904e-07 -3.62631e-07 0
-1.07671e-06 -6.37246e-07 0
-1.17109e-06 -4.18007e-07 0
-7.37904e-07 -3.62631e-07 0
-8.39903e-07 -1.12873e-07 0
-6.26255e-07 -5.87825e-07 0
-7.37904e-07 -3.62631e-07 0
-2.91555e-07 -3.1811e-07 0
-4.00634e-07 -6.70021e-08 0
-7.37904e-07 -3.62631e-07 0
-8.39903e-07 -1.12873e-07 0
-4.00634e-07 -6.70021e-08 0
-5.02996e-07 2.05736e-07 0
-2.91555e-07 -3.1811e-07 0
-4.00634e-07 -6.70021e-08 0
4.24997e-08 -3.58864e-08 0
-5.58304e-08 2.32061e-07 0
-4.00634e-07 -6.70021e-08 0
-5.02996e-07 2.05736e-07 0
-5.58304e-08 2.32061e-07 0
-1.48598e-07 5.17838e-07 0
4.24997e-08 -3.58864e-08 0
-5.58304e-08 2.32061e-07 0
3.68921e-07 2.35126e-07 0
2.91642e-07 5.07873e-07 0
-5.58304e-08 2.32061e-07 0
-1.48598e-07 5.17838e-07 0
2.91642e-07 5.07873e-07 0
2.20391e-07 7.93795e-07 0
3.68921e-07 2.35126e-07 0
2.91642e-07 5.07873e-07 0
6.44511e-07 4.54857e-07 0
5.97075e-07 7.1523e-07 0
2.91642e-07 5.07873e-07 0
2.20391e-07 7.93795e-07 0
5.97075e-07 7.1523e-07 0
5.57182e-07 9.83428e-07 0
6.44511e-07 4.54857e-07 0
5.97075e-07 7.1523e-07 0
7.7343e-07 5.72186e-07 0
7.55953e-07 7.9628e-07 0
5.97075e-07 7.1523e-07 0
5.57182e-07 9.83428e-07 0
7.55953e-07 7.9628e-07 0
7.46908e-07 1.02256e-06 0
7.7343e-07 5.72186e-07 0
7.55953e-07 7.9628e-07 0
6.16147e-07 4.52178e-07 0
6.15515e-07 5.94432e-07 0
7.55953e-07 7.9628e-07 0
7.46908e-07 1.02256e-06 0
6.15515e-07 5.94432e-07 0
6.20757e-07 7.34996e-07 0
6.16147e-07 4.52178e-07 0
6.15515e-07 5.94432e-07 0
0 0 0
0 0 0
6.15515e-07 5.94432e-07 0
6.20757e-07 7.34996e-07 0
0 0 0
0 0 0
0 0 0
0 0 0
-5.20314e-07 -8.1479e-07 0
-4.25151e-07 -9.36753e-07 0
0 0 0
0 0 0
-4.25151e-07 -9.36753e-07 0
-3.29301e-07 -1.04948e-06 0
-5.20314e-07 -8.1479e-07 0
-4.25151e-07 -9.36753e-07 0
-1.06155e-06 -1.2474e-06 0
-9.02702e-07 -1.44163e-06 0
-4.25151e-07 -9.36753e-07 0
-3.29301e-07 -1.04948e-06 0
-9.02702e-07 -1.44163e-06 0
-7.35223e-07 -1.6194e-06 0
-1.06155e-06 -1.2474e-06 0
-9.02702e-07 -1.44163e-06 0
-1.59534e-06 -1.41626e-06 0
-1.39902e-06 -1.65344e-06 0
-9.02702e-07 -1.44163e-06 0
-7.35223e-07 -1.6194e-06 0
-1.39902e-06 -1.65344e-06 0
-1.18391e-06 -1.868e-06 0
-1.59534e-06 -1.41626e-06 0
-1.39902e-06 -1.65344e-06 0
-2.09778e-06 -1.48671e-06 0
-1.88155e-06 -1.75708e-06 0
-1.39902e-06 -1.65344e-06 0
-1.18391e-06 -1.868e-06 0
-1.88155e-06 -1.75708e-06 0
-1.63738e-06 -1.99901e-06 0
-2.09778e-06 -1.48671e-06 0
-1.88155e-06 -1.75708e-06 0
-2.55931e-06 -1.50547e-06 0
-2.33322e-06 -1.80197e-06 0
-1.88155e-06 -1.75708e-06 0
-1.63738e-06 -1.99901e-06 0
-2.33322e-06 -1.80197e-06 0
-2.072e-06 -2.06499e-06 0
-2.55931e-06 -1.50547e-06 0
-2.33322e-06 -1.80197e-06 0
-2.97638e-06 -1.5046e-06 0
-2.74593e-06 -1.82092e-06 0
-2.33322e-06 -1.80197e-06 0
-2.072e-06 -2.06499e-06 0
-2.74593e-06 -1.82092e-06 0
-2.47465e-06 -2.0997e-06 0
-2.97638e-06 -1.5046e-06 0
-2.74593e-06 -1.82092e-06 0
-3.34618e-06 -1.49848e-06 0
-3.11473e-06 -1.82791e-06 0
-2.74593e-06 -1.82092e-06 0
-2.47465e-06 -2.0997e-06 0
-3.11473e-06 -1.82791e-06 0
-2.83752e-06 -2.11671e-06 0
-3.34618e-06 -1.49848e-06 0
-3.11473e-06 -1.82791e-06 0
-3.66549e-06 -1.49523e-06 0
-3.43566e-06 -1.83098e-06 0
-3.11473e-06 -1.82791e-06 0
-2.83752e-06 -2.11671e-06 0
-3.43566e-06 -1.83098e-06 0
-3.1554e-06 -2.12384e-06 0
-3.66549e-06 -1.49523e-06 0
-3.43566e-06 -1.83098e-06 0
-3.93111e-06 -1.49851e-06 0
-3.70529e-06 -1.83394e-06 0
-3.43566e-06 -1.83098e-06 0
-3.1554e-06 -2.12384e-06 0
-3.70529e-06 -1.83394e-06 0
-3.4245e-06 -2.1249e-06 0
-3.93111e-06 -1.49851e-06 0
-3.70529e-06 -1.83394e-06 0
-4.14044e-06 -1.50961e-06 0
-3.92089e-06 -1.83833e-06 0
-3.70529e-06 -1.83394e-06 0
-3.4245e-06 -2.1249e-06 0
-3.92089e-06 -1.83833e-06 0
-3.64206e-06 -2.1216e-06 0
-4.14044e-06 -1.50961e-06 0
-3.92089e-06 -1.83833e-06 0
-4.29176e-06 -1.5282e-06 0
-4.08059e-06 -1.84412e-06 0
-3.92089e-06 -1.83833e-06 0
-3.64206e-06 -2.1216e-06 0
-4.08059e-06 -1.84412e-06 0
-3.80628e-06 -2.11413e-06 0
-4.29176e-06 -1.5282e-06 0
-4.08059e-06 -1.84412e-06 0
-4.38427e-06 -1.55279e-06 0
-4.18343e-06 -1.85014e-06 0
-4.08059e-06 -1.84412e-06 0
-3.80628e-06 -2.11413e-06 0
-4.18343e-06 -1.85014e-06 0
-3.91628e-06 -2.1016e-06 0
-4.38427e-06 -1.55279e-06 0
-4.18343e-06 -1.85014e-06 0
-4.41808e-06 -1.581e-06 0
-4.2294e-06 -1.85438e-06 0
-4.18343e-06 -1.85014e-06 0
-3.91628e-06 -2.1016e-06 0
-4.2294e-06 -1.85438e-06 0
-3.97207e-06 -2.08229e-06 0
-4.41808e-06 -1.581e-06 0
-4.2294e-06 -1.85438e-06 0
-4.39418e-06 -1.60962e-06 0
-4.21937e-06 -1.85408e-06 0
-4.2294e-06 -1.85438e-06 0
-3.97207e-06 -2.08229e-06 0
-4.21937e-06 -1.85408e-06 0
-3.97454e-06 -2.05385e-06 0
-4.39418e-06 -1.60962e-06 0
-4.21937e-06 -1.85408e-06 0
-4.31446e-06 -1.63475e-06 0
-4.15515e-06 -1.8459e-06 0
-4.21937e-06 -1.85408e-06 0
-3.97454e-06 -2.05385e-06 0
-4.15515e-06 -1.8459e-06 0
-3.92549e-06 -2.01341e-06 0
-4.31446e-06 -1.63475e-06 0
-4.15515e-06 -1.8459e-06 0
-4.18172e-06 -1.65197e-06 0
-4.03947e-06 -1.82605e-06 0
-4.15515e-06 -1.8459e-06 0
-3.92549e-06 -2.01341e-06 0
-4.03947e-06 -1.82605e-06 0
-3.82764e-06 -1.95774e-06 0
-4.18172e-06 -1.65197e-06 0
-4.03947e-06 -1.82605e-06 0
-3.99969e-06 -1.65647e-06 0
-3.87601e-06 -1.79042e-06 0
-4.03947e-06 -1.82605e-06 0
-3.82764e-06 -1.95774e-06 0
-3.87601e-06 -1.79042e-06 0
-3.68461e-06 -1.88336e-06 0
-3.99969e-06 -1.65647e-06 0
-3.87601e-06 -1.79042e-06 0
-3.7731e-06 -1.64323e-06 0
-3.66941e-06 -1.73474e-06 0
-3.87601e-06 -1.79042e-06 0
-3.68461e-06 -1.88336e-06 0
-3.66941e-06 -1.73474e-06 0
-3.50098e-06 -1.78668e-06 0
-3.7731e-06 -1.64323e-06 0
-3.66941e-06 -1.73474e-06 0
-3.50758e-06 -1.60728e-06 0
-3.42525e-06 -1.65476e-06 0
-3.66941e-06 -1.73474e-06 0
-3.50098e-06 -1.78668e-06 0
-3.42525e-06 -1.65476e-06 0
-3.28224e-06 -1.66413e-06 0
-3.50758e-06 -1.60728e-06 0
-3.42525e-06 -1.65476e-06 0
-3.20969e-06 -1.54386e-06 0
-3.15e-06 -1.54642e-06 0
-3.42525e-06 -1.65476e-06 0
-3.28224e-06 -1.66413e-06 0
-3.15e-06 -1.54642e-06 0
-3.03469e-06 -1.51239e-06 0
-3.20969e-06 -1.54386e-06 0
-3.15e-06 -1.54642e-06 0
-2.88685e-06 -1.44865e-06 0
-2.85092e-06 -1.40609e-06 0
-3.15e-06 -1.54642e-06 0
-3.03469e-06 -1.51239e-06 0
-2.85092e-06 -1.40609e-06 0
-2.7653e-06 -1.32856e-06 0
-2.88685e-06 -1.44865e-06 0
-2.85092e-06 -1.40609e-06 0
-2.54712e-06 -1.31806e-06 0
-2.5358e-06 -1.23088e-06 0
-2.85092e-06 -1.40609e-06 0
-2.7653e-06 -1.32856e-06 0
-2.5358e-06 -1.23088e-06 0
-2.48133e-06 -1.11056e-06 0
-2.54712e-06 -1.31806e-06 0
-2.5358e-06 -1.23088e-06 0
-2.19887e-06 -1.14958e-06 0
-2.21246e-06 -1.019e-06 0
-2.5358e-06 -1.23088e-06 0
-2.48133e-06 -1.11056e-06 0
-2.21246e-06 -1.019e-06 0
-2.18974e-06 -8.57528e-07 0
-2.19887e-06 -1.14958e-06 0
-2.21246e-06 -1.019e-06 0
-1.85e-06 -9.42198e-07 0
-1.88787e-06 -7.70323e-07 0
-2.21246e-06 -1.019e-06 0
-2.18974e-06 -8.57528e-07 0
-1.88787e-06 -7.70323e-07 0
-1.89614e-06 -5.70404e-07 0
-1.85e-06 -9.42198e-07 0
-1.88787e-06 -7.70323e-07 0
-1.50662e-06 -6.97023e-07 0
-1.56671e-06 -4.87051e-07 0
-1.88787e-06 -7.70323e-07 0
-1.89614e-06 -5.70404e-07 0
-1.56671e-06 -4.87051e-07 0
-1.60334e-06 -2.52645e-07 0
-1.50662e-06 -6.97023e-07 0
-1.56671e-06 -4.87051e-07 0
-1.17109e-06 -4.18007e-07 0
-1.24942e-06 -1.74506e-07 0
-1.56671e-06 -4.87051e-07 0
-1.60334e-06 -2.52645e-07 0
-1.24942e-06 -1.74506e-07 0
-1.30939e-06 8.90273e-08 0
-1.17109e-06 -4.18007e-07 0
-1.24942e-06 -1.74506e-07 0
-8.39903e-07 -1.12873e-07 0
-9.30114e-07 1.57929e-07 0
-1.24942e-06 -1.74506e-07 0
-1.30939e-06 8.90273e-08 0
-9.30114e-07 1.57929e-07 0
-1.00571e-06 4.43749e-07 0
-8.39903e-07 -1.12873e-07 0
-9.30114e-07 1.57929e-07 0
-5.02996e-07 2.05736e-07 0
-5.9607e-07 4.95697e-07 0
-9.30114e-07 1.57929e-07 0
-1.00571e-06 4.43749e-07 0
-5.9607e-07 4.95697e-07 0
-6.76763e-07 7.95466e-07 0
-5.02996e-07 2.05736e-07 0
-5.9607e-07 4.95697e-07 0
-1.48598e-07 5.17838e-07 0
-2.3275e-07 8.16583e-07 0
-5.9607e-07 4.95697e-07 0
-6.76763e-07 7.95466e-07 0
-2.3275e-07 8.16583e-07 0
-3.05174e-07 1.12028e-06 0
-1.48598e-07 5.17838e-07 0
-2.3275e-07 8.16583e-07 0
2.20391e-07 7.93795e-07 0
1.58808e-07 1.08818e-06 0
-2.3275e-07 8.16583e-07 0
-3.05174e-07 1.12028e-06 0
1.58808e-07 1.08818e-06 0
1.10007e-07 1.38346e-06 0
2.20391e-07 7.93795e-07 0
1.58808e-07 1.08818e-06 0
5.57182e-07 9.83428e-07 0
5.29285e-07 1.25549e-06 0
1.58808e-07 1.08818e-06 0
1.10007e-07 1.38346e-06 0
5.29285e-07 1.25549e-06 0
5.16913e-07 1.52536e-06 0
5.57182e-07 9.83428e-07 0
5.29285e-07 1.25549e-06 0
7.46908e-07 1.02256e-06 0
7.51617e-07 1.2482e-06 0
5.29285e-07 1.25549e-06 0
5.16913e-07 1.52536e-06 0
7.51617e-07 1.2482e-06 0
7.74601e-07 1.46923e-06 0
7.46908e-07 1.02256e-06 0
7.51617e-07 1.2482e-06 0
6.20757e-07 7.34996e-07 0
6.36798e-07 8.72341e-07 0
7.51617e-07 1.2482e-06 0
7.74601e-07 1.46923e-06 0
6.36798e-07 8.72341e-07 0
6.68382e-07 1.00462e-06 0
6.20757e-07 7.34996e-07 0
6.36798e-07 8.72341e-07 0
0 0 0
0 0 0
6.36798e-07 8.72341e-07 0
6.68382e-07 1.00462e-06 0
0 0 0
0 0 0
0 0 0
0 0 0
-3.29301e-07 -1.04948e-06 0
-2.33546e-07 -1.15303e-06 0
0 0 0
0 0 0
-2.33546e-07 -1.15303e-06 0
-1.3615e-07 -1.24855e-06 0
-3.29301e-07 -1.04948e-06 0
-2.33546e-07 -1.15303e-06 0
-7.35223e-07 -1.6194e-06 0
-5.62246e-07 -1.78206e-06 0
-2.33546e-07 -1.15303e-06 0
-1.3615e-07 -1.24855e-06 0
-5.62246e-07 -1.78206e-06 0
-3.84225e-07 -1.93334e-06 0
-7.35223e-07 -1.6194e-06 0
-5.62246e-07 -1.78206e-06 0
-1.18391e-06 -1.868e-06 0
-9.55215e-07 -2.06212e-06 0
-5.62246e-07 -1.78206e-06 0
-3.84225e-07 -1.93334e-06 0
-9.55215e-07 -2.06212e-06 0
-7.1709e-07 -2.24156e-06 0
-1.18391e-06 -1.868e-06 0
-9.55215e-07 -2.06212e-06 0
-1.63738e-06 -1.99901e-06 0
-1.37161e-06 -2.21433e-06 0
-9.55215e-07 -2.06212e-06 0
-7.1709e-07 -2.24156e-06 0
-1.37161e-06 -2.21433e-06 0
-1.09139e-06 -2.40881e-06 0
-1.63738e-06 -1.99901e-06 0
-1.37161e-06 -2.21433e-06 0
-2.072e-06 -2.06499e-06 0
-1.78212e-06 -2.29491e-06 0
-1.37161e-06 -2.21433e-06 0
-1.09139e-06 -2.40881e-06 0
-1.78212e-06 -2.29491e-06 0
-1.47227e-06 -2.49582e-06 0
-2.072e-06 -2.06499e-06 0
-1.78212e-06 -2.29491e-06 0
-2.47465e-06 -2.0997e-06 0
-2.16856e-06 -2.3393e-06 0
-1.78212e-06 -2.29491e-06 0
-1.47227e-06 -2.49582e-06 0
-2.16856e-06 -2.3393e-06 0
-1.83652e-06 -2.54126e-06 0
-2.47465e-06 -2.0997e-06 0
-2.16856e-06 -2.3393e-06 0
-2.83752e-06 -2.11671e-06 0
-2.51988e-06 -2.36124e-06 0
-2.16856e-06 -2.3393e-06 0
-1.83652e-06 -2.54126e-06 0
-2.51988e-06 -2.36124e-06 0
-2.17005e-06 -2.56035e-06 0
-2.83752e-06 -2.11671e-06 0
-2.51988e-06 -2.36124e-06 0
-3.1554e-06 -2.12384e-06 0
-2.82934e-06 -2.36853e-06 0
-2.51988e-06 -2.36124e-06 0
-2.17005e-06 -2.56035e-06 0
-2.82934e-06 -2.36853e-06 0
-2.46486e-06 -2.56159e-06 0
-3.1554e-06 -2.12384e-06 0
-2.82934e-06 -2.36853e-06 0
-3.4245e-06 -2.1249e-06 0
-3.09275e-06 -2.36497e-06 0
-2.82934e-06 -2.36853e-06 0
-2.46486e-06 -2.56159e-06 0
-3.09275e-06 -2.36497e-06 0
-2.71659e-06 -2.54888e-06 0
-3.4245e-06 -2.1249e-06 0
-3.09275e-06 -2.36497e-06 0
-3.64206e-06 -2.1216e-06 0
-3.30745e-06 -2.3523e-06 0
-3.09275e-06 -2.36497e-06 0
-2.71659e-06 -2.54888e-06 0
-3.30745e-06 -2.3523e-06 0
-2.92294e-06 -2.52382e-06 0
-3.64206e-06 -2.1216e-06 0
-3.30745e-06 -2.3523e-06 0
-3.80628e-06 -2.11413e-06 0
-3.47191e-06 -2.33077e-06 0
-3.30745e-06 -2.3523e-06 0
-2.92294e-06 -2.52382e-06 0
-3.47191e-06 -2.33077e-06 0
-3.08287e-06 -2.48648e-06 0
-3.80628e-06 -2.11413e-06 0
-3.47191e-06 -2.33077e-06 0
-3.91628e-06 -2.1016e-06 0
-3.58552e-06 -2.2996e-06 0
-3.47191e-06 -2.33077e-06 0
-3.08287e-06 -2.48648e-06 0
-3.58552e-06 -2.2996e-06 0
-3.19621e-06 -2.43593e-06 0
-3.91628e-06 -2.1016e-06 0
-3.58552e-06 -2.2996e-06 0
-3.97207e-06 -2.08229e-06 0
-3.6485e-06 -2.25725e-06 0
-3.58552e-06 -2.2996e-06 0
-3.19621e-06 -2.43593e-06 0
-3.6485e-06 -2.25725e-06 0
-3.2635e-06 -2.37057e-06 0
-3.97207e-06 -2.08229e-06 0
-3.6485e-06 -2.25725e-06 0
-3.97454e-06 -2.05385e-06 0
-3.66187e-06 -2.20163e-06 0
-3.6485e-06 -2.25725e-06 0
-3.2635e-06 -2.37057e-06 0
-3.66187e-06 -2.20163e-06 0
-3.28602e-06 -2.28839e-06 0
-3.97454e-06 -2.05385e-06 0
-3.66187e-06 -2.20163e-06 0
-3.92549e-06 -2.01341e-06 0
-3.6275e-06 -2.13024e-06 0
-3.66187e-06 -2.20163e-06 0
-3.28602e-06 -2.28839e-06 0
-3.6275e-06 -2.13024e-06 0
-3.26572e-06 -2.1871e-06 0
-3.92549e-06 -2.01341e-06 0
-3.6275e-06 -2.13024e-06 0
-3.82764e-06 -1.95774e-06 0
-3.54811e-06 -2.0403e-06 0
-3.6275e-06 -2.13024e-06 0
-3.26572e-06 -2.1871e-06 0
-3.54811e-06 -2.0403e-06 0
-3.20535e-06 -2.06428e-06 0
-3.82764e-06 -1.95774e-06 0
-3.54811e-06 -2.0403e-06 0
-3.68461e-06 -1.88336e-06 0
-3.42731e-06 -1.92888e-06 0
-3.54811e-06 -2.0403e-06 0
-3.20535e-06 -2.06428e-06 0
-3.42731e-06 -1.92888e-06 0
-3.10843e-06 -1.91752e-06 0
-3.68461e-06 -1.88336e-06 0
-3.42731e-06 -1.92888e-06 0
-3.50098e-06 -1.78668e-06 0
-3.26958e-06 -1.79301e-06 0
-3.42731e-06 -1.92888e-06 0
-3.10843e-06 -1.91752e-06 0
-3.26958e-06 -1.79301e-06 0
-2.97923e-06 -1.74453e-06 0
-3.50098e-06 -1.78668e-06 0
-3.26958e-06 -1.79301e-06 0
-3.28224e-06 -1.66413e-06 0
-3.0802e-06 -1.62985e-06 0
-3.26958e-06 -1.79301e-06 0
-2.97923e-06 -1.74453e-06 0
-3.0802e-06 -1.62985e-06 0
-2.8227e-06 -1.54331e-06 0
-3.28224e-06 -1.66413e-06 0
-3.0802e-06 -1.62985e-06 0
-3.03469e-06 -1.51239e-06 0
-2.86519e-06 -1.43686e-06 0
-3.0802e-06 -1.62985e-06 0
-2.8227e-06 -1.54331e-06 0
-2.86519e-06 -1.43686e-06 0
-2.64434e-06 -1.31235e-06 0
-3.03469e-06 -1.51239e-06 0
-2.86519e-06 -1.43686e-06 0
-2.7653e-06 -1.32856e-06 0
-2.631e-06 -1.21208e-06 0
-2.86519e-06 -1.43686e-06 0
-2.64434e-06 -1.31235e-06 0
-2.631e-06 -1.21208e-06 0
-2.44978e-06 -1.05089e-06 0
-2.7653e-06 -1.32856e-06 0
-2.631e-06 -1.21208e-06 0
-2.48133e-06 -1.11056e-06 0
-2.38409e-06 -9.54466e-07 0
-2.631e-06 -1.21208e-06 0
-2.44978e-06 -1.05089e-06 0
-2.38409e-06 -9.54466e-07 0
-2.24437e-06 -7.59279e-07 0
-2.48133e-06 -1.11056e-06 0
-2.38409e-06 -9.54466e-07 0
-2.18974e-06 -8.57528e-07 0
-2.13019e-06 -6.64341e-07 0
-2.38409e-06 -9.54466e-07 0
-2.24437e-06 -7.59279e-07 0
-2.13019e-06 -6.64341e-07 0
-2.03231e-06 -4.39348e-07 0
-2.18974e-06 -8.57528e-07 0
-2.13019e-06 -6.64341e-07 0
-1.89614e-06 -5.70404e-07 0
-1.8732e-06 -3.4396e-07 0
-2.13019e-06 -6.64341e-07 0
-2.03231e-06 -4.39348e-07 0
-1.8732e-06 -3.4396e-07 0
-1.81558e-06 -9.48024e-08 0
-1.89614e-06 -5.70404e-07 0
-1.8732e-06 -3.4396e-07 0
-1.60334e-06 -2.52645e-07 0
-1.61371e-06 1.89357e-09 0
-1.8732e-06 -3.4396e-07 0
-1.81558e-06 -9.48024e-08 0
-1.61371e-06 1.89357e-09 0
-1.59253e-06 2.6839e-07 0
-1.60334e-06 -2.52645e-07 0
-1.61371e-06 1.89357e-09 0
-1.30939e-06 8.90273e-08 0
-1.3472e-06 3.65301e-07 0
-1.61371e-06 1.89357e-09 0
-1.59253e-06 2.6839e-07 0
-1.3472e-06 3.65301e-07 0
-1.35633e-06 6.41689e-07 0
-1.30939e-06 8.90273e-08 0
-1.3472e-06 3.65301e-07 0
-1.00571e-06 4.43749e-07 0
-1.06241e-06 7.34496e-07 0
-1.3472e-06 3.65301e-07 0
-1.35633e-06 6.41689e-07 0
-1.06241e-06 7.34496e-07 0
-1.09345e-06 1.01354e-06 0
-1.00571e-06 4.43749e-07 0
-1.06241e-06 7.34496e-07 0
-6.76763e-07 7.95466e-07 0
-7.41032e-07 1.09288e-06 0
-1.06241e-06 7.34496e-07 0
-1.09345e-06 1.01354e-06 0
-7.41032e-07 1.09288e-06 0
-7.83374e-07 1.36847e-06 0
-6.76763e-07 7.95466e-07 0
-7.41032e-07 1.09288e-06 0
-3.05174e-07 1.12028e-06 0
-3.62801e-07 1.41602e-06 0
-7.41032e-07 1.09288e-06 0
-7.83374e-07 1.36847e-06 0
-3.62801e-07 1.41602e-06 0
-4.02837e-07 1.68347e-06 0
-3.05174e-07 1.12028e-06 0
-3.62801e-07 1.41602e-06 0
1.10007e-07 1.38346e-06 0
7.58767e-08 1.66774e-06 0
-3.62801e-07 1.41602e-06 0
-4.02837e-07 1.68347e-06 0
7.58767e-08 1.66774e-06 0
5.5954e-08 1.92252e-06 0
1.10007e-07 1.38346e-06 0
7.58767e-08 1.66774e-06 0
5.16913e-07 1.52536e-06 0
5.21562e-07 1.7838e-06 0
7.58767e-08 1.66774e-06 0
5.5954e-08 1.92252e-06 0
5.21562e-07 1.7838e-06 0
5.40855e-07 2.01681e-06 0
5.16913e-07 1.52536e-06 0
5.21562e-07 1.7838e-06 0
7.74601e-07 1.46923e-06 0
8.18419e-07 1.68002e-06 0
5.21562e-07 1.7838e-06 0
5.40855e-07 2.01681e-06 0
8.18419e-07 1.68002e-06 0
8.81887e-07 1.87242e-06 0
7.74601e-07 1.46923e-06 0
8.18419e-07 1.68002e-06 0
6.68382e-07 1.00462e-06 0
7.19343e-07 1.12955e-06 0
8.18419e-07 1.68002e-06 0
8.81887e-07 1.87242e-06 0
7.19343e-07 1.12955e-06 0
7.91389e-07 1.24433e-06 0
6.68382e-07 1.00462e-06 0
7.19343e-07 1.12955e-06 0
0 0 0
0 0 0
7.19343e-07 1.12955e-06 0
7.91389e-07 1.24433e-06 0
0 0 0
0 0 0
0 0 0
0 0 0
-1.3615e-07 -1.24855e-06 0
-3.06428e-08 -1.3386e-06 0
0 0 0
0 0 0
-3.06428e-08 -1.3386e-06 0
9.6028e-08 -1.42918e-06 0
-1.3615e-07 -1.24855e-06 0
-3.06428e-08 -1.3386e-06 0
-3.84225e-07 -1.93334e-06 0
-1.97617e-07 -2.08067e-06 0
-3.06428e-08 -1.3386e-06 0
9.6028e-08 -1.42918e-06 0
-1.97617e-07 -2.08067e-06 0
5.35445e-09 -2.23355e-06 0
-3.84225e-07 -1.93334e-06 0
-1.97617e-07 -2.08067e-06 0
-7.1709e-07 -2.24156e-06 0
-4.72437e-07 -2.41584e-06 0
-1.97617e-07 -2.08067e-06 0
5.35445e-09 -2.23355e-06 0
-4.72437e-07 -2.41584e-06 0
-2.26487e-07 -2.59228e-06 0
-7.1709e-07 -2.24156e-06 0
-4.72437e-07 -2.41584e-06 0
-1.09139e-06 -2.40881e-06 0
-8.05509e-07 -2.59084e-06 0
-4.72437e-07 -2.41584e-06 0
-2.26487e-07 -2.59228e-06 0
-8.05509e-07 -2.59084e-06 0
-5.28376e-07 -2.75949e-06 0
-1.09139e-06 -2.40881e-06 0
-8.05509e-07 -2.59084e-06 0
-1.47227e-06 -2.49582e-06 0
-1.15437e-06 -2.67271e-06 0
-8.05509e-07 -2.59084e-06 0
-5.28376e-07 -2.75949e-06 0
-1.15437e-06 -2.67271e-06 0
-8.46426e-07 -2.81581e-06 0
-1.47227e-06 -2.49582e-06 0
-1.15437e-06 -2.67271e-06 0
-1.83652e-06 -2.54126e-06 0
-1.49116e-06 -2.70649e-06 0
-1.15437e-06 -2.67271e-06 0
-8.46426e-07 -2.81581e-06 0
-1.49116e-06 -2.70649e-06 0
-1.15031e-06 -2.81845e-06 0
-1.83652e-06 -2.54126e-06 0
-1.49116e-06 -2.70649e-06 0
-2.17005e-06 -2.56035e-06 0
-1.79999e-06 -2.71119e-06 0
-1.49116e-06 -2.70649e-06 0
-1.15031e-06 -2.81845e-06 0
-1.79999e-06 -2.71119e-06 0
-1.42595e-06 -2.79274e-06 0
-2.17005e-06 -2.56035e-06 0
-1.79999e-06 -2.71119e-06 0
-2.46486e-06 -2.56159e-06 0
-2.07277e-06 -2.69699e-06 0
-1.79999e-06 -2.71119e-06 0
-1.42595e-06 -2.79274e-06 0
-2.07277e-06 -2.69699e-06 0
-1.66757e-06 -2.75079e-06 0
-2.46486e-06 -2.56159e-06 0
-2.07277e-06 -2.69699e-06 0
-2.71659e-06 -2.54888e-06 0
-2.30574e-06 -2.66806e-06 0
-2.07277e-06 -2.69699e-06 0
-1.66757e-06 -2.75079e-06 0
-2.30574e-06 -2.66806e-06 0
-1.87329e-06 -2.69652e-06 0
-2.71659e-06 -2.54888e-06 0
-2.30574e-06 -2.66806e-06 0
-2.92294e-06 -2.52382e-06 0
-2.49742e-06 -2.6256e-06 0
-2.30574e-06 -2.66806e-06 0
-1.87329e-06 -2.69652e-06 0
-2.49742e-06 -2.6256e-06 0
-2.04293e-06 -2.63015e-06 0
-2.92294e-06 -2.52382e-06 0
-2.49742e-06 -2.6256e-06 0
-3.08287e-06 -2.48648e-06 0
-2.64747e-06 -2.5691e-06 0
-2.49742e-06 -2.6256e-06 0
-2.04293e-06 -2.63015e-06 0
-2.64747e-06 -2.5691e-06 0
-2.17708e-06 -2.55005e-06 0
-3.08287e-06 -2.48648e-06 0
-2.64747e-06 -2.5691e-06 0
-3.19621e-06 -2.43593e-06 0
-2.7563e-06 -2.49713e-06 0
-2.64747e-06 -2.5691e-06 0
-2.17708e-06 -2.55005e-06 0
-2.7563e-06 -2.49713e-06 0
-2.27669e-06 -2.45392e-06 0
-3.19621e-06 -2.43593e-06 0
-2.7563e-06 -2.49713e-06 0
-3.2635e-06 -2.37057e-06 0
-2.82485e-06 -2.40775e-06 0
-2.7563e-06 -2.49713e-06 0
-2.27669e-06 -2.45392e-06 0
-2.82485e-06 -2.40775e-06 0
-2.34301e-06 -2.33926e-06 0
-3.2635e-06 -2.37057e-06 0
-2.82485e-06 -2.40775e-06 0
-3.28602e-06 -2.28839e-06 0
-2.85459e-06 -2.29882e-06 0
-2.82485e-06 -2.40775e-06 0
-2.34301e-06 -2.33926e-06 0
-2.85459e-06 -2.29882e-06 0
-2.37762e-06 -2.20372e-06 0
-3.28602e-06 -2.28839e-06 0
-2.85459e-06 -2.29882e-06 0
-3.26572e-06 -2.1871e-06 0
-2.84757e-06 -2.16818e-06 0
-2.85459e-06 -2.29882e-06 0
-2.37762e-06 -2.20372e-06 0
-2.84757e-06 -2.16818e-06 0
-2.38248e-06 -2.04528e-06 0
-3.26572e-06 -2.1871e-06 0
-2.84757e-06 -2.16818e-06 0
-3.20535e-06 -2.06428e-06 0
-2.80647e-06 -2.01376e-06 0
-2.84757e-06 -2.16818e-06 0
-2.38248e-06 -2.04528e-06 0
-2.80647e-06 -2.01376e-06 0
-2.35998e-06 -1.86234e-06 0
-3.20535e-06 -2.06428e-06 0
-2.80647e-06 -2.01376e-06 0
-3.10843e-06 -1.91752e-06 0
-2.73456e-06 -1.83376e-06 0
-2.80647e-06 -2.01376e-06 0
-2.35998e-06 -1.86234e-06 0
-2.73456e-06 -1.83376e-06 0
-2.31295e-06 -1.65394e-06 0
-3.10843e-06 -1.91752e-06 0
-2.73456e-06 -1.83376e-06 0
-2.97923e-06 -1.74453e-06 0
-2.63574e-06 -1.62672e-06 0
-2.73456e-06 -1.83376e-06 0
-2.31295e-06 -1.65394e-06 0
-2.63574e-06 -1.62672e-06 0
-2.24461e-06 -1.41977e-06 0
-2.97923e-06 -1.74453e-06 0
-2.63574e-06 -1.62672e-06 0
-2.8227e-06 -1.54331e-06 0
-2.51438e-06 -1.39178e-06 0
-2.63574e-06 -1.62672e-06 0
-2.24461e-06 -1.41977e-06 0
-2.51438e-06 -1.39178e-06 0
-2.15843e-06 -1.16042e-06 0
-2.8227e-06 -1.54331e-06 0
-2.51438e-06 -1.39178e-06 0
-2.64434e-06 -1.31235e-06 0
-2.37512e-06 -1.12878e-06 0
-2.51438e-06 -1.39178e-06 0
-2.15843e-06 -1.16042e-06 0
-2.37512e-06 -1.12878e-06 0
-2.05796e-06 -8.77412e-07 0
-2.64434e-06 -1.31235e-06 0
-2.37512e-06 -1.12878e-06 0
-2.44978e-06 -1.05089e-06 0
-2.22253e-06 -8.38573e-07 0
-2.37512e-06 -1.12878e-06 0
-2.05796e-06 -8.77412e-07 0
-2.22253e-06 -8.38573e-07 0
-1.94642e-06 -5.73407e-07 0
-2.44978e-06 -1.05089e-06 0
-2.22253e-06 -8.38573e-07 0
-2.24437e-06 -7.59279e-07 0
-2.06053e-06 -5.23203e-07 0
-2.22253e-06 -8.38573e-07 0
-1.94642e-06 -5.73407e-07 0
-2.06053e-06 -5.23203e-07 0
-1.82625e-06 -2.52219e-07 0
-2.24437e-06 -7.59279e-07 0
-2.06053e-06 -5.23203e-07 0
-2.03231e-06 -4.39348e-07 0
-1.89167e-06 -1.8616e-07 0
-2.06053e-06 -5.23203e-07 0
-1.82625e-06 -2.52219e-07 0
-1.89167e-06 -1.8616e-07 0
-1.69847e-06 8.12136e-08 0
-2.03231e-06 -4.39348e-07 0
-1.89167e-06 -1.8616e-07 0
-1.81558e-06 -9.48024e-08 0
-1.71609e-06 1.67499e-07 0
-1.89167e-06 -1.8616e-07 0
-1.69847e-06 8.12136e-08 0
-1.71609e-06 1.67499e-07 0
-1.56189e-06 4.2104e-07 0
-1.81558e-06 -9.48024e-08 0
-1.71609e-06 1.67499e-07 0
-1.59253e-06 2.6839e-07 0
-1.53035e-06 5.3113e-07 0
-1.71609e-06 1.67499e-07 0
-1.56189e-06 4.2104e-07 0
-1.53035e-06 5.3113e-07 0
-1.41218e-06 7.60901e-07 0
-1.59253e-06 2.6839e-07 0
-1.53035e-06 5.3113e-07 0
-1.35633e-06 6.41689e-07 0
-1.32608e-06 8.96609e-07 0
-1.53035e-06 5.3113e-07 0
-1.41218e-06 7.60901e-07 0
-1.32608e-06 8.96609e-07 0
-1.24075e-06 1.09449e-06 0
-1.35633e-06 6.41689e-07 0
-1.32608e-06 8.96609e-07 0
-1.09345e-06 1.01354e-06 0
-1.0886e-06 1.25426e-06 0
-1.32608e-06 8.96609e-07 0
-1.24075e-06 1.09449e-06 0
-1.0886e-06 1.25426e-06 0
-1.03353e-06 1.41588e-06 0
-1.09345e-06 1.01354e-06 0
-1.0886e-06 1.25426e-06 0
-7.83374e-07 1.36847e-06 0
-7.96252e-07 1.59205e-06 0
-1.0886e-06 1.25426e-06 0
-1.03353e-06 1.41588e-06 0
-7.96252e-07 1.59205e-06 0
-7.69523e-07 1.71903e-06 0
-7.83374e-07 1.36847e-06 0
-7.96252e-07 1.59205e-06 0
-4.02837e-07 1.68347e-06 0
-4.22971e-07 1.8914e-06 0
-7.96252e-07 1.59205e-06 0
-7.69523e-07 1.71903e-06 0
-4.22971e-07 1.8914e-06 0
-4.21029e-07 1.99343e-06 0
-4.02837e-07 1.68347e-06 0
-4.22971e-07 1.8914e-06 0
5.5954e-08 1.92252e-06 0
4.58522e-08 2.11926e-06 0
-4.22971e-07 1.8914e-06 0
-4.21029e-07 1.99343e-06 0
4.58522e-08 2.11926e-06 0
3.60159e-08 2.21406e-06 0
5.5954e-08 1.92252e-06 0
4.58522e-08 2.11926e-06 0
5.40855e-07 2.01681e-06 0
5.65739e-07 2.20282e-06 0
4.58522e-08 2.11926e-06 0
3.60159e-08 2.21406e-06 0
5.65739e-07 2.20282e-06 0
5.7606e-07 2.30768e-06 0
5.40855e-07 2.01681e-06 0
5.65739e-07 2.20282e-06 0
8.81887e-07 1.87242e-06 0
9.5694e-07 2.03452e-06 0
5.65739e-07 2.20282e-06 0
5.7606e-07 2.30768e-06 0
9.5694e-07 2.03452e-06 0
1.02392e-06 2.14702e-06 0
8.81887e-07 1.87242e-06 0
9.5694e-07 2.03452e-06 0
7.91389e-07 1.24433e-06 0
8.82858e-07 1.34507e-06 0
9.5694e-07 2.03452e-06 0
1.02392e-06 2.14702e-06 0
8.82858e-07 1.34507e-06 0
9.84719e-07 1.42735e-06 0
7.91389e-07 1.24433e-06 0
8.82858e-07 1.34507e-06 0
0 0 0
0 0 0
8.82858e-07 1.34507e-06 0
9.84719e-07 1.42735e-06 0
0 0 0
0 0 0
0 0 0
0 0 0
9.6028e-08 -1.42918e-06 0
2.69119e-07 -1.52191e-06 0
0 0 0
0 0 0
2.69119e-07 -1.52191e-06 0
4.97794e-07 -1.61028e-06 0
9.6028e-08 -1.42918e-06 0
2.69119e-07 -1.52191e-06 0
5.35445e-09 -2.23355e-06 0
2.25224e-07 -2.39023e-06 0
2.69119e-07 -1.52191e-06 0
4.97794e-07 -1.61028e-06 0
2.25224e-07 -2.39023e-06 0
4.06485e-07 -2.46584e-06 0
5.35445e-09 -2.23355e-06 0
2.25224e-07 -2.39023e-06 0
-2.26487e-07 -2.59228e-06 0
-1.67301e-09 -2.74276e-06 0
2.25224e-07 -2.39023e-06 0
4.06485e-07 -2.46584e-06 0
-1.67301e-09 -2.74276e-06 0
1.31625e-07 -2.69803e-06 0
-2.26487e-07 -2.59228e-06 0
-1.67301e-09 -2.74276e-06 0
-5.28376e-07 -2.75949e-06 0
-2.89994e-07 -2.86021e-06 0
-1.67301e-09 -2.74276e-06 0
1.31625e-07 -2.69803e-06 0
-2.89994e-07 -2.86021e-06 0
-1.35693e-07 -2.69126e-06 0
-5.28376e-07 -2.75949e-06 0
-2.89994e-07 -2.86021e-06 0
-8.46426e-07 -2.81581e-06 0
-5.75349e-07 -2.8555e-06 0
-2.89994e-07 -2.86021e-06 0
-1.35693e-07 -2.69126e-06 0
-5.75349e-07 -2.8555e-06 0
-3.67333e-07 -2.59578e-06 0
-8.46426e-07 -2.81581e-06 0
-5.75349e-07 -2.8555e-06 0
-1.15031e-06 -2.81845e-06 0
-8.36169e-07 -2.80281e-06 0
-5.75349e-07 -2.8555e-06 0
-3.67333e-07 -2.59578e-06 0
-8.36169e-07 -2.80281e-06 0
-5.63994e-07 -2.48051e-06 0
-1.15031e-06 -2.81845e-06 0
-8.36169e-07 -2.80281e-06 0
-1.42595e-06 -2.79274e-06 0
-1.06628e-06 -2.73103e-06 0
-8.36169e-07 -2.80281e-06 0
-5.63994e-07 -2.48051e-06 0
-1.06628e-06 -2.73103e-06 0
-7.3069e-07 -2.366e-06 0
-1.42595e-06 -2.79274e-06 0
-1.06628e-06 -2.73103e-06 0
-1.66757e-06 -2.75079e-06 0
-1.26494e-06 -2.65143e-06 0
-1.06628e-06 -2.73103e-06 0
-7.3069e-07 -2.366e-06 0
-1.26494e-06 -2.65143e-06 0
-8.72055e-07 -2.25677e-06 0
-1.66757e-06 -2.75079e-06 0
-1.26494e-06 -2.65143e-06 0
-1.87329e-06 -2.69652e-06 0
-1.43315e-06 -2.56584e-06 0
-1.26494e-06 -2.65143e-06 0
-8.72055e-07 -2.25677e-06 0
-1.43315e-06 -2.56584e-06 0
-9.91357e-07 -2.15008e-06 0
-1.87329e-06 -2.69652e-06 0
-1.43315e-06 -2.56584e-06 0
-2.04293e-06 -2.63015e-06 0
-1.57226e-06 -2.47236e-06 0
-1.43315e-06 -2.56584e-06 0
-9.91357e-07 -2.15008e-06 0
-1.57226e-06 -2.47236e-06 0
-1.09082e-06 -2.04119e-06 0
-2.04293e-06 -2.63015e-06 0
-1.57226e-06 -2.47236e-06 0
-2.17708e-06 -2.55005e-06 0
-1.68364e-06 -2.36776e-06 0
-1.57226e-06 -2.47236e-06 0
-1.09082e-06 -2.04119e-06 0
-1.68364e-06 -2.36776e-06 0
-1.17195e-06 -1.92522e-06 0
-2.17708e-06 -2.55005e-06 0
-1.68364e-06 -2.36776e-06 0
-2.27669e-06 -2.45392e-06 0
-1.76857e-06 -2.24861e-06 0
-1.68364e-06 -2.36776e-06 0
-1.17195e-06 -1.92522e-06 0
-1.76857e-06 -2.24861e-06 0
-1.23586e-06 -1.79798e-06 0
-2.27669e-06 -2.45392e-06 0
-1.76857e-06 -2.24861e-06 0
-2.34301e-06 -2.33926e-06 0
-1.82835e-06 -2.11183e-06 0
-1.76857e-06 -2.24861e-06 0
-1.23586e-06 -1.79798e-06 0
-1.82835e-06 -2.11183e-06 0
-1.28347e-06 -1.6563e-06 0
-2.34301e-06 -2.33926e-06 0
-1.82835e-06 -2.11183e-06 0
-2.37762e-06 -2.20372e-06 0
-1.86438e-06 -1.955e-06 0
-1.82835e-06 -2.11183e-06 0
-1.28347e-06 -1.6563e-06 0
-1.86438e-06 -1.955e-06 0
-1.31564e-06 -1.49812e-06 0
-2.37762e-06 -2.20372e-06 0
-1.86438e-06 -1.955e-06 0
-2.38248e-06 -2.04528e-06 0
-1.87825e-06 -1.77644e-06 0
-1.86438e-06 -1.955e-06 0
-1.31564e-06 -1.49812e-06 0
-1.87825e-06 -1.77644e-06 0
-1.3333e-06 -1.32253e-06 0
-2.38248e-06 -2.04528e-06 0
-1.87825e-06 -1.77644e-06 0
-2.35998e-06 -1.86234e-06 0
-1.87179e-06 -1.57533e-06 0
-1.87825e-06 -1.77644e-06 0
-1.3333e-06 -1.32253e-06 0
-1.87179e-06 -1.57533e-06 0
-1.33745e-06 -1.12973e-06 0
-2.35998e-06 -1.86234e-06 0
-1.87179e-06 -1.57533e-06 0
-2.31295e-06 -1.65394e-06 0
-1.84708e-06 -1.35178e-06 0
-1.87179e-06 -1.57533e-06 0
-1.33745e-06 -1.12973e-06 0
-1.84708e-06 -1.35178e-06 0
-1.32921e-06 -9.21031e-07 0
-2.31295e-06 -1.65394e-06 0
-1.84708e-06 -1.35178e-06 0
-2.24461e-06 -1.41977e-06 0
-1.80637e-06 -1.10692e-06 0
-1.84708e-06 -1.35178e-06 0
-1.32921e-06 -9.21031e-07 0
-1.80637e-06 -1.10692e-06 0
-1.30977e-06 -6.98803e-07 0
-2.24461e-06 -1.41977e-06 0
-1.80637e-06 -1.10692e-06 0
-2.15843e-06 -1.16042e-06 0
-1.75203e-06 -8.42902e-07 0
-1.80637e-06 -1.10692e-06 0
-1.30977e-06 -6.98803e-07 0
-1.75203e-06 -8.42902e-07 0
-1.28034e-06 -4.66392e-07 0
-2.15843e-06 -1.16042e-06 0
-1.75203e-06 -8.42902e-07 0
-2.05796e-06 -8.77412e-07 0
-1.68631e-06 -5.62944e-07 0
-1.75203e-06 -8.42902e-07 0
-1.28034e-06 -4.66392e-07 0
-1.68631e-06 -5.62944e-07 0
-1.24198e-06 -2.27977e-07 0
-2.05796e-06 -8.77412e-07 0
-1.68631e-06 -5.62944e-07 0
-1.94642e-06 -5.73407e-07 0
-1.61109e-06 -2.71274e-07 0
-1.68631e-06 -5.62944e-07 0
-1.24198e-06 -2.27977e-07 0
-1.61109e-06 -2.71274e-07 0
-1.19553e-06 1.16541e-08 0
-1.94642e-06 -5.73407e-07 0
-1.61109e-06 -2.71274e-07 0
-1.82625e-06 -2.52219e-07 0
-1.52752e-06 2.70425e-08 0
-1.61109e-06 -2.71274e-07 0
-1.19553e-06 1.16541e-08 0
-1.52752e-06 2.70425e-08 0
-1.14135e-06 2.47458e-07 0
-1.82625e-06 -2.52219e-07 0
-1.52752e-06 2.70425e-08 0
-1.69847e-06 8.12136e-08 0
-1.4356e-06 3.26428e-07 0
-1.52752e-06 2.70425e-08 0
-1.14135e-06 2.47458e-07 0
-1.4356e-06 3.26428e-07 0
-1.07912e-06 4.74637e-07 0
-1.69847e-06 8.12136e-08 0
-1.4356e-06 3.26428e-07 0
-1.56189e-06 4.2104e-07 0
-1.33362e-06 6.2132e-07 0
-1.4356e-06 3.26428e-07 0
-1.07912e-06 4.74637e-07 0
-1.33362e-06 6.2132e-07 0
-1.0076e-06 6.89303e-07 0
-1.56189e-06 4.2104e-07 0
-1.33362e-06 6.2132e-07 0
-1.41218e-06 7.60901e-07 0
-1.21759e-06 9.06916e-07 0
-1.33362e-06 6.2132e-07 0
-1.0076e-06 6.89303e-07 0
-1.21759e-06 9.06916e-07 0
-9.24206e-07 8.89287e-07 0
-1.41218e-06 7.60901e-07 0
-1.21759e-06 9.06916e-07 0
-1.24075e-06 1.09449e-06 0
-1.08036e-06 1.18005e-06 0
-1.21759e-06 9.06916e-07 0
-9.24206e-07 8.89287e-07 0
-1.08036e-06 1.18005e-06 0
-8.24572e-07 1.07505e-06 0
-1.24075e-06 1.09449e-06 0
-1.08036e-06 1.18005e-06 0
-1.03353e-06 1.41588e-06 0
-9.10472e-07 1.4399e-06 0
-1.08036e-06 1.18005e-06 0
-8.24572e-07 1.07505e-06 0
-9.10472e-07 1.4399e-06 0
-7.0148e-07 1.25046e-06 0
-1.03353e-06 1.41588e-06 0
-9.10472e-07 1.4399e-06 0
-7.69523e-07 1.71903e-06 0
-6.90133e-07 1.68801e-06 0
-9.10472e-07 1.4399e-06 0
-7.0148e-07 1.25046e-06 0
-6.90133e-07 1.68801e-06 0
-5.42848e-07 1.42343e-06 0
-7.69523e-07 1.71903e-06 0
-6.90133e-07 1.68801e-06 0
-4.21029e-07 1.99343e-06 0
-3.92818e-07 1.92472e-06 0
-6.90133e-07 1.68801e-06 0
-5.42848e-07 1.42343e-06 0
-3.92818e-07 1.92472e-06 0
-3.27968e-07 1.60438e-06 0
-4.21029e-07 1.99343e-06 0
-3.92818e-07 1.92472e-06 0
3.60159e-08 2.21406e-06 0
1.3741e-08 2.14017e-06 0
-3.92818e-07 1.92472e-06 0
-3.27968e-07 1.60438e-06 0
1.3741e-08 2.14017e-06 0
-2.43561e-08 1.80182e-06 0
3.60159e-08 2.21406e-06 0
1.3741e-08 2.14017e-06 0
5.7606e-07 2.30768e-06 0
5.36332e-07 2.27296e-06 0
1.3741e-08 2.14017e-06 0
-2.43561e-08 1.80182e-06 0
5.36332e-07 2.27296e-06 0
4.01977e-07 1.9899e-06 0
5.7606e-07 2.30768e-06 0
5.36332e-07 2.27296e-06 0
1.02392e-06 2.14702e-06 0
1.03973e-06 2.17662e-06 0
5.36332e-07 2.27296e-06 0
4.01977e-07 1.9899e-06 0
1.03973e-06 2.17662e-06 0
9.17169e-07 2.04279e-06 0
1.02392e-06 2.14702e-06 0
1.03973e-06 2.17662e-06 0
9.84719e-07 1.42735e-06 0
1.07958e-06 1.4796e-06 0
1.03973e-06 2.17662e-06 0
9.17169e-07 2.04279e-06 0
1.07958e-06 1.4796e-06 0
1.11137e-06 1.48554e-06 0
9.84719e-07 1.42735e-06 0
1.07958e-06 1.4796e-06 0
0 0 0
0 0 0
1.07958e-06 1.4796e-06 0
1.11137e-06 1.48554e-06 0
0 0 0
0 0 0
0 0 0
0 0 0
4.97794e-07 -1.61028e-06 0
6.5601e-07 -1.55003e-06 0
0 0 0
0 0 0
6.5601e-07 -1.55003e-06 0
0 0 0
4.97794e-07 -1.61028e-06 0
6.5601e-07 -1.55003e-06 0
4.06485e-07 -2.46584e-06 0
3.45314e-07 -2.02537e-06 0
6.5601e-07 -1.55003e-06 0
0 0 0
3.45314e-07 -2.02537e-06 0
0 0 0
4.06485e-07 -2.46584e-06 0
3.45314e-07 -2.02537e-06 0
1.31625e-07 -2.69803e-06 0
1.01197e-07 -1.98438e-06 0
3.45314e-07 -2.02537e-06 0
0 0 0
1.01197e-07 -1.98438e-06 0
0 0 0
1.31625e-07 -2.69803e-06 0
1.01197e-07 -1.98438e-06 0
-1.35693e-07 -2.69126e-06 0
-7.63023e-08 -1.85837e-06 0
1.01197e-07 -1.98438e-06 0
0 0 0
-7.63023e-08 -1.85837e-06 0
0 0 0
-1.35693e-07 -2.69126e-06 0
-7.63023e-08 -1.85837e-06 0
-3.67333e-07 -2.59578e-06 0
-2.09395e-07 -1.71782e-06 0
-7.63023e-08 -1.85837e-06 0
0 0 0
-2.09395e-07 -1.71782e-06 0
0 0 0
-3.67333e-07 -2.59578e-06 0
-2.09395e-07 -1.71782e-06 0
-5.63994e-07 -2.48051e-06 0
-3.13362e-07 -1.59363e-06 0
-2.09395e-07 -1.71782e-06 0
0 0 0
-3.13362e-07 -1.59363e-06 0
0 0 0
-5.63994e-07 -2.48051e-06 0
-3.13362e-07 -1.59363e-06 0
-7.3069e-07 -2.366e-06 0
-3.98464e-07 -1.48699e-06 0
-3.13362e-07 -1.59363e-06 0
0 0 0
-3.98464e-07 -1.48699e-06 0
0 0 0
-7.3069e-07 -2.366e-06 0
-3.98464e-07 -1.48699e-06 0
-8.72055e-07 -2.25677e-06 0
-4.70069e-07 -1.39359e-06 0
-3.98464e-07 -1.48699e-06 0
0 0 0
-4.70069e-07 -1.39359e-06 0
0 0 0
-8.72055e-07 -2.25677e-06 0
-4.70069e-07 -1.39359e-06 0
-9.91357e-07 -2.15008e-06 0
-5.31132e-07 -1.30709e-06 0
-4.70069e-07 -1.39359e-06 0
0 0 0
-5.31132e-07 -1.30709e-06 0
0 0 0
-9.91357e-07 -2.15008e-06 0
-5.31132e-07 -1.30709e-06 0
-1.09082e-06 -2.04119e-06 0
-5.83167e-07 -1.22174e-06 0
-5.31132e-07 -1.30709e-06 0
0 0 0
-5.83167e-07 -1.22174e-06 0
0 0 0
-1.09082e-06 -2.04119e-06 0
-5.83167e-07 -1.22174e-06 0
-1.17195e-06 -1.92522e-06 0
-6.26954e-07 -1.13289e-06 0
-5.83167e-07 -1.22174e-06 0
0 0 0
-6.26954e-07 -1.13289e-06 0
0 0 0
-1.17195e-06 -1.92522e-06 0
-6.26954e-07 -1.13289e-06 0
-1.23586e-06 -1.79798e-06 0
-6.62888e-07 -1.03715e-06 0
-6.26954e-07 -1.13289e-06 0
0 0 0
-6.62888e-07 -1.03715e-06 0
0 0 0
-1.23586e-06 -1.79798e-06 0
-6.62888e-07 -1.03715e-06 0
-1.28347e-06 -1.6563e-06 0
-6.91192e-07 -9.32429e-07 0
-6.62888e-07 -1.03715e-06 0
0 0 0
-6.91192e-07 -9.32429e-07 0
0 0 0
-1.28347e-06 -1.6563e-06 0
-6.91192e-07 -9.32429e-07 0
-1.31564e-06 -1.49812e-06 0
-7.1203e-07 -8.17746e-07 0
-6.91192e-07 -9.32429e-07 0
0 0 0
-7.1203e-07 -8.17746e-07 0
0 0 0
-1.31564e-06 -1.49812e-06 0
-7.1203e-07 -8.17746e-07 0
-1.3333e-06 -1.32253e-06 0
-7.2558e-07 -6.93191e-07 0
-7.1203e-07 -8.17746e-07 0
0 0 0
-7.2558e-07 -6.93191e-07 0
0 0 0
-1.3333e-06 -1.32253e-06 0
-7.2558e-07 -6.93191e-07 0
-1.33745e-06 -1.12973e-06 0
-7.32058e-07 -5.59788e-07 0
-7.2558e-07 -6.93191e-07 0
0 0 0
-7.32058e-07 -5.59788e-07 0
0 0 0
-1.33745e-06 -1.12973e-06 0
-7.32058e-07 -5.59788e-07 0
-1.32921e-06 -9.21031e-07 0
-7.31738e-07 -4.1939e-07 0
-7.32058e-07 -5.59788e-07 0
0 0 0
-7.31738e-07 -4.1939e-07 0
0 0 0
-1.32921e-06 -9.21031e-07 0
-7.31738e-07 -4.1939e-07 0
-1.30977e-06 -6.98803e-07 0
-7.2494e-07 -2.7454e-07 0
-7.31738e-07 -4.1939e-07 0
0 0 0
-7.2494e-07 -2.7454e-07 0
0 0 0
-1.30977e-06 -6.98803e-07 0
-7.2494e-07 -2.7454e-07 0
-1.28034e-06 -4.66392e-07 0
-7.12008e-07 -1.28319e-07 0
-7.2494e-07 -2.7454e-07 0
0 0 0
-7.12008e-07 -1.28319e-07 0
0 0 0
-1.28034e-06 -4.66392e-07 0
-7.12008e-07 -1.28319e-07 0
-1.24198e-06 -2.27977e-07 0
-6.93274e-07 1.58736e-08 0
-7.12008e-07 -1.28319e-07 0
0 0 0
-6.93274e-07 1.58736e-08 0
0 0 0
-1.24198e-06 -2.27977e-07 0
-6.93274e-07 1.58736e-08 0
-1.19553e-06 1.16541e-08 0
-6.69013e-07 1.54578e-07 0
-6.93274e-07 1.58736e-08 0
0 0 0
-6.69013e-07 1.54578e-07 0
0 0 0
-1.19553e-06 1.16541e-08 0
-6.69013e-07 1.54578e-07 0
-1.14135e-06 2.47458e-07 0
-6.3938e-07 2.84617e-07 0
-6.69013e-07 1.54578e-07 0
0 0 0
-6.3938e-07 2.84617e-07 0
0 0 0
-1.14135e-06 2.47458e-07 0
-6.3938e-07 2.84617e-07 0
-1.07912e-06 4.74637e-07 0
-6.04344e-07 4.03507e-07 0
-6.3938e-07 2.84617e-07 0
0 0 0
-6.04344e-07 4.03507e-07 0
0 0 0
-1.07912e-06 4.74637e-07 0
-6.04344e-07 4.03507e-07 0
-1.0076e-06 6.89303e-07 0
-5.63589e-07 5.09932e-07 0
-6.04344e-07 4.03507e-07 0
0 0 0
-5.63589e-07 5.09932e-07 0
0 0 0
-1.0076e-06 6.89303e-07 0
-5.63589e-07 5.09932e-07 0
-9.24206e-07 8.89287e-07 0
-5.16372e-07 6.04259e-07 0
-5.63589e-07 5.09932e-07 0
0 0 0
-5.16372e-07 6.04259e-07 0
0 0 0
-9.24206e-07 8.89287e-07 0
-5.16372e-07 6.04259e-07 0
-8.24572e-07 1.07505e-06 0
-4.61238e-07 6.89078e-07 0
-5.16372e-07 6.04259e-07 0
0 0 0
-4.61238e-07 6.89078e-07 0
0 0 0
-8.24572e-07 1.07505e-06 0
-4.61238e-07 6.89078e-07 0
-7.0148e-07 1.25046e-06 0
-3.95449e-07 7.69688e-07 0
-4.61238e-07 6.89078e-07 0
0 0 0
-3.95449e-07 7.69688e-07 0
0 0 0
-7.0148e-07 1.25046e-06 0
-3.95449e-07 7.69688e-07 0
-5.42848e-07 1.42343e-06 0
-3.13628e-07 8.54841e-07 0
-3.95449e-07 7.69688e-07 0
0 0 0
-3.13628e-07 8.54841e-07 0
0 0 0
-5.42848e-07 1.42343e-06 0
-3.13628e-07 8.54841e-07 0
-3.27968e-07 1.60438e-06 0
-2.05393e-07 9.56957e-07 0
-3.13628e-07 8.54841e-07 0
0 0 0
-2.05393e-07 9.56957e-07 0
0 0 0
-3.27968e-07 1.60438e-06 0
-2.05393e-07 9.56957e-07 0
-2.43561e-08 1.80182e-06 0
-5.03001e-08 1.09478e-06 0
-2.05393e-07 9.56957e-07 0
0 0 0
-5.03001e-08 1.09478e-06 0
0 0 0
-2.43561e-08 1.80182e-06 0
-5.03001e-08 1.09478e-06 0
4.01977e-07 1.9899e-06 0
1.8193e-07 1.27787e-06 0
-5.03001e-08 1.09478e-06 0
0 0 0
1.8193e-07 1.27787e-06 0
0 0 0
4.01977e-07 1.9899e-06 0
1.8193e-07 1.27787e-06 0
9.17169e-07 2.04279e-06 0
5.25573e-07 1.49959e-06 0
1.8193e-07 1.27787e-06 0
0 0 0
5.25573e-07 1.49959e-06 0
0 0 0
9.17169e-07 2.04279e-06 0
5.25573e-07 1.49959e-06 0
1.11137e-06 1.48554e-06 0
9.2043e-07 1.3521e-06 0
5.25573e-07 1.49959e-06 0
0 0 0
9.2043e-07 1.3521e-06 0
0 0 0
1.11137e-06 1.48554e-06 0
9.2043e-07 1.3521e-06 0
0 0 0
0 0 0
9.2043e-07 1.3521e-06 0
0 0 0
0 0 0
0 0 0
SCALARS pressure double 1
LOOKUP_TABLE default
-2.79089e-05 1.10326e-05 0.0923914 0.091988 1.10326e-05 2.32808e-06 0.091988 0.0908126 0.0923914 0.091988 0.184 0.183217 0.091988 0.0908126 0.183217 0.180869 0.184 0.183217 0.274043 0.272874 0.183217 0.180869 0.272874 0.269377 0.274043 0.272874 0.361747 0.360204 0.272874 0.269377 0.360204 0.355588 0.361747 0.360204 0.446365 0.444461 0.360204 0.355588 0.444461 0.438765 0.446365 0.444461 0.527175 0.524926 0.444461 0.438765 0.524926 0.518199 0.527175 0.524926 0.603487 0.600913 0.524926 0.518199 0.600913 0.593212 0.603487 0.600913 0.67465 0.671772 0.600913 0.593212 0.671772 0.663163 0.67465 0.671772 0.740057 0.736901 0.671772 0.663163 0.736901 0.727457 0.740057 0.736901 0.799151 0.795742 0.736901 0.727457 0.795742 0.785544 0.799151 0.795742 0.851426 0.847794 0.795742 0.785544 0.847794 0.836929 0.851426 0.847794 0.896437 0.892613 0.847794 0.836929 0.892613 0.881173 0.896437 0.892613 0.933799 0.929816 0.892613 0.881173 0.929816 0.9179 0.933799 0.929816 0.963195 0.959086 0.929816 0.9179 0.959086 0.946795 0.963195 0.959086 0.984373 0.980174 0.959086 0.946795 0.980174 0.967612 0.984373 0.980174 0.997153 0.992899 0.980174 0.967612 0.992899 0.980174 0.997153 0.992899 1.00142 0.997153 0.992899 0.980174 0.997153 0.984374 1.00142 0.997153 0.997153 0.992899 0.997153 0.984374 0.992899 0.980174 0.997153 0.992899 0.984373 0.980174 0.992899 0.980174 0.980174 0.967612 0.984373 0.980174 0.963195 0.959086 0.980174 0.967612 0.959086 0.946795 0.963195 0.959086 0.933799 0.929816 0.959086 0.946795 0.929816 0.9179 0.933799 0.929816 0.896437 0.892613 0.929816 0.9179 0.892613 0.881173 0.896437 0.892613 0.851426 0.847794 0.892613 0.881173 0.847794 0.836929 0.851426 0.847794 0.799151 0.795742 0.847794 0.836929 0.795742 0.785544 0.799151 0.795742 0.740058 0.736901 0.795742 0.785544 0.736901 0.727457 0.740058 0.736901 0.674651 0.671773 0.736901 0.727457 0.671773 0.663164 0.674651 0.671773 0.603488 0.600913 0.671773 0.663164 0.600913 0.593212 0.603488 0.600913 0.527176 0.524927 0.600913 0.593212 0.524927 0.5182 0.527176 0.524927 0.446366 0.444462 0.524927 0.5182 0.444462 0.438766 0.446366 0.444462 0.361748 0.360205 0.444462 0.438766 0.360205 0.355589 0.361748 0.360205 0.274044 0.272875 0.360205 0.355589 0.272875 0.269378 0.274044 0.272875 0.184001 0.183219 0.272875 0.269378 0.183219 0.18087 0.184001 0.183219 0.0923929 0.0919895 0.183219 0.18087 0.0919895 0.0908136 0.0923929 0.0919895 -2.55856e-05 1.25089e-05 0.0919895 0.0908136 1.25089e-05 3.49201e-06 2.32808e-06 5.7234e-06 0.0908126 0.088859 5.7234e-06 5.59798e-06 0.088859 0.086148 0.0908126 0.088859 0.180869 0.176979 0.088859 0.086148 0.176979 0.171578 0.180869 0.176979 0.269377 0.263582 0.176979 0.171578 0.263582 0.255539 0.269377 0.263582 0.355588 0.347939 0.263582 0.255539 0.347939 0.337321 0.355588 0.347939 0.438765 0.429326 0.347939 0.337321 0.429326 0.416224 0.438765 0.429326 0.518199 0.507051 0.429326 0.416224 0.507051 0.491577 0.518199 0.507051 0.593212 0.58045 0.507051 0.491577 0.58045 0.562736 0.593212 0.58045 0.663163 0.648896 0.58045 0.562736 0.648896 0.629094 0.663163 0.648896 0.727457 0.711807 0.648896 0.629094 0.711807 0.690084 0.727457 0.711807 0.785544 0.768644 0.711807 0.690084 0.768644 0.745187 0.785544 0.768644 0.836929 0.818924 0.768644 0.745187 0.818924 0.793932 0.836929 0.818924 0.881173 0.862216 0.818924 0.793932 0.862216 0.835903 0.881173 0.862216 0.9179 0.898153 0.862216 0.835903 0.898153 0.870743 0.9179 0.898153 0.946795 0.926426 0.898153 0.870743 0.926426 0.898154 0.946795 0.926426 0.967612 0.946796 0.926426 0.898154 0.946796 0.917901 0.967612 0.946796 0.980174 0.959087 0.946796 0.917901 0.959087 0.929818 0.980174 0.959087 0.984374 0.963196 0.959087 0.929818 0.963196 0.933801 0.984374 0.963196 0.980174 0.959087 0.963196 0.933801 0.959087 0.929818 0.980174 0.959087 0.967612 0.946796 0.959087 0.929818 0.946796 0.917901 0.967612 0.946796 0.946795 0.926426 0.946796 0.917901 0.926426 0.898154 0.946795 0.926426 0.9179 0.898153 0.926426 0.898154 0.898153 0.870743 0.9179 0.898153 0.881173 0.862216 0.898153 0.870743 0.862216 0.835903 0.881173 0.862216 0.836929 0.818924 0.862216 0.835903 0.818924 0.793932 0.836929 0.818924 0.785544 0.768644 0.818924 0.793932 0.768644 0.745187 0.785544 0.768644 0.727457 0.711807 0.768644 0.745187 0.711807 0.690084 0.727457 0.711807 0.663164 0.648897 0.711807 0.690084 0.648897 0.629094 0.663164 0.648897 0.593212 0.58045 0.648897 0.629094 0.58045 0.562736 0.593212 0.58045 0.5182 0.507051 0.58045 0.562736 0.507051 0.491577 0.5182 0.507051 0.438766 0.429327 0.507051 0.491577 0.429327 0.416225 0.438766 0.429327 0.355589 0.347939 0.429327 0.416225 0.347939 0.337321 0.355589 0.347939 0.269378 0.263583 0.347939 0.337321 0.263583 0.255539 0.269378 0.263583 0.18087 0.176979 0.263583 0.255539 0.176979 0.171578 0.18087 0.176979 0.0908136 0.0888596 0.176979 0.171578 0.0888596 0.0861483 0.0908136 0.0888596 3.49201e-06 6.32443e-06 0.0888596 0.0861483 6.32443e-06 5.80056e-06 5.59798e-06 6.26913e-06 0.086148 0.0827018 6.26913e-06 6.56389e-06 0.0827018 0.07855 0.086148 0.0827018 0.171578 0.164714 0.0827018 0.07855 0.164714 0.156444 0.171578 0.164714 0.255539 0.245315 0.164714 0.156444 0.245315 0.232998 0.255539 0.245315 0.337321 0.323825 0.245315 0.232998 0.323825 0.307566 0.337321 0.323825 0.416224 0.399571 0.323825 0.307566 0.399571 0.379509 0.416224 0.399571 0.491577 0.471909 0.399571 0.379509 0.471909 0.448215 0.491577 0.471909 0.562736 0.540221 0.471909 0.448215 0.540221 0.513097 0.562736 0.540221 0.629094 0.603923 0.540221 0.513097 0.603923 0.573601 0.629094 0.603923 0.690084 0.662474 0.603923 0.573601 0.662474 0.629211 0.690084 0.662474 0.745187 0.715372 0.662474 0.629211 0.715372 0.679454 0.745187 0.715372 0.793932 0.762167 0.715372 0.679454 0.762167 0.723899 0.793932 0.762167 0.835903 0.802459 0.762167 0.723899 0.802459 0.762168 0.835903 0.802459 0.870743 0.835904 0.802459 0.762168 0.835904 0.793934 0.870743 0.835904 0.898154 0.862218 0.835904 0.793934 0.862218 0.818927 0.898154 0.862218 0.917901 0.881176 0.862218 0.818927 0.881176 0.836933 0.917901 0.881176 0.929818 0.892616 0.881176 0.836933 0.892616 0.847798 0.929818 0.892616 0.933801 0.89644 0.892616 0.847798 0.89644 0.85143 0.933801 0.89644 0.929818 0.892616 0.89644 0.85143 0.892616 0.847798 0.929818 0.892616 0.917901 0.881176 0.892616 0.847798 0.881176 0.836933 0.917901 0.881176 0.898154 0.862218 0.881176 0.836933 0.862218 0.818927 0.898154 0.862218 0.870743 0.835904 0.862218 0.818927 0.835904 0.793934 0.870743 0.835904 0.835903 0.802459 0.835904 0.793934 0.802459 0.762168 0.835903 0.802459 0.793932 0.762167 0.802459 0.762168 0.762167 0.723899 0.793932 0.762167 0.745187 0.715372 0.762167 0.723899 0.715372 0.679454 0.745187 0.715372 0.690084 0.662474 0.715372 0.679454 0.662474 0.629211 0.690084 0.662474 0.629094 0.603924 0.662474 0.629211 0.603924 0.573601 0.629094 0.603924 0.562736 0.540221 0.603924 0.573601 0.540221 0.513097 0.562736 0.540221 0.491577 0.471909 0.540221 0.513097 0.471909 0.448215 0.491577 0.471909 0.416225 0.399571 0.471909 0.448215 0.399571 0.379509 0.416225 0.399571 0.337321 0.323825 0.399571 0.379509 0.323825 0.307566 0.337321 0.323825 0.255539 0.245315 0.323825 0.307566 0.245315 0.232998 0.255539 0.245315 0.171578 0.164714 0.245315 0.232998 0.164714 0.156444 0.171578 0.164714 0.0861483 0.0827018 0.164714 0.156444 0.0827018 0.0785497 0.0861483 0.0827018 5.80056e-06 6.13449e-06 0.0827018 0.0785497 6.13449e-06 6.19029e-06 6.56389e-06 6.79668e-06 0.07855 0.073728 6.79668e-06 6.87127e-06 0.073728 0.0682769 0.07855 0.073728 0.156444 0.14684 0.073728 0.0682769 0.14684 0.135983 0.156444 0.14684 0.232998 0.218694 0.14684 0.135983 0.218694 0.202523 0.232998 0.218694 0.307566 0.288683 0.218694 0.202523 0.288683 0.267338 0.307566 0.288683 0.379509 0.35621 0.288683 0.267338 0.35621 0.329871 0.379509 0.35621 0.448215 0.420697 0.35621 0.329871 0.420697 0.38959 0.448215 0.420697 0.513097 0.481595 0.420697 0.38959 0.481595 0.445985 0.513097 0.481595 0.573601 0.538385 0.481595 0.445985 0.538385 0.498575 0.573601 0.538385 0.629211 0.590581 0.538385 0.498575 0.590581 0.546912 0.629211 0.590581 0.679454 0.637739 0.590581 0.546912 0.637739 0.590583 0.679454 0.637739 0.723899 0.679455 0.637739 0.590583 0.679455 0.629214 0.723899 0.679455 0.762168 0.715375 0.679455 0.629214 0.715375 0.662478 0.762168 0.715375 0.793934 0.745191 0.715375 0.662478 0.745191 0.690089 0.793934 0.745191 0.818927 0.768649 0.745191 0.690089 0.768649 0.711813 0.818927 0.768649 0.836933 0.785549 0.768649 0.711813 0.785549 0.727464 0.836933 0.785549 0.847798 0.795748 0.785549 0.727464 0.795748 0.736908 0.847798 0.795748 0.85143 0.799157 0.795748 0.736908 0.799157 0.740065 0.85143 0.799157 0.847798 0.795748 0.799157 0.740065 0.795748 0.736908 0.847798 0.795748 0.836933 0.785549 0.795748 0.736908 0.785549 0.727464 0.836933 0.785549 0.818927 0.768649 0.785549 0.727464 0.768649 0.711813 0.818927 0.768649 0.793934 0.745191 0.768649 0.711813 0.745191 0.690089 0.793934 0.745191 0.762168 0.715375 0.745191 0.690089 0.715375 0.662478 0.762168 0.715375 0.723899 0.679455 0.715375 0.662478 0.679455 0.629214 0.723899 0.679455 0.679454 0.637738 0.679455 0.629214 0.637738 0.590582 0.679454 0.637738 0.629211 0.590581 0.637738 0.590582 0.590581 0.546912 0.629211 0.590581 0.573601 0.538385 0.590581 0.546912 0.538385 0.498575 0.573601 0.538385 0.513097 0.481595 0.538385 0.498575 0.481595 0.445985 0.513097 0.481595 0.448215 0.420697 0.481595 0.445985 0.420697 0.38959 0.448215 0.420697 0.379509 0.35621 0.420697 0.38959 0.35621 0.329871 0.379509 0.35621 0.307566 0.288683 0.35621 0.329871 0.288683 0.267337 0.307566 0.288683 0.232998 0.218693 0.288683 0.267337 0.218693 0.202523 0.232998 0.218693 0.156444 0.146839 0.218693 0.202523 0.146839 0.135982 0.156444 0.146839 0.0785497 0.0737275 0.146839 0.135982 0.0737275 0.0682763 0.0785497 0.0737275 6.19029e-06 6.25611e-06 0.0737275 0.0682763 6.25611e-06 6.22862e-06 6.87127e-06 6.80429e-06 0.0682769 0.0622431 6.80429e-06 6.58214e-06 0.0622431 0.0556783 0.0682769 0.0622431 0.135983 0.123965 0.0622431 0.0556783 0.123965 0.11089 0.135983 0.123965 0.202523 0.184625 0.123965 0.11089 0.184625 0.165151 0.202523 0.184625 0.267338 0.243711 0.184625 0.165151 0.243711 0.218005 0.267338 0.243711 0.329871 0.300718 0.243711 0.218005 0.300718 0.268999 0.329871 0.300718 0.38959 0.355159 0.300718 0.268999 0.355159 0.317698 0.38959 0.355159 0.445985 0.40657 0.355159 0.317698 0.40657 0.363686 0.445985 0.40657 0.498575 0.454512 0.40657 0.363686 0.454512 0.406571 0.498575 0.454512 0.546912 0.498577 0.454512 0.406571 0.498577 0.445988 0.546912 0.498577 0.590583 0.538388 0.498577 0.445988 0.538388 0.4816 0.590583 0.538388 0.629214 0.573606 0.538388 0.4816 0.573606 0.513103 0.629214 0.573606 0.662478 0.603929 0.573606 0.513103 0.603929 0.540228 0.662478 0.603929 0.690089 0.629101 0.603929 0.540228 0.629101 0.562744 0.690089 0.629101 0.711813 0.648904 0.629101 0.562744 0.648904 0.58046 0.711813 0.648904 0.727464 0.663172 0.648904 0.58046 0.663172 0.593222 0.727464 0.663172 0.736908 0.671782 0.663172 0.593222 0.671782 0.600924 0.736908 0.671782 0.740065 0.67466 0.671782 0.600924 0.67466 0.603498 0.740065 0.67466 0.736908 0.671782 0.67466 0.603498 0.671782 0.600924 0.736908 0.671782 0.727464 0.663172 0.671782 0.600924 0.663172 0.593222 0.727464 0.663172 0.711813 0.648904 0.663172 0.593222 0.648904 0.580459 0.711813 0.648904 0.690089 0.629101 0.648904 0.580459 0.629101 0.562744 0.690089 0.629101 0.662478 0.603929 0.629101 0.562744 0.603929 0.540228 0.662478 0.603929 0.629214 0.573606 0.603929 0.540228 0.573606 0.513103 0.629214 0.573606 0.590582 0.538388 0.573606 0.513103 0.538388 0.4816 0.590582 0.538388 0.546912 0.498577 0.538388 0.4816 0.498577 0.445988 0.546912 0.498577 0.498575 0.454512 0.498577 0.445988 0.454512 0.406571 0.498575 0.454512 0.445985 0.40657 0.454512 0.406571 0.40657 0.363686 0.445985 0.40657 0.38959 0.355159 0.40657 0.363686 0.355159 0.317697 0.38959 0.355159 0.329871 0.300717 0.355159 0.317697 0.300717 0.268998 0.329871 0.300717 0.267337 0.243711 0.300717 0.268998 0.243711 0.218005 0.267337 0.243711 0.202523 0.184625 0.243711 0.218005 0.184625 0.165151 0.202523 0.184625 0.135982 0.123964 0.184625 0.165151 0.123964 0.110889 0.135982 0.123964 0.0682763 0.0622425 0.123964 0.110889 0.0622425 0.0556776 0.0682763 0.0622425 6.22862e-06 6.10965e-06 0.0622425 0.0556776 6.10965e-06 5.87414e-06 6.58214e-06 6.20069e-06 0.0556783 0.0486383 6.20069e-06 5.65463e-06 0.0486383 0.0411832 0.0556783 0.0486383 0.11089 0.0968684 0.0486383 0.0411832 0.0968684 0.0820204 0.11089 0.0968684 0.165151 0.144269 0.0968684 0.0820204 0.144269 0.122155 0.165151 0.144269 0.218005 0.190439 0.144269 0.122155 0.190439 0.161248 0.218005 0.190439 0.268999 0.234985 0.190439 0.161248 0.234985 0.198966 0.268999 0.234985 0.317698 0.277526 0.234985 0.198966 0.277526 0.234986 0.317698 0.277526 0.363686 0.317699 0.277526 0.234986 0.317699 0.269002 0.363686 0.317699 0.406571 0.355162 0.317699 0.269002 0.355162 0.300722 0.406571 0.355162 0.445988 0.389594 0.355162 0.300722 0.389594 0.329877 0.445988 0.389594 0.4816 0.420703 0.389594 0.329877 0.420703 0.356217 0.4816 0.420703 0.513103 0.448223 0.420703 0.356217 0.448223 0.379518 0.513103 0.448223 0.540228 0.471918 0.448223 0.379518 0.471918 0.399582 0.540228 0.471918 0.562744 0.491587 0.471918 0.399582 0.491587 0.416236 0.562744 0.491587 0.58046 0.507062 0.491587 0.416236 0.507062 0.429339 0.58046 0.507062 0.593222 0.518211 0.507062 0.429339 0.518211 0.438779 0.593222 0.518211 0.600924 0.524939 0.518211 0.438779 0.524939 0.444475 0.600924 0.524939 0.603498 0.527188 0.524939 0.444475 0.527188 0.44638 0.603498 0.527188 0.600924 0.524939 0.527188 0.44638 0.524939 0.444475 0.600924 0.524939 0.593222 0.518211 0.524939 0.444475 0.518211 0.438779 0.593222 0.518211 0.580459 0.507062 0.518211 0.438779 0.507062 0.429339 0.580459 0.507062 0.562744 0.491587 0.507062 0.429339 0.491587 0.416236 0.562744 0.491587 0.540228 0.471918 0.491587 0.416236 0.471918 0.399582 0.540228 0.471918 0.513103 0.448223 0.471918 0.399582 0.448223 0.379518 0.513103 0.448223 0.4816 0.420703 0.448223 0.379518 0.420703 0.356217 0.4816 0.420703 0.445988 0.389594 0.420703 0.356217 0.389594 0.329877 0.445988 0.389594 0.406571 0.355162 0.389594 0.329877 0.355162 0.300722 0.406571 0.355162 0.363686 0.317699 0.355162 0.300722 0.317699 0.269001 0.363686 0.317699 0.317697 0.277525 0.317699 0.269001 0.277525 0.234986 0.317697 0.277525 0.268998 0.234984 0.277525 0.234986 0.234984 0.198966 0.268998 0.234984 0.218005 0.190439 0.234984 0.198966 0.190439 0.161248 0.218005 0.190439 0.165151 0.144268 0.190439 0.161248 0.144268 0.122155 0.165151 0.144268 0.110889 0.0968678 0.144268 0.122155 0.0968678 0.0820199 0.110889 0.0968678 0.0556776 0.0486377 0.0968678 0.0820199 0.0486377 0.0411826 0.0556776 0.0486377 5.87414e-06 5.50704e-06 0.0486377 0.0411826 5.50704e-06 4.99421e-06 5.65463e-06 4.94088e-06 0.0411832 0.0333767 4.94088e-06 4.0583e-06 0.0333767 0.0252852 0.0411832 0.0333767 0.0820204 0.0664726 0.0333767 0.0252852 0.0664726 0.0503575 0.0820204 0.0664726 0.122155 0.0989992 0.0664726 0.0503575 0.0989992 0.0749985 0.122155 0.0989992 0.161248 0.130682 0.0989992 0.0749985 0.130682 0.0990002 0.161248 0.130682 0.198966 0.16125 0.130682 0.0990002 0.16125 0.122157 0.198966 0.16125 0.234986 0.190442 0.16125 0.122157 0.190442 0.144272 0.234986 0.190442 0.269002 0.218009 0.190442 0.144272 0.218009 0.165156 0.269002 0.218009 0.300722 0.243716 0.218009 0.165156 0.243716 0.184631 0.300722 0.243716 0.329877 0.267345 0.243716 0.184631 0.267345 0.202531 0.329877 0.267345 0.356217 0.288692 0.267345 0.202531 0.288692 0.218704 0.356217 0.288692 0.379518 0.307576 0.288692 0.218704 0.307576 0.23301 0.379518 0.307576 0.399582 0.323836 0.307576 0.23301 0.323836 0.245328 0.399582 0.323836 0.416236 0.337334 0.323836 0.245328 0.337334 0.255553 0.416236 0.337334 0.429339 0.347953 0.337334 0.255553 0.347953 0.263598 0.429339 0.347953 0.438779 0.355603 0.347953 0.263598 0.355603 0.269394 0.438779 0.355603 0.444475 0.36022 0.355603 0.269394 0.36022 0.272891 0.444475 0.36022 0.44638 0.361763 0.36022 0.272891 0.361763 0.27406 0.44638 0.361763 0.444475 0.36022 0.361763 0.27406 0.36022 0.272891 0.444475 0.36022 0.438779 0.355603 0.36022 0.272891 0.355603 0.269394 0.438779 0.355603 0.429339 0.347953 0.355603 0.269394 0.347953 0.263598 0.429339 0.347953 0.416236 0.337333 0.347953 0.263598 0.337333 0.255553 0.416236 0.337333 0.399582 0.323836 0.337333 0.255553 0.323836 0.245328 0.399582 0.323836 0.379518 0.307576 0.323836 0.245328 0.307576 0.23301 0.379518 0.307576 0.356217 0.288692 0.307576 0.23301 0.288692 0.218703 0.356217 0.288692 0.329877 0.267344 0.288692 0.218703 0.267344 0.202531 0.329877 0.267344 0.300722 0.243716 0.267344 0.202531 0.243716 0.184631 0.300722 0.243716 0.269001 0.218009 0.243716 0.184631 0.218009 0.165156 0.269001 0.218009 0.234986 0.190441 0.218009 0.165156 0.190441 0.144272 0.234986 0.190441 0.198966 0.161249 0.190441 0.144272 0.161249 0.122157 0.198966 0.161249 0.161248 0.130681 0.161249 0.122157 0.130681 0.0989998 0.161248 0.130681 0.122155 0.0989987 0.130681 0.0989998 0.0989987 0.074998 0.122155 0.0989987 0.0820199 0.0664721 0.0989987 0.074998 0.0664721 0.050357 0.0820199 0.0664721 0.0411826 0.0333761 0.0664721 0.050357 0.0333761 0.0252847 0.0411826 0.0333761 4.99421e-06 4.32547e-06 0.0333761 0.0252847 4.32547e-06 3.4942e-06 4.0583e-06 3.00834e-06 0.0252852 0.0169779 3.00834e-06 1.79543e-06 0.0169779 0.00852566 0.0252852 0.0169779 0.0503575 0.0338126 0.0169779 0.00852566 0.0338126 0.0169792 0.0503575 0.0338126 0.0749985 0.0503578 0.0338126 0.0169792 0.0503578 0.0252874 0.0749985 0.0503578 0.0990002 0.0664738 0.0503578 0.0252874 0.0664738 0.0333801 0.0990002 0.0664738 0.122157 0.0820226 0.0664738 0.0333801 0.0820226 0.0411881 0.122157 0.0820226 0.144272 0.0968718 0.0820226 0.0411881 0.0968718 0.0486448 0.144272 0.0968718 0.165156 0.110895 0.0968718 0.0486448 0.110895 0.0556865 0.165156 0.110895 0.184631 0.123971 0.110895 0.0556865 0.123971 0.0622532 0.184631 0.123971 0.202531 0.13599 0.123971 0.0622532 0.13599 0.0682888 0.202531 0.13599 0.218704 0.146849 0.13599 0.0682888 0.146849 0.0737419 0.218704 0.146849 0.23301 0.156455 0.146849 0.0737419 0.156455 0.0785658 0.23301 0.156455 0.245328 0.164726 0.156455 0.0785658 0.164726 0.0827193 0.245328 0.164726 0.255553 0.171592 0.164726 0.0827193 0.171592 0.0861672 0.255553 0.171592 0.263598 0.176994 0.171592 0.0861672 0.176994 0.0888798 0.263598 0.176994 0.269394 0.180886 0.176994 0.0888798 0.180886 0.0908341 0.269394 0.180886 0.272891 0.183234 0.180886 0.0908341 0.183234 0.0920134 0.272891 0.183234 0.27406 0.184019 0.183234 0.0920134 0.184019 0.0924076 0.27406 0.184019 0.272891 0.183234 0.184019 0.0924076 0.183234 0.0920134 0.272891 0.183234 0.269394 0.180885 0.183234 0.0920134 0.180885 0.0908341 0.269394 0.180885 0.263598 0.176994 0.180885 0.0908341 0.176994 0.0888797 0.263598 0.176994 0.255553 0.171592 0.176994 0.0888797 0.171592 0.0861671 0.255553 0.171592 0.245328 0.164726 0.171592 0.0861671 0.164726 0.0827192 0.245328 0.164726 0.23301 0.156455 0.164726 0.0827192 0.156455 0.0785656 0.23301 0.156455 0.218703 0.146849 0.156455 0.0785656 0.146849 0.0737417 0.218703 0.146849 0.202531 0.13599 0.146849 0.0737417 0.13599 0.0682886 0.202531 0.13599 0.184631 0.123971 0.13599 0.0682886 0.123971 0.062253 0.184631 0.123971 0.165156 0.110894 0.123971 0.062253 0.110894 0.0556862 0.165156 0.110894 0.144272 0.0968715 0.110894 0.0556862 0.0968715 0.0486445 0.144272 0.0968715 0.122157 0.0820222 0.0968715 0.0486445 0.0820222 0.0411877 0.122157 0.0820222 0.0989998 0.0664734 0.0820222 0.0411877 0.0664734 0.0333797 0.0989998 0.0664734 0.074998 0.0503574 0.0664734 0.0333797 0.0503574 0.025287 0.074998 0.0503574 0.050357 0.0338122 0.0503574 0.025287 0.0338122 0.0169788 0.050357 0.0338122 0.0252847 0.0169775 0.0338122 0.0169788 0.0169775 0.00852523 0.0252847 0.0169775 3.4942e-06 2.49773e-06 0.0169775 0.00852523 2.49773e-06 1.33749e-06 1.79543e-06 4.27357e-07 0.00852566 5.08425e-07 4.27357e-07 -1.08455e-06 5.08425e-07 -0.00852479 0.00852566 5.08425e-07 0.0169792 7.23242e-07 5.08425e-07 -0.00852479 7.23242e-07 -0.0169779 0.0169792 7.23242e-07 0.0252874 1.06044e-06 7.23242e-07 -0.0169779 1.06044e-06 -0.0252854 0.0252874 1.06044e-06 0.0333801 1.50725e-06 1.06044e-06 -0.0252854 1.50725e-06 -0.0333772 0.0333801 1.50725e-06 0.0411881 2.04474e-06 1.50725e-06 -0.0333772 2.04474e-06 -0.0411841 0.0411881 2.04474e-06 0.0486448 2.65274e-06 2.04474e-06 -0.0411841 2.65274e-06 -0.0486396 0.0486448 2.65274e-06 0.0556865 3.30974e-06 2.65274e-06 -0.0486396 3.30974e-06 -0.05568 0.0556865 3.30974e-06 0.0622532 3.99385e-06 3.30974e-06 -0.05568 3.99385e-06 -0.0622454 0.0622532 3.99385e-06 0.0682888 4.68273e-06 3.99385e-06 -0.0622454 4.68273e-06 -0.0682796 0.0682888 4.68273e-06 0.0737419 5.35396e-06 4.68273e-06 -0.0682796 5.35396e-06 -0.0737313 0.0737419 5.35396e-06 0.0785658 5.98557e-06 5.35396e-06 -0.0737313 5.98557e-06 -0.0785539 0.0785658 5.98557e-06 0.0827193 6.5568e-06 5.98557e-06 -0.0785539 6.5568e-06 -0.0827064 0.0827193 6.5568e-06 0.0861672 7.0489e-06 6.5568e-06 -0.0827064 7.0489e-06 -0.0861532 0.0861672 7.0489e-06 0.0888798 7.44576e-06 7.0489e-06 -0.0861532 7.44576e-06 -0.0888651 0.0888798 7.44576e-06 0.0908341 7.73439e-06 7.44576e-06 -0.0888651 7.73439e-06 -0.0908188 0.0908341 7.73439e-06 0.0920134 7.90537e-06 7.73439e-06 -0.0908188 7.90537e-06 -0.0919977 0.0920134 7.90537e-06 0.0924076 7.95301e-06 7.90537e-06 -0.0919977 7.95301e-06 -0.0923919 0.0924076 7.95301e-06 0.0920134 7.87552e-06 7.95301e-06 -0.0923919 7.87552e-06 -0.0919978 0.0920134 7.87552e-06 0.0908341 7.67501e-06 7.87552e-06 -0.0919978 7.67501e-06 -0.0908189 0.0908341 7.67501e-06 0.0888797 7.35738e-06 7.67501e-06 -0.0908189 7.35738e-06 -0.0888651 0.0888797 7.35738e-06 0.0861671 6.93212e-06 7.35738e-06 -0.0888651 6.93212e-06 -0.0861533 0.0861671 6.93212e-06 0.0827192 6.41202e-06 6.93212e-06 -0.0861533 6.41202e-06 -0.0827065 0.0827192 6.41202e-06 0.0785656 5.81282e-06 6.41202e-06 -0.0827065 5.81282e-06 -0.0785541 0.0785656 5.81282e-06 0.0737417 5.15276e-06 5.81282e-06 -0.0785541 5.15276e-06 -0.0737315 0.0737417 5.15276e-06 0.0682886 4.45222e-06 5.15276e-06 -0.0737315 4.45222e-06 -0.0682798 0.0682886 4.45222e-06 0.062253 3.73333e-06 4.45222e-06 -0.0682798 3.73333e-06 -0.0622456 0.062253 3.73333e-06 0.0556862 3.01958e-06 3.73333e-06 -0.0622456 3.01958e-06 -0.0556803 0.0556862 3.01958e-06 0.0486445 2.33523e-06 3.01958e-06 -0.0556803 2.33523e-06 -0.0486399 0.0486445 2.33523e-06 0.0411877 1.70436e-06 2.33523e-06 -0.0486399 1.70436e-06 -0.0411845 0.0411877 1.70436e-06 0.0333797 1.14927e-06 1.70436e-06 -0.0411845 1.14927e-06 -0.0333776 0.0333797 1.14927e-06 0.025287 6.89365e-07 1.14927e-06 -0.0333776 6.89365e-07 -0.0252857 0.025287 6.89365e-07 0.0169788 3.39032e-07 6.89365e-07 -0.0252857 3.39032e-07 -0.0169782 0.0169788 3.39032e-07 0.00852523 1.11703e-07 3.39032e-07 -0.0169782 1.11703e-07 -0.00852515 0.00852523 1.11703e-07 1.33749e-06 1.91118e-08 1.11703e-07 -0.00852515 1.91118e-08 -1.44755e-06 -1.08455e-06 -2.72528e-06 -0.00852479 -0.0169775 -2.72528e-06 -4.47616e-06 -0.0169775 -0.0252855 -0.00852479 -0.0169775 -0.0169779 -0.0338118 -0.0169775 -0.0252855 -0.0338118 -0.0503573 -0.0169779 -0.0338118 -0.0252854 -0.0503563 -0.0338118 -0.0503573 -0.0503563 -0.0749976 -0.0252854 -0.0503563 -0.0333772 -0.0664713 -0.0503563 -0.0749976 -0.0664713 -0.0989984 -0.0333772 -0.0664713 -0.0411841 -0.0820191 -0.0664713 -0.0989984 -0.0820191 -0.122154 -0.0411841 -0.0820191 -0.0486396 -0.096867 -0.0820191 -0.122154 -0.096867 -0.144268 -0.0486396 -0.096867 -0.05568 -0.110888 -0.096867 -0.144268 -0.110888 -0.165151 -0.05568 -0.110888 -0.0622454 -0.123964 -0.110888 -0.165151 -0.123964 -0.184625 -0.0622454 -0.123964 -0.0682796 -0.135981 -0.123964 -0.184625 -0.135981 -0.202523 -0.0682796 -0.135981 -0.0737313 -0.146839 -0.135981 -0.202523 -0.146839 -0.218694 -0.0737313 -0.146839 -0.0785539 -0.156444 -0.146839 -0.218694 -0.156444 -0.232999 -0.0785539 -0.156444 -0.0827064 -0.164714 -0.156444 -0.232999 -0.164714 -0.245316 -0.0827064 -0.164714 -0.0861532 -0.171579 -0.164714 -0.245316 -0.171579 -0.25554 -0.0861532 -0.171579 -0.0888651 -0.176979 -0.171579 -0.25554 -0.176979 -0.263584 -0.0888651 -0.176979 -0.0908188 -0.180871 -0.176979 -0.263584 -0.180871 -0.269379 -0.0908188 -0.180871 -0.0919977 -0.183219 -0.180871 -0.269379 -0.183219 -0.272876 -0.0919977 -0.183219 -0.0923919 -0.184003 -0.183219 -0.272876 -0.184003 -0.274045 -0.0923919 -0.184003 -0.0919978 -0.183219 -0.184003 -0.274045 -0.183219 -0.272876 -0.0919978 -0.183219 -0.0908189 -0.180871 -0.183219 -0.272876 -0.180871 -0.269379 -0.0908189 -0.180871 -0.0888651 -0.17698 -0.180871 -0.269379 -0.17698 -0.263584 -0.0888651 -0.17698 -0.0861533 -0.171579 -0.17698 -0.263584 -0.171579 -0.25554 -0.0861533 -0.171579 -0.0827065 -0.164714 -0.171579 -0.25554 -0.164714 -0.245316 -0.0827065 -0.164714 -0.0785541 -0.156444 -0.164714 -0.245316 -0.156444 -0.232999 -0.0785541 -0.156444 -0.0737315 -0.146839 -0.156444 -0.232999 -0.146839 -0.218694 -0.0737315 -0.146839 -0.0682798 -0.135982 -0.146839 -0.218694 -0.135982 -0.202523 -0.0682798 -0.135982 -0.0622456 -0.123964 -0.135982 -0.202523 -0.123964 -0.184625 -0.0622456 -0.123964 -0.0556803 -0.110889 -0.123964 -0.184625 -0.110889 -0.165151 -0.0556803 -0.110889 -0.0486399 -0.0968673 -0.110889 -0.165151 -0.0968673 -0.144268 -0.0486399 -0.0968673 -0.0411845 -0.0820194 -0.0968673 -0.144268 -0.0820194 -0.122155 -0.0411845 -0.0820194 -0.0333776 -0.0664716 -0.0820194 -0.122155 -0.0664716 -0.0989987 -0.0333776 -0.0664716 -0.0252857 -0.0503566 -0.0664716 -0.0989987 -0.0503566 -0.0749979 -0.0252857 -0.0503566 -0.0169782 -0.0338121 -0.0503566 -0.0749979 -0.0338121 -0.0503576 -0.0169782 -0.0338121 -0.00852515 -0.0169778 -0.0338121 -0.0503576 -0.0169778 -0.0252858 -0.00852515 -0.0169778 -1.44755e-06 -3.04835e-06 -0.0169778 -0.0252858 -3.04835e-06 -4.76491e-06 -4.47616e-06 -6.31493e-06 -0.0252855 -0.0333779 -6.31493e-06 -8.21595e-06 -0.0333779 -0.0411856 -0.0252855 -0.0333779 -0.0503573 -0.0664734 -0.0333779 -0.0411856 -0.0664734 -0.0820224 -0.0503573 -0.0664734 -0.0749976 -0.0989992 -0.0664734 -0.0820224 -0.0989992 -0.122156 -0.0749976 -0.0989992 -0.0989984 -0.130681 -0.0989992 -0.122156 -0.130681 -0.161249 -0.0989984 -0.130681 -0.122154 -0.161248 -0.130681 -0.161249 -0.161248 -0.198965 -0.122154 -0.161248 -0.144268 -0.190438 -0.161248 -0.198965 -0.190438 -0.234984 -0.144268 -0.190438 -0.165151 -0.218004 -0.190438 -0.234984 -0.218004 -0.268998 -0.165151 -0.218004 -0.184625 -0.243711 -0.218004 -0.268998 -0.243711 -0.300717 -0.184625 -0.243711 -0.202523 -0.267337 -0.243711 -0.300717 -0.267337 -0.329871 -0.202523 -0.267337 -0.218694 -0.288683 -0.267337 -0.329871 -0.288683 -0.35621 -0.218694 -0.288683 -0.232999 -0.307566 -0.288683 -0.35621 -0.307566 -0.37951 -0.232999 -0.307566 -0.245316 -0.323825 -0.307566 -0.37951 -0.323825 -0.399572 -0.245316 -0.323825 -0.25554 -0.337321 -0.323825 -0.399572 -0.337321 -0.416225 -0.25554 -0.337321 -0.263584 -0.34794 -0.337321 -0.416225 -0.34794 -0.429327 -0.263584 -0.34794 -0.269379 -0.35559 -0.34794 -0.429327 -0.35559 -0.438766 -0.269379 -0.35559 -0.272876 -0.360206 -0.35559 -0.438766 -0.360206 -0.444462 -0.272876 -0.360206 -0.274045 -0.361749 -0.360206 -0.444462 -0.361749 -0.446367 -0.274045 -0.361749 -0.272876 -0.360206 -0.361749 -0.446367 -0.360206 -0.444463 -0.272876 -0.360206 -0.269379 -0.35559 -0.360206 -0.444463 -0.35559 -0.438767 -0.269379 -0.35559 -0.263584 -0.34794 -0.35559 -0.438767 -0.34794 -0.429327 -0.263584 -0.34794 -0.25554 -0.337322 -0.34794 -0.429327 -0.337322 -0.416225 -0.25554 -0.337322 -0.245316 -0.323825 -0.337322 -0.416225 -0.323825 -0.399572 -0.245316 -0.323825 -0.232999 -0.307566 -0.323825 -0.399572 -0.307566 -0.37951 -0.232999 -0.307566 -0.218694 -0.288683 -0.307566 -0.37951 -0.288683 -0.35621 -0.218694 -0.288683 -0.202523 -0.267338 -0.288683 -0.35621 -0.267338 -0.329871 -0.202523 -0.267338 -0.184625 -0.243711 -0.267338 -0.329871 -0.243711 -0.300717 -0.184625 -0.243711 -0.165151 -0.218005 -0.243711 -0.300717 -0.218005 -0.268998 -0.165151 -0.218005 -0.144268 -0.190439 -0.218005 -0.268998 -0.190439 -0.234984 -0.144268 -0.190439 -0.122155 -0.161248 -0.190439 -0.234984 -0.161248 -0.198966 -0.122155 -0.161248 -0.0989987 -0.130681 -0.161248 -0.198966 -0.130681 -0.161249 -0.0989987 -0.130681 -0.0749979 -0.0989996 -0.130681 -0.161249 -0.0989996 -0.122157 -0.0749979 -0.0989996 -0.0503576 -0.0664737 -0.0989996 -0.122157 -0.0664737 -0.0820227 -0.0503576 -0.0664737 -0.0252858 -0.0333782 -0.0664737 -0.0820227 -0.0333782 -0.0411859 -0.0252858 -0.0333782 -4.76491e-06 -6.57463e-06 -0.0333782 -0.0411859 -6.57463e-06 -8.45078e-06 -8.21595e-06 -1.01504e-05 -0.0411856 -0.0486421 -1.01504e-05 -1.20867e-05 -0.0486421 -0.0556836 -0.0411856 -0.0486421 -0.0820224 -0.0968717 -0.0486421 -0.0556836 -0.0968717 -0.110895 -0.0820224 -0.0968717 -0.122156 -0.144271 -0.0968717 -0.110895 -0.144271 -0.165156 -0.122156 -0.144271 -0.161249 -0.190441 -0.144271 -0.165156 -0.190441 -0.218008 -0.161249 -0.190441 -0.198965 -0.234985 -0.190441 -0.218008 -0.234985 -0.269001 -0.198965 -0.234985 -0.234984 -0.277525 -0.234985 -0.269001 -0.277525 -0.317698 -0.234984 -0.277525 -0.268998 -0.317697 -0.277525 -0.317698 -0.317697 -0.363685 -0.268998 -0.317697 -0.300717 -0.355158 -0.317697 -0.363685 -0.355158 -0.406569 -0.300717 -0.355158 -0.329871 -0.38959 -0.355158 -0.406569 -0.38959 -0.445985 -0.329871 -0.38959 -0.35621 -0.420697 -0.38959 -0.445985 -0.420697 -0.481595 -0.35621 -0.420697 -0.37951 -0.448215 -0.420697 -0.481595 -0.448215 -0.513097 -0.37951 -0.448215 -0.399572 -0.471909 -0.448215 -0.513097 -0.471909 -0.540221 -0.399572 -0.471909 -0.416225 -0.491577 -0.471909 -0.540221 -0.491577 -0.562736 -0.416225 -0.491577 -0.429327 -0.507052 -0.491577 -0.562736 -0.507052 -0.58045 -0.429327 -0.507052 -0.438766 -0.5182 -0.507052 -0.58045 -0.5182 -0.593212 -0.438766 -0.5182 -0.444462 -0.524927 -0.5182 -0.593212 -0.524927 -0.600913 -0.444462 -0.524927 -0.446367 -0.527176 -0.524927 -0.600913 -0.527176 -0.603488 -0.446367 -0.527176 -0.444463 -0.524927 -0.527176 -0.603488 -0.524927 -0.600913 -0.444463 -0.524927 -0.438767 -0.5182 -0.524927 -0.600913 -0.5182 -0.593212 -0.438767 -0.5182 -0.429327 -0.507052 -0.5182 -0.593212 -0.507052 -0.58045 -0.429327 -0.507052 -0.416225 -0.491578 -0.507052 -0.58045 -0.491578 -0.562736 -0.416225 -0.491578 -0.399572 -0.471909 -0.491578 -0.562736 -0.471909 -0.540221 -0.399572 -0.471909 -0.37951 -0.448215 -0.471909 -0.540221 -0.448215 -0.513097 -0.37951 -0.448215 -0.35621 -0.420697 -0.448215 -0.513097 -0.420697 -0.481595 -0.35621 -0.420697 -0.329871 -0.38959 -0.420697 -0.481595 -0.38959 -0.445985 -0.329871 -0.38959 -0.300717 -0.355158 -0.38959 -0.445985 -0.355158 -0.40657 -0.300717 -0.355158 -0.268998 -0.317697 -0.355158 -0.40657 -0.317697 -0.363686 -0.268998 -0.317697 -0.234984 -0.277525 -0.317697 -0.363686 -0.277525 -0.317699 -0.234984 -0.277525 -0.198966 -0.234986 -0.277525 -0.317699 -0.234986 -0.269001 -0.198966 -0.234986 -0.161249 -0.190441 -0.234986 -0.269001 -0.190441 -0.218009 -0.161249 -0.190441 -0.122157 -0.144272 -0.190441 -0.218009 -0.144272 -0.165156 -0.122157 -0.144272 -0.0820227 -0.096872 -0.144272 -0.165156 -0.096872 -0.110895 -0.0820227 -0.096872 -0.0411859 -0.0486423 -0.096872 -0.110895 -0.0486423 -0.0556839 -0.0411859 -0.0486423 -8.45078e-06 -1.03625e-05 -0.0486423 -0.0556839 -1.03625e-05 -1.22747e-05 -1.20867e-05 -1.39911e-05 -0.0556836 -0.0622502 -1.39911e-05 -1.58262e-05 -0.0622502 -0.0682857 -0.0556836 -0.0622502 -0.110895 -0.123972 -0.0622502 -0.0682857 -0.123972 -0.135991 -0.110895 -0.123972 -0.165156 -0.184631 -0.123972 -0.135991 -0.184631 -0.202531 -0.165156 -0.184631 -0.218008 -0.243716 -0.184631 -0.202531 -0.243716 -0.267344 -0.218008 -0.243716 -0.269001 -0.300721 -0.243716 -0.267344 -0.300721 -0.329876 -0.269001 -0.300721 -0.317698 -0.355161 -0.300721 -0.329876 -0.355161 -0.389594 -0.317698 -0.355161 -0.363685 -0.406571 -0.355161 -0.389594 -0.406571 -0.445988 -0.363685 -0.406571 -0.406569 -0.454512 -0.406571 -0.445988 -0.454512 -0.498577 -0.406569 -0.454512 -0.445985 -0.498575 -0.454512 -0.498577 -0.498575 -0.546912 -0.445985 -0.498575 -0.481595 -0.538384 -0.498575 -0.546912 -0.538384 -0.590581 -0.481595 -0.538384 -0.513097 -0.573601 -0.538384 -0.590581 -0.573601 -0.629211 -0.513097 -0.573601 -0.540221 -0.603923 -0.573601 -0.629211 -0.603923 -0.662473 -0.540221 -0.603923 -0.562736 -0.629093 -0.603923 -0.662473 -0.629093 -0.690084 -0.562736 -0.629093 -0.58045 -0.648896 -0.629093 -0.690084 -0.648896 -0.711807 -0.58045 -0.648896 -0.593212 -0.663163 -0.648896 -0.711807 -0.663163 -0.727457 -0.593212 -0.663163 -0.600913 -0.671772 -0.663163 -0.727457 -0.671772 -0.736901 -0.600913 -0.671772 -0.603488 -0.67465 -0.671772 -0.736901 -0.67465 -0.740057 -0.603488 -0.67465 -0.600913 -0.671773 -0.67465 -0.740057 -0.671773 -0.736901 -0.600913 -0.671773 -0.593212 -0.663163 -0.671773 -0.736901 -0.663163 -0.727457 -0.593212 -0.663163 -0.58045 -0.648897 -0.663163 -0.727457 -0.648897 -0.711807 -0.58045 -0.648897 -0.562736 -0.629094 -0.648897 -0.711807 -0.629094 -0.690084 -0.562736 -0.629094 -0.540221 -0.603923 -0.629094 -0.690084 -0.603923 -0.662473 -0.540221 -0.603923 -0.513097 -0.573601 -0.603923 -0.662473 -0.573601 -0.629211 -0.513097 -0.573601 -0.481595 -0.538385 -0.573601 -0.629211 -0.538385 -0.590581 -0.481595 -0.538385 -0.445985 -0.498575 -0.538385 -0.590581 -0.498575 -0.546912 -0.445985 -0.498575 -0.40657 -0.454512 -0.498575 -0.546912 -0.454512 -0.498577 -0.40657 -0.454512 -0.363686 -0.406571 -0.454512 -0.498577 -0.406571 -0.445988 -0.363686 -0.406571 -0.317699 -0.355161 -0.406571 -0.445988 -0.355161 -0.389594 -0.317699 -0.355161 -0.269001 -0.300722 -0.355161 -0.389594 -0.300722 -0.329876 -0.269001 -0.300722 -0.218009 -0.243716 -0.300722 -0.329876 -0.243716 -0.267344 -0.218009 -0.243716 -0.165156 -0.184631 -0.243716 -0.267344 -0.184631 -0.202531 -0.165156 -0.184631 -0.110895 -0.123972 -0.184631 -0.202531 -0.123972 -0.135991 -0.110895 -0.123972 -0.0556839 -0.0622504 -0.123972 -0.135991 -0.0622504 -0.0682858 -0.0556839 -0.0622504 -1.22747e-05 -1.41488e-05 -0.0622504 -0.0682858 -1.41488e-05 -1.594e-05 -1.58262e-05 -1.75604e-05 -0.0682857 -0.0737386 -1.75604e-05 -1.9134e-05 -0.0737386 -0.0785625 -0.0682857 -0.0737386 -0.135991 -0.14685 -0.0737386 -0.0785625 -0.14685 -0.156456 -0.135991 -0.14685 -0.202531 -0.218703 -0.14685 -0.156456 -0.218703 -0.233009 -0.202531 -0.218703 -0.267344 -0.288692 -0.218703 -0.233009 -0.288692 -0.307576 -0.267344 -0.288692 -0.329876 -0.356217 -0.288692 -0.307576 -0.356217 -0.379518 -0.329876 -0.356217 -0.389594 -0.420703 -0.356217 -0.379518 -0.420703 -0.448223 -0.389594 -0.420703 -0.445988 -0.4816 -0.420703 -0.448223 -0.4816 -0.513103 -0.445988 -0.4816 -0.498577 -0.538388 -0.4816 -0.513103 -0.538388 -0.573605 -0.498577 -0.538388 -0.546912 -0.590582 -0.538388 -0.573605 -0.590582 -0.629214 -0.546912 -0.590582 -0.590581 -0.637738 -0.590582 -0.629214 -0.637738 -0.679455 -0.590581 -0.637738 -0.629211 -0.679453 -0.637738 -0.679455 -0.679453 -0.723898 -0.629211 -0.679453 -0.662473 -0.715371 -0.679453 -0.723898 -0.715371 -0.762166 -0.662473 -0.715371 -0.690084 -0.745186 -0.715371 -0.762166 -0.745186 -0.793931 -0.690084 -0.745186 -0.711807 -0.768644 -0.745186 -0.793931 -0.768644 -0.818923 -0.711807 -0.768644 -0.727457 -0.785544 -0.768644 -0.818923 -0.785544 -0.836928 -0.727457 -0.785544 -0.736901 -0.795741 -0.785544 -0.836928 -0.795741 -0.847793 -0.736901 -0.795741 -0.740057 -0.79915 -0.795741 -0.847793 -0.79915 -0.851425 -0.740057 -0.79915 -0.736901 -0.795741 -0.79915 -0.851425 -0.795741 -0.847793 -0.736901 -0.795741 -0.727457 -0.785544 -0.795741 -0.847793 -0.785544 -0.836928 -0.727457 -0.785544 -0.711807 -0.768644 -0.785544 -0.836928 -0.768644 -0.818923 -0.711807 -0.768644 -0.690084 -0.745186 -0.768644 -0.818923 -0.745186 -0.793931 -0.690084 -0.745186 -0.662473 -0.715371 -0.745186 -0.793931 -0.715371 -0.762166 -0.662473 -0.715371 -0.629211 -0.679453 -0.715371 -0.762166 -0.679453 -0.723898 -0.629211 -0.679453 -0.590581 -0.637738 -0.679453 -0.723898 -0.637738 -0.679455 -0.590581 -0.637738 -0.546912 -0.590582 -0.637738 -0.679455 -0.590582 -0.629214 -0.546912 -0.590582 -0.498577 -0.538388 -0.590582 -0.629214 -0.538388 -0.573605 -0.498577 -0.538388 -0.445988 -0.4816 -0.538388 -0.573605 -0.4816 -0.513103 -0.445988 -0.4816 -0.389594 -0.420703 -0.4816 -0.513103 -0.420703 -0.448223 -0.389594 -0.420703 -0.329876 -0.356217 -0.420703 -0.448223 -0.356217 -0.379518 -0.329876 -0.356217 -0.267344 -0.288692 -0.356217 -0.379518 -0.288692 -0.307576 -0.267344 -0.288692 -0.202531 -0.218703 -0.288692 -0.307576 -0.218703 -0.233009 -0.202531 -0.218703 -0.135991 -0.14685 -0.218703 -0.233009 -0.14685 -0.156456 -0.135991 -0.14685 -0.0682858 -0.0737387 -0.14685 -0.156456 -0.0737387 -0.0785624 -0.0682858 -0.0737387 -1.594e-05 -1.76078e-05 -0.0737387 -0.0785624 -1.76078e-05 -1.90777e-05 -1.9134e-05 -2.05901e-05 -0.0785625 -0.082716 -2.05901e-05 -2.15907e-05 -0.082716 -0.0861639 -0.0785625 -0.082716 -0.156456 -0.164728 -0.082716 -0.0861639 -0.164728 -0.171594 -0.156456 -0.164728 -0.233009 -0.245328 -0.164728 -0.171594 -0.245328 -0.255553 -0.233009 -0.245328 -0.307576 -0.323836 -0.245328 -0.255553 -0.323836 -0.337334 -0.307576 -0.323836 -0.379518 -0.399582 -0.323836 -0.337334 -0.399582 -0.416236 -0.379518 -0.399582 -0.448223 -0.471918 -0.399582 -0.416236 -0.471918 -0.491587 -0.448223 -0.471918 -0.513103 -0.540228 -0.471918 -0.491587 -0.540228 -0.562744 -0.513103 -0.540228 -0.573605 -0.603929 -0.540228 -0.562744 -0.603929 -0.6291 -0.573605 -0.603929 -0.629214 -0.662478 -0.603929 -0.6291 -0.662478 -0.690089 -0.629214 -0.662478 -0.679455 -0.715374 -0.662478 -0.690089 -0.715374 -0.74519 -0.679455 -0.715374 -0.723898 -0.762167 -0.715374 -0.74519 -0.762167 -0.793934 -0.723898 -0.762167 -0.762166 -0.802458 -0.762167 -0.793934 -0.802458 -0.835904 -0.762166 -0.802458 -0.793931 -0.835903 -0.802458 -0.835904 -0.835903 -0.870742 -0.793931 -0.835903 -0.818923 -0.862216 -0.835903 -0.870742 -0.862216 -0.898152 -0.818923 -0.862216 -0.836928 -0.881173 -0.862216 -0.898152 -0.881173 -0.917899 -0.836928 -0.881173 -0.847793 -0.892612 -0.881173 -0.917899 -0.892612 -0.929815 -0.847793 -0.892612 -0.851425 -0.896436 -0.892612 -0.929815 -0.896436 -0.933799 -0.851425 -0.896436 -0.847793 -0.892612 -0.896436 -0.933799 -0.892612 -0.929815 -0.847793 -0.892612 -0.836928 -0.881173 -0.892612 -0.929815 -0.881173 -0.917899 -0.836928 -0.881173 -0.818923 -0.862216 -0.881173 -0.917899 -0.862216 -0.898152 -0.818923 -0.862216 -0.793931 -0.835903 -0.862216 -0.898152 -0.835903 -0.870743 -0.793931 -0.835903 -0.762166 -0.802458 -0.835903 -0.870743 -0.802458 -0.835904 -0.762166 -0.802458 -0.723898 -0.762168 -0.802458 -0.835904 -0.762168 -0.793934 -0.723898 -0.762168 -0.679455 -0.715374 -0.762168 -0.793934 -0.715374 -0.74519 -0.679455 -0.715374 -0.629214 -0.662478 -0.715374 -0.74519 -0.662478 -0.690089 -0.629214 -0.662478 -0.573605 -0.603929 -0.662478 -0.690089 -0.603929 -0.629101 -0.573605 -0.603929 -0.513103 -0.540228 -0.603929 -0.629101 -0.540228 -0.562744 -0.513103 -0.540228 -0.448223 -0.471918 -0.540228 -0.562744 -0.471918 -0.491587 -0.448223 -0.471918 -0.379518 -0.399582 -0.471918 -0.491587 -0.399582 -0.416236 -0.379518 -0.399582 -0.307576 -0.323836 -0.399582 -0.416236 -0.323836 -0.337334 -0.307576 -0.323836 -0.233009 -0.245328 -0.323836 -0.337334 -0.245328 -0.255553 -0.233009 -0.245328 -0.156456 -0.164727 -0.245328 -0.255553 -0.164727 -0.171593 -0.156456 -0.164727 -0.0785624 -0.0827158 -0.164727 -0.171593 -0.0827158 -0.0861634 -0.0785624 -0.0827158 -1.90777e-05 -2.03826e-05 -0.0827158 -0.0861634 -2.03826e-05 -2.11496e-05 -2.15907e-05 -2.31979e-05 -0.0861639 -0.0888763 -2.31979e-05 -2.12429e-05 -0.0888763 -0.0908312 -0.0861639 -0.0888763 -0.171594 -0.176995 -0.0888763 -0.0908312 -0.176995 -0.180887 -0.171594 -0.176995 -0.255553 -0.263598 -0.176995 -0.180887 -0.263598 -0.269394 -0.255553 -0.263598 -0.337334 -0.347953 -0.263598 -0.269394 -0.347953 -0.355604 -0.337334 -0.347953 -0.416236 -0.429339 -0.347953 -0.355604 -0.429339 -0.438779 -0.416236 -0.429339 -0.491587 -0.507063 -0.429339 -0.438779 -0.507063 -0.518212 -0.491587 -0.507063 -0.562744 -0.58046 -0.507063 -0.518212 -0.58046 -0.593222 -0.562744 -0.58046 -0.6291 -0.648904 -0.58046 -0.593222 -0.648904 -0.663172 -0.6291 -0.648904 -0.690089 -0.711813 -0.648904 -0.663172 -0.711813 -0.727464 -0.690089 -0.711813 -0.74519 -0.768649 -0.711813 -0.727464 -0.768649 -0.785549 -0.74519 -0.768649 -0.793934 -0.818927 -0.768649 -0.785549 -0.818927 -0.836933 -0.793934 -0.818927 -0.835904 -0.862218 -0.818927 -0.836933 -0.862218 -0.881176 -0.835904 -0.862218 -0.870742 -0.898153 -0.862218 -0.881176 -0.898153 -0.917901 -0.870742 -0.898153 -0.898152 -0.926426 -0.898153 -0.917901 -0.926426 -0.946795 -0.898152 -0.926426 -0.917899 -0.946795 -0.926426 -0.946795 -0.946795 -0.967612 -0.917899 -0.946795 -0.929815 -0.959086 -0.946795 -0.967612 -0.959086 -0.980173 -0.929815 -0.959086 -0.933799 -0.963195 -0.959086 -0.980173 -0.963195 -0.984372 -0.933799 -0.963195 -0.929815 -0.959086 -0.963195 -0.984372 -0.959086 -0.980173 -0.929815 -0.959086 -0.917899 -0.946795 -0.959086 -0.980173 -0.946795 -0.967612 -0.917899 -0.946795 -0.898152 -0.926426 -0.946795 -0.967612 -0.926426 -0.946795 -0.898152 -0.926426 -0.870743 -0.898153 -0.926426 -0.946795 -0.898153 -0.917901 -0.870743 -0.898153 -0.835904 -0.862218 -0.898153 -0.917901 -0.862218 -0.881176 -0.835904 -0.862218 -0.793934 -0.818927 -0.862218 -0.881176 -0.818927 -0.836933 -0.793934 -0.818927 -0.74519 -0.768649 -0.818927 -0.836933 -0.768649 -0.785549 -0.74519 -0.768649 -0.690089 -0.711813 -0.768649 -0.785549 -0.711813 -0.727464 -0.690089 -0.711813 -0.629101 -0.648904 -0.711813 -0.727464 -0.648904 -0.663172 -0.629101 -0.648904 -0.562744 -0.58046 -0.648904 -0.663172 -0.58046 -0.593222 -0.562744 -0.58046 -0.491587 -0.507062 -0.58046 -0.593222 -0.507062 -0.518211 -0.491587 -0.507062 -0.416236 -0.429339 -0.507062 -0.518211 -0.429339 -0.438779 -0.416236 -0.429339 -0.337334 -0.347953 -0.429339 -0.438779 -0.347953 -0.355603 -0.337334 -0.347953 -0.255553 -0.263597 -0.347953 -0.355603 -0.263597 -0.269393 -0.255553 -0.263597 -0.171593 -0.176995 -0.263597 -0.269393 -0.176995 -0.180886 -0.171593 -0.176995 -0.0861634 -0.0888756 -0.176995 -0.180886 -0.0888756 -0.0908301 -0.0861634 -0.0888756 -2.11496e-05 -2.24662e-05 -0.0888756 -0.0908301 -2.24662e-05 -2.00351e-05 -2.12429e-05 -3.05929e-05 -0.0908312 -0.0920076 -3.05929e-05 6.50821e-06 -0.0920076 -0.092411 -0.0908312 -0.0920076 -0.180887 -0.183236 -0.0920076 -0.092411 -0.183236 -0.184019 -0.180887 -0.183236 -0.269394 -0.272891 -0.183236 -0.184019 -0.272891 -0.274061 -0.269394 -0.272891 -0.355604 -0.360221 -0.272891 -0.274061 -0.360221 -0.361764 -0.355604 -0.360221 -0.438779 -0.444476 -0.360221 -0.361764 -0.444476 -0.44638 -0.438779 -0.444476 -0.518212 -0.524939 -0.444476 -0.44638 -0.524939 -0.527188 -0.518212 -0.524939 -0.593222 -0.600924 -0.524939 -0.527188 -0.600924 -0.603498 -0.593222 -0.600924 -0.663172 -0.671782 -0.600924 -0.603498 -0.671782 -0.67466 -0.663172 -0.671782 -0.727464 -0.736908 -0.671782 -0.67466 -0.736908 -0.740065 -0.727464 -0.736908 -0.785549 -0.795747 -0.736908 -0.740065 -0.795747 -0.799157 -0.785549 -0.795747 -0.836933 -0.847798 -0.795747 -0.799157 -0.847798 -0.85143 -0.836933 -0.847798 -0.881176 -0.892615 -0.847798 -0.85143 -0.892615 -0.89644 -0.881176 -0.892615 -0.917901 -0.929818 -0.892615 -0.89644 -0.929818 -0.933801 -0.917901 -0.929818 -0.946795 -0.959087 -0.929818 -0.933801 -0.959087 -0.963196 -0.946795 -0.959087 -0.967612 -0.980174 -0.959087 -0.963196 -0.980174 -0.984373 -0.967612 -0.980174 -0.980173 -0.992898 -0.980174 -0.984373 -0.992898 -0.997152 -0.980173 -0.992898 -0.984372 -0.997152 -0.992898 -0.997152 -0.997152 -1.00142 -0.984372 -0.997152 -0.980173 -0.992898 -0.997152 -1.00142 -0.992898 -0.997152 -0.980173 -0.992898 -0.967612 -0.980174 -0.992898 -0.997152 -0.980174 -0.984373 -0.967612 -0.980174 -0.946795 -0.959087 -0.980174 -0.984373 -0.959087 -0.963196 -0.946795 -0.959087 -0.917901 -0.929818 -0.959087 -0.963196 -0.929818 -0.933801 -0.917901 -0.929818 -0.881176 -0.892616 -0.929818 -0.933801 -0.892616 -0.89644 -0.881176 -0.892616 -0.836933 -0.847798 -0.892616 -0.89644 -0.847798 -0.85143 -0.836933 -0.847798 -0.785549 -0.795748 -0.847798 -0.85143 -0.795748 -0.799157 -0.785549 -0.795748 -0.727464 -0.736908 -0.795748 -0.799157 -0.736908 -0.740065 -0.727464 -0.736908 -0.663172 -0.671782 -0.736908 -0.740065 -0.671782 -0.67466 -0.663172 -0.671782 -0.593222 -0.600924 -0.671782 -0.67466 -0.600924 -0.603498 -0.593222 -0.600924 -0.518211 -0.524939 -0.600924 -0.603498 -0.524939 -0.527188 -0.518211 -0.524939 -0.438779 -0.444475 -0.524939 -0.527188 -0.444475 -0.44638 -0.438779 -0.444475 -0.355603 -0.36022 -0.444475 -0.44638 -0.36022 -0.361763 -0.355603 -0.36022 -0.269393 -0.27289 -0.36022 -0.361763 -0.27289 -0.27406 -0.269393 -0.27289 -0.180886 -0.183235 -0.27289 -0.27406 -0.183235 -0.184017 -0.180886 -0.183235 -0.0908301 -0.0920061 -0.183235 -0.184017 -0.0920061 -0.0924095 -0.0908301 -0.0920061 -2.00351e-05 -2.91404e-05 -0.0920061 -0.0924095 -2.91404e-05 8.83156e-06 
SCALARS pressure_error double 1
LOOKUP_TABLE default
2.79089e-05 -1.10326e-05 -0.000123045 -0.000113236 -1.10326e-05 -2.32808e-06 -0.000113236 -0.000115299 -0.000123045 -0.000113236 -0.00025004 -0.000251614 -0.000113236 -0.000115299 -0.000251614 -0.000248187 -0.00025004 -0.000251614 -0.000380216 -0.000377935 -0.000251614 -0.000248187 -0.000377935 -0.000373606 -0.000380216 -0.000377935 -0.000505557 -0.000503625 -0.000377935 -0.000373606 -0.000503625 -0.000497375 -0.000505557 -0.000503625 -0.000626959 -0.000624284 -0.000503625 -0.000497375 -0.000624284 -0.000616518 -0.000626959 -0.000624284 -0.00074286 -0.000739766 -0.000624284 -0.000616518 -0.000739766 -0.000730487 -0.00074286 -0.000739766 -0.000852402 -0.000848833 -0.000739766 -0.000730487 -0.000848833 -0.000838153 -0.000852402 -0.000848833 -0.000954598 -0.000950605 -0.000848833 -0.000838153 -0.000950605 -0.000938615 -0.000954598 -0.000950605 -0.00104857 -0.00104418 -0.000950605 -0.000938615 -0.00104418 -0.00103099 -0.00104857 -0.00104418 -0.00113351 -0.00112876 -0.00104418 -0.00103099 -0.00112876 -0.00111448 -0.00113351 -0.00112876 -0.00120868 -0.0012036 -0.00112876 -0.00111448 -0.0012036 -0.00118836 -0.00120868 -0.0012036 -0.00127342 -0.00126806 -0.0012036 -0.00118836 -0.00126806 -0.001252 -0.00127342 -0.00126806 -0.00132717 -0.00132158 -0.00126806 -0.001252 -0.00132158 -0.00130483 -0.00132717 -0.00132158 -0.00136947 -0.00136369 -0.00132158 -0.00130483 -0.00136369 -0.0013464 -0.00136947 -0.00136369 -0.00139995 -0.00139403 -0.00136369 -0.0013464 -0.00139403 -0.00137635 -0.00139995 -0.00139403 -0.00141835 -0.00141234 -0.00139403 -0.00137635 -0.00141234 -0.00139442 -0.00141835 -0.00141234 -0.0014245 -0.00141846 -0.00141234 -0.00139442 -0.00141846 -0.00140045 -0.0014245 -0.00141846 -0.00141836 -0.00141233 -0.00141846 -0.00140045 -0.00141233 -0.0013944 -0.00141836 -0.00141233 -0.00139998 -0.00139402 -0.00141233 -0.0013944 -0.00139402 -0.00137632 -0.00139998 -0.00139402 -0.00136951 -0.00136368 -0.00139402 -0.00137632 -0.00136368 -0.00134636 -0.00136951 -0.00136368 -0.00132724 -0.00132157 -0.00136368 -0.00134636 -0.00132157 -0.00130479 -0.00132724 -0.00132157 -0.00127352 -0.00126808 -0.00132157 -0.00130479 -0.00126808 -0.00125198 -0.00127352 -0.00126808 -0.00120883 -0.00120366 -0.00126808 -0.00125198 -0.00120366 -0.00118837 -0.00120883 -0.00120366 -0.00113373 -0.00112887 -0.00120366 -0.00118837 -0.00112887 -0.00111454 -0.00113373 -0.00112887 -0.00104888 -0.00104437 -0.00112887 -0.00111454 -0.00104437 -0.00103111 -0.00104888 -0.00104437 -0.000955007 -0.000950899 -0.00104437 -0.00103111 -0.000950899 -0.00093883 -0.000955007 -0.000950899 -0.000852941 -0.000849261 -0.000950899 -0.00093883 -0.000849261 -0.000838485 -0.000852941 -0.000849261 -0.000743556 -0.000740356 -0.000849261 -0.000838485 -0.000740356 -0.000730959 -0.000743556 -0.000740356 -0.000627837 -0.000625062 -0.000740356 -0.000730959 -0.000625062 -0.000617146 -0.000627837 -0.000625062 -0.000506639 -0.00050461 -0.000625062 -0.000617146 -0.00050461 -0.000498164 -0.000506639 -0.00050461 -0.000381486 -0.000379124 -0.00050461 -0.000498164 -0.000379124 -0.000374527 -0.000381486 -0.000379124 -0.000251528 -0.000252976 -0.000379124 -0.000374527 -0.000252976 -0.000249201 -0.000251528 -0.000252976 -0.000124501 -0.000114738 -0.000252976 -0.000249201 -0.000114738 -0.000116316 -0.000124501 -0.000114738 2.55856e-05 -1.25089e-05 -0.000114738 -0.000116316 -1.25089e-05 -3.49201e-06 -2.32808e-06 -5.7234e-06 -0.000115299 -0.000112892 -5.7234e-06 -5.59798e-06 -0.000112892 -0.000110364 -0.000115299 -0.000112892 -0.000248187 -0.000243685 -0.000112892 -0.000110364 -0.000243685 -0.000236871 -0.000248187 -0.000243685 -0.000373606 -0.000366029 -0.000243685 -0.000236871 -0.000366029 -0.000355471 -0.000373606 -0.000366029 -0.000497375 -0.000487109 -0.000366029 -0.000355471 -0.000487109 -0.000472766 -0.000497375 -0.000487109 -0.000616518 -0.000603615 -0.000487109 -0.000472766 -0.000603615 -0.000585665 -0.000616518 -0.000603615 -0.000730487 -0.000715102 -0.000603615 -0.000585665 -0.000715102 -0.000693709 -0.000730487 -0.000715102 -0.000838153 -0.00082043 -0.000715102 -0.000693709 -0.00082043 -0.000795798 -0.000838153 -0.00082043 -0.000938615 -0.000918719 -0.00082043 -0.000795798 -0.000918719 -0.000891073 -0.000938615 -0.000918719 -0.00103099 -0.0010091 -0.000918719 -0.000891073 -0.0010091 -0.000978691 -0.00103099 -0.0010091 -0.00111448 -0.00109079 -0.0010091 -0.000978691 -0.00109079 -0.00105789 -0.00111448 -0.00109079 -0.00118836 -0.00116309 -0.00109079 -0.00105789 -0.00116309 -0.00112798 -0.00118836 -0.00116309 -0.001252 -0.00122535 -0.00116309 -0.00112798 -0.00122535 -0.00118836 -0.001252 -0.00122535 -0.00130483 -0.00127705 -0.00122535 -0.00118836 -0.00127705 -0.00123849 -0.00130483 -0.00127705 -0.0013464 -0.00131773 -0.00127705 -0.00123849 -0.00131773 -0.00127794 -0.0013464 -0.00131773 -0.00137635 -0.00134704 -0.00131773 -0.00127794 -0.00134704 -0.00130636 -0.00137635 -0.00134704 -0.00139442 -0.00136473 -0.00134704 -0.00130636 -0.00136473 -0.00132352 -0.00139442 -0.00136473 -0.00140045 -0.00137063 -0.00136473 -0.00132352 -0.00137063 -0.00132925 -0.00140045 -0.00137063 -0.0013944 -0.00136471 -0.00137063 -0.00132925 -0.00136471 -0.00132351 -0.0013944 -0.00136471 -0.00137632 -0.00134702 -0.00136471 -0.00132351 -0.00134702 -0.00130635 -0.00137632 -0.00134702 -0.00134636 -0.0013177 -0.00134702 -0.00130635 -0.0013177 -0.00127792 -0.00134636 -0.0013177 -0.00130479 -0.00127702 -0.0013177 -0.00127792 -0.00127702 -0.00123847 -0.00130479 -0.00127702 -0.00125198 -0.00122533 -0.00127702 -0.00123847 -0.00122533 -0.00118835 -0.00125198 -0.00122533 -0.00118837 -0.00116308 -0.00122533 -0.00118835 -0.00116308 -0.00112799 -0.00118837 -0.00116308 -0.00111454 -0.00109083 -0.00116308 -0.00112799 -0.00109083 -0.00105791 -0.00111454 -0.00109083 -0.00103111 -0.00100918 -0.00109083 -0.00105791 -0.00100918 -0.000978745 -0.00103111 -0.00100918 -0.00093883 -0.000918869 -0.00100918 -0.000978745 -0.000918869 -0.000891168 -0.00093883 -0.000918869 -0.000838485 -0.000820666 -0.000918869 -0.000891168 -0.000820666 -0.000795942 -0.000838485 -0.000820666 -0.000730959 -0.000715437 -0.000820666 -0.000795942 -0.000715437 -0.000693907 -0.000730959 -0.000715437 -0.000617146 -0.000604053 -0.000715437 -0.000693907 -0.000604053 -0.000585911 -0.000617146 -0.000604053 -0.000498164 -0.000487641 -0.000604053 -0.000585911 -0.000487641 -0.000473045 -0.000498164 -0.000487641 -0.000374527 -0.000366619 -0.000487641 -0.000473045 -0.000366619 -0.000355752 -0.000374527 -0.000366619 -0.000249201 -0.000244298 -0.000366619 -0.000355752 -0.000244298 -0.000237132 -0.000249201 -0.000244298 -0.000116316 -0.000113491 -0.000244298 -0.000237132 -0.000113491 -0.000110582 -0.000116316 -0.000113491 -3.49201e-06 -6.32443e-06 -0.000113491 -0.000110582 -6.32443e-06 -5.80056e-06 -5.59798e-06 -6.26913e-06 -0.000110364 -0.000106585 -6.26913e-06 -6.56389e-06 -0.000106585 -0.000101902 -0.000110364 -0.000106585 -0.000236871 -0.000228071 -0.000106585 -0.000101902 -0.000228071 -0.00021726 -0.000236871 -0.000228071 -0.000355471 -0.000341871 -0.000228071 -0.00021726 -0.000341871 -0.000325334 -0.000355471 -0.000341871 -0.000472766 -0.000454432 -0.000341871 -0.000325334 -0.000454432 -0.00043222 -0.000472766 -0.000454432 -0.000585665 -0.000562772 -0.000454432 -0.00043222 -0.000562772 -0.000535098 -0.000585665 -0.000562772 -0.000693709 -0.000666462 -0.000562772 -0.000535098 -0.000666462 -0.000633565 -0.000693709 -0.000666462 -0.000795798 -0.000764446 -0.000666462 -0.000633565 -0.000764446 -0.000726622 -0.000795798 -0.000764446 -0.000891073 -0.0008559 -0.000764446 -0.000726622 -0.0008559 -0.000813485 -0.000891073 -0.0008559 -0.000978691 -0.000940013 -0.0008559 -0.000813485 -0.000940013 -0.000893384 -0.000978691 -0.000940013 -0.00105789 -0.00101605 -0.000940013 -0.000893384 -0.00101605 -0.000965622 -0.00105789 -0.00101605 -0.00112798 -0.00108335 -0.00101605 -0.000965622 -0.00108335 -0.00102956 -0.00112798 -0.00108335 -0.00118836 -0.00114133 -0.00108335 -0.00102956 -0.00114133 -0.00108465 -0.00118836 -0.00114133 -0.00123849 -0.00118947 -0.00114133 -0.00108465 -0.00118947 -0.00113039 -0.00123849 -0.00118947 -0.00127794 -0.00122735 -0.00118947 -0.00113039 -0.00122735 -0.00116639 -0.00127794 -0.00122735 -0.00130636 -0.00125465 -0.00122735 -0.00116639 -0.00125465 -0.00119234 -0.00130636 -0.00125465 -0.00132352 -0.00127113 -0.00125465 -0.00119234 -0.00127113 -0.001208 -0.00132352 -0.00127113 -0.00132925 -0.00127664 -0.00127113 -0.001208 -0.00127664 -0.00121323 -0.00132925 -0.00127664 -0.00132351 -0.00127113 -0.00127664 -0.00121323 -0.00127113 -0.00120799 -0.00132351 -0.00127113 -0.00130635 -0.00125465 -0.00127113 -0.00120799 -0.00125465 -0.00119234 -0.00130635 -0.00125465 -0.00127792 -0.00122735 -0.00125465 -0.00119234 -0.00122735 -0.00116639 -0.00127792 -0.00122735 -0.00123847 -0.00118946 -0.00122735 -0.00116639 -0.00118946 -0.00113039 -0.00123847 -0.00118946 -0.00118835 -0.00114132 -0.00118946 -0.00113039 -0.00114132 -0.00108464 -0.00118835 -0.00114132 -0.00112799 -0.00108336 -0.00114132 -0.00108464 -0.00108336 -0.00102956 -0.00112799 -0.00108336 -0.00105791 -0.00101607 -0.00108336 -0.00102956 -0.00101607 -0.000965621 -0.00105791 -0.00101607 -0.000978745 -0.000940041 -0.00101607 -0.000965621 -0.000940041 -0.000893383 -0.000978745 -0.000940041 -0.000891168 -0.000855944 -0.000940041 -0.000893383 -0.000855944 -0.00081348 -0.000891168 -0.000855944 -0.000795942 -0.000764507 -0.000855944 -0.00081348 -0.000764507 -0.000726607 -0.000795942 -0.000764507 -0.000693907 -0.000666536 -0.000764507 -0.000726607 -0.000666536 -0.000633533 -0.000693907 -0.000666536 -0.000585911 -0.000562848 -0.000666536 -0.000633533 -0.000562848 -0.000535036 -0.000585911 -0.000562848 -0.000473045 -0.000454496 -0.000562848 -0.000535036 -0.000454496 -0.000432115 -0.000473045 -0.000454496 -0.000355752 -0.000341897 -0.000454496 -0.000432115 -0.000341897 -0.000325167 -0.000355752 -0.000341897 -0.000237132 -0.000228051 -0.000341897 -0.000325167 -0.000228051 -0.00021703 -0.000237132 -0.000228051 -0.000110582 -0.000106504 -0.000228051 -0.00021703 -0.000106504 -0.000101596 -0.000110582 -0.000106504 -5.80056e-06 -6.13449e-06 -0.000106504 -0.000101596 -6.13449e-06 -6.19029e-06 -6.56389e-06 -6.79668e-06 -0.000101902 -9.62603e-05 -6.79668e-06 -6.87127e-06 -9.62603e-05 -8.97258e-05 -0.000101902 -9.62603e-05 -0.00021726 -0.00020454 -9.62603e-05 -8.97258e-05 -0.00020454 -0.000190005 -0.00021726 -0.00020454 -0.000325334 -0.000305976 -0.00020454 -0.000190005 -0.000305976 -0.000283949 -0.000325334 -0.000305976 -0.00043222 -0.000406296 -0.000305976 -0.000283949 -0.000406296 -0.000376862 -0.00043222 -0.000406296 -0.000535098 -0.000502853 -0.000406296 -0.000376862 -0.000502853 -0.000466293 -0.000535098 -0.000502853 -0.000633565 -0.000595276 -0.000502853 -0.000466293 -0.000595276 -0.000551899 -0.000633565 -0.000595276 -0.000726622 -0.000682626 -0.000595276 -0.000551899 -0.000682626 -0.000632813 -0.000726622 -0.000682626 -0.000813485 -0.00076417 -0.000682626 -0.000632813 -0.00076417 -0.000708356 -0.000813485 -0.00076417 -0.000893384 -0.000839185 -0.00076417 -0.000708356 -0.000839185 -0.000777857 -0.000893384 -0.000839185 -0.000965622 -0.000907013 -0.000839185 -0.000777857 -0.000907013 -0.000840705 -0.000965622 -0.000907013 -0.00102956 -0.000967056 -0.000907013 -0.000840705 -0.000967056 -0.000896346 -0.00102956 -0.000967056 -0.00108465 -0.00101879 -0.000967056 -0.000896346 -0.00101879 -0.000944286 -0.00108465 -0.00101879 -0.00113039 -0.00106175 -0.00101879 -0.000944286 -0.00106175 -0.000984102 -0.00113039 -0.00106175 -0.00116639 -0.00109556 -0.00106175 -0.000984102 -0.00109556 -0.00101544 -0.00116639 -0.00109556 -0.00119234 -0.00111993 -0.00109556 -0.00101544 -0.00111993 -0.00103803 -0.00119234 -0.00111993 -0.001208 -0.00113464 -0.00111993 -0.00103803 -0.00113464 -0.00105166 -0.001208 -0.00113464 -0.00121323 -0.00113955 -0.00113464 -0.00105166 -0.00113955 -0.00105621 -0.00121323 -0.00113955 -0.00120799 -0.00113463 -0.00113955 -0.00105621 -0.00113463 -0.00105165 -0.00120799 -0.00113463 -0.00119234 -0.00111992 -0.00113463 -0.00105165 -0.00111992 -0.00103802 -0.00119234 -0.00111992 -0.00116639 -0.00109555 -0.00111992 -0.00103802 -0.00109555 -0.00101542 -0.00116639 -0.00109555 -0.00113039 -0.00106174 -0.00109555 -0.00101542 -0.00106174 -0.00098408 -0.00113039 -0.00106174 -0.00108464 -0.00101877 -0.00106174 -0.00098408 -0.00101877 -0.000944256 -0.00108464 -0.00101877 -0.00102956 -0.000967039 -0.00101877 -0.000944256 -0.000967039 -0.000896307 -0.00102956 -0.000967039 -0.000965621 -0.000906989 -0.000967039 -0.000896307 -0.000906989 -0.000840653 -0.000965621 -0.000906989 -0.000893383 -0.00083915 -0.000906989 -0.000840653 -0.00083915 -0.000777785 -0.000893383 -0.00083915 -0.00081348 -0.000764117 -0.00083915 -0.000777785 -0.000764117 -0.000708256 -0.00081348 -0.000764117 -0.000726607 -0.000682545 -0.000764117 -0.000708256 -0.000682545 -0.000632675 -0.000726607 -0.000682545 -0.000633533 -0.000595158 -0.000682545 -0.000632675 -0.000595158 -0.000551713 -0.000633533 -0.000595158 -0.000535036 -0.000502686 -0.000595158 -0.000551713 -0.000502686 -0.000466047 -0.000535036 -0.000502686 -0.000432115 -0.000406067 -0.000502686 -0.000466047 -0.000406067 -0.000376547 -0.000432115 -0.000406067 -0.000325167 -0.000305672 -0.000406067 -0.000376547 -0.000305672 -0.000283555 -0.000325167 -0.000305672 -0.00021703 -0.000204163 -0.000305672 -0.000283555 -0.000204163 -0.000189533 -0.00021703 -0.000204163 -0.000101596 -9.57993e-05 -0.000204163 -0.000189533 -9.57993e-05 -8.91674e-05 -0.000101596 -9.57993e-05 -6.19029e-06 -6.25611e-06 -9.57993e-05 -8.91674e-05 -6.25611e-06 -6.22862e-06 -6.87127e-06 -6.80429e-06 -8.97258e-05 -8.23393e-05 -6.80429e-06 -6.58214e-06 -8.23393e-05 -7.41573e-05 -8.97258e-05 -8.23393e-05 -0.000190005 -0.000173768 -8.23393e-05 -7.41573e-05 -0.000173768 -0.000155961 -0.000190005 -0.000173768 -0.000283949 -0.000259429 -0.000173768 -0.000155961 -0.000259429 -0.000232614 -0.000283949 -0.000259429 -0.000376862 -0.000344155 -0.000259429 -0.000232614 -0.000344155 -0.00030844 -0.000376862 -0.000344155 -0.000466293 -0.000425711 -0.000344155 -0.00030844 -0.000425711 -0.000381438 -0.000466293 -0.000425711 -0.000551899 -0.000503785 -0.000425711 -0.000381438 -0.000503785 -0.000451328 -0.000551899 -0.000503785 -0.000632813 -0.000577587 -0.000503785 -0.000451328 -0.000577587 -0.000517401 -0.000632813 -0.000577587 -0.000708356 -0.000646498 -0.000577587 -0.000517401 -0.000646498 -0.000579102 -0.000708356 -0.000646498 -0.000777857 -0.000709903 -0.000646498 -0.000579102 -0.000709903 -0.000635881 -0.000777857 -0.000709903 -0.000840705 -0.000767244 -0.000709903 -0.000635881 -0.000767244 -0.000687236 -0.000840705 -0.000767244 -0.000896346 -0.000818014 -0.000767244 -0.000687236 -0.000818014 -0.000732709 -0.000896346 -0.000818014 -0.000944286 -0.000861761 -0.000818014 -0.000732709 -0.000861761 -0.000771895 -0.000944286 -0.000861761 -0.000984102 -0.000898096 -0.000861761 -0.000771895 -0.000898096 -0.000804444 -0.000984102 -0.000898096 -0.00101544 -0.000926697 -0.000898096 -0.000804444 -0.000926697 -0.000830065 -0.00101544 -0.000926697 -0.00103803 -0.000947308 -0.000926697 -0.000830065 -0.000947308 -0.00084853 -0.00103803 -0.000947308 -0.00105166 -0.000959747 -0.000947308 -0.00084853 -0.000959747 -0.000859672 -0.00105166 -0.000959747 -0.00105621 -0.000963902 -0.000959747 -0.000859672 -0.000963902 -0.000863392 -0.00105621 -0.000963902 -0.00105165 -0.000959737 -0.000963902 -0.000863392 -0.000959737 -0.000859658 -0.00105165 -0.000959737 -0.00103802 -0.000947289 -0.000959737 -0.000859658 -0.000947289 -0.000848502 -0.00103802 -0.000947289 -0.00101542 -0.000926668 -0.000947289 -0.000848502 -0.000926668 -0.000830023 -0.00101542 -0.000926668 -0.00098408 -0.000898057 -0.000926668 -0.000830023 -0.000898057 -0.000804387 -0.00098408 -0.000898057 -0.000944256 -0.00086171 -0.000898057 -0.000804387 -0.00086171 -0.000771822 -0.000944256 -0.00086171 -0.000896307 -0.000817949 -0.00086171 -0.000771822 -0.000817949 -0.000732617 -0.000896307 -0.000817949 -0.000840653 -0.00076716 -0.000817949 -0.000732617 -0.00076716 -0.00068712 -0.000840653 -0.00076716 -0.000777785 -0.000709793 -0.00076716 -0.00068712 -0.000709793 -0.000635737 -0.000777785 -0.000709793 -0.000708256 -0.000646354 -0.000709793 -0.000635737 -0.000646354 -0.000578921 -0.000708256 -0.000646354 -0.000632675 -0.000577401 -0.000646354 -0.000578921 -0.000577401 -0.000517175 -0.000632675 -0.000577401 -0.000551713 -0.000503546 -0.000577401 -0.000517175 -0.000503546 -0.000451049 -0.000551713 -0.000503546 -0.000466047 -0.00042541 -0.000503546 -0.000451049 -0.00042541 -0.0003811 -0.000466047 -0.00042541 -0.000376547 -0.000343785 -0.00042541 -0.0003811 -0.000343785 -0.000308038 -0.000376547 -0.000343785 -0.000283555 -0.000258982 -0.000343785 -0.000308038 -0.000258982 -0.000232142 -0.000283555 -0.000258982 -0.000189533 -0.000173245 -0.000258982 -0.000232142 -0.000173245 -0.000155417 -0.000189533 -0.000173245 -8.91674e-05 -8.17301e-05 -0.000173245 -0.000155417 -8.17301e-05 -7.35322e-05 -8.91674e-05 -8.17301e-05 -6.22862e-06 -6.10965e-06 -8.17301e-05 -7.35322e-05 -6.10965e-06 -5.87414e-06 -6.58214e-06 -6.20069e-06 -7.41573e-05 -6.52407e-05 -6.20069e-06 -5.65463e-06 -6.52407e-05 -5.56571e-05 -7.41573e-05 -6.52407e-05 -0.000155961 -0.000136724 -6.52407e-05 -5.56571e-05 -0.000136724 -0.000116214 -0.000155961 -0.000136724 -0.000232614 -0.000203723 -0.000136724 -0.000116214 -0.000203723 -0.000172991 -0.000232614 -0.000203723 -0.00030844 -0.000270011 -0.000203723 -0.000172991 -0.000270011 -0.000229183 -0.00030844 -0.000270011 -0.000381438 -0.000333838 -0.000270011 -0.000229183 -0.000333838 -0.000283304 -0.000381438 -0.000333838 -0.000451328 -0.000394958 -0.000333838 -0.000283304 -0.000394958 -0.000335142 -0.000451328 -0.000394958 -0.000517401 -0.00045275 -0.000394958 -0.000335142 -0.00045275 -0.000384169 -0.000517401 -0.00045275 -0.000579102 -0.000506726 -0.00045275 -0.000384169 -0.000506726 -0.00042997 -0.000579102 -0.000506726 -0.000635881 -0.000556404 -0.000506726 -0.00042997 -0.000556404 -0.000472132 -0.000635881 -0.000556404 -0.000687236 -0.000601342 -0.000556404 -0.000472132 -0.000601342 -0.000510279 -0.000687236 -0.000601342 -0.000732709 -0.000641138 -0.000601342 -0.000510279 -0.000641138 -0.000544066 -0.000732709 -0.000641138 -0.000771895 -0.000675435 -0.000641138 -0.000544066 -0.000675435 -0.000573189 -0.000771895 -0.000675435 -0.000804444 -0.000703926 -0.000675435 -0.000573189 -0.000703926 -0.000597383 -0.000804444 -0.000703926 -0.000830065 -0.000726354 -0.000703926 -0.000597383 -0.000726354 -0.00061643 -0.000830065 -0.000726354 -0.00084853 -0.000742516 -0.000726354 -0.00061643 -0.000742516 -0.000630157 -0.00084853 -0.000742516 -0.000859672 -0.000752269 -0.000742516 -0.000630157 -0.000752269 -0.000638439 -0.000859672 -0.000752269 -0.000863392 -0.000755524 -0.000752269 -0.000638439 -0.000755524 -0.000641201 -0.000863392 -0.000755524 -0.000859658 -0.000752251 -0.000755524 -0.000641201 -0.000752251 -0.000638418 -0.000859658 -0.000752251 -0.000848502 -0.00074248 -0.000752251 -0.000638418 -0.00074248 -0.000630114 -0.000848502 -0.00074248 -0.000830023 -0.000726299 -0.00074248 -0.000630114 -0.000726299 -0.000616366 -0.000830023 -0.000726299 -0.000804387 -0.000703853 -0.000726299 -0.000616366 -0.000703853 -0.000597296 -0.000804387 -0.000703853 -0.000771822 -0.000675342 -0.000703853 -0.000597296 -0.000675342 -0.000573078 -0.000771822 -0.000675342 -0.000732617 -0.000641022 -0.000675342 -0.000573078 -0.000641022 -0.00054393 -0.000732617 -0.000641022 -0.00068712 -0.000601199 -0.000641022 -0.00054393 -0.000601199 -0.000510114 -0.00068712 -0.000601199 -0.000635737 -0.00055623 -0.000601199 -0.000510114 -0.00055623 -0.000471934 -0.000635737 -0.00055623 -0.000578921 -0.000506514 -0.00055623 -0.000471934 -0.000506514 -0.000429734 -0.000578921 -0.000506514 -0.000517175 -0.000452493 -0.000506514 -0.000429734 -0.000452493 -0.00038389 -0.000517175 -0.000452493 -0.000451049 -0.000394651 -0.000452493 -0.00038389 -0.000394651 -0.000334817 -0.000451049 -0.000394651 -0.0003811 -0.000333477 -0.000394651 -0.000334817 -0.000333477 -0.000282932 -0.0003811 -0.000333477 -0.000308038 -0.000269593 -0.000333477 -0.000282932 -0.000269593 -0.000228763 -0.000308038 -0.000269593 -0.000232142 -0.000203244 -0.000269593 -0.000228763 -0.000203244 -0.00017252 -0.000232142 -0.000203244 -0.000155417 -0.000136182 -0.000203244 -0.00017252 -0.000136182 -0.000115689 -0.000155417 -0.000136182 -7.35322e-05 -6.46246e-05 -0.000136182 -0.000115689 -6.46246e-05 -5.50666e-05 -7.35322e-05 -6.46246e-05 -5.87414e-06 -5.50704e-06 -6.46246e-05 -5.50666e-05 -5.50704e-06 -4.99421e-06 -5.65463e-06 -4.94088e-06 -5.56571e-05 -4.54802e-05 -4.94088e-06 -4.0583e-06 -4.54802e-05 -3.47893e-05 -5.56571e-05 -4.54802e-05 -0.000116214 -9.45974e-05 -4.54802e-05 -3.47893e-05 -9.45974e-05 -7.20499e-05 -0.000116214 -9.45974e-05 -0.000172991 -0.000140673 -9.45974e-05 -7.20499e-05 -0.000140673 -0.000107035 -0.000172991 -0.000140673 -0.000229183 -0.000186295 -0.000140673 -0.000107035 -0.000186295 -0.000141704 -0.000229183 -0.000186295 -0.000283304 -0.000230255 -0.000186295 -0.000141704 -0.000230255 -0.000175134 -0.000283304 -0.000230255 -0.000335142 -0.000272378 -0.000230255 -0.000175134 -0.000272378 -0.00020719 -0.000335142 -0.000272378 -0.000384169 -0.000312231 -0.000272378 -0.00020719 -0.000312231 -0.000237538 -0.000384169 -0.000312231 -0.00042997 -0.000349475 -0.000312231 -0.000237538 -0.000349475 -0.000265915 -0.00042997 -0.000349475 -0.000472132 -0.00038377 -0.000349475 -0.000265915 -0.00038377 -0.00029206 -0.000472132 -0.00038377 -0.000510279 -0.000414808 -0.00038377 -0.00029206 -0.000414808 -0.000315732 -0.000510279 -0.000414808 -0.000544066 -0.000442306 -0.000414808 -0.000315732 -0.000442306 -0.000336713 -0.000544066 -0.000442306 -0.000573189 -0.000466012 -0.000442306 -0.000336713 -0.000466012 -0.000354808 -0.000573189 -0.000466012 -0.000597383 -0.00048571 -0.000466012 -0.000354808 -0.00048571 -0.000369847 -0.000597383 -0.00048571 -0.00061643 -0.000501219 -0.00048571 -0.000369847 -0.000501219 -0.00038169 -0.00061643 -0.000501219 -0.000630157 -0.000512396 -0.000501219 -0.00038169 -0.000512396 -0.000390226 -0.000630157 -0.000512396 -0.000638439 -0.000519139 -0.000512396 -0.000390226 -0.000519139 -0.000395374 -0.000638439 -0.000519139 -0.000641201 -0.000521385 -0.000519139 -0.000395374 -0.000521385 -0.000397087 -0.000641201 -0.000521385 -0.000638418 -0.000519114 -0.000521385 -0.000397087 -0.000519114 -0.000395347 -0.000638418 -0.000519114 -0.000630114 -0.000512347 -0.000519114 -0.000395347 -0.000512347 -0.000390172 -0.000630114 -0.000512347 -0.000616366 -0.000501145 -0.000512347 -0.000390172 -0.000501145 -0.00038161 -0.000616366 -0.000501145 -0.000597296 -0.000485612 -0.000501145 -0.00038161 -0.000485612 -0.00036974 -0.000597296 -0.000485612 -0.000573078 -0.000465888 -0.000485612 -0.00036974 -0.000465888 -0.000354673 -0.000573078 -0.000465888 -0.00054393 -0.000442154 -0.000465888 -0.000354673 -0.000442154 -0.00033655 -0.00054393 -0.000442154 -0.000510114 -0.000414626 -0.000442154 -0.00033655 -0.000414626 -0.000315538 -0.000510114 -0.000414626 -0.000471934 -0.000383555 -0.000414626 -0.000315538 -0.000383555 -0.000291833 -0.000471934 -0.000383555 -0.000429734 -0.000349222 -0.000383555 -0.000291833 -0.000349222 -0.000265652 -0.000429734 -0.000349222 -0.00038389 -0.000311938 -0.000349222 -0.000265652 -0.000311938 -0.000237238 -0.00038389 -0.000311938 -0.000334817 -0.000272043 -0.000311938 -0.000237238 -0.000272043 -0.000206853 -0.000334817 -0.000272043 -0.000282932 -0.00022988 -0.000272043 -0.000206853 -0.00022988 -0.000174763 -0.000282932 -0.00022988 -0.000228763 -0.00018588 -0.00022988 -0.000174763 -0.00018588 -0.0001413 -0.000228763 -0.00018588 -0.00017252 -0.000140217 -0.00018588 -0.0001413 -0.000140217 -0.0001066 -0.00017252 -0.000140217 -0.000115689 -9.40966e-05 -0.000140217 -0.0001066 -9.40966e-05 -7.15784e-05 -0.000115689 -9.40966e-05 -5.50666e-05 -4.4925e-05 -9.40966e-05 -7.15784e-05 -4.4925e-05 -3.42742e-05 -5.50666e-05 -4.4925e-05 -4.99421e-06 -4.32547e-06 -4.4925e-05 -3.42742e-05 -4.32547e-06 -3.4942e-06 -4.0583e-06 -3.00834e-06 -3.47893e-05 -2.36695e-05 -3.00834e-06 -1.79543e-06 -2.36695e-05 -1.22108e-05 -3.47893e-05 -2.36695e-05 -7.20499e-05 -4.8758e-05 -2.36695e-05 -1.22108e-05 -4.8758e-05 -2.49155e-05 -7.20499e-05 -4.8758e-05 -0.000107035 -7.23587e-05 -4.8758e-05 -2.49155e-05 -7.23587e-05 -3.69339e-05 -0.000107035 -7.23587e-05 -0.000141704 -9.57824e-05 -7.23587e-05 -3.69339e-05 -9.57824e-05 -4.89179e-05 -0.000141704 -9.57824e-05 -0.000175134 -0.000118405 -9.57824e-05 -4.89179e-05 -0.000118405 -6.05446e-05 -0.000175134 -0.000118405 -0.00020719 -0.000140127 -0.000118405 -6.05446e-05 -0.000140127 -7.17542e-05 -0.00020719 -0.000140127 -0.000237538 -0.000160718 -0.000140127 -7.17542e-05 -0.000160718 -8.24202e-05 -0.000237538 -0.000160718 -0.000265915 -0.000179994 -0.000160718 -8.24202e-05 -0.000179994 -9.24394e-05 -0.000265915 -0.000179994 -0.00029206 -0.000197773 -0.000179994 -9.24394e-05 -0.000197773 -0.000101709 -0.00029206 -0.000197773 -0.000315732 -0.000213887 -0.000197773 -0.000101709 -0.000213887 -0.000110133 -0.000315732 -0.000213887 -0.000336713 -0.00022818 -0.000213887 -0.000110133 -0.00022818 -0.000117624 -0.000336713 -0.00022818 -0.000354808 -0.000240515 -0.00022818 -0.000117624 -0.000240515 -0.000124102 -0.000354808 -0.000240515 -0.000369847 -0.000250773 -0.000240515 -0.000124102 -0.000250773 -0.000129497 -0.000369847 -0.000250773 -0.00038169 -0.000258854 -0.000250773 -0.000129497 -0.000258854 -0.000133752 -0.00038169 -0.000258854 -0.000390226 -0.000264679 -0.000258854 -0.000133752 -0.000264679 -0.00013682 -0.000390226 -0.000264679 -0.000395374 -0.000268191 -0.000264679 -0.00013682 -0.000268191 -0.000138668 -0.000395374 -0.000268191 -0.000397087 -0.000269356 -0.000268191 -0.000138668 -0.000269356 -0.000139277 -0.000397087 -0.000269356 -0.000395347 -0.000268163 -0.000269356 -0.000139277 -0.000268163 -0.000138639 -0.000395347 -0.000268163 -0.000390172 -0.000264622 -0.000268163 -0.000138639 -0.000264622 -0.000136761 -0.000390172 -0.000264622 -0.00038161 -0.000258769 -0.000264622 -0.000136761 -0.000258769 -0.000133664 -0.00038161 -0.000258769 -0.00036974 -0.00025066 -0.000258769 -0.000133664 -0.00025066 -0.000129381 -0.00036974 -0.00025066 -0.000354673 -0.000240374 -0.00025066 -0.000129381 -0.000240374 -0.000123957 -0.000354673 -0.000240374 -0.00033655 -0.00022801 -0.000240374 -0.000123957 -0.00022801 -0.000117451 -0.00033655 -0.00022801 -0.000315538 -0.000213686 -0.00022801 -0.000117451 -0.000213686 -0.000109931 -0.000315538 -0.000213686 -0.000291833 -0.000197541 -0.000213686 -0.000109931 -0.000197541 -0.000101475 -0.000291833 -0.000197541 -0.000265652 -0.000179728 -0.000197541 -0.000101475 -0.000179728 -9.21739e-05 -0.000265652 -0.000179728 -0.000237238 -0.000160417 -0.000179728 -9.21739e-05 -0.000160417 -8.21228e-05 -0.000237238 -0.000160417 -0.000206853 -0.000139793 -0.000160417 -8.21228e-05 -0.000139793 -7.14269e-05 -0.000206853 -0.000139793 -0.000174763 -0.000118041 -0.000139793 -7.14269e-05 -0.000118041 -6.01917e-05 -0.000174763 -0.000118041 -0.0001413 -9.53927e-05 -0.000118041 -6.01917e-05 -9.53927e-05 -4.8544e-05 -0.0001413 -9.53927e-05 -0.0001066 -7.19451e-05 -9.53927e-05 -4.8544e-05 -7.19451e-05 -3.65422e-05 -0.0001066 -7.19451e-05 -7.15784e-05 -4.83169e-05 -7.19451e-05 -3.65422e-05 -4.83169e-05 -2.4504e-05 -7.15784e-05 -4.83169e-05 -3.42742e-05 -2.31957e-05 -4.83169e-05 -2.4504e-05 -2.31957e-05 -1.17771e-05 -3.42742e-05 -2.31957e-05 -3.4942e-06 -2.49773e-06 -2.31957e-05 -1.17771e-05 -2.49773e-06 -1.33749e-06 -1.79543e-06 -4.27357e-07 -1.22108e-05 -5.08425e-07 -4.27357e-07 1.08455e-06 -5.08425e-07 1.13383e-05 -1.22108e-05 -5.08425e-07 -2.49155e-05 -7.23242e-07 -5.08425e-07 1.13383e-05 -7.23242e-07 2.3613e-05 -2.49155e-05 -7.23242e-07 -3.69339e-05 -1.06044e-06 -7.23242e-07 2.3613e-05 -1.06044e-06 3.4956e-05 -3.69339e-05 -1.06044e-06 -4.89179e-05 -1.50725e-06 -1.06044e-06 3.4956e-05 -1.50725e-06 4.60455e-05 -4.89179e-05 -1.50725e-06 -6.05446e-05 -2.04474e-06 -1.50725e-06 4.60455e-05 -2.04474e-06 5.65962e-05 -6.05446e-05 -2.04474e-06 -7.17542e-05 -2.65274e-06 -2.04474e-06 5.65962e-05 -2.65274e-06 6.65886e-05 -7.17542e-05 -2.65274e-06 -8.24202e-05 -3.30974e-06 -2.65274e-06 6.65886e-05 -3.30974e-06 7.59392e-05 -8.24202e-05 -3.30974e-06 -9.24394e-05 -3.99385e-06 -3.30974e-06 7.59392e-05 -3.99385e-06 8.45887e-05 -9.24394e-05 -3.99385e-06 -0.000101709 -4.68273e-06 -3.99385e-06 8.45887e-05 -4.68273e-06 9.24788e-05 -0.000101709 -4.68273e-06 -0.000110133 -5.35396e-06 -4.68273e-06 9.24788e-05 -5.35396e-06 9.95589e-05 -0.000110133 -5.35396e-06 -0.000117624 -5.98557e-06 -5.35396e-06 9.95589e-05 -5.98557e-06 0.000105785 -0.000117624 -5.98557e-06 -0.000124102 -6.5568e-06 -5.98557e-06 0.000105785 -6.5568e-06 0.000111118 -0.000124102 -6.5568e-06 -0.000129497 -7.0489e-06 -6.5568e-06 0.000111118 -7.0489e-06 0.000115528 -0.000129497 -7.0489e-06 -0.000133752 -7.44576e-06 -7.0489e-06 0.000115528 -7.44576e-06 0.000118988 -0.000133752 -7.44576e-06 -0.00013682 -7.73439e-06 -7.44576e-06 0.000118988 -7.73439e-06 0.000121477 -0.00013682 -7.73439e-06 -0.000138668 -7.90537e-06 -7.73439e-06 0.000121477 -7.90537e-06 0.000122983 -0.000138668 -7.90537e-06 -0.000139277 -7.95301e-06 -7.90537e-06 0.000122983 -7.95301e-06 0.000123496 -0.000139277 -7.95301e-06 -0.000138639 -7.87552e-06 -7.95301e-06 0.000123496 -7.87552e-06 0.000123013 -0.000138639 -7.87552e-06 -0.000136761 -7.67501e-06 -7.87552e-06 0.000123013 -7.67501e-06 0.000121536 -0.000136761 -7.67501e-06 -0.000133664 -7.35738e-06 -7.67501e-06 0.000121536 -7.35738e-06 0.000119075 -0.000133664 -7.35738e-06 -0.000129381 -6.93212e-06 -7.35738e-06 0.000119075 -6.93212e-06 0.000115643 -0.000129381 -6.93212e-06 -0.000123957 -6.41202e-06 -6.93212e-06 0.000115643 -6.41202e-06 0.00011126 -0.000123957 -6.41202e-06 -0.000117451 -5.81282e-06 -6.41202e-06 0.00011126 -5.81282e-06 0.000105954 -0.000117451 -5.81282e-06 -0.000109931 -5.15276e-06 -5.81282e-06 0.000105954 -5.15276e-06 9.97551e-05 -0.000109931 -5.15276e-06 -0.000101475 -4.45222e-06 -5.15276e-06 9.97551e-05 -4.45222e-06 9.27027e-05 -0.000101475 -4.45222e-06 -9.21739e-05 -3.73333e-06 -4.45222e-06 9.27027e-05 -3.73333e-06 8.48408e-05 -9.21739e-05 -3.73333e-06 -8.21228e-05 -3.01958e-06 -3.73333e-06 8.48408e-05 -3.01958e-06 7.62193e-05 -8.21228e-05 -3.01958e-06 -7.14269e-05 -2.33523e-06 -3.01958e-06 7.62193e-05 -2.33523e-06 6.68943e-05 -7.14269e-05 -2.33523e-06 -6.01917e-05 -1.70436e-06 -2.33523e-06 6.68943e-05 -1.70436e-06 5.69232e-05 -6.01917e-05 -1.70436e-06 -4.8544e-05 -1.14927e-06 -1.70436e-06 5.69232e-05 -1.14927e-06 4.63881e-05 -4.8544e-05 -1.14927e-06 -3.65422e-05 -6.89365e-07 -1.14927e-06 4.63881e-05 -6.89365e-07 3.53085e-05 -3.65422e-05 -6.89365e-07 -2.4504e-05 -3.39032e-07 -6.89365e-07 3.53085e-05 -3.39032e-07 2.39729e-05 -2.4504e-05 -3.39032e-07 -1.17771e-05 -1.11703e-07 -3.39032e-07 2.39729e-05 -1.11703e-07 1.17019e-05 -1.17771e-05 -1.11703e-07 -1.33749e-06 -1.91118e-08 -1.11703e-07 1.17019e-05 -1.91118e-08 1.44755e-06 1.08455e-06 2.72528e-06 1.13383e-05 2.32264e-05 2.72528e-06 4.47616e-06 2.32264e-05 3.50497e-05 1.13383e-05 2.32264e-05 2.3613e-05 4.78835e-05 2.32264e-05 3.50497e-05 4.78835e-05 7.18769e-05 2.3613e-05 4.78835e-05 3.4956e-05 7.08061e-05 4.78835e-05 7.18769e-05 7.08061e-05 0.00010618 3.4956e-05 7.08061e-05 4.60455e-05 9.33325e-05 7.08061e-05 0.00010618 9.33325e-05 0.000139946 4.60455e-05 9.33325e-05 5.65962e-05 0.000114876 9.33325e-05 0.000139946 0.000114876 0.000172292 5.65962e-05 0.000114876 6.65886e-05 0.000135377 0.000114876 0.000172292 0.000135377 0.000203121 6.65886e-05 0.000135377 7.59392e-05 0.000154648 0.000135377 0.000203121 0.000154648 0.000232142 7.59392e-05 0.000154648 8.45887e-05 0.00017255 0.000154648 0.000232142 0.00017255 0.000259136 8.45887e-05 0.00017255 9.24788e-05 0.000188945 0.00017255 0.000259136 0.000188945 0.000283887 9.24788e-05 0.000188945 9.95589e-05 0.000203708 0.000188945 0.000283887 0.000203708 0.000306201 9.95589e-05 0.000203708 0.000105785 0.000216732 0.000203708 0.000306201 0.000216732 0.000325904 0.000105785 0.000216732 0.000111118 0.000227918 0.000216732 0.000325904 0.000227918 0.000342841 0.000111118 0.000227918 0.000115528 0.000237186 0.000227918 0.000342841 0.000237186 0.000356883 0.000115528 0.000237186 0.000118988 0.000244468 0.000237186 0.000356883 0.000244468 0.000367921 0.000118988 0.000244468 0.000121477 0.000249712 0.000244468 0.000367921 0.000249712 0.000375871 0.000121477 0.000249712 0.000122983 0.000252879 0.000249712 0.000375871 0.000252879 0.00038067 0.000122983 0.000252879 0.000123496 0.000253947 0.000252879 0.00038067 0.000253947 0.000382284 0.000123496 0.000253947 0.000123013 0.000252908 0.000253947 0.000382284 0.000252908 0.000380698 0.000123013 0.000252908 0.000121536 0.000249769 0.000252908 0.000380698 0.000249769 0.000375925 0.000121536 0.000249769 0.000119075 0.000244553 0.000249769 0.000375925 0.000244553 0.000368002 0.000119075 0.000244553 0.000115643 0.000237297 0.000244553 0.000368002 0.000237297 0.000356989 0.000115643 0.000237297 0.00011126 0.000228055 0.000237297 0.000356989 0.000228055 0.000342971 0.00011126 0.000228055 0.000105954 0.000216894 0.000228055 0.000342971 0.000216894 0.000326057 0.000105954 0.000216894 9.97551e-05 0.000203896 0.000216894 0.000326057 0.000203896 0.000306379 9.97551e-05 0.000203896 9.27027e-05 0.000189159 0.000203896 0.000306379 0.000189159 0.000284089 9.27027e-05 0.000189159 8.48408e-05 0.000172791 0.000189159 0.000284089 0.000172791 0.000259363 8.48408e-05 0.000172791 7.62193e-05 0.000154916 0.000172791 0.000259363 0.000154916 0.000232395 7.62193e-05 0.000154916 6.68943e-05 0.000135669 0.000154916 0.000232395 0.000135669 0.000203399 6.68943e-05 0.000135669 5.69232e-05 0.000115189 0.000135669 0.000203399 0.000115189 0.000172591 5.69232e-05 0.000115189 4.63881e-05 9.36606e-05 0.000115189 0.000172591 9.36606e-05 0.00014026 4.63881e-05 9.36606e-05 3.53085e-05 7.11422e-05 9.36606e-05 0.00014026 7.11422e-05 0.000106501 3.53085e-05 7.11422e-05 2.39729e-05 4.82222e-05 7.11422e-05 0.000106501 4.82222e-05 7.21971e-05 2.39729e-05 4.82222e-05 1.17019e-05 2.35611e-05 4.82222e-05 7.21971e-05 2.35611e-05 3.53595e-05 1.17019e-05 2.35611e-05 1.44755e-06 3.04835e-06 2.35611e-05 3.53595e-05 3.04835e-06 4.76491e-06 4.47616e-06 6.31493e-06 3.50497e-05 4.67004e-05 6.31493e-06 8.21595e-06 4.67004e-05 5.8069e-05 3.50497e-05 4.67004e-05 7.18769e-05 9.53812e-05 4.67004e-05 5.8069e-05 9.53812e-05 0.000118186 7.18769e-05 9.53812e-05 0.00010618 0.000140767 9.53812e-05 0.000118186 0.000140767 0.000174265 0.00010618 0.000140767 0.000139946 0.00018548 0.000140767 0.000174265 0.00018548 0.000229538 0.000139946 0.00018548 0.000172292 0.000228348 0.00018548 0.000229538 0.000228348 0.000282555 0.000172292 0.000228348 0.000203121 0.000269235 0.000228348 0.000282555 0.000269235 0.000333145 0.000203121 0.000269235 0.000232142 0.000307751 0.000269235 0.000333145 0.000307751 0.000380821 0.000232142 0.000307751 0.000259136 0.0003436 0.000307751 0.000380821 0.0003436 0.000425212 0.000259136 0.0003436 0.000283887 0.00037649 0.0003436 0.000425212 0.00037649 0.000465952 0.000283887 0.00037649 0.000306201 0.000406156 0.00037649 0.000465952 0.000406156 0.000502711 0.000306201 0.000406156 0.000325904 0.000432363 0.000406156 0.000502711 0.000432363 0.000535191 0.000325904 0.000432363 0.000342841 0.000454901 0.000432363 0.000535191 0.000454901 0.000563131 0.000342841 0.000454901 0.000356883 0.000473591 0.000454901 0.000563131 0.000473591 0.000586305 0.000356883 0.000473591 0.000367921 0.000488287 0.000473591 0.000586305 0.000488287 0.000604528 0.000367921 0.000488287 0.000375871 0.000498871 0.000488287 0.000604528 0.000498871 0.000617654 0.000375871 0.000498871 0.00038067 0.00050526 0.000498871 0.000617654 0.00050526 0.000625576 0.00038067 0.00050526 0.000382284 0.000507404 0.00050526 0.000625576 0.000507404 0.000628232 0.000382284 0.000507404 0.000380698 0.000505286 0.000507404 0.000628232 0.000505286 0.0006256 0.000380698 0.000505286 0.000375925 0.000498922 0.000505286 0.0006256 0.000498922 0.000617701 0.000375925 0.000498922 0.000368002 0.000488362 0.000498922 0.000617701 0.000488362 0.000604598 0.000368002 0.000488362 0.000356989 0.00047369 0.000488362 0.000604598 0.00047369 0.000586396 0.000356989 0.00047369 0.000342971 0.000455022 0.00047369 0.000586396 0.000455022 0.000563242 0.000342971 0.000455022 0.000326057 0.000432505 0.000455022 0.000563242 0.000432505 0.000535321 0.000326057 0.000432505 0.000306379 0.00040632 0.000432505 0.000535321 0.00040632 0.00050286 0.000306379 0.00040632 0.000284089 0.000376676 0.00040632 0.00050286 0.000376676 0.000466121 0.000284089 0.000376676 0.000259363 0.000343811 0.000376676 0.000466121 0.000343811 0.000425404 0.000259363 0.000343811 0.000232395 0.000307987 0.000343811 0.000425404 0.000307987 0.000381038 0.000232395 0.000307987 0.000203399 0.000269496 0.000307987 0.000381038 0.000269496 0.000333388 0.000203399 0.000269496 0.000172591 0.000228632 0.000269496 0.000333388 0.000228632 0.000282823 0.000172591 0.000228632 0.00014026 0.000185781 0.000228632 0.000282823 0.000185781 0.000229823 0.00014026 0.000185781 0.000106501 0.000141075 0.000185781 0.000229823 0.000141075 0.000174558 0.000106501 0.000141075 7.21971e-05 9.56845e-05 0.000141075 0.000174558 9.56845e-05 0.000118473 7.21971e-05 9.56845e-05 3.53595e-05 4.69884e-05 9.56845e-05 0.000118473 4.69884e-05 5.83369e-05 3.53595e-05 4.69884e-05 4.76491e-06 6.57463e-06 4.69884e-05 5.83369e-05 6.57463e-06 8.45078e-06 8.21595e-06 1.01504e-05 5.8069e-05 6.9046e-05 1.01504e-05 1.20867e-05 6.9046e-05 7.95227e-05 5.8069e-05 6.9046e-05 0.000118186 0.000140086 6.9046e-05 7.95227e-05 0.000140086 0.000160877 0.000118186 0.000140086 0.000174265 0.000206374 0.000140086 0.000160877 0.000206374 0.000236808 0.000174265 0.000206374 0.000229538 0.000271731 0.000206374 0.000236808 0.000271731 0.000311686 0.000229538 0.000271731 0.000282555 0.00033444 0.000271731 0.000311686 0.00033444 0.000383546 0.000282555 0.00033444 0.000333145 0.000394294 0.00033444 0.000383546 0.000394294 0.000452148 0.000333145 0.000394294 0.000380821 0.000450716 0.000394294 0.000452148 0.000450716 0.000516828 0.000380821 0.000450716 0.000425212 0.000503264 0.000450716 0.000516828 0.000503264 0.000577076 0.000425212 0.000503264 0.000465952 0.000551499 0.000503264 0.000577076 0.000551499 0.000632388 0.000465952 0.000551499 0.000502711 0.00059503 0.000551499 0.000632388 0.00059503 0.000682312 0.000502711 0.00059503 0.000535191 0.0006335 0.00059503 0.000682312 0.0006335 0.000726437 0.000535191 0.0006335 0.000563131 0.000666597 0.0006335 0.000726437 0.000666597 0.000764403 0.000563131 0.000666597 0.000586305 0.000694052 0.000666597 0.000764403 0.000694052 0.000795899 0.000586305 0.000694052 0.000604528 0.000715643 0.000694052 0.000795899 0.000715643 0.00082067 0.000604528 0.000715643 0.000617654 0.000731195 0.000715643 0.00082067 0.000731195 0.000838512 0.000617654 0.000731195 0.000625576 0.000740581 0.000731195 0.000838512 0.000740581 0.000849279 0.000625576 0.000740581 0.000628232 0.000743725 0.000740581 0.000849279 0.000743725 0.000852886 0.000628232 0.000743725 0.0006256 0.000740603 0.000743725 0.000852886 0.000740603 0.0008493 0.0006256 0.000740603 0.000617701 0.000731238 0.000740603 0.0008493 0.000731238 0.000838552 0.000617701 0.000731238 0.000604598 0.000715707 0.000731238 0.000838552 0.000715707 0.000820728 0.000604598 0.000715707 0.000586396 0.000694135 0.000715707 0.000820728 0.000694135 0.000795974 0.000586396 0.000694135 0.000563242 0.000666697 0.000694135 0.000795974 0.000666697 0.000764492 0.000563242 0.000666697 0.000535321 0.000633616 0.000666697 0.000764492 0.000633616 0.000726539 0.000535321 0.000633616 0.00050286 0.000595162 0.000633616 0.000726539 0.000595162 0.000682427 0.00050286 0.000595162 0.000466121 0.000551649 0.000595162 0.000682427 0.000551649 0.000632518 0.000466121 0.000551649 0.000425404 0.000503435 0.000551649 0.000632518 0.000503435 0.000577224 0.000425404 0.000503435 0.000381038 0.000450912 0.000503435 0.000577224 0.000450912 0.000516999 0.000381038 0.000450912 0.000333388 0.000394517 0.000450912 0.000516999 0.000394517 0.000452345 0.000333388 0.000394517 0.000282823 0.000334688 0.000394517 0.000452345 0.000334688 0.000383769 0.000282823 0.000334688 0.000229823 0.000271998 0.000334688 0.000383769 0.000271998 0.000311929 0.000229823 0.000271998 0.000174558 0.00020665 0.000271998 0.000311929 0.00020665 0.000237059 0.000174558 0.00020665 0.000118473 0.000140352 0.00020665 0.000237059 0.000140352 0.000161118 0.000118473 0.000140352 5.83369e-05 6.9293e-05 0.000140352 0.000161118 6.9293e-05 7.97446e-05 5.83369e-05 6.9293e-05 8.45078e-06 1.03625e-05 6.9293e-05 7.97446e-05 1.03625e-05 1.22747e-05 1.20867e-05 1.39911e-05 7.95227e-05 8.9392e-05 1.39911e-05 1.58262e-05 8.9392e-05 9.855e-05 7.95227e-05 8.9392e-05 0.000160877 0.000180366 8.9392e-05 9.855e-05 0.000180366 0.000198367 0.000160877 0.000180366 0.000236808 0.000265288 0.000180366 0.000198367 0.000265288 0.000291555 0.000236808 0.000265288 0.000311686 0.000349046 0.000265288 0.000291555 0.000349046 0.000383474 0.000311686 0.000349046 0.000383546 0.000429438 0.000349046 0.000383474 0.000429438 0.00047171 0.000383546 0.000429438 0.000452148 0.000506198 0.000429438 0.00047171 0.000506198 0.000555965 0.000452148 0.000506198 0.000516828 0.000578577 0.000506198 0.000555965 0.000578577 0.00063542 0.000516828 0.000578577 0.000577076 0.000646004 0.000578577 0.00063542 0.000646004 0.000709444 0.000577076 0.000646004 0.000632388 0.000707913 0.000646004 0.000709444 0.000707913 0.000777415 0.000632388 0.000707913 0.000682312 0.000763797 0.000707913 0.000777415 0.000763797 0.000838775 0.000682312 0.000763797 0.000726437 0.000813194 0.000763797 0.000838775 0.000813194 0.000893015 0.000726437 0.000813194 0.000764403 0.000855699 0.000813194 0.000893015 0.000855699 0.00093969 0.000764403 0.000855699 0.000795899 0.000890963 0.000855699 0.00093969 0.000890963 0.000978416 0.000795899 0.000890963 0.00082067 0.000918697 0.000890963 0.000978416 0.000918697 0.00100887 0.00082067 0.000918697 0.000838512 0.000938674 0.000918697 0.00100887 0.000938674 0.00103081 0.000838512 0.000938674 0.000849279 0.00095073 0.000938674 0.00103081 0.00095073 0.00104405 0.000849279 0.00095073 0.000852886 0.000954767 0.00095073 0.00104405 0.000954767 0.00104848 0.000852886 0.000954767 0.0008493 0.00095075 0.000954767 0.00104848 0.00095075 0.00104407 0.0008493 0.00095075 0.000838552 0.000938712 0.00095075 0.00104407 0.000938712 0.00103085 0.000838552 0.000938712 0.000820728 0.000918751 0.000938712 0.00103085 0.000918751 0.00100893 0.000820728 0.000918751 0.000795974 0.000891031 0.000918751 0.00100893 0.000891031 0.00097848 0.000795974 0.000891031 0.000764492 0.000855778 0.000891031 0.00097848 0.000855778 0.000939764 0.000764492 0.000855778 0.000726539 0.000813283 0.000855778 0.000939764 0.000813283 0.000893095 0.000726539 0.000813283 0.000682427 0.000763896 0.000813283 0.000893095 0.000763896 0.00083886 0.000682427 0.000763896 0.000632518 0.000708023 0.000763896 0.00083886 0.000708023 0.000777507 0.000632518 0.000708023 0.000577224 0.000646128 0.000708023 0.000777507 0.000646128 0.000709544 0.000577224 0.000646128 0.000516999 0.00057872 0.000646128 0.000709544 0.00057872 0.000635533 0.000516999 0.00057872 0.000452345 0.000506364 0.00057872 0.000635533 0.000506364 0.000556095 0.000452345 0.000506364 0.000383769 0.000429629 0.000506364 0.000556095 0.000429629 0.000471857 0.000383769 0.000429629 0.000311929 0.000349254 0.000429629 0.000471857 0.000349254 0.000383634 0.000311929 0.000349254 0.000237059 0.000265505 0.000349254 0.000383634 0.000265505 0.00029172 0.000237059 0.000265505 0.000161118 0.000180571 0.000265505 0.00029172 0.000180571 0.000198519 0.000161118 0.000180571 7.97446e-05 8.95795e-05 0.000180571 0.000198519 8.95795e-05 9.86875e-05 7.97446e-05 8.95795e-05 1.22747e-05 1.41488e-05 8.95795e-05 9.86875e-05 1.41488e-05 1.594e-05 1.58262e-05 1.75604e-05 9.855e-05 0.000106895 1.75604e-05 1.9134e-05 0.000106895 0.000114338 9.855e-05 0.000106895 0.000198367 0.000214705 0.000106895 0.000114338 0.000214705 0.000229215 0.000198367 0.000214705 0.000291555 0.000315363 0.000214705 0.000229215 0.000315363 0.000336488 0.000291555 0.000315363 0.000383474 0.000414659 0.000315363 0.000336488 0.000414659 0.000442314 0.000383474 0.000414659 0.00047171 0.000509981 0.000414659 0.000442314 0.000509981 0.000543908 0.00047171 0.000509981 0.000555965 0.000601009 0.000509981 0.000543908 0.000601009 0.000640928 0.000555965 0.000601009 0.00063542 0.000686855 0.000601009 0.000640928 0.000686855 0.000732425 0.00063542 0.000686855 0.000709444 0.000766837 0.000686855 0.000732425 0.000766837 0.000817676 0.000709444 0.000766837 0.000777415 0.000840283 0.000766837 0.000817676 0.000840283 0.000895962 0.000777415 0.000840283 0.000838775 0.000906587 0.000840283 0.000895962 0.000906587 0.000966639 0.000838775 0.000906587 0.000893015 0.000965202 0.000906587 0.000966639 0.000965202 0.00102912 0.000893015 0.000965202 0.00093969 0.00101564 0.000965202 0.00102912 0.00101564 0.00108289 0.00093969 0.00101564 0.000978416 0.00105749 0.00101564 0.00108289 0.00105749 0.00112751 0.000978416 0.00105749 0.00100887 0.00109041 0.00105749 0.00112751 0.00109041 0.0011626 0.00100887 0.00109041 0.00103081 0.00111412 0.00109041 0.0011626 0.00111412 0.00118788 0.00103081 0.00111412 0.00104405 0.00112843 0.00111412 0.00118788 0.00112843 0.00120313 0.00104405 0.00112843 0.00104848 0.00113322 0.00112843 0.00120313 0.00113322 0.00120824 0.00104848 0.00113322 0.00104407 0.00112845 0.00113322 0.00120824 0.00112845 0.00120316 0.00104407 0.00112845 0.00103085 0.00111416 0.00112845 0.00120316 0.00111416 0.00118792 0.00103085 0.00111416 0.00100893 0.00109047 0.00111416 0.00118792 0.00109047 0.00116266 0.00100893 0.00109047 0.00097848 0.00105756 0.00109047 0.00116266 0.00105756 0.00112758 0.00097848 0.00105756 0.000939764 0.00101572 0.00105756 0.00112758 0.00101572 0.00108297 0.000939764 0.00101572 0.000893095 0.000965279 0.00101572 0.00108297 0.000965279 0.00102921 0.000893095 0.000965279 0.00083886 0.000906666 0.000965279 0.00102921 0.000906666 0.000966721 0.00083886 0.000906666 0.000777507 0.000840361 0.000906666 0.000966721 0.000840361 0.000896036 0.000777507 0.000840361 0.000709544 0.000766915 0.000840361 0.000896036 0.000766915 0.000817738 0.000709544 0.000766915 0.000635533 0.000686935 0.000766915 0.000817738 0.000686935 0.000732473 0.000635533 0.000686935 0.000556095 0.000601094 0.000686935 0.000732473 0.000601094 0.00064096 0.000556095 0.000601094 0.000471857 0.000510071 0.000601094 0.00064096 0.000510071 0.000543924 0.000471857 0.000510071 0.000383634 0.000414751 0.000510071 0.000543924 0.000414751 0.000442313 0.000383634 0.000414751 0.00029172 0.000315453 0.000414751 0.000442313 0.000315453 0.000336474 0.00029172 0.000315453 0.000198519 0.000214779 0.000315453 0.000336474 0.000214779 0.000229178 0.000198519 0.000214779 9.86875e-05 0.000106958 0.000214779 0.000229178 0.000106958 0.000114291 9.86875e-05 0.000106958 1.594e-05 1.76078e-05 0.000106958 0.000114291 1.76078e-05 1.90777e-05 1.9134e-05 2.05901e-05 0.000114338 0.000120766 2.05901e-05 2.15907e-05 0.000120766 0.00012618 0.000114338 0.000120766 0.000229215 0.000241757 0.000120766 0.00012618 0.000241757 0.000252177 0.000229215 0.000241757 0.000336488 0.000354728 0.000241757 0.000252177 0.000354728 0.000369915 0.000336488 0.000354728 0.000442314 0.000466185 0.000354728 0.000369915 0.000466185 0.000486051 0.000442314 0.000466185 0.000543908 0.000573183 0.000466185 0.000486051 0.000573183 0.00059754 0.000543908 0.000573183 0.000640928 0.000675362 0.000573183 0.00059754 0.000675362 0.000704 0.000640928 0.000675362 0.000732425 0.000771724 0.000675362 0.000704 0.000771724 0.000804397 0.000732425 0.000771724 0.000817676 0.000861508 0.000771724 0.000804397 0.000861508 0.00089794 0.000817676 0.000861508 0.000895962 0.000943959 0.000861508 0.00089794 0.000943959 0.000983845 0.000895962 0.000943959 0.000966639 0.0010184 0.000943959 0.000983845 0.0010184 0.0010614 0.000966639 0.0010184 0.00102912 0.00108421 0.0010184 0.0010614 0.00108421 0.00112997 0.00102912 0.00108421 0.00108289 0.00114084 0.00108421 0.00112997 0.00114084 0.00118899 0.00108289 0.00114084 0.00112751 0.00118784 0.00114084 0.00118899 0.00118784 0.00123796 0.00112751 0.00118784 0.0011626 0.0012248 0.00118784 0.00123796 0.0012248 0.00127648 0.0011626 0.0012248 0.00118788 0.00125143 0.0012248 0.00127648 0.00125143 0.00130423 0.00118788 0.00125143 0.00120313 0.0012675 0.00125143 0.00130423 0.0012675 0.00132098 0.00120313 0.0012675 0.00120824 0.00127289 0.0012675 0.00132098 0.00127289 0.00132659 0.00120824 0.00127289 0.00120316 0.00126753 0.00127289 0.00132659 0.00126753 0.00132102 0.00120316 0.00126753 0.00118792 0.00125149 0.00126753 0.00132102 0.00125149 0.0013043 0.00118792 0.00125149 0.00116266 0.00122488 0.00125149 0.0013043 0.00122488 0.00127658 0.00116266 0.00122488 0.00112758 0.00118794 0.00122488 0.00127658 0.00118794 0.00123809 0.00112758 0.00118794 0.00108297 0.00114095 0.00118794 0.00123809 0.00114095 0.00118913 0.00108297 0.00114095 0.00102921 0.00108432 0.00114095 0.00118913 0.00108432 0.00113012 0.00102921 0.00108432 0.000966721 0.0010185 0.00108432 0.00113012 0.0010185 0.00106154 0.000966721 0.0010185 0.000896036 0.000944042 0.0010185 0.00106154 0.000944042 0.000983952 0.000896036 0.000944042 0.000817738 0.000861563 0.000944042 0.000983952 0.000861563 0.000898 0.000817738 0.000861563 0.000732473 0.000771742 0.000861563 0.000898 0.000771742 0.00080439 0.000732473 0.000771742 0.00064096 0.000675334 0.000771742 0.00080439 0.000675334 0.000703908 0.00064096 0.000675334 0.000543924 0.000573107 0.000675334 0.000703908 0.000573107 0.000597354 0.000543924 0.000573107 0.000442313 0.000466061 0.000573107 0.000597354 0.000466061 0.000485772 0.000442313 0.000466061 0.000336474 0.000354569 0.000466061 0.000485772 0.000354569 0.000369563 0.000336474 0.000354569 0.000229178 0.000241564 0.000354569 0.000369563 0.000241564 0.000251772 0.000229178 0.000241564 0.000114291 0.000120562 0.000241564 0.000251772 0.000120562 0.000125759 0.000114291 0.000120562 1.90777e-05 2.03826e-05 0.000120562 0.000125759 2.03826e-05 2.11496e-05 2.15907e-05 2.31979e-05 0.00012618 0.000130197 2.31979e-05 2.12429e-05 0.000130197 0.000133834 0.00012618 0.000130197 0.000252177 0.000260446 0.000130197 0.000133834 0.000260446 0.000266179 0.000252177 0.000260446 0.000369915 0.000381881 0.000260446 0.000266179 0.000381881 0.000390608 0.000369915 0.000381881 0.000486051 0.000501733 0.000381881 0.000390608 0.000501733 0.000513066 0.000486051 0.000501733 0.00059754 0.000616751 0.000501733 0.000513066 0.000616751 0.000630639 0.00059754 0.000616751 0.000704 0.000726576 0.000616751 0.000630639 0.000726576 0.000742877 0.000704 0.000726576 0.000804397 0.000830143 0.000726576 0.000742877 0.000830143 0.000848723 0.000804397 0.000830143 0.00089794 0.00092664 0.000830143 0.000848723 0.00092664 0.000947345 0.00089794 0.00092664 0.000983845 0.00101526 0.00092664 0.000947345 0.00101526 0.00103792 0.000983845 0.00101526 0.0010614 0.00109527 0.00101526 0.00103792 0.00109527 0.0011197 0.0010614 0.00109527 0.00112997 0.00116601 0.00109527 0.0011197 0.00116601 0.001192 0.00112997 0.00116601 0.00118899 0.0012269 0.00116601 0.001192 0.0012269 0.00125423 0.00118899 0.0012269 0.00123796 0.00127742 0.0012269 0.00125423 0.00127742 0.00130588 0.00123796 0.00127742 0.00127648 0.00131716 0.00127742 0.00130588 0.00131716 0.00134651 0.00127648 0.00131716 0.00130423 0.0013458 0.00131716 0.00134651 0.0013458 0.00137578 0.00130423 0.0013458 0.00132098 0.00136309 0.0013458 0.00137578 0.00136309 0.00139346 0.00132098 0.00136309 0.00132659 0.00136888 0.00136309 0.00139346 0.00136888 0.00139939 0.00132659 0.00136888 0.00132102 0.00136314 0.00136888 0.00139939 0.00136314 0.00139353 0.00132102 0.00136314 0.0013043 0.0013459 0.00136314 0.00139353 0.0013459 0.00137591 0.0013043 0.0013459 0.00127658 0.00131731 0.0013459 0.00137591 0.00131731 0.00134669 0.00127658 0.00131731 0.00123809 0.0012776 0.00131731 0.00134669 0.0012776 0.00130611 0.00123809 0.0012776 0.00118913 0.0012271 0.0012776 0.00130611 0.0012271 0.00125449 0.00118913 0.0012271 0.00113012 0.00116622 0.0012271 0.00125449 0.00116622 0.00119227 0.00113012 0.00116622 0.00106154 0.00109546 0.00116622 0.00119227 0.00109546 0.00111994 0.00106154 0.00109546 0.000983952 0.00101541 0.00109546 0.00111994 0.00101541 0.00103811 0.000983952 0.00101541 0.000898 0.000926718 0.00101541 0.00103811 0.000926718 0.000947449 0.000898 0.000926718 0.00080439 0.00083012 0.000926718 0.000947449 0.00083012 0.000848695 0.00080439 0.00083012 0.000703908 0.000726423 0.00083012 0.000848695 0.000726423 0.000742672 0.000703908 0.000726423 0.000597354 0.000616446 0.000726423 0.000742672 0.000616446 0.000630224 0.000597354 0.000616446 0.000485772 0.000501272 0.000616446 0.000630224 0.000501272 0.000512421 0.000485772 0.000501272 0.000369563 0.000381291 0.000501272 0.000512421 0.000381291 0.000389755 0.000369563 0.000381291 0.000251772 0.000259766 0.000381291 0.000389755 0.000259766 0.000265164 0.000251772 0.000259766 0.000125759 0.00012948 0.000259766 0.000265164 0.00012948 0.000132775 0.000125759 0.00012948 2.11496e-05 2.24662e-05 0.00012948 0.000132775 2.24662e-05 2.00351e-05 2.12429e-05 3.05929e-05 0.000133834 0.000132834 3.05929e-05 -6.50821e-06 0.000132834 0.000142609 0.000133834 0.000132834 0.000266179 0.000270452 0.000132834 0.000142609 0.000270452 0.000269235 0.000266179 0.000270452 0.000390608 0.000395712 0.000270452 0.000269235 0.000395712 0.000398229 0.000390608 0.000395712 0.000513066 0.000520005 0.000395712 0.000398229 0.000520005 0.000522191 0.000513066 0.000520005 0.000630639 0.000639039 0.000520005 0.000522191 0.000639039 0.000641951 0.000630639 0.000639039 0.000742877 0.000752745 0.000639039 0.000641951 0.000752745 0.00075607 0.000742877 0.000752745 0.000848723 0.000859958 0.000752745 0.00075607 0.000859958 0.000863752 0.000848723 0.000859958 0.000947345 0.000959861 0.000859958 0.000863752 0.000959861 0.000964076 0.000947345 0.000959861 0.00103792 0.00105161 0.000959861 0.000964076 0.00105161 0.00105622 0.00103792 0.00105161 0.0011197 0.00113446 0.00105161 0.00105622 0.00113446 0.00113942 0.0011197 0.00113446 0.001192 0.00120771 0.00113446 0.00113942 0.00120771 0.00121299 0.001192 0.00120771 0.00125423 0.00127076 0.00120771 0.00121299 0.00127076 0.00127632 0.00125423 0.00127076 0.00130588 0.00132308 0.00127076 0.00127632 0.00132308 0.00132887 0.00130588 0.00132308 0.00134651 0.00136425 0.00132308 0.00132887 0.00136425 0.00137022 0.00134651 0.00136425 0.00137578 0.00139391 0.00136425 0.00137022 0.00139391 0.00140002 0.00137578 0.00139391 0.00139346 0.00141182 0.00139391 0.00140002 0.00141182 0.00141801 0.00139346 0.00141182 0.00139939 0.00141784 0.00141182 0.00141801 0.00141784 0.00142405 0.00139939 0.00141784 0.00139353 0.0014119 0.00141784 0.00142405 0.0014119 0.00141809 0.00139353 0.0014119 0.00137591 0.00139406 0.0014119 0.00141809 0.00139406 0.00140018 0.00137591 0.00139406 0.00134669 0.00136447 0.00139406 0.00140018 0.00136447 0.00137045 0.00134669 0.00136447 0.00130611 0.00132336 0.00136447 0.00137045 0.00132336 0.00132916 0.00130611 0.00132336 0.00125449 0.00127106 0.00132336 0.00132916 0.00127106 0.00127664 0.00125449 0.00127106 0.00119227 0.00120802 0.00127106 0.00127664 0.00120802 0.00121332 0.00119227 0.00120802 0.00111994 0.00113475 0.00120802 0.00121332 0.00113475 0.00113972 0.00111994 0.00113475 0.00103811 0.00105184 0.00113475 0.00113972 0.00105184 0.00105646 0.00103811 0.00105184 0.000947449 0.000959987 0.00105184 0.00105646 0.000959987 0.000964196 0.000947449 0.000959987 0.000848695 0.000859928 0.000959987 0.000964196 0.000859928 0.000863706 0.000848695 0.000859928 0.000742672 0.000752507 0.000859928 0.000863706 0.000752507 0.000755804 0.000742672 0.000752507 0.000630224 0.000638546 0.000752507 0.000755804 0.000638546 0.000641415 0.000630224 0.000638546 0.000512421 0.000519223 0.000638546 0.000641415 0.000519223 0.000521348 0.000512421 0.000519223 0.000389755 0.00039464 0.000519223 0.000521348 0.00039464 0.000397089 0.000389755 0.00039464 0.000265164 0.000269132 0.00039464 0.000397089 0.000269132 0.000267791 0.000265164 0.000269132 0.000132775 0.000131333 0.000269132 0.000267791 0.000131333 0.000141129 0.000132775 0.000131333 2.00351e-05 2.91404e-05 0.000131333 0.000141129 2.91404e-05 -8.83156e-06 
SCALARS temperature double 1
LOOKUP_TABLE default
0 0 0 0 0 0 0 0 0 0 0 0 0 0 0 0 0 0 0 0 0 0 0 0 0 0 0 0 0 0 0 0 0 0 0 0 0 0 0 0 0 0 0 0 0 0 0 0 0 0 0 0 0 0 0 0 0 0 0 0 0 0 0 0 0 0 0 0 0 0 0 0 0 0 0 0 0 0 0 0 0 0 0 0 0 0 0 0 0 0 0 0 0 0 0 0 0 0 0 0 0 0 0 0 0 0 0 0 0 0 0 0 0 0 0 0 0 0 0 0 0 0 0 0 0 0 0 0 0 0 0 0 0 0 0 0 0 0 0 0 0 0 0 0 0 0 0 0 0 0 0 0 0 0 0 0 0 0 0 0 0 0 0 0 0 0 0 0 0 0 0 0 0 0 0 0 0 0 0 0 0 0 0 0 0 0 0 0 0 0 0 0 0 0 0 0 0 0 0 0 0 0 0 0 0 0 0 0 0 0 0 0 0 0 0 0 0 0 0 0 0 0 0 0 0 0 0 0 0 0 0 0 0 0 0 0 0 0 0 0 0 0 0 0 0 0 0 0 0 0 0 0 0 0 0 0 0 0 0 0 0 0 0 0 0 0 0 0 0 0 0 0 0 0 0 0 0 0 0 0 0 0 0 0 0 0 0 0 0 0 0 0 0 0 0 0 0 0 0 0 0 0 0 0 0 0 0 0 0 0 0 0 0 0 0 0 0 0 0 0 0 0 0 0 0 0 0 0 0 0 0 0 0 0 0 0 0 0 0 0 0 0 0 0 0 0 0 0 0 0 0 0 0 0 0 0 0 0 0 0 0 0 0 0 0 0 0 0 0 0 0 0 0 0 0 0 0 0 0 0 0 0 0 0 0 0 0 0 0 0 0 0 0 0 0 0 0 0 0 0 0 0 0 0 0 0 0 0 0 0 0 0 0 0 0 0 0 0 0 0 0 0 0 0 0 0 0 0 0 0 0 0 0 0 0 0 0 0 0 0 0 0 0 0 0 0 0 0 0 0 0 0 0 0 0 0 0 0 0 0 0 0 0 0 0 0 0 0 0 0 0 0 0 0 0 0 0 0 0 0 0 0 0 0 0 0 0 0 0 0 0 0 0 0 0 0 0 0 0 0 0 0 0 0 0 0 0 0 0 0 0 0 0 0 0 0 0 0 0 0 0 0 0 0 0 0 0 0 0 0 0 0 0 0 0 0 0 0 0 0 0 0 0 0 0 0 0 0 0 0 0 0 0 0 0 0 0 0 0 0 0 0 0 0 0 0 0 0 0 0 0 0 0 0 0 0 0 0 0 0 0 0 0 0 0 0 0 0 0 0 0 0 0 0 0 0 0 0 0 0 0 0 0 0 0 0 0 0 0 0 0 0 0 0 0 0 0 0 0 0 0 0 0 0 0 0 0 0 0 0 0 0 0 0 0 0 0 0 0 0 0 0 0 0 0 0 0 0 0 0 0 0 0 0 0 0 0 0 0 0 0 0 0 0 0 0 0 0 0 0 0 0 0 0 0 0 0 0 0 0 0 0 0 0 0 0 0 0 0 0 0 0 0 0 0 0 0 0 0 0 0 0 0 0 0 0 0 0 0 0 0 0 0 0 0 0 0 0 0 0 0 0 0 0 0 0 0 0 0 0 0 0 0 0 0 0 0 0 0 0 0 0 0 0 0 0 0 0 0 0 0 0 0 0 0 0 0 0 0 0 0 0 0 0 0 0 0 0 0 0 0 0 0 0 0 0 0 0 0 0 0 0 0 0 0 0 0 0 0 0 0 0 0 0 0 0 0 0 0 0 0 0 0 0 0 0 0 0 0 0 0 0 0 0 0 0 0 0 0 0 0 0 0 0 0 0 0 0 0 0 0 0 0 0 0 0 0 0 0 0 0 0 0 0 0 0 0 0 0 0 0 0 0 0 0 0 0 0 0 0 0 0 0 0 0 0 0 0 0 0 0 0 0 0 0 0 0 0 0 0 0 0 0 0 0 0 0 0 0 0 0 0 0 0 0 0 0 0 0 0 0 0 0 0 0 0 0 0 0 0 0 0 0 0 0 0 0 0 0 0 0 0 0 0 0 0 0 0 0 0 0 0 0 0 0 0 0 0 0 0 0 0 0 0 0 0 0 0 0 0 0 0 0 0 0 0 0 0 0 0 0 0 0 0 0 0 0 0 0 0 0 0 0 0 0 0 0 0 0 0 0 0 0 0 0 0 0 0 0 0 0 0 0 0 0 0 0 0 0 0 0 0 0 0 0 0 0 0 0 0 0 0 0 0 0 0 0 0 0 0 0 0 0 0 0 0 0 0 0 0 0 0 0 0 0 0 0 0 0 0 0 0 0 0 0 0 0 0 0 0 0 0 0 0 0 0 0 0 0 0 0 0 0 0 0 0 0 0 0 0 0 0 0 0 0 0 0 0 0 0 0 0 0 0 0 0 0 0 0 0 0 0 0 0 0 0 0 0 0 0 0 0 0 0 0 0 0 0 0 0 0 0 0 0 0 0 0 0 0 0 0 0 0 0 0 0 0 0 0 0 0 0 0 0 0 0 0 0 0 0 0 0 0 0 0 0 0 0 0 0 0 0 0 0 0 0 0 0 0 0 0 0 0 0 0 0 0 0 0 0 0 0 0 0 0 0 0 0 0 0 0 0 0 0 0 0 0 0 0 0 0 0 0 0 0 0 0 0 0 0 0 0 0 0 0 0 0 0 0 0 0 0 0 0 0 0 0 0 0 0 0 0 0 0 0 0 0 0 0 0 0 0 0 0 0 0 0 0 0 0 0 0 0 0 0 0 0 0 0 0 0 0 0 0 0 0 0 0 0 0 0 0 0 0 0 0 0 0 0 0 0 0 0 0 0 0 0 0 0 0 0 0 0 0 0 0 0 0 0 0 0 0 0 0 0 0 0 0 0 0 0 0 0 0 0 0 0 0 0 0 0 0 0 0 0 0 0 0 0 0 0 0 0 0 0 0 0 0 0 0 0 0 0 0 0 0 0 0 0 0 0 0 0 0 0 0 0 0 0 0 0 0 0 0 0 0 0 0 0 0 0 0 0 0 0 0 0 0 0 0 0 0 0 0 0 0 0 0 0 0 0 0 0 0 0 0 0 0 0 0 0 0 0 0 0 0 0 0 0 0 0 0 0 0 0 0 0 0 0 0 0 0 0 0 0 0 0 0 0 0 0 0 0 0 0 0 0 0 0 0 0 0 0 0 0 0 0 0 0 0 0 0 0 0 0 0 0 0 0 0 0 0 0 0 0 0 0 0 0 0 0 0 0 0 0 0 0 0 0 0 0 0 0 0 0 0 0 0 0 0 0 0 0 0 0 0 0 0 0 0 0 0 0 0 0 0 0 0 0 0 0 0 0 0 0 0 0 0 0 0 0 0 0 0 0 0 0 0 0 0 0 0 0 0 0 0 0 0 0 0 0 0 0 0 0 0 0 0 0 0 0 0 0 0 0 0 0 0 0 0 0 0 0 0 0 0 0 0 0 0 0 0 0 0 0 0 0 0 0 0 0 0 0 0 0 0 0 0 0 0 0 0 0 0 0 0 0 0 0 0 0 0 0 0 0 0 0 0 0 0 0 0 0 0 0 0 0 0 0 0 0 0 0 0 0 0 0 0 0 0 0 0 0 0 0 0 0 0 0 0 0 0 0 0 0 0 0 0 0 0 0 0 0 0 0 0 0 0 0 0 0 0 0 0 0 0 0 0 0 0 0 0 0 0 0 0 0 0 0 0 0 0 0 0 0 0 0 0 0 0 0 0 0 0 0 0 0 0 0 0 0 0 0 0 0 0 0 0 0 0 0 0 0 0 0 0 0 0 0 0 0 0 0 0 0 0 0 0 0 0 0 0 0 0 0 0 0 0 0 0 0 0 0 0 0 0 0 0 0 0 0 0 0 0 0 0 0 0 0 0 0 0 0 0 0 0 0 0 0 0 0 0 0 0 0 0 0 0 0 0 0 0 0 0 0 0 0 0 0 0 0 0 0 0 0 0 0 0 0 0 0 0 0 0 0 0 0 0 0 0 0 0 0 0 0 0 0 0 0 0 0 0 0 0 0 0 0 0 0 0 0 0 0 0 0 0 0 0 0 0 0 0 0 0 0 0 0 0 0 0 0 0 0 0 0 0 0 0 0 0 0 0 0 0 0 0 0 0 0 0 0 0 0 0 0 0 0 0 0 0 0 0 0 0 0 0 0 0 0 0 0 0 0 0 0 0 0 0 0 0 0 0 0 0 0 0 0 0 0 0 0 0 0 0 0 0 0 0 0 0 0 0 0 0 0 0 0 0 0 0 0 0 0 0 0 0 0 0 0 0 0 0 0 0 0 0 0 0 0 0 0 0 0 0 0 0 0 0 0 0 0 0 0 0 0 0 0 0 0 0 0 0 0 0 0 0 0 0 0 0 0 0 0 0 0 0 0 0 0 0 0 0 0 0 0 0 0 0 0 0 0 0 0 0 0 0 0 0 0 0 0 0 0 0 0 0 0 0 0 0 0 0 0 0 0 0 0 0 0 0 0 0 0 0 0 0 0 0 0 0 0 0 0 0 0 0 0 0 0 0 0 0 0 0 0 0 0 0 0 0 0 0 0 0 0 0 0 0 0 0 0 0 0 0 0 0 0 0 0 0 0 0 0 0 0 0 0 0 0 0 0 0 0 0 0 0 0 0 0 0 0 0 0 0 0 0 0 0 0 0 0 0 0 0 0 0 0 0 0 0 0 0 0 0 0 0 0 0 0 0 0 0 0 0 0 0 0 0 0 0 0 0 0 0 0 0 0 0 0 0 0 0 0 0 0 0 0 0 0 0 0 0 0 0 0 0 0 0 0 0 0 0 0 0 0 0 0 0 0 0 0 0 0 0 0 0 0 0 0 0 0 0 0 0 0 0 0 0 0 0 0 0 0 0 0 0 0 0 0 0 0 0 0 0 0 0 0 0 0 0 0 0 0 0 0 0 0 0 0 0 0 0 0 0 0 0 0 0 0 0 0 0 0 0 0 0 0 0 0 0 0 0 0 0 0 0 0 0 0 0 0 0 0 0 0 0 0 0 0 0 0 0 0 0 0 0 0 0 0 0 0 0 0 0 0 0 0 0 0 0 0 0 0 0 0 0 0 0 0 0 0 0 0 0 0 0 0 0 0 0 0 0 0 0 0 0 0 0 0 0 0 0 0 0 0 0 0 0 0 0 0 0 0 0 0 0 0 0 0 0 0 0 0 0 0 0 0 0 0 0 0 0 0 0 0 0 0 0 0 0 0 0 0 0 0 0 0 0 0 0 0 0 0 0 0 0 0 0 0 0 0 0 0 0 0 0 0 0 0 0 0 0 0 0 0 0 0 0 0 0 0 0 0 0 0 0 0 0 0 0 0 0 0 0 0 0 0 0 0 0 0 0 0 0 0 0 0 0 0 0 0 0 0 0 0 0 0 0 0 0 0 0 0 0 0 0 0 0 0 0 0 0 0 0 0 0 0 0 0 0 0 0 0 0 0 0 0 0 0 0 0 0 0 0 0 0 0 0 0 0 0 0 0 0 0 0 0 0 0 0 0 0 0 0 0 0 0 0 0 0 0 0 0 0 0 0 0 0 0 0 0 0 0 0 0 0 0 0 0 0 0 0 0 0 0 0 0 0 0 0 0 0 0 0 0 0 0 0 0 0 0 0 0 0 0 0 0 0 0 0 0 0 0 0 0 0 0 0 0 0 0 0 0 0 0 0 0 0 0 0 0 0 0 0 0 0 0 0 0 0 0 0 0 0 0 0 0 0 0 0 0 0 0 0 0 0 0 0 0 0 0 0 0 0 0 0 0 0 0 0 0 0 0 0 0 0 0 0 0 0 0 0 0 0 0 0 0 0 0 0 0 0 0 0 0 0 0 0 0 0 0 0 0 0 0 0 0 0 0 0 0 0 0 0 0 0 0 0 0 0 0 0 0 0 0 0 0 0 0 0 0 0 0 0 0 0 0 0 0 0 0 0 0 0 0 0 0 0 0 0 0 0 0 0 0 0 0 0 0 0 0 0 0 0 0 0 0 0 0 0 0 0 0 0 0 0 0 0 0 0 0 0 0 0 0 0 0 0 0 0 0 0 0 0 0 0 0 0 0 0 0 0 0 0 0 0 0 0 0 0 0 0 0 0 0 0 0 0 0 0 0 0 0 0 0 0 0 0 0 0 0 0 0 0 0 0 0 0 0 0 0 0 0 0 0 0 0 0 0 0 0 0 0 0 0 0 0 0 0 0 0 0 0 0 0 0 0 0 0 0 0 0 0 0 0 0 0 0 0 0 0 0 0 0 0 0 0 0 0 0 0 0 0 0 0 0 0 0 0 0 0 0 0 0 0 0 0 0 0 0 0 0 0 0 0 0 0 0 0 0 0 0 0 0 0 0 0 0 0 0 0 0 0 0 0 0 0 0 0 0 0 0 0 0 0 0 0 0 0 0 0 0 0 0 0 0 0 0 0 0 0 0 0 0 0 0 0 0 0 0 0 0 0 0 0 0 0 0 0 0 0 0 0 0 0 0 0 0 0 0 0 0 0 0 0 0 0 0 0 0 0 0 0 0 0 0 0 0 0 0 0 0 0 0 0 0 0 0 0 0 0 0 0 0 0 0 0 0 0 0 0 0 0 0 0 0 0 0 0 0 0 0 0 0 0 0 0 0 0 0 0 0 0 0 0 0 0 0 0 0 0 0 0 0 0 0 0 0 0 0 0 0 0 0 0 0 0 0 0 0 0 0 0 0 0 0 0 0 0 0 0 0 0 0 0 0 0 0 0 0 0 0 0 0 0 0 0 0 0 0 0 0 0 0 0 0 0 0 0 0 0 0 0 0 0 0 0 0 0 0 0 0 0 0 0 0 0 0 0 0 0 0 0 0 0 0 0 0 0 0 0 0 0 0 0 0 0 0 0 0 0 0 0 0 0 0 0 0 0 0 0 0 0 0 0 0 0 0 0 0 0 0 0 0 0 0 0 0 0 0 0 0 0 0 0 0 0 0 0 0 0 0 0 0 0 0 0 0 0 0 0 0 0 0 0 0 0 0 0 0 0 0 0 0 0 0 0 0 0 0 0 0 0 0 0 0 0 0 0 0 0 0 0 0 0 0 0 0 0 0 0 0 0 0 0 0 0 0 0 0 0 0 0 0 0 0 0 0 0 0 0 0 0 0 0 0 0 0 0 0 0 0 0 0 0 0 0 0 0 0 0 0 0 0 0 0 0 0 0 0 0 0 0 0 0 0 0 0 0 0 0 0 0 0 0 0 0 0 0 0 0 0 0 0 0 0 0 0 0 0 0 0 0 0 0 0 0 0 0 0 0 0 0 0 0 0 0 0 0 0 0 0 0 0 0 0 0 0 0 0 0 0 0 0 0 0 0 0 0 0 0 0 0 0 0 0 0 0 0 0 0 0 0 0 0 0 0 0 0 0 0 0 0 0 0 0 0 0 0 0 0 0 0 0 0 0 0 0 0 0 0 0 0 0 0 0 0 0 0 0 0 0 0 0 0 0 0 0 0 0 0 0 0 0 0 0 0 0 0 0 0 0 0 0 0 0 0 0 0 0 0 0 0 0 0 0 0 0 0 0 0 0 0 0 0 0 0 0 0 0 0 0 0 0 0 0 0 0 0 0 0 0 0 0 0 0 0 0 0 0 0 0 0 0 0 0 0 0 0 0 0 0 0 0 0 0 0 0 0 0 0 0 0 0 0 0 0 0 0 0 0 0 0 0 0 0 0 0 0 0 0 0 0 0 0 0 0 0 0 0 0 0 0 0 0 0 0 0 0 0 0 0 0 0 0 0 0 0 0 0 0 0 0 0 0 0 0 0 0 0 0 0 0 0 0 0 0 0 0 0 0 0 0 0 0 0 0 0 0 0 0 0 0 0 0 0 0 0 0 0 0 0 0 0 0 0 0 0 0 0 0 0 0 0 0 0 0 0 0 0 0 0 0 0 0 0 0 0 0 0 0 0 0 0 0 0 0 0 0 0 0 0 0 0 0 0 0 0 0 0 0 0 0 0 0 0 0 0 0 0 0 0 0 0 0 0 0 0 0 0 0 0 0 0 0 0 0 0 0 0 0 0 0 0 0 0 0 0 0 0 0 0 0 0 0 0 0 0 0 0 0 0 0 0 0 0 0 0 0 0 0 0 0 0 0 0 0 0 0 0 0 0 0 0 0 0 0 0 0 0 0 0 0 0 0 0 0 0 0 0 0 0 0 0 0 0 0 0 0 0 0 0 0 0 0 0 0 0 0 0 0 0 0 0 0 0 0 0 0 0 0 0 0 0 0 0 0 0 0 0 0 0 0 0 0 0 0 0 0 0 0 0 0 0 0 0 0 0 0 0 0 0 0 0 0 0 0 0 0 0 0 0 0 0 0 0 0 0 0 0 0 0 0 0 0 0 0 0 0 0 0 0 0 0 0 0 0 0 0 0 0 0 0 0 0 0 0 0 0 0 0 0 0 0 0 0 0 0 0 0 0 0 0 0 0 0 0 0 0 0 0 0 0 0 0 0 0 0 0 0 0 0 0 0 0 0 0 0 0 0 0 0 0 0 0 0 0 0 0 0 0 0 0 0 0 0 0 0 0 0 0 0 0 0 0 0 0 0 0 0 0 0 0 0 0 0 0 0 0 0 0 0 0 0 0 0 0 0 0 0 0 0 0 0 0 0 0 0 0 0 0 0 0 0 0 0 0 0 0 0 0 0 0 0 0 0 0 0 0 0 0 0 0 0 0 0 0 0 0 0 0 0 0 0 0 0 0 0 0 0 0 0 0 0 0 0 0 0 0 0 0 0 0 0 0 0 0 0 0 0 0 0 0 0 0 0 0 0 0 0 0 0 0 0 0 0 0 0 0 0 0 0 0 0 0 0 0 0 0 0 0 0 0 0 0 0 0 0 0 0 0 0 0 0 0 0 0 0 0 0 0 0 0 0 0 0 0 0 0 0 0 0 0 0 0 0 0 0 0 0 0 0 0 0 0 0 0 0 0 0 0 0 0 0 0 0 0 0 0 0 0 0 0 0 0 0 0 0 0 0 0 0 0 0 0 0 0 0 0 0 0 0 0 0 0 0 0 0 0 0 0 0 0 0 0 0 0 0 0 0 0 0 0 0 0 0 0 0 0 0 0 0 0 0 0 0 0 0 0 0 0 0 0 0 0 0 0 0 0 0 0 0 0 0 0 0 0 0 0 0 0 0 0 0 0 0 0 0 0 0 0 0 0 0 0 0 0 0 0 0 0 0 0 0 0 0 0 0 0 0 0 0 0 0 0 0 0 0 0 0 0 0 0 0 0 0 0 0 0 0 0 0 0 0 0 0 0 0 0 0 0 0 0 0 0 0 0 0 0 0 0 0 0 0 0 0 0 0 0 0 0 0 0 0 0 0 0 0 0 0 0 0 0 0 0 0 0 0 0 0 0 0 0 0 0 0 0 0 0 0 0 0 0 0 0 0 0 0 0 0 0 0 0 0 0 0 0 0 0 0 0 0 0 0 0 0 0 0 0 0 0 0 0 0 0 0 0 0 0 0 0 0 0 0 0 0 0 0 0 0 0 0 0 0 0 0 0 0 0 0 0 0 0 0 0 0 0 0 0 0 0 0 0 0 0 0 0 0 0 0 0 0 0 0 0 0 0 0 0 0 0 0 0 0 0 0 0 0 0 0 0 0 0 0 0 0 0 0 0 0 0 0 0 0 0 0 0 0 0 0 0 0 0 0 0 0 0 0 0 0 0 0 0 0 0 0 0 0 0 0 0 0 0 0 0 0 0 0 0 0 0 0 0 0 0 0 0 0 0 0 0 0 0 0 0 0 0 0 0 0 0 0 0 0 0 0 0 0 0 0 0 0 0 0 0 0 0 0 0 0 0 0 0 0 0 0 0 0 0 0 0 0 0 0 0 0 0 0 0 0 0 0 0 0 0 0 0 0 0 0 0 0 0 0 0 0 0 0 0 0 0 0 0 0 0 0 0 0 0 0 0 0 0 0 0 0 0 0 0 0 0 0 0 0 0 0 0 0 0 0 0 0 0 0 0 0 0 0 0 0 0 0 0 0 0 0 0 0 0 0 0 0 0 0 0 0 0 0 0 0 0 0 0 0 0 0 0 0 0 0 0 0 0 0 0 0 0 0 0 0 0 0 0 0 0 0 0 0 0 0 0 0 0 0 0 0 0 0 0 0 0 0 0 0 0 0 0 0 0 0 0 0 0 0 0 0 0 0 0 0 0 0 0 0 0 0 0 0 0 0 0 0 0 0 0 0 0 0 0 0 0 0 0 0 0 0 0 0 0 0 0 0 0 0 0 0 0 0 0 0 0 0 0 0 0 0 0 0 0 0 0 0 0 0 
SCALARS temperature_error double 1
LOOKUP_TABLE default
0 0 0.0922684 0.0906973 0 0 0.0906973 0.0860377 0.0922684 0.0906973 0.18375 0.180621 0.0906973 0.0860377 0.180621 0.171341 0.18375 0.180621 0.273663 0.269003 0.180621 0.171341 0.269003 0.255183 0.273663 0.269003 0.361242 0.355091 0.269003 0.255183 0.355091 0.336848 0.361242 0.355091 0.445738 0.438149 0.355091 0.336848 0.438149 0.415639 0.445738 0.438149 0.526432 0.517469 0.438149 0.415639 0.517469 0.490883 0.526432 0.517469 0.602635 0.592374 0.517469 0.490883 0.592374 0.56194 0.602635 0.592374 0.673696 0.662225 0.592374 0.56194 0.662225 0.628202 0.673696 0.662225 0.739009 0.726426 0.662225 0.628202 0.726426 0.689105 0.739009 0.726426 0.798017 0.784429 0.726426 0.689105 0.784429 0.744129 0.798017 0.784429 0.850217 0.835741 0.784429 0.744129 0.835741 0.792804 0.850217 0.835741 0.895163 0.879921 0.835741 0.792804 0.879921 0.834715 0.895163 0.879921 0.932472 0.916595 0.879921 0.834715 0.916595 0.869504 0.932472 0.916595 0.961826 0.945449 0.916595 0.869504 0.945449 0.896876 0.961826 0.945449 0.982973 0.966236 0.945449 0.896876 0.966236 0.916595 0.982973 0.966236 0.995734 0.97878 0.966236 0.916595 0.97878 0.928494 0.995734 0.97878 1 0.982973 0.97878 0.928494 0.982973 0.932472 1 0.982973 0.995734 0.97878 0.982973 0.932472 0.97878 0.928494 0.995734 0.97878 0.982973 0.966236 0.97878 0.928494 0.966236 0.916595 0.982973 0.966236 0.961826 0.945449 0.966236 0.916595 0.945449 0.896876 0.961826 0.945449 0.932472 0.916595 0.945449 0.896876 0.916595 0.869504 0.932472 0.916595 0.895163 0.879921 0.916595 0.869504 0.879921 0.834715 0.895163 0.879921 0.850217 0.835741 0.879921 0.834715 0.835741 0.792804 0.850217 0.835741 0.798017 0.784429 0.835741 0.792804 0.784429 0.744129 0.798017 0.784429 0.739009 0.726426 0.784429 0.744129 0.726426 0.689105 0.739009 0.726426 0.673696 0.662225 0.726426 0.689105 0.662225 0.628202 0.673696 0.662225 0.602635 0.592374 0.662225 0.628202 0.592374 0.56194 0.602635 0.592374 0.526432 0.517469 0.592374 0.56194 0.517469 0.490883 0.526432 0.517469 0.445738 0.438149 0.517469 0.490883 0.438149 0.415639 0.445738 0.438149 0.361242 0.355091 0.438149 0.415639 0.355091 0.336848 0.361242 0.355091 0.273663 0.269003 0.355091 0.336848 0.269003 0.255183 0.273663 0.269003 0.18375 0.180621 0.269003 0.255183 0.180621 0.171341 0.18375 0.180621 0.0922684 0.0906973 0.180621 0.171341 0.0906973 0.0860377 0.0922684 0.0906973 1.22465e-16 1.20379e-16 0.0906973 0.0860377 1.20379e-16 1.14195e-16 0 0 0.0860377 0.0784481 0 0 0.0784481 0.0681871 0.0860377 0.0784481 0.171341 0.156227 0.0784481 0.0681871 0.156227 0.135793 0.171341 0.156227 0.255183 0.232673 0.156227 0.135793 0.232673 0.202239 0.255183 0.232673 0.336848 0.307134 0.232673 0.202239 0.307134 0.266961 0.336848 0.307134 0.415639 0.378974 0.307134 0.266961 0.378974 0.329405 0.415639 0.378974 0.490883 0.447582 0.378974 0.329405 0.447582 0.389038 0.490883 0.447582 0.56194 0.51237 0.447582 0.389038 0.51237 0.445352 0.56194 0.51237 0.628202 0.572788 0.51237 0.445352 0.572788 0.497867 0.628202 0.572788 0.689105 0.628318 0.572788 0.497867 0.628318 0.546134 0.689105 0.628318 0.744129 0.678488 0.628318 0.546134 0.678488 0.589742 0.744129 0.678488 0.792804 0.722869 0.678488 0.589742 0.722869 0.628318 0.792804 0.722869 0.834715 0.761083 0.722869 0.628318 0.761083 0.661534 0.834715 0.761083 0.869504 0.792804 0.761083 0.661534 0.792804 0.689105 0.869504 0.792804 0.896876 0.817761 0.792804 0.689105 0.817761 0.710798 0.896876 0.817761 0.916595 0.835741 0.817761 0.710798 0.835741 0.726426 0.916595 0.835741 0.928494 0.84659 0.835741 0.726426 0.84659 0.735856 0.928494 0.84659 0.932472 0.850217 0.84659 0.735856 0.850217 0.739009 0.932472 0.850217 0.928494 0.84659 0.850217 0.739009 0.84659 0.735856 0.928494 0.84659 0.916595 0.835741 0.84659 0.735856 0.835741 0.726426 0.916595 0.835741 0.896876 0.817761 0.835741 0.726426 0.817761 0.710798 0.896876 0.817761 0.869504 0.792804 0.817761 0.710798 0.792804 0.689105 0.869504 0.792804 0.834715 0.761083 0.792804 0.689105 0.761083 0.661534 0.834715 0.761083 0.792804 0.722869 0.761083 0.661534 0.722869 0.628318 0.792804 0.722869 0.744129 0.678488 0.722869 0.628318 0.678488 0.589742 0.744129 0.678488 0.689105 0.628318 0.678488 0.589742 0.628318 0.546134 0.689105 0.628318 0.628202 0.572788 0.628318 0.546134 0.572788 0.497867 0.628202 0.572788 0.56194 0.51237 0.572788 0.497867 0.51237 0.445352 0.56194 0.51237 0.490883 0.447582 0.51237 0.445352 0.447582 0.389038 0.490883 0.447582 0.415639 0.378974 0.447582 0.389038 0.378974 0.329405 0.415639 0.378974 0.336848 0.307134 0.378974 0.329405 0.307134 0.266961 0.336848 0.307134 0.255183 0.232673 0.307134 0.266961 0.232673 0.202239 0.255183 0.232673 0.171341 0.156227 0.232673 0.202239 0.156227 0.135793 0.171341 0.156227 0.0860377 0.0784481 0.156227 0.135793 0.0784481 0.0681871 0.0860377 0.0784481 1.14195e-16 1.04122e-16 0.0784481 0.0681871 1.04122e-16 9.05025e-17 0 0 0.0681871 0.0556041 0 0 0.0556041 0.0411275 0.0681871 0.0556041 0.135793 0.110734 0.0556041 0.0411275 0.110734 0.0819042 0.135793 0.110734 0.202239 0.164919 0.110734 0.0819042 0.164919 0.121982 0.202239 0.164919 0.266961 0.217697 0.164919 0.121982 0.217697 0.161019 0.266961 0.217697 0.329405 0.268617 0.217697 0.161019 0.268617 0.198683 0.329405 0.268617 0.389038 0.317246 0.268617 0.198683 0.317246 0.234651 0.389038 0.317246 0.445352 0.363169 0.317246 0.234651 0.363169 0.268617 0.445352 0.363169 0.497867 0.405992 0.363169 0.268617 0.405992 0.300292 0.497867 0.405992 0.546134 0.445352 0.405992 0.300292 0.445352 0.329405 0.546134 0.445352 0.589742 0.480913 0.445352 0.329405 0.480913 0.355707 0.589742 0.480913 0.628318 0.51237 0.480913 0.355707 0.51237 0.378974 0.628318 0.51237 0.661534 0.539456 0.51237 0.378974 0.539456 0.399009 0.661534 0.539456 0.689105 0.56194 0.539456 0.399009 0.56194 0.415639 0.689105 0.56194 0.710798 0.579629 0.56194 0.415639 0.579629 0.428723 0.710798 0.579629 0.726426 0.592374 0.579629 0.428723 0.592374 0.438149 0.726426 0.592374 0.735856 0.600064 0.592374 0.438149 0.600064 0.443837 0.735856 0.600064 0.739009 0.602635 0.600064 0.443837 0.602635 0.445738 0.739009 0.602635 0.735856 0.600064 0.602635 0.445738 0.600064 0.443837 0.735856 0.600064 0.726426 0.592374 0.600064 0.443837 0.592374 0.438149 0.726426 0.592374 0.710798 0.579629 0.592374 0.438149 0.579629 0.428723 0.710798 0.579629 0.689105 0.56194 0.579629 0.428723 0.56194 0.415639 0.689105 0.56194 0.661534 0.539456 0.56194 0.415639 0.539456 0.399009 0.661534 0.539456 0.628318 0.51237 0.539456 0.399009 0.51237 0.378974 0.628318 0.51237 0.589742 0.480913 0.51237 0.378974 0.480913 0.355707 0.589742 0.480913 0.546134 0.445352 0.480913 0.355707 0.445352 0.329405 0.546134 0.445352 0.497867 0.405992 0.445352 0.329405 0.405992 0.300292 0.497867 0.405992 0.445352 0.363169 0.405992 0.300292 0.363169 0.268617 0.445352 0.363169 0.389038 0.317246 0.363169 0.268617 0.317246 0.234651 0.389038 0.317246 0.329405 0.268617 0.317246 0.234651 0.268617 0.198683 0.329405 0.268617 0.266961 0.217697 0.268617 0.198683 0.217697 0.161019 0.266961 0.217697 0.202239 0.164919 0.217697 0.161019 0.164919 0.121982 0.202239 0.164919 0.135793 0.110734 0.164919 0.121982 0.110734 0.0819042 0.135793 0.110734 0.0681871 0.0556041 0.110734 0.0819042 0.0556041 0.0411275 0.0681871 0.0556041 9.05025e-17 7.38015e-17 0.0556041 0.0411275 7.38015e-17 5.45872e-17 0 0 0.0411275 0.0252504 0 0 0.0252504 0.00851345 0.0411275 0.0252504 0.0819042 0.0502854 0.0252504 0.00851345 0.0502854 0.0169543 0.0819042 0.0502854 0.121982 0.0748914 0.0502854 0.0169543 0.0748914 0.0252504 0.121982 0.0748914 0.161019 0.0988585 0.0748914 0.0252504 0.0988585 0.0333312 0.161019 0.0988585 0.198683 0.121982 0.0988585 0.0333312 0.121982 0.0411275 0.198683 0.121982 0.234651 0.144065 0.121982 0.0411275 0.144065 0.048573 0.234651 0.144065 0.268617 0.164919 0.144065 0.048573 0.164919 0.0556041 0.268617 0.164919 0.300292 0.184366 0.164919 0.0556041 0.184366 0.0621608 0.300292 0.184366 0.329405 0.202239 0.184366 0.0621608 0.202239 0.0681871 0.329405 0.202239 0.355707 0.218388 0.202239 0.0681871 0.218388 0.0736317 0.355707 0.218388 0.378974 0.232673 0.218388 0.0736317 0.232673 0.0784481 0.378974 0.232673 0.399009 0.244973 0.232673 0.0784481 0.244973 0.0825953 0.399009 0.244973 0.415639 0.255183 0.244973 0.0825953 0.255183 0.0860377 0.415639 0.255183 0.428723 0.263216 0.255183 0.0860377 0.263216 0.0887461 0.428723 0.263216 0.438149 0.269003 0.263216 0.0887461 0.269003 0.0906973 0.438149 0.269003 0.443837 0.272496 0.269003 0.0906973 0.272496 0.0918748 0.443837 0.272496 0.445738 0.273663 0.272496 0.0918748 0.273663 0.0922684 0.445738 0.273663 0.443837 0.272496 0.273663 0.0922684 0.272496 0.0918748 0.443837 0.272496 0.438149 0.269003 0.272496 0.0918748 0.269003 0.0906973 0.438149 0.269003 0.428723 0.263216 0.269003 0.0906973 0.263216 0.0887461 0.428723 0.263216 0.415639 0.255183 0.263216 0.0887461 0.255183 0.0860377 0.415639 0.255183 0.399009 0.244973 0.255183 0.0860377 0.244973 0.0825953 0.399009 0.244973 0.378974 0.232673 0.244973 0.0825953 0.232673 0.0784481 0.378974 0.232673 0.355707 0.218388 0.232673 0.0784481 0.218388 0.0736317 0.355707 0.218388 0.329405 0.202239 0.218388 0.0736317 0.202239 0.0681871 0.329405 0.202239 0.300292 0.184366 0.202239 0.0681871 0.184366 0.0621608 0.300292 0.184366 0.268617 0.164919 0.184366 0.0621608 0.164919 0.0556041 0.268617 0.164919 0.234651 0.144065 0.164919 0.0556041 0.144065 0.048573 0.234651 0.144065 0.198683 0.121982 0.144065 0.048573 0.121982 0.0411275 0.198683 0.121982 0.161019 0.0988585 0.121982 0.0411275 0.0988585 0.0333312 0.161019 0.0988585 0.121982 0.0748914 0.0988585 0.0333312 0.0748914 0.0252504 0.121982 0.0748914 0.0819042 0.0502854 0.0748914 0.0252504 0.0502854 0.0169543 0.0819042 0.0502854 0.0411275 0.0252504 0.0502854 0.0169543 0.0252504 0.00851345 0.0411275 0.0252504 5.45872e-17 3.3514e-17 0.0252504 0.00851345 3.3514e-17 1.12996e-17 0 0 0.00851345 -0.00851345 0 0 -0.00851345 -0.0252504 0.00851345 -0.00851345 0.0169543 -0.0169543 -0.00851345 -0.0252504 -0.0169543 -0.0502854 0.0169543 -0.0169543 0.0252504 -0.0252504 -0.0169543 -0.0502854 -0.0252504 -0.0748914 0.0252504 -0.0252504 0.0333312 -0.0333312 -0.0252504 -0.0748914 -0.0333312 -0.0988585 0.0333312 -0.0333312 0.0411275 -0.0411275 -0.0333312 -0.0988585 -0.0411275 -0.121982 0.0411275 -0.0411275 0.048573 -0.048573 -0.0411275 -0.121982 -0.048573 -0.144065 0.048573 -0.048573 0.0556041 -0.0556041 -0.048573 -0.144065 -0.0556041 -0.164919 0.0556041 -0.0556041 0.0621608 -0.0621608 -0.0556041 -0.164919 -0.0621608 -0.184366 0.0621608 -0.0621608 0.0681871 -0.0681871 -0.0621608 -0.184366 -0.0681871 -0.202239 0.0681871 -0.0681871 0.0736317 -0.0736317 -0.0681871 -0.202239 -0.0736317 -0.218388 0.0736317 -0.0736317 0.0784481 -0.0784481 -0.0736317 -0.218388 -0.0784481 -0.232673 0.0784481 -0.0784481 0.0825953 -0.0825953 -0.0784481 -0.232673 -0.0825953 -0.244973 0.0825953 -0.0825953 0.0860377 -0.0860377 -0.0825953 -0.244973 -0.0860377 -0.255183 0.0860377 -0.0860377 0.0887461 -0.0887461 -0.0860377 -0.255183 -0.0887461 -0.263216 0.0887461 -0.0887461 0.0906973 -0.0906973 -0.0887461 -0.263216 -0.0906973 -0.269003 0.0906973 -0.0906973 0.0918748 -0.0918748 -0.0906973 -0.269003 -0.0918748 -0.272496 0.0918748 -0.0918748 0.0922684 -0.0922684 -0.0918748 -0.272496 -0.0922684 -0.273663 0.0922684 -0.0922684 0.0918748 -0.0918748 -0.0922684 -0.273663 -0.0918748 -0.272496 0.0918748 -0.0918748 0.0906973 -0.0906973 -0.0918748 -0.272496 -0.0906973 -0.269003 0.0906973 -0.0906973 0.0887461 -0.0887461 -0.0906973 -0.269003 -0.0887461 -0.263216 0.0887461 -0.0887461 0.0860377 -0.0860377 -0.0887461 -0.263216 -0.0860377 -0.255183 0.0860377 -0.0860377 0.0825953 -0.0825953 -0.0860377 -0.255183 -0.0825953 -0.244973 0.0825953 -0.0825953 0.0784481 -0.0784481 -0.0825953 -0.244973 -0.0784481 -0.232673 0.0784481 -0.0784481 0.0736317 -0.0736317 -0.0784481 -0.232673 -0.0736317 -0.218388 0.0736317 -0.0736317 0.0681871 -0.0681871 -0.0736317 -0.218388 -0.0681871 -0.202239 0.0681871 -0.0681871 0.0621608 -0.0621608 -0.0681871 -0.202239 -0.0621608 -0.184366 0.0621608 -0.0621608 0.0556041 -0.0556041 -0.0621608 -0.184366 -0.0556041 -0.164919 0.0556041 -0.0556041 0.048573 -0.048573 -0.0556041 -0.164919 -0.048573 -0.144065 0.048573 -0.048573 0.0411275 -0.0411275 -0.048573 -0.144065 -0.0411275 -0.121982 0.0411275 -0.0411275 0.0333312 -0.0333312 -0.0411275 -0.121982 -0.0333312 -0.0988585 0.0333312 -0.0333312 0.0252504 -0.0252504 -0.0333312 -0.0988585 -0.0252504 -0.0748914 0.0252504 -0.0252504 0.0169543 -0.0169543 -0.0252504 -0.0748914 -0.0169543 -0.0502854 0.0169543 -0.0169543 0.00851345 -0.00851345 -0.0169543 -0.0502854 -0.00851345 -0.0252504 0.00851345 -0.00851345 1.12996e-17 -1.12996e-17 -0.00851345 -0.0252504 -1.12996e-17 -3.3514e-17 0 0 -0.0252504 -0.0411275 0 0 -0.0411275 -0.0556041 -0.0252504 -0.0411275 -0.0502854 -0.0819042 -0.0411275 -0.0556041 -0.0819042 -0.110734 -0.0502854 -0.0819042 -0.0748914 -0.121982 -0.0819042 -0.110734 -0.121982 -0.164919 -0.0748914 -0.121982 -0.0988585 -0.161019 -0.121982 -0.164919 -0.161019 -0.217697 -0.0988585 -0.161019 -0.121982 -0.198683 -0.161019 -0.217697 -0.198683 -0.268617 -0.121982 -0.198683 -0.144065 -0.234651 -0.198683 -0.268617 -0.234651 -0.317246 -0.144065 -0.234651 -0.164919 -0.268617 -0.234651 -0.317246 -0.268617 -0.363169 -0.164919 -0.268617 -0.184366 -0.300292 -0.268617 -0.363169 -0.300292 -0.405992 -0.184366 -0.300292 -0.202239 -0.329405 -0.300292 -0.405992 -0.329405 -0.445352 -0.202239 -0.329405 -0.218388 -0.355707 -0.329405 -0.445352 -0.355707 -0.480913 -0.218388 -0.355707 -0.232673 -0.378974 -0.355707 -0.480913 -0.378974 -0.51237 -0.232673 -0.378974 -0.244973 -0.399009 -0.378974 -0.51237 -0.399009 -0.539456 -0.244973 -0.399009 -0.255183 -0.415639 -0.399009 -0.539456 -0.415639 -0.56194 -0.255183 -0.415639 -0.263216 -0.428723 -0.415639 -0.56194 -0.428723 -0.579629 -0.263216 -0.428723 -0.269003 -0.438149 -0.428723 -0.579629 -0.438149 -0.592374 -0.269003 -0.438149 -0.272496 -0.443837 -0.438149 -0.592374 -0.443837 -0.600064 -0.272496 -0.443837 -0.273663 -0.445738 -0.443837 -0.600064 -0.445738 -0.602635 -0.273663 -0.445738 -0.272496 -0.443837 -0.445738 -0.602635 -0.443837 -0.600064 -0.272496 -0.443837 -0.269003 -0.438149 -0.443837 -0.600064 -0.438149 -0.592374 -0.269003 -0.438149 -0.263216 -0.428723 -0.438149 -0.592374 -0.428723 -0.579629 -0.263216 -0.428723 -0.255183 -0.415639 -0.428723 -0.579629 -0.415639 -0.56194 -0.255183 -0.415639 -0.244973 -0.399009 -0.415639 -0.56194 -0.399009 -0.539456 -0.244973 -0.399009 -0.232673 -0.378974 -0.399009 -0.539456 -0.378974 -0.51237 -0.232673 -0.378974 -0.218388 -0.355707 -0.378974 -0.51237 -0.355707 -0.480913 -0.218388 -0.355707 -0.202239 -0.329405 -0.355707 -0.480913 -0.329405 -0.445352 -0.202239 -0.329405 -0.184366 -0.300292 -0.329405 -0.445352 -0.300292 -0.405992 -0.184366 -0.300292 -0.164919 -0.268617 -0.300292 -0.405992 -0.268617 -0.363169 -0.164919 -0.268617 -0.144065 -0.234651 -0.268617 -0.363169 -0.234651 -0.317246 -0.144065 -0.234651 -0.121982 -0.198683 -0.234651 -0.317246 -0.198683 -0.268617 -0.121982 -0.198683 -0.0988585 -0.161019 -0.198683 -0.268617 -0.161019 -0.217697 -0.0988585 -0.161019 -0.0748914 -0.121982 -0.161019 -0.217697 -0.121982 -0.164919 -0.0748914 -0.121982 -0.0502854 -0.0819042 -0.121982 -0.164919 -0.0819042 -0.110734 -0.0502854 -0.0819042 -0.0252504 -0.0411275 -0.0819042 -0.110734 -0.0411275 -0.0556041 -0.0252504 -0.0411275 -3.3514e-17 -5.45872e-17 -0.0411275 -0.0556041 -5.45872e-17 -7.38015e-17 0 0 -0.0556041 -0.0681871 0 0 -0.0681871 -0.0784481 -0.0556041 -0.0681871 -0.110734 -0.135793 -0.0681871 -0.0784481 -0.135793 -0.156227 -0.110734 -0.135793 -0.164919 -0.202239 -0.135793 -0.156227 -0.202239 -0.232673 -0.164919 -0.202239 -0.217697 -0.266961 -0.202239 -0.232673 -0.266961 -0.307134 -0.217697 -0.266961 -0.268617 -0.329405 -0.266961 -0.307134 -0.329405 -0.378974 -0.268617 -0.329405 -0.317246 -0.389038 -0.329405 -0.378974 -0.389038 -0.447582 -0.317246 -0.389038 -0.363169 -0.445352 -0.389038 -0.447582 -0.445352 -0.51237 -0.363169 -0.445352 -0.405992 -0.497867 -0.445352 -0.51237 -0.497867 -0.572788 -0.405992 -0.497867 -0.445352 -0.546134 -0.497867 -0.572788 -0.546134 -0.628318 -0.445352 -0.546134 -0.480913 -0.589742 -0.546134 -0.628318 -0.589742 -0.678488 -0.480913 -0.589742 -0.51237 -0.628318 -0.589742 -0.678488 -0.628318 -0.722869 -0.51237 -0.628318 -0.539456 -0.661534 -0.628318 -0.722869 -0.661534 -0.761083 -0.539456 -0.661534 -0.56194 -0.689105 -0.661534 -0.761083 -0.689105 -0.792804 -0.56194 -0.689105 -0.579629 -0.710798 -0.689105 -0.792804 -0.710798 -0.817761 -0.579629 -0.710798 -0.592374 -0.726426 -0.710798 -0.817761 -0.726426 -0.835741 -0.592374 -0.726426 -0.600064 -0.735856 -0.726426 -0.835741 -0.735856 -0.84659 -0.600064 -0.735856 -0.602635 -0.739009 -0.735856 -0.84659 -0.739009 -0.850217 -0.602635 -0.739009 -0.600064 -0.735856 -0.739009 -0.850217 -0.735856 -0.84659 -0.600064 -0.735856 -0.592374 -0.726426 -0.735856 -0.84659 -0.726426 -0.835741 -0.592374 -0.726426 -0.579629 -0.710798 -0.726426 -0.835741 -0.710798 -0.817761 -0.579629 -0.710798 -0.56194 -0.689105 -0.710798 -0.817761 -0.689105 -0.792804 -0.56194 -0.689105 -0.539456 -0.661534 -0.689105 -0.792804 -0.661534 -0.761083 -0.539456 -0.661534 -0.51237 -0.628318 -0.661534 -0.761083 -0.628318 -0.722869 -0.51237 -0.628318 -0.480913 -0.589742 -0.628318 -0.722869 -0.589742 -0.678488 -0.480913 -0.589742 -0.445352 -0.546134 -0.589742 -0.678488 -0.546134 -0.628318 -0.445352 -0.546134 -0.405992 -0.497867 -0.546134 -0.628318 -0.497867 -0.572788 -0.405992 -0.497867 -0.363169 -0.445352 -0.497867 -0.572788 -0.445352 -0.51237 -0.363169 -0.445352 -0.317246 -0.389038 -0.445352 -0.51237 -0.389038 -0.447582 -0.317246 -0.389038 -0.268617 -0.329405 -0.389038 -0.447582 -0.329405 -0.378974 -0.268617 -0.329405 -0.217697 -0.266961 -0.329405 -0.378974 -0.266961 -0.307134 -0.217697 -0.266961 -0.164919 -0.202239 -0.266961 -0.307134 -0.202239 -0.232673 -0.164919 -0.202239 -0.110734 -0.135793 -0.202239 -0.232673 -0.135793 -0.156227 -0.110734 -0.135793 -0.0556041 -0.0681871 -0.135793 -0.156227 -0.0681871 -0.0784481 -0.0556041 -0.0681871 -7.38015e-17 -9.05025e-17 -0.0681871 -0.0784481 -9.05025e-17 -1.04122e-16 0 0 -0.0784481 -0.0860377 0 0 -0.0860377 -0.0906973 -0.0784481 -0.0860377 -0.156227 -0.171341 -0.0860377 -0.0906973 -0.171341 -0.180621 -0.156227 -0.171341 -0.232673 -0.255183 -0.171341 -0.180621 -0.255183 -0.269003 -0.232673 -0.255183 -0.307134 -0.336848 -0.255183 -0.269003 -0.336848 -0.355091 -0.307134 -0.336848 -0.378974 -0.415639 -0.336848 -0.355091 -0.415639 -0.438149 -0.378974 -0.415639 -0.447582 -0.490883 -0.415639 -0.438149 -0.490883 -0.517469 -0.447582 -0.490883 -0.51237 -0.56194 -0.490883 -0.517469 -0.56194 -0.592374 -0.51237 -0.56194 -0.572788 -0.628202 -0.56194 -0.592374 -0.628202 -0.662225 -0.572788 -0.628202 -0.628318 -0.689105 -0.628202 -0.662225 -0.689105 -0.726426 -0.628318 -0.689105 -0.678488 -0.744129 -0.689105 -0.726426 -0.744129 -0.784429 -0.678488 -0.744129 -0.722869 -0.792804 -0.744129 -0.784429 -0.792804 -0.835741 -0.722869 -0.792804 -0.761083 -0.834715 -0.792804 -0.835741 -0.834715 -0.879921 -0.761083 -0.834715 -0.792804 -0.869504 -0.834715 -0.879921 -0.869504 -0.916595 -0.792804 -0.869504 -0.817761 -0.896876 -0.869504 -0.916595 -0.896876 -0.945449 -0.817761 -0.896876 -0.835741 -0.916595 -0.896876 -0.945449 -0.916595 -0.966236 -0.835741 -0.916595 -0.84659 -0.928494 -0.916595 -0.966236 -0.928494 -0.97878 -0.84659 -0.928494 -0.850217 -0.932472 -0.928494 -0.97878 -0.932472 -0.982973 -0.850217 -0.932472 -0.84659 -0.928494 -0.932472 -0.982973 -0.928494 -0.97878 -0.84659 -0.928494 -0.835741 -0.916595 -0.928494 -0.97878 -0.916595 -0.966236 -0.835741 -0.916595 -0.817761 -0.896876 -0.916595 -0.966236 -0.896876 -0.945449 -0.817761 -0.896876 -0.792804 -0.869504 -0.896876 -0.945449 -0.869504 -0.916595 -0.792804 -0.869504 -0.761083 -0.834715 -0.869504 -0.916595 -0.834715 -0.879921 -0.761083 -0.834715 -0.722869 -0.792804 -0.834715 -0.879921 -0.792804 -0.835741 -0.722869 -0.792804 -0.678488 -0.744129 -0.792804 -0.835741 -0.744129 -0.784429 -0.678488 -0.744129 -0.628318 -0.689105 -0.744129 -0.784429 -0.689105 -0.726426 -0.628318 -0.689105 -0.572788 -0.628202 -0.689105 -0.726426 -0.628202 -0.662225 -0.572788 -0.628202 -0.51237 -0.56194 -0.628202 -0.662225 -0.56194 -0.592374 -0.51237 -0.56194 -0.447582 -0.490883 -0.56194 -0.592374 -0.490883 -0.517469 -0.447582 -0.490883 -0.378974 -0.415639 -0.490883 -0.517469 -0.415639 -0.438149 -0.378974 -0.415639 -0.307134 -0.336848 -0.415639 -0.438149 -0.336848 -0.355091 -0.307134 -0.336848 -0.232673 -0.255183 -0.336848 -0.355091 -0.255183 -0.269003 -0.232673 -0.255183 -0.156227 -0.171341 -0.255183 -0.269003 -0.171341 -0.180621 -0.156227 -0.171341 -0.0784481 -0.0860377 -0.171341 -0.180621 -0.0860377 -0.0906973 -0.0784481 -0.0860377 -1.04122e-16 -1.14195e-16 -0.0860377 -0.0906973 -1.14195e-16 -1.20379e-16 0 0 -0.0906973 -0.0922684 0 0 -0.0922684 -0.0906973 -0.0906973 -0.0922684 -0.180621 -0.18375 -0.0922684 -0.0906973 -0.18375 -0.180621 -0.180621 -0.18375 -0.269003 -0.273663 -0.18375 -0.180621 -0.273663 -0.269003 -0.269003 -0.273663 -0.355091 -0.361242 -0.273663 -0.269003 -0.361242 -0.355091 -0.355091 -0.361242 -0.438149 -0.445738 -0.361242 -0.355091 -0.445738 -0.438149 -0.438149 -0.445738 -0.517469 -0.526432 -0.445738 -0.438149 -0.526432 -0.517469 -0.517469 -0.526432 -0.592374 -0.602635 -0.526432 -0.517469 -0.602635 -0.592374 -0.592374 -0.602635 -0.662225 -0.673696 -0.602635 -0.592374 -0.673696 -0.662225 -0.662225 -0.673696 -0.726426 -0.739009 -0.673696 -0.662225 -0.739009 -0.726426 -0.726426 -0.739009 -0.784429 -0.798017 -0.739009 -0.726426 -0.798017 -0.784429 -0.784429 -0.798017 -0.835741 -0.850217 -0.798017 -0.784429 -0.850217 -0.835741 -0.835741 -0.850217 -0.879921 -0.895163 -0.850217 -0.835741 -0.895163 -0.879921 -0.879921 -0.895163 -0.916595 -0.932472 -0.895163 -0.879921 -0.932472 -0.916595 -0.916595 -0.932472 -0.945449 -0.961826 -0.932472 -0.916595 -0.961826 -0.945449 -0.945449 -0.961826 -0.966236 -0.982973 -0.961826 -0.945449 -0.982973 -0.966236 -0.966236 -0.982973 -0.97878 -0.995734 -0.982973 -0.966236 -0.995734 -0.97878 -0.97878 -0.995734 -0.982973 -1 -0.995734 -0.97878 -1 -0.982973 -0.982973 -1 -0.97878 -0.995734 -1 -0.982973 -0.995734 -0.97878 -0.97878 -0.995734 -0.966236 -0.982973 -0.995734 -0.97878 -0.982973 -0.966236 -0.966236 -0.982973 -0.945449 -0.961826 -0.982973 -0.966236 -0.961826 -0.945449 -0.945449 -0.961826 -0.916595 -0.932472 -0.961826 -0.945449 -0.932472 -0.916595 -0.916595 -0.932472 -0.879921 -0.895163 -0.932472 -0.916595 -0.895163 -0.879921 -0.879921 -0.895163 -0.835741 -0.850217 -0.895163 -0.879921 -0.850217 -0.835741 -0.835741 -0.850217 -0.784429 -0.798017 -0.850217 -0.835741 -0.798017 -0.784429 -0.784429 -0.798017 -0.726426 -0.739009 -0.798017 -0.784429 -0.739009 -0.726426 -0.726426 -0.739009 -0.662225 -0.673696 -0.739009 -0.726426 -0.673696 -0.662225 -0.662225 -0.673696 -0.592374 -0.602635 -0.673696 -0.662225 -0.602635 -0.592374 -0.592374 -0.602635 -0.517469 -0.526432 -0.602635 -0.592374 -0.526432 -0.517469 -0.517469 -0.526432 -0.438149 -0.445738 -0.526432 -0.517469 -0.445738 -0.438149 -0.438149 -0.445738 -0.355091 -0.361242 -0.445738 -0.438149 -0.361242 -0.355091 -0.355091 -0.361242 -0.269003 -0.273663 -0.361242 -0.355091 -0.273663 -0.269003 -0.269003 -0.273663 -0.180621 -0.18375 -0.273663 -0.269003 -0.18375 -0.180621 -0.180621 -0.18375 -0.0906973 -0.0922684 -0.18375 -0.180621 -0.0922684 -0.0906973 -0.0906973 -0.0922684 -1.20379e-16 -1.22465e-16 -0.0922684 -0.0906973 -1.22465e-16 -1.20379e-16 0 0 -0.0906973 -0.0860377 0 0 -0.0860377 -0.0784481 -0.0906973 -0.0860377 -0.180621 -0.171341 -0.0860377 -0.0784481 -0.171341 -0.156227 -0.180621 -0.171341 -0.269003 -0.255183 -0.171341 -0.156227 -0.255183 -0.232673 -0.269003 -0.255183 -0.355091 -0.336848 -0.255183 -0.232673 -0.336848 -0.307134 -0.355091 -0.336848 -0.438149 -0.415639 -0.336848 -0.307134 -0.415639 -0.378974 -0.438149 -0.415639 -0.517469 -0.490883 -0.415639 -0.378974 -0.490883 -0.447582 -0.517469 -0.490883 -0.592374 -0.56194 -0.490883 -0.447582 -0.56194 -0.51237 -0.592374 -0.56194 -0.662225 -0.628202 -0.56194 -0.51237 -0.628202 -0.572788 -0.662225 -0.628202 -0.726426 -0.689105 -0.628202 -0.572788 -0.689105 -0.628318 -0.726426 -0.689105 -0.784429 -0.744129 -0.689105 -0.628318 -0.744129 -0.678488 -0.784429 -0.744129 -0.835741 -0.792804 -0.744129 -0.678488 -0.792804 -0.722869 -0.835741 -0.792804 -0.879921 -0.834715 -0.792804 -0.722869 -0.834715 -0.761083 -0.879921 -0.834715 -0.916595 -0.869504 -0.834715 -0.761083 -0.869504 -0.792804 -0.916595 -0.869504 -0.945449 -0.896876 -0.869504 -0.792804 -0.896876 -0.817761 -0.945449 -0.896876 -0.966236 -0.916595 -0.896876 -0.817761 -0.916595 -0.835741 -0.966236 -0.916595 -0.97878 -0.928494 -0.916595 -0.835741 -0.928494 -0.84659 -0.97878 -0.928494 -0.982973 -0.932472 -0.928494 -0.84659 -0.932472 -0.850217 -0.982973 -0.932472 -0.97878 -0.928494 -0.932472 -0.850217 -0.928494 -0.84659 -0.97878 -0.928494 -0.966236 -0.916595 -0.928494 -0.84659 -0.916595 -0.835741 -0.966236 -0.916595 -0.945449 -0.896876 -0.916595 -0.835741 -0.896876 -0.817761 -0.945449 -0.896876 -0.916595 -0.869504 -0.896876 -0.817761 -0.869504 -0.792804 -0.916595 -0.869504 -0.879921 -0.834715 -0.869504 -0.792804 -0.834715 -0.761083 -0.879921 -0.834715 -0.835741 -0.792804 -0.834715 -0.761083 -0.792804 -0.722869 -0.835741 -0.792804 -0.784429 -0.744129 -0.792804 -0.722869 -0.744129 -0.678488 -0.784429 -0.744129 -0.726426 -0.689105 -0.744129 -0.678488 -0.689105 -0.628318 -0.726426 -0.689105 -0.662225 -0.628202 -0.689105 -0.628318 -0.628202 -0.572788 -0.662225 -0.628202 -0.592374 -0.56194 -0.628202 -0.572788 -0.56194 -0.51237 -0.592374 -0.56194 -0.517469 -0.490883 -0.56194 -0.51237 -0.490883 -0.447582 -0.517469 -0.490883 -0.438149 -0.415639 -0.490883 -0.447582 -0.415639 -0.378974 -0.438149 -0.415639 -0.355091 -0.336848 -0.415639 -0.378974 -0.336848 -0.307134 -0.355091 -0.336848 -0.269003 -0.255183 -0.336848 -0.307134 -0.255183 -0.232673 -0.269003 -0.255183 -0.180621 -0.171341 -0.255183 -0.232673 -0.171341 -0.156227 -0.180621 -0.171341 -0.0906973 -0.0860377 -0.171341 -0.156227 -0.0860377 -0.0784481 -0.0906973 -0.0860377 -1.20379e-16 -1.14195e-16 -0.0860377 -0.0784481 -1.14195e-16 -1.04122e-16 0 0 -0.0784481 -0.0681871 0 0 -0.0681871 -0.0556041 -0.0784481 -0.0681871 -0.156227 -0.135793 -0.0681871 -0.0556041 -0.135793 -0.110734 -0.156227 -0.135793 -0.232673 -0.202239 -0.135793 -0.110734 -0.202239 -0.164919 -0.232673 -0.202239 -0.307134 -0.266961 -0.202239 -0.164919 -0.266961 -0.217697 -0.307134 -0.266961 -0.378974 -0.329405 -0.266961 -0.217697 -0.329405 -0.268617 -0.378974 -0.329405 -0.447582 -0.389038 -0.329405 -0.268617 -0.389038 -0.317246 -0.447582 -0.389038 -0.51237 -0.445352 -0.389038 -0.317246 -0.445352 -0.363169 -0.51237 -0.445352 -0.572788 -0.497867 -0.445352 -0.363169 -0.497867 -0.405992 -0.572788 -0.497867 -0.628318 -0.546134 -0.497867 -0.405992 -0.546134 -0.445352 -0.628318 -0.546134 -0.678488 -0.589742 -0.546134 -0.445352 -0.589742 -0.480913 -0.678488 -0.589742 -0.722869 -0.628318 -0.589742 -0.480913 -0.628318 -0.51237 -0.722869 -0.628318 -0.761083 -0.661534 -0.628318 -0.51237 -0.661534 -0.539456 -0.761083 -0.661534 -0.792804 -0.689105 -0.661534 -0.539456 -0.689105 -0.56194 -0.792804 -0.689105 -0.817761 -0.710798 -0.689105 -0.56194 -0.710798 -0.579629 -0.817761 -0.710798 -0.835741 -0.726426 -0.710798 -0.579629 -0.726426 -0.592374 -0.835741 -0.726426 -0.84659 -0.735856 -0.726426 -0.592374 -0.735856 -0.600064 -0.84659 -0.735856 -0.850217 -0.739009 -0.735856 -0.600064 -0.739009 -0.602635 -0.850217 -0.739009 -0.84659 -0.735856 -0.739009 -0.602635 -0.735856 -0.600064 -0.84659 -0.735856 -0.835741 -0.726426 -0.735856 -0.600064 -0.726426 -0.592374 -0.835741 -0.726426 -0.817761 -0.710798 -0.726426 -0.592374 -0.710798 -0.579629 -0.817761 -0.710798 -0.792804 -0.689105 -0.710798 -0.579629 -0.689105 -0.56194 -0.792804 -0.689105 -0.761083 -0.661534 -0.689105 -0.56194 -0.661534 -0.539456 -0.761083 -0.661534 -0.722869 -0.628318 -0.661534 -0.539456 -0.628318 -0.51237 -0.722869 -0.628318 -0.678488 -0.589742 -0.628318 -0.51237 -0.589742 -0.480913 -0.678488 -0.589742 -0.628318 -0.546134 -0.589742 -0.480913 -0.546134 -0.445352 -0.628318 -0.546134 -0.572788 -0.497867 -0.546134 -0.445352 -0.497867 -0.405992 -0.572788 -0.497867 -0.51237 -0.445352 -0.497867 -0.405992 -0.445352 -0.363169 -0.51237 -0.445352 -0.447582 -0.389038 -0.445352 -0.363169 -0.389038 -0.317246 -0.447582 -0.389038 -0.378974 -0.329405 -0.389038 -0.317246 -0.329405 -0.268617 -0.378974 -0.329405 -0.307134 -0.266961 -0.329405 -0.268617 -0.266961 -0.217697 -0.307134 -0.266961 -0.232673 -0.202239 -0.266961 -0.217697 -0.202239 -0.164919 -0.232673 -0.202239 -0.156227 -0.135793 -0.202239 -0.164919 -0.135793 -0.110734 -0.156227 -0.135793 -0.0784481 -0.0681871 -0.135793 -0.110734 -0.0681871 -0.0556041 -0.0784481 -0.0681871 -1.04122e-16 -9.05025e-17 -0.0681871 -0.0556041 -9.05025e-17 -7.38015e-17 0 0 -0.0556041 -0.0411275 0 0 -0.0411275 -0.0252504 -0.0556041 -0.0411275 -0.110734 -0.0819042 -0.0411275 -0.0252504 -0.0819042 -0.0502854 -0.110734 -0.0819042 -0.164919 -0.121982 -0.0819042 -0.0502854 -0.121982 -0.0748914 -0.164919 -0.121982 -0.217697 -0.161019 -0.121982 -0.0748914 -0.161019 -0.0988585 -0.217697 -0.161019 -0.268617 -0.198683 -0.161019 -0.0988585 -0.198683 -0.121982 -0.268617 -0.198683 -0.317246 -0.234651 -0.198683 -0.121982 -0.234651 -0.144065 -0.317246 -0.234651 -0.363169 -0.268617 -0.234651 -0.144065 -0.268617 -0.164919 -0.363169 -0.268617 -0.405992 -0.300292 -0.268617 -0.164919 -0.300292 -0.184366 -0.405992 -0.300292 -0.445352 -0.329405 -0.300292 -0.184366 -0.329405 -0.202239 -0.445352 -0.329405 -0.480913 -0.355707 -0.329405 -0.202239 -0.355707 -0.218388 -0.480913 -0.355707 -0.51237 -0.378974 -0.355707 -0.218388 -0.378974 -0.232673 -0.51237 -0.378974 -0.539456 -0.399009 -0.378974 -0.232673 -0.399009 -0.244973 -0.539456 -0.399009 -0.56194 -0.415639 -0.399009 -0.244973 -0.415639 -0.255183 -0.56194 -0.415639 -0.579629 -0.428723 -0.415639 -0.255183 -0.428723 -0.263216 -0.579629 -0.428723 -0.592374 -0.438149 -0.428723 -0.263216 -0.438149 -0.269003 -0.592374 -0.438149 -0.600064 -0.443837 -0.438149 -0.269003 -0.443837 -0.272496 -0.600064 -0.443837 -0.602635 -0.445738 -0.443837 -0.272496 -0.445738 -0.273663 -0.602635 -0.445738 -0.600064 -0.443837 -0.445738 -0.273663 -0.443837 -0.272496 -0.600064 -0.443837 -0.592374 -0.438149 -0.443837 -0.272496 -0.438149 -0.269003 -0.592374 -0.438149 -0.579629 -0.428723 -0.438149 -0.269003 -0.428723 -0.263216 -0.579629 -0.428723 -0.56194 -0.415639 -0.428723 -0.263216 -0.415639 -0.255183 -0.56194 -0.415639 -0.539456 -0.399009 -0.415639 -0.255183 -0.399009 -0.244973 -0.539456 -0.399009 -0.51237 -0.378974 -0.399009 -0.244973 -0.378974 -0.232673 -0.51237 -0.378974 -0.480913 -0.355707 -0.378974 -0.232673 -0.355707 -0.218388 -0.480913 -0.355707 -0.445352 -0.329405 -0.355707 -0.218388 -0.329405 -0.202239 -0.445352 -0.329405 -0.405992 -0.300292 -0.329405 -0.202239 -0.300292 -0.184366 -0.405992 -0.300292 -0.363169 -0.268617 -0.300292 -0.184366 -0.268617 -0.164919 -0.363169 -0.268617 -0.317246 -0.234651 -0.268617 -0.164919 -0.234651 -0.144065 -0.317246 -0.234651 -0.268617 -0.198683 -0.234651 -0.144065 -0.198683 -0.121982 -0.268617 -0.198683 -0.217697 -0.161019 -0.198683 -0.121982 -0.161019 -0.0988585 -0.217697 -0.161019 -0.164919 -0.121982 -0.161019 -0.0988585 -0.121982 -0.0748914 -0.164919 -0.121982 -0.110734 -0.0819042 -0.121982 -0.0748914 -0.0819042 -0.0502854 -0.110734 -0.0819042 -0.0556041 -0.0411275 -0.0819042 -0.0502854 -0.0411275 -0.0252504 -0.0556041 -0.0411275 -7.38015e-17 -5.45872e-17 -0.0411275 -0.0252504 -5.45872e-17 -3.3514e-17 0 0 -0.0252504 -0.00851345 0 0 -0.00851345 0.00851345 -0.0252504 -0.00851345 -0.0502854 -0.0169543 -0.00851345 0.00851345 -0.0169543 0.0169543 -0.0502854 -0.0169543 -0.0748914 -0.0252504 -0.0169543 0.0169543 -0.0252504 0.0252504 -0.0748914 -0.0252504 -0.0988585 -0.0333312 -0.0252504 0.0252504 -0.0333312 0.0333312 -0.0988585 -0.0333312 -0.121982 -0.0411275 -0.0333312 0.0333312 -0.0411275 0.0411275 -0.121982 -0.0411275 -0.144065 -0.048573 -0.0411275 0.0411275 -0.048573 0.048573 -0.144065 -0.048573 -0.164919 -0.0556041 -0.048573 0.048573 -0.0556041 0.0556041 -0.164919 -0.0556041 -0.184366 -0.0621608 -0.0556041 0.0556041 -0.0621608 0.0621608 -0.184366 -0.0621608 -0.202239 -0.0681871 -0.0621608 0.0621608 -0.0681871 0.0681871 -0.202239 -0.0681871 -0.218388 -0.0736317 -0.0681871 0.0681871 -0.0736317 0.0736317 -0.218388 -0.0736317 -0.232673 -0.0784481 -0.0736317 0.0736317 -0.0784481 0.0784481 -0.232673 -0.0784481 -0.244973 -0.0825953 -0.0784481 0.0784481 -0.0825953 0.0825953 -0.244973 -0.0825953 -0.255183 -0.0860377 -0.0825953 0.0825953 -0.0860377 0.0860377 -0.255183 -0.0860377 -0.263216 -0.0887461 -0.0860377 0.0860377 -0.0887461 0.0887461 -0.263216 -0.0887461 -0.269003 -0.0906973 -0.0887461 0.0887461 -0.0906973 0.0906973 -0.269003 -0.0906973 -0.272496 -0.0918748 -0.0906973 0.0906973 -0.0918748 0.0918748 -0.272496 -0.0918748 -0.273663 -0.0922684 -0.0918748 0.0918748 -0.0922684 0.0922684 -0.273663 -0.0922684 -0.272496 -0.0918748 -0.0922684 0.0922684 -0.0918748 0.0918748 -0.272496 -0.0918748 -0.269003 -0.0906973 -0.0918748 0.0918748 -0.0906973 0.0906973 -0.269003 -0.0906973 -0.263216 -0.0887461 -0.0906973 0.0906973 -0.0887461 0.0887461 -0.263216 -0.0887461 -0.255183 -0.0860377 -0.0887461 0.0887461 -0.0860377 0.0860377 -0.255183 -0.0860377 -0.244973 -0.0825953 -0.0860377 0.0860377 -0.0825953 0.0825953 -0.244973 -0.0825953 -0.232673 -0.0784481 -0.0825953 0.0825953 -0.0784481 0.0784481 -0.232673 -0.0784481 -0.218388 -0.0736317 -0.0784481 0.0784481 -0.0736317 0.0736317 -0.218388 -0.0736317 -0.202239 -0.0681871 -0.0736317 0.0736317 -0.0681871 0.0681871 -0.202239 -0.0681871 -0.184366 -0.0621608 -0.0681871 0.0681871 -0.0621608 0.0621608 -0.184366 -0.0621608 -0.164919 -0.0556041 -0.0621608 0.0621608 -0.0556041 0.0556041 -0.164919 -0.0556041 -0.144065 -0.048573 -0.0556041 0.0556041 -0.048573 0.048573 -0.144065 -0.048573 -0.121982 -0.0411275 -0.048573 0.048573 -0.0411275 0.0411275 -0.121982 -0.0411275 -0.0988585 -0.0333312 -0.0411275 0.0411275 -0.0333312 0.0333312 -0.0988585 -0.0333312 -0.0748914 -0.0252504 -0.0333312 0.0333312 -0.0252504 0.0252504 -0.0748914 -0.0252504 -0.0502854 -0.0169543 -0.0252504 0.0252504 -0.0169543 0.0169543 -0.0502854 -0.0169543 -0.0252504 -0.00851345 -0.0169543 0.0169543 -0.00851345 0.00851345 -0.0252504 -0.00851345 -3.3514e-17 -1.12996e-17 -0.00851345 0.00851345 -1.12996e-17 1.12996e-17 0 0 0.00851345 0.0252504 0 0 0.0252504 0.0411275 0.00851345 0.0252504 0.0169543 0.0502854 0.0252504 0.0411275 0.0502854 0.0819042 0.0169543 0.0502854 0.0252504 0.0748914 0.0502854 0.0819042 0.0748914 0.121982 0.0252504 0.0748914 0.0333312 0.0988585 0.0748914 0.121982 0.0988585 0.161019 0.0333312 0.0988585 0.0411275 0.121982 0.0988585 0.161019 0.121982 0.198683 0.0411275 0.121982 0.048573 0.144065 0.121982 0.198683 0.144065 0.234651 0.048573 0.144065 0.0556041 0.164919 0.144065 0.234651 0.164919 0.268617 0.0556041 0.164919 0.0621608 0.184366 0.164919 0.268617 0.184366 0.300292 0.0621608 0.184366 0.0681871 0.202239 0.184366 0.300292 0.202239 0.329405 0.0681871 0.202239 0.0736317 0.218388 0.202239 0.329405 0.218388 0.355707 0.0736317 0.218388 0.0784481 0.232673 0.218388 0.355707 0.232673 0.378974 0.0784481 0.232673 0.0825953 0.244973 0.232673 0.378974 0.244973 0.399009 0.0825953 0.244973 0.0860377 0.255183 0.244973 0.399009 0.255183 0.415639 0.0860377 0.255183 0.0887461 0.263216 0.255183 0.415639 0.263216 0.428723 0.0887461 0.263216 0.0906973 0.269003 0.263216 0.428723 0.269003 0.438149 0.0906973 0.269003 0.0918748 0.272496 0.269003 0.438149 0.272496 0.443837 0.0918748 0.272496 0.0922684 0.273663 0.272496 0.443837 0.273663 0.445738 0.0922684 0.273663 0.0918748 0.272496 0.273663 0.445738 0.272496 0.443837 0.0918748 0.272496 0.0906973 0.269003 0.272496 0.443837 0.269003 0.438149 0.0906973 0.269003 0.0887461 0.263216 0.269003 0.438149 0.263216 0.428723 0.0887461 0.263216 0.0860377 0.255183 0.263216 0.428723 0.255183 0.415639 0.0860377 0.255183 0.0825953 0.244973 0.255183 0.415639 0.244973 0.399009 0.0825953 0.244973 0.0784481 0.232673 0.244973 0.399009 0.232673 0.378974 0.0784481 0.232673 0.0736317 0.218388 0.232673 0.378974 0.218388 0.355707 0.0736317 0.218388 0.0681871 0.202239 0.218388 0.355707 0.202239 0.329405 0.0681871 0.202239 0.0621608 0.184366 0.202239 0.329405 0.184366 0.300292 0.0621608 0.184366 0.0556041 0.164919 0.184366 0.300292 0.164919 0.268617 0.0556041 0.164919 0.048573 0.144065 0.164919 0.268617 0.144065 0.234651 0.048573 0.144065 0.0411275 0.121982 0.144065 0.234651 0.121982 0.198683 0.0411275 0.121982 0.0333312 0.0988585 0.121982 0.198683 0.0988585 0.161019 0.0333312 0.0988585 0.0252504 0.0748914 0.0988585 0.161019 0.0748914 0.121982 0.0252504 0.0748914 0.0169543 0.0502854 0.0748914 0.121982 0.0502854 0.0819042 0.0169543 0.0502854 0.00851345 0.0252504 0.0502854 0.0819042 0.0252504 0.0411275 0.00851345 0.0252504 1.12996e-17 3.3514e-17 0.0252504 0.0411275 3.3514e-17 5.45872e-17 0 0 0.0411275 0.0556041 0 0 0.0556041 0.0681871 0.0411275 0.0556041 0.0819042 0.110734 0.0556041 0.0681871 0.110734 0.135793 0.0819042 0.110734 0.121982 0.164919 0.110734 0.135793 0.164919 0.202239 0.121982 0.164919 0.161019 0.217697 0.164919 0.202239 0.217697 0.266961 0.161019 0.217697 0.198683 0.268617 0.217697 0.266961 0.268617 0.329405 0.198683 0.268617 0.234651 0.317246 0.268617 0.329405 0.317246 0.389038 0.234651 0.317246 0.268617 0.363169 0.317246 0.389038 0.363169 0.445352 0.268617 0.363169 0.300292 0.405992 0.363169 0.445352 0.405992 0.497867 0.300292 0.405992 0.329405 0.445352 0.405992 0.497867 0.445352 0.546134 0.329405 0.445352 0.355707 0.480913 0.445352 0.546134 0.480913 0.589742 0.355707 0.480913 0.378974 0.51237 0.480913 0.589742 0.51237 0.628318 0.378974 0.51237 0.399009 0.539456 0.51237 0.628318 0.539456 0.661534 0.399009 0.539456 0.415639 0.56194 0.539456 0.661534 0.56194 0.689105 0.415639 0.56194 0.428723 0.579629 0.56194 0.689105 0.579629 0.710798 0.428723 0.579629 0.438149 0.592374 0.579629 0.710798 0.592374 0.726426 0.438149 0.592374 0.443837 0.600064 0.592374 0.726426 0.600064 0.735856 0.443837 0.600064 0.445738 0.602635 0.600064 0.735856 0.602635 0.739009 0.445738 0.602635 0.443837 0.600064 0.602635 0.739009 0.600064 0.735856 0.443837 0.600064 0.438149 0.592374 0.600064 0.735856 0.592374 0.726426 0.438149 0.592374 0.428723 0.579629 0.592374 0.726426 0.579629 0.710798 0.428723 0.579629 0.415639 0.56194 0.579629 0.710798 0.56194 0.689105 0.415639 0.56194 0.399009 0.539456 0.56194 0.689105 0.539456 0.661534 0.399009 0.539456 0.378974 0.51237 0.539456 0.661534 0.51237 0.628318 0.378974 0.51237 0.355707 0.480913 0.51237 0.628318 0.480913 0.589742 0.355707 0.480913 0.329405 0.445352 0.480913 0.589742 0.445352 0.546134 0.329405 0.445352 0.300292 0.405992 0.445352 0.546134 0.405992 0.497867 0.300292 0.405992 0.268617 0.363169 0.405992 0.497867 0.363169 0.445352 0.268617 0.363169 0.234651 0.317246 0.363169 0.445352 0.317246 0.389038 0.234651 0.317246 0.198683 0.268617 0.317246 0.389038 0.268617 0.329405 0.198683 0.268617 0.161019 0.217697 0.268617 0.329405 0.217697 0.266961 0.161019 0.217697 0.121982 0.164919 0.217697 0.266961 0.164919 0.202239 0.121982 0.164919 0.0819042 0.110734 0.164919 0.202239 0.110734 0.135793 0.0819042 0.110734 0.0411275 0.0556041 0.110734 0.135793 0.0556041 0.0681871 0.0411275 0.0556041 5.45872e-17 7.38015e-17 0.0556041 0.0681871 7.38015e-17 9.05025e-17 0 0 0.0681871 0.0784481 0 0 0.0784481 0.0860377 0.0681871 0.0784481 0.135793 0.156227 0.0784481 0.0860377 0.156227 0.171341 0.135793 0.156227 0.202239 0.232673 0.156227 0.171341 0.232673 0.255183 0.202239 0.232673 0.266961 0.307134 0.232673 0.255183 0.307134 0.336848 0.266961 0.307134 0.329405 0.378974 0.307134 0.336848 0.378974 0.415639 0.329405 0.378974 0.389038 0.447582 0.378974 0.415639 0.447582 0.490883 0.389038 0.447582 0.445352 0.51237 0.447582 0.490883 0.51237 0.56194 0.445352 0.51237 0.497867 0.572788 0.51237 0.56194 0.572788 0.628202 0.497867 0.572788 0.546134 0.628318 0.572788 0.628202 0.628318 0.689105 0.546134 0.628318 0.589742 0.678488 0.628318 0.689105 0.678488 0.744129 0.589742 0.678488 0.628318 0.722869 0.678488 0.744129 0.722869 0.792804 0.628318 0.722869 0.661534 0.761083 0.722869 0.792804 0.761083 0.834715 0.661534 0.761083 0.689105 0.792804 0.761083 0.834715 0.792804 0.869504 0.689105 0.792804 0.710798 0.817761 0.792804 0.869504 0.817761 0.896876 0.710798 0.817761 0.726426 0.835741 0.817761 0.896876 0.835741 0.916595 0.726426 0.835741 0.735856 0.84659 0.835741 0.916595 0.84659 0.928494 0.735856 0.84659 0.739009 0.850217 0.84659 0.928494 0.850217 0.932472 0.739009 0.850217 0.735856 0.84659 0.850217 0.932472 0.84659 0.928494 0.735856 0.84659 0.726426 0.835741 0.84659 0.928494 0.835741 0.916595 0.726426 0.835741 0.710798 0.817761 0.835741 0.916595 0.817761 0.896876 0.710798 0.817761 0.689105 0.792804 0.817761 0.896876 0.792804 0.869504 0.689105 0.792804 0.661534 0.761083 0.792804 0.869504 0.761083 0.834715 0.661534 0.761083 0.628318 0.722869 0.761083 0.834715 0.722869 0.792804 0.628318 0.722869 0.589742 0.678488 0.722869 0.792804 0.678488 0.744129 0.589742 0.678488 0.546134 0.628318 0.678488 0.744129 0.628318 0.689105 0.546134 0.628318 0.497867 0.572788 0.628318 0.689105 0.572788 0.628202 0.497867 0.572788 0.445352 0.51237 0.572788 0.628202 0.51237 0.56194 0.445352 0.51237 0.389038 0.447582 0.51237 0.56194 0.447582 0.490883 0.389038 0.447582 0.329405 0.378974 0.447582 0.490883 0.378974 0.415639 0.329405 0.378974 0.266961 0.307134 0.378974 0.415639 0.307134 0.336848 0.266961 0.307134 0.202239 0.232673 0.307134 0.336848 0.232673 0.255183 0.202239 0.232673 0.135793 0.156227 0.232673 0.255183 0.156227 0.171341 0.135793 0.156227 0.0681871 0.0784481 0.156227 0.171341 0.0784481 0.0860377 0.0681871 0.0784481 9.05025e-17 1.04122e-16 0.0784481 0.0860377 1.04122e-16 1.14195e-16 0 0 0.0860377 0.0906973 0 0 0.0906973 0.0922684 0.0860377 0.0906973 0.171341 0.180621 0.0906973 0.0922684 0.180621 0.18375 0.171341 0.180621 0.255183 0.269003 0.180621 0.18375 0.269003 0.273663 0.255183 0.269003 0.336848 0.355091 0.269003 0.273663 0.355091 0.361242 0.336848 0.355091 0.415639 0.438149 0.355091 0.361242 0.438149 0.445738 0.415639 0.438149 0.490883 0.517469 0.438149 0.445738 0.517469 0.526432 0.490883 0.517469 0.56194 0.592374 0.517469 0.526432 0.592374 0.602635 0.56194 0.592374 0.628202 0.662225 0.592374 0.602635 0.662225 0.673696 0.628202 0.662225 0.689105 0.726426 0.662225 0.673696 0.726426 0.739009 0.689105 0.726426 0.744129 0.784429 0.726426 0.739009 0.784429 0.798017 0.744129 0.784429 0.792804 0.835741 0.784429 0.798017 0.835741 0.850217 0.792804 0.835741 0.834715 0.879921 0.835741 0.850217 0.879921 0.895163 0.834715 0.879921 0.869504 0.916595 0.879921 0.895163 0.916595 0.932472 0.869504 0.916595 0.896876 0.945449 0.916595 0.932472 0.945449 0.961826 0.896876 0.945449 0.916595 0.966236 0.945449 0.961826 0.966236 0.982973 0.916595 0.966236 0.928494 0.97878 0.966236 0.982973 0.97878 0.995734 0.928494 0.97878 0.932472 0.982973 0.97878 0.995734 0.982973 1 0.932472 0.982973 0.928494 0.97878 0.982973 1 0.97878 0.995734 0.928494 0.97878 0.916595 0.966236 0.97878 0.995734 0.966236 0.982973 0.916595 0.966236 0.896876 0.945449 0.966236 0.982973 0.945449 0.961826 0.896876 0.945449 0.869504 0.916595 0.945449 0.961826 0.916595 0.932472 0.869504 0.916595 0.834715 0.879921 0.916595 0.932472 0.879921 0.895163 0.834715 0.879921 0.792804 0.835741 0.879921 0.895163 0.835741 0.850217 0.792804 0.835741 0.744129 0.784429 0.835741 0.850217 0.784429 0.798017 0.744129 0.784429 0.689105 0.726426 0.784429 0.798017 0.726426 0.739009 0.689105 0.726426 0.628202 0.662225 0.726426 0.739009 0.662225 0.673696 0.628202 0.662225 0.56194 0.592374 0.662225 0.673696 0.592374 0.602635 0.56194 0.592374 0.490883 0.517469 0.592374 0.602635 0.517469 0.526432 0.490883 0.517469 0.415639 0.438149 0.517469 0.526432 0.438149 0.445738 0.415639 0.438149 0.336848 0.355091 0.438149 0.445738 0.355091 0.361242 0.336848 0.355091 0.255183 0.269003 0.355091 0.361242 0.269003 0.273663 0.255183 0.269003 0.171341 0.180621 0.269003 0.273663 0.180621 0.18375 0.171341 0.180621 0.0860377 0.0906973 0.180621 0.18375 0.0906973 0.0922684 0.0860377 0.0906973 1.14195e-16 1.20379e-16 0.0906973 0.0922684 1.20379e-16 1.22465e-16 
SCALARS velocity_L2_cell_error double 1
LOOKUP_TABLE default
1.8271e-07 1.8271e-07 1.8271e-07 1.8271e-07 1.83218e-07 1.83218e-07 1.83218e-07 1.83218e-07 1.99264e-07 1.99264e-07 1.99264e-07 1.99264e-07 1.97325e-07 1.97325e-07 1.97325e-07 1.97325e-07 2.19199e-07 2.19199e-07 2.19199e-07 2.19199e-07 2.09964e-07 2.09964e-07 2.09964e-07 2.09964e-07 2.39535e-07 2.39535e-07 2.39535e-07 2.39535e-07 2.24041e-07 2.24041e-07 2.24041e-07 2.24041e-07 2.58198e-07 2.58198e-07 2.58198e-07 2.58198e-07 2.39025e-07 2.39025e-07 2.39025e-07 2.39025e-07 2.74583e-07 2.74583e-07 2.74583e-07 2.74583e-07 2.53042e-07 2.53042e-07 2.53042e-07 2.53042e-07 2.88669e-07 2.88669e-07 2.88669e-07 2.88669e-07 2.65321e-07 2.65321e-07 2.65321e-07 2.65321e-07 3.00476e-07 3.00476e-07 3.00476e-07 3.00476e-07 2.75597e-07 2.75597e-07 2.75597e-07 2.75597e-07 3.10017e-07 3.10017e-07 3.10017e-07 3.10017e-07 2.83841e-07 2.83841e-07 2.83841e-07 2.83841e-07 3.17308e-07 3.17308e-07 3.17308e-07 3.17308e-07 2.90124e-07 2.90124e-07 2.90124e-07 2.90124e-07 3.22373e-07 3.22373e-07 3.22373e-07 3.22373e-07 2.94561e-07 2.94561e-07 2.94561e-07 2.94561e-07 3.25257e-07 3.25257e-07 3.25257e-07 3.25257e-07 2.97283e-07 2.97283e-07 2.97283e-07 2.97283e-07 3.26024e-07 3.26024e-07 3.26024e-07 3.26024e-07 2.98427e-07 2.98427e-07 2.98427e-07 2.98427e-07 3.24757e-07 3.24757e-07 3.24757e-07 3.24757e-07 2.98124e-07 2.98124e-07 2.98124e-07 2.98124e-07 3.21555e-07 3.21555e-07 3.21555e-07 3.21555e-07 2.96497e-07 2.96497e-07 2.96497e-07 2.96497e-07 3.16535e-07 3.16535e-07 3.16535e-07 3.16535e-07 2.93661e-07 2.93661e-07 2.93661e-07 2.93661e-07 3.09826e-07 3.09826e-07 3.09826e-07 3.09826e-07 2.89725e-07 2.89725e-07 2.89725e-07 2.89725e-07 3.01574e-07 3.01574e-07 3.01574e-07 3.01574e-07 2.8479e-07 2.8479e-07 2.8479e-07 2.8479e-07 2.91942e-07 2.91942e-07 2.91942e-07 2.91942e-07 2.78956e-07 2.78956e-07 2.78956e-07 2.78956e-07 2.81111e-07 2.81111e-07 2.81111e-07 2.81111e-07 2.72321e-07 2.72321e-07 2.72321e-07 2.72321e-07 2.69282e-07 2.69282e-07 2.69282e-07 2.69282e-07 2.64983e-07 2.64983e-07 2.64983e-07 2.64983e-07 2.56681e-07 2.56681e-07 2.56681e-07 2.56681e-07 2.57045e-07 2.57045e-07 2.57045e-07 2.57045e-07 2.43567e-07 2.43567e-07 2.43567e-07 2.43567e-07 2.48619e-07 2.48619e-07 2.48619e-07 2.48619e-07 2.30238e-07 2.30238e-07 2.30238e-07 2.30238e-07 2.39823e-07 2.39823e-07 2.39823e-07 2.39823e-07 2.17038e-07 2.17038e-07 2.17038e-07 2.17038e-07 2.30794e-07 2.30794e-07 2.30794e-07 2.30794e-07 2.04374e-07 2.04374e-07 2.04374e-07 2.04374e-07 2.2169e-07 2.2169e-07 2.2169e-07 2.2169e-07 1.92715e-07 1.92715e-07 1.92715e-07 1.92715e-07 2.12696e-07 2.12696e-07 2.12696e-07 2.12696e-07 1.82579e-07 1.82579e-07 1.82579e-07 1.82579e-07 2.04024e-07 2.04024e-07 2.04024e-07 2.04024e-07 1.74471e-07 1.74471e-07 1.74471e-07 1.74471e-07 1.95908e-07 1.95908e-07 1.95908e-07 1.95908e-07 1.68741e-07 1.68741e-07 1.68741e-07 1.68741e-07 1.88564e-07 1.88564e-07 1.88564e-07 1.88564e-07 1.65362e-07 1.65362e-07 1.65362e-07 1.65362e-07 1.82199e-07 1.82199e-07 1.82199e-07 1.82199e-07 1.63499e-07 1.63499e-07 1.63499e-07 1.63499e-07 1.76857e-07 1.76857e-07 1.76857e-07 1.76857e-07 1.62041e-07 1.62041e-07 1.62041e-07 1.62041e-07 1.73925e-07 1.73925e-07 1.73925e-07 1.73925e-07 1.61759e-07 1.61759e-07 1.61759e-07 1.61759e-07 1.71801e-07 1.71801e-07 1.71801e-07 1.71801e-07 1.9165e-07 1.9165e-07 1.9165e-07 1.9165e-07 2.01882e-07 2.01882e-07 2.01882e-07 2.01882e-07 2.05668e-07 2.05668e-07 2.05668e-07 2.05668e-07 2.16485e-07 2.16485e-07 2.16485e-07 2.16485e-07 2.13001e-07 2.13001e-07 2.13001e-07 2.13001e-07 2.21079e-07 2.21079e-07 2.21079e-07 2.21079e-07 2.19824e-07 2.19824e-07 2.19824e-07 2.19824e-07 2.22444e-07 2.22444e-07 2.22444e-07 2.22444e-07 2.28897e-07 2.28897e-07 2.28897e-07 2.28897e-07 2.25772e-07 2.25772e-07 2.25772e-07 2.25772e-07 2.38847e-07 2.38847e-07 2.38847e-07 2.38847e-07 2.31172e-07 2.31172e-07 2.31172e-07 2.31172e-07 2.48395e-07 2.48395e-07 2.48395e-07 2.48395e-07 2.37551e-07 2.37551e-07 2.37551e-07 2.37551e-07 2.56881e-07 2.56881e-07 2.56881e-07 2.56881e-07 2.44019e-07 2.44019e-07 2.44019e-07 2.44019e-07 2.64067e-07 2.64067e-07 2.64067e-07 2.64067e-07 2.50092e-07 2.50092e-07 2.50092e-07 2.50092e-07 2.69918e-07 2.69918e-07 2.69918e-07 2.69918e-07 2.5553e-07 2.5553e-07 2.5553e-07 2.5553e-07 2.74481e-07 2.74481e-07 2.74481e-07 2.74481e-07 2.6022e-07 2.6022e-07 2.6022e-07 2.6022e-07 2.77834e-07 2.77834e-07 2.77834e-07 2.77834e-07 2.64105e-07 2.64105e-07 2.64105e-07 2.64105e-07 2.80055e-07 2.80055e-07 2.80055e-07 2.80055e-07 2.67152e-07 2.67152e-07 2.67152e-07 2.67152e-07 2.81216e-07 2.81216e-07 2.81216e-07 2.81216e-07 2.69337e-07 2.69337e-07 2.69337e-07 2.69337e-07 2.81378e-07 2.81378e-07 2.81378e-07 2.81378e-07 2.70647e-07 2.70647e-07 2.70647e-07 2.70647e-07 2.80592e-07 2.80592e-07 2.80592e-07 2.80592e-07 2.71072e-07 2.71072e-07 2.71072e-07 2.71072e-07 2.78904e-07 2.78904e-07 2.78904e-07 2.78904e-07 2.70614e-07 2.70614e-07 2.70614e-07 2.70614e-07 2.76356e-07 2.76356e-07 2.76356e-07 2.76356e-07 2.69283e-07 2.69283e-07 2.69283e-07 2.69283e-07 2.72992e-07 2.72992e-07 2.72992e-07 2.72992e-07 2.67102e-07 2.67102e-07 2.67102e-07 2.67102e-07 2.68857e-07 2.68857e-07 2.68857e-07 2.68857e-07 2.64107e-07 2.64107e-07 2.64107e-07 2.64107e-07 2.64001e-07 2.64001e-07 2.64001e-07 2.64001e-07 2.60344e-07 2.60344e-07 2.60344e-07 2.60344e-07 2.58481e-07 2.58481e-07 2.58481e-07 2.58481e-07 2.55872e-07 2.55872e-07 2.55872e-07 2.55872e-07 2.52361e-07 2.52361e-07 2.52361e-07 2.52361e-07 2.50761e-07 2.50761e-07 2.50761e-07 2.50761e-07 2.45713e-07 2.45713e-07 2.45713e-07 2.45713e-07 2.45089e-07 2.45089e-07 2.45089e-07 2.45089e-07 2.3862e-07 2.3862e-07 2.3862e-07 2.3862e-07 2.38943e-07 2.38943e-07 2.38943e-07 2.38943e-07 2.31175e-07 2.31175e-07 2.31175e-07 2.31175e-07 2.32418e-07 2.32418e-07 2.32418e-07 2.32418e-07 2.23481e-07 2.23481e-07 2.23481e-07 2.23481e-07 2.25609e-07 2.25609e-07 2.25609e-07 2.25609e-07 2.1565e-07 2.1565e-07 2.1565e-07 2.1565e-07 2.18618e-07 2.18618e-07 2.18618e-07 2.18618e-07 2.07801e-07 2.07801e-07 2.07801e-07 2.07801e-07 2.1156e-07 2.1156e-07 2.1156e-07 2.1156e-07 2.0006e-07 2.0006e-07 2.0006e-07 2.0006e-07 2.04592e-07 2.04592e-07 2.04592e-07 2.04592e-07 1.92648e-07 1.92648e-07 1.92648e-07 1.92648e-07 1.98062e-07 1.98062e-07 1.98062e-07 1.98062e-07 1.85931e-07 1.85931e-07 1.85931e-07 1.85931e-07 1.92513e-07 1.92513e-07 1.92513e-07 1.92513e-07 1.8135e-07 1.8135e-07 1.8135e-07 1.8135e-07 1.8947e-07 1.8947e-07 1.8947e-07 1.8947e-07 1.78468e-07 1.78468e-07 1.78468e-07 1.78468e-07 1.88362e-07 1.88362e-07 1.88362e-07 1.88362e-07 2.13022e-07 2.13022e-07 2.13022e-07 2.13022e-07 2.24582e-07 2.24582e-07 2.24582e-07 2.24582e-07 2.27396e-07 2.27396e-07 2.27396e-07 2.27396e-07 2.37793e-07 2.37793e-07 2.37793e-07 2.37793e-07 2.30422e-07 2.30422e-07 2.30422e-07 2.30422e-07 2.39673e-07 2.39673e-07 2.39673e-07 2.39673e-07 2.28278e-07 2.28278e-07 2.28278e-07 2.28278e-07 2.35338e-07 2.35338e-07 2.35338e-07 2.35338e-07 2.27123e-07 2.27123e-07 2.27123e-07 2.27123e-07 2.31009e-07 2.31009e-07 2.31009e-07 2.31009e-07 2.28421e-07 2.28421e-07 2.28421e-07 2.28421e-07 2.29004e-07 2.29004e-07 2.29004e-07 2.29004e-07 2.31655e-07 2.31655e-07 2.31655e-07 2.31655e-07 2.29393e-07 2.29393e-07 2.29393e-07 2.29393e-07 2.35957e-07 2.35957e-07 2.35957e-07 2.35957e-07 2.31486e-07 2.31486e-07 2.31486e-07 2.31486e-07 2.40675e-07 2.40675e-07 2.40675e-07 2.40675e-07 2.3458e-07 2.3458e-07 2.3458e-07 2.3458e-07 2.45377e-07 2.45377e-07 2.45377e-07 2.45377e-07 2.38116e-07 2.38116e-07 2.38116e-07 2.38116e-07 2.49772e-07 2.49772e-07 2.49772e-07 2.49772e-07 2.41674e-07 2.41674e-07 2.41674e-07 2.41674e-07 2.53661e-07 2.53661e-07 2.53661e-07 2.53661e-07 2.44949e-07 2.44949e-07 2.44949e-07 2.44949e-07 2.56898e-07 2.56898e-07 2.56898e-07 2.56898e-07 2.4772e-07 2.4772e-07 2.4772e-07 2.4772e-07 2.59382e-07 2.59382e-07 2.59382e-07 2.59382e-07 2.4984e-07 2.4984e-07 2.4984e-07 2.4984e-07 2.61041e-07 2.61041e-07 2.61041e-07 2.61041e-07 2.51217e-07 2.51217e-07 2.51217e-07 2.51217e-07 2.61838e-07 2.61838e-07 2.61838e-07 2.61838e-07 2.51805e-07 2.51805e-07 2.51805e-07 2.51805e-07 2.61757e-07 2.61757e-07 2.61757e-07 2.61757e-07 2.51598e-07 2.51598e-07 2.51598e-07 2.51598e-07 2.60809e-07 2.60809e-07 2.60809e-07 2.60809e-07 2.50616e-07 2.50616e-07 2.50616e-07 2.50616e-07 2.59023e-07 2.59023e-07 2.59023e-07 2.59023e-07 2.48907e-07 2.48907e-07 2.48907e-07 2.48907e-07 2.56448e-07 2.56448e-07 2.56448e-07 2.56448e-07 2.46531e-07 2.46531e-07 2.46531e-07 2.46531e-07 2.53146e-07 2.53146e-07 2.53146e-07 2.53146e-07 2.43568e-07 2.43568e-07 2.43568e-07 2.43568e-07 2.49195e-07 2.49195e-07 2.49195e-07 2.49195e-07 2.40108e-07 2.40108e-07 2.40108e-07 2.40108e-07 2.44684e-07 2.44684e-07 2.44684e-07 2.44684e-07 2.36254e-07 2.36254e-07 2.36254e-07 2.36254e-07 2.39713e-07 2.39713e-07 2.39713e-07 2.39713e-07 2.32123e-07 2.32123e-07 2.32123e-07 2.32123e-07 2.34392e-07 2.34392e-07 2.34392e-07 2.34392e-07 2.27846e-07 2.27846e-07 2.27846e-07 2.27846e-07 2.28839e-07 2.28839e-07 2.28839e-07 2.28839e-07 2.2357e-07 2.2357e-07 2.2357e-07 2.2357e-07 2.23182e-07 2.23182e-07 2.23182e-07 2.23182e-07 2.19461e-07 2.19461e-07 2.19461e-07 2.19461e-07 2.17564e-07 2.17564e-07 2.17564e-07 2.17564e-07 2.15713e-07 2.15713e-07 2.15713e-07 2.15713e-07 2.12156e-07 2.12156e-07 2.12156e-07 2.12156e-07 2.12557e-07 2.12557e-07 2.12557e-07 2.12557e-07 2.07199e-07 2.07199e-07 2.07199e-07 2.07199e-07 2.10269e-07 2.10269e-07 2.10269e-07 2.10269e-07 2.031e-07 2.031e-07 2.031e-07 2.031e-07 2.09202e-07 2.09202e-07 2.09202e-07 2.09202e-07 2.00342e-07 2.00342e-07 2.00342e-07 2.00342e-07 2.09584e-07 2.09584e-07 2.09584e-07 2.09584e-07 1.99919e-07 1.99919e-07 1.99919e-07 1.99919e-07 2.11811e-07 2.11811e-07 2.11811e-07 2.11811e-07 2.00675e-07 2.00675e-07 2.00675e-07 2.00675e-07 2.14309e-07 2.14309e-07 2.14309e-07 2.14309e-07 2.36229e-07 2.36229e-07 2.36229e-07 2.36229e-07 2.47701e-07 2.47701e-07 2.47701e-07 2.47701e-07 2.47525e-07 2.47525e-07 2.47525e-07 2.47525e-07 2.56554e-07 2.56554e-07 2.56554e-07 2.56554e-07 2.48371e-07 2.48371e-07 2.48371e-07 2.48371e-07 2.56371e-07 2.56371e-07 2.56371e-07 2.56371e-07 2.42654e-07 2.42654e-07 2.42654e-07 2.42654e-07 2.4976e-07 2.4976e-07 2.4976e-07 2.4976e-07 2.36172e-07 2.36172e-07 2.36172e-07 2.36172e-07 2.41843e-07 2.41843e-07 2.41843e-07 2.41843e-07 2.31648e-07 2.31648e-07 2.31648e-07 2.31648e-07 2.35437e-07 2.35437e-07 2.35437e-07 2.35437e-07 2.29593e-07 2.29593e-07 2.29593e-07 2.29593e-07 2.31331e-07 2.31331e-07 2.31331e-07 2.31331e-07 2.29533e-07 2.29533e-07 2.29533e-07 2.29533e-07 2.29243e-07 2.29243e-07 2.29243e-07 2.29243e-07 2.308e-07 2.308e-07 2.308e-07 2.308e-07 2.28589e-07 2.28589e-07 2.28589e-07 2.28589e-07 2.32794e-07 2.32794e-07 2.32794e-07 2.32794e-07 2.28795e-07 2.28795e-07 2.28795e-07 2.28795e-07 2.35038e-07 2.35038e-07 2.35038e-07 2.35038e-07 2.29396e-07 2.29396e-07 2.29396e-07 2.29396e-07 2.37179e-07 2.37179e-07 2.37179e-07 2.37179e-07 2.30049e-07 2.30049e-07 2.30049e-07 2.30049e-07 2.38971e-07 2.38971e-07 2.38971e-07 2.38971e-07 2.30526e-07 2.30526e-07 2.30526e-07 2.30526e-07 2.40256e-07 2.40256e-07 2.40256e-07 2.40256e-07 2.30689e-07 2.30689e-07 2.30689e-07 2.30689e-07 2.40947e-07 2.40947e-07 2.40947e-07 2.40947e-07 2.30471e-07 2.30471e-07 2.30471e-07 2.30471e-07 2.41008e-07 2.41008e-07 2.41008e-07 2.41008e-07 2.29854e-07 2.29854e-07 2.29854e-07 2.29854e-07 2.40446e-07 2.40446e-07 2.40446e-07 2.40446e-07 2.28857e-07 2.28857e-07 2.28857e-07 2.28857e-07 2.39295e-07 2.39295e-07 2.39295e-07 2.39295e-07 2.27521e-07 2.27521e-07 2.27521e-07 2.27521e-07 2.3761e-07 2.3761e-07 2.3761e-07 2.3761e-07 2.25904e-07 2.25904e-07 2.25904e-07 2.25904e-07 2.35461e-07 2.35461e-07 2.35461e-07 2.35461e-07 2.24075e-07 2.24075e-07 2.24075e-07 2.24075e-07 2.32931e-07 2.32931e-07 2.32931e-07 2.32931e-07 2.22115e-07 2.22115e-07 2.22115e-07 2.22115e-07 2.30113e-07 2.30113e-07 2.30113e-07 2.30113e-07 2.2011e-07 2.2011e-07 2.2011e-07 2.2011e-07 2.27115e-07 2.27115e-07 2.27115e-07 2.27115e-07 2.18159e-07 2.18159e-07 2.18159e-07 2.18159e-07 2.24057e-07 2.24057e-07 2.24057e-07 2.24057e-07 2.16376e-07 2.16376e-07 2.16376e-07 2.16376e-07 2.21079e-07 2.21079e-07 2.21079e-07 2.21079e-07 2.14893e-07 2.14893e-07 2.14893e-07 2.14893e-07 2.18345e-07 2.18345e-07 2.18345e-07 2.18345e-07 2.13869e-07 2.13869e-07 2.13869e-07 2.13869e-07 2.16049e-07 2.16049e-07 2.16049e-07 2.16049e-07 2.13497e-07 2.13497e-07 2.13497e-07 2.13497e-07 2.14416e-07 2.14416e-07 2.14416e-07 2.14416e-07 2.14004e-07 2.14004e-07 2.14004e-07 2.14004e-07 2.13704e-07 2.13704e-07 2.13704e-07 2.13704e-07 2.15648e-07 2.15648e-07 2.15648e-07 2.15648e-07 2.14182e-07 2.14182e-07 2.14182e-07 2.14182e-07 2.18673e-07 2.18673e-07 2.18673e-07 2.18673e-07 2.161e-07 2.161e-07 2.161e-07 2.161e-07 2.23249e-07 2.23249e-07 2.23249e-07 2.23249e-07 2.19446e-07 2.19446e-07 2.19446e-07 2.19446e-07 2.29227e-07 2.29227e-07 2.29227e-07 2.29227e-07 2.24158e-07 2.24158e-07 2.24158e-07 2.24158e-07 2.36252e-07 2.36252e-07 2.36252e-07 2.36252e-07 2.28418e-07 2.28418e-07 2.28418e-07 2.28418e-07 2.42374e-07 2.42374e-07 2.42374e-07 2.42374e-07 2.58784e-07 2.58784e-07 2.58784e-07 2.58784e-07 2.69288e-07 2.69288e-07 2.69288e-07 2.69288e-07 2.64878e-07 2.64878e-07 2.64878e-07 2.64878e-07 2.72487e-07 2.72487e-07 2.72487e-07 2.72487e-07 2.63632e-07 2.63632e-07 2.63632e-07 2.63632e-07 2.70138e-07 2.70138e-07 2.70138e-07 2.70138e-07 2.56416e-07 2.56416e-07 2.56416e-07 2.56416e-07 2.62482e-07 2.62482e-07 2.62482e-07 2.62482e-07 2.47546e-07 2.47546e-07 2.47546e-07 2.47546e-07 2.52979e-07 2.52979e-07 2.52979e-07 2.52979e-07 2.39739e-07 2.39739e-07 2.39739e-07 2.39739e-07 2.44124e-07 2.44124e-07 2.44124e-07 2.44124e-07 2.33928e-07 2.33928e-07 2.33928e-07 2.33928e-07 2.369e-07 2.369e-07 2.369e-07 2.369e-07 2.29982e-07 2.29982e-07 2.29982e-07 2.29982e-07 2.31293e-07 2.31293e-07 2.31293e-07 2.31293e-07 2.27418e-07 2.27418e-07 2.27418e-07 2.27418e-07 2.2692e-07 2.2692e-07 2.2692e-07 2.2692e-07 2.25734e-07 2.25734e-07 2.25734e-07 2.25734e-07 2.23372e-07 2.23372e-07 2.23372e-07 2.23372e-07 2.24524e-07 2.24524e-07 2.24524e-07 2.24524e-07 2.20326e-07 2.20326e-07 2.20326e-07 2.20326e-07 2.235e-07 2.235e-07 2.235e-07 2.235e-07 2.17573e-07 2.17573e-07 2.17573e-07 2.17573e-07 2.22483e-07 2.22483e-07 2.22483e-07 2.22483e-07 2.14999e-07 2.14999e-07 2.14999e-07 2.14999e-07 2.21373e-07 2.21373e-07 2.21373e-07 2.21373e-07 2.12557e-07 2.12557e-07 2.12557e-07 2.12557e-07 2.20134e-07 2.20134e-07 2.20134e-07 2.20134e-07 2.10247e-07 2.10247e-07 2.10247e-07 2.10247e-07 2.18769e-07 2.18769e-07 2.18769e-07 2.18769e-07 2.08099e-07 2.08099e-07 2.08099e-07 2.08099e-07 2.17308e-07 2.17308e-07 2.17308e-07 2.17308e-07 2.06159e-07 2.06159e-07 2.06159e-07 2.06159e-07 2.15799e-07 2.15799e-07 2.15799e-07 2.15799e-07 2.04482e-07 2.04482e-07 2.04482e-07 2.04482e-07 2.14299e-07 2.14299e-07 2.14299e-07 2.14299e-07 2.03129e-07 2.03129e-07 2.03129e-07 2.03129e-07 2.12875e-07 2.12875e-07 2.12875e-07 2.12875e-07 2.02162e-07 2.02162e-07 2.02162e-07 2.02162e-07 2.11597e-07 2.11597e-07 2.11597e-07 2.11597e-07 2.0164e-07 2.0164e-07 2.0164e-07 2.0164e-07 2.10539e-07 2.10539e-07 2.10539e-07 2.10539e-07 2.0162e-07 2.0162e-07 2.0162e-07 2.0162e-07 2.09785e-07 2.09785e-07 2.09785e-07 2.09785e-07 2.02156e-07 2.02156e-07 2.02156e-07 2.02156e-07 2.09423e-07 2.09423e-07 2.09423e-07 2.09423e-07 2.03303e-07 2.03303e-07 2.03303e-07 2.03303e-07 2.09561e-07 2.09561e-07 2.09561e-07 2.09561e-07 2.05122e-07 2.05122e-07 2.05122e-07 2.05122e-07 2.10328e-07 2.10328e-07 2.10328e-07 2.10328e-07 2.07688e-07 2.07688e-07 2.07688e-07 2.07688e-07 2.11884e-07 2.11884e-07 2.11884e-07 2.11884e-07 2.11107e-07 2.11107e-07 2.11107e-07 2.11107e-07 2.14431e-07 2.14431e-07 2.14431e-07 2.14431e-07 2.15526e-07 2.15526e-07 2.15526e-07 2.15526e-07 2.18202e-07 2.18202e-07 2.18202e-07 2.18202e-07 2.21142e-07 2.21142e-07 2.21142e-07 2.21142e-07 2.2342e-07 2.2342e-07 2.2342e-07 2.2342e-07 2.28168e-07 2.28168e-07 2.28168e-07 2.28168e-07 2.30232e-07 2.30232e-07 2.30232e-07 2.30232e-07 2.36773e-07 2.36773e-07 2.36773e-07 2.36773e-07 2.38456e-07 2.38456e-07 2.38456e-07 2.38456e-07 2.46843e-07 2.46843e-07 2.46843e-07 2.46843e-07 2.47607e-07 2.47607e-07 2.47607e-07 2.47607e-07 2.57893e-07 2.57893e-07 2.57893e-07 2.57893e-07 2.55691e-07 2.55691e-07 2.55691e-07 2.55691e-07 2.67997e-07 2.67997e-07 2.67997e-07 2.67997e-07 2.7904e-07 2.7904e-07 2.7904e-07 2.7904e-07 2.87881e-07 2.87881e-07 2.87881e-07 2.87881e-07 2.79359e-07 2.79359e-07 2.79359e-07 2.79359e-07 2.85457e-07 2.85457e-07 2.85457e-07 2.85457e-07 2.75876e-07 2.75876e-07 2.75876e-07 2.75876e-07 2.80826e-07 2.80826e-07 2.80826e-07 2.80826e-07 2.67866e-07 2.67866e-07 2.67866e-07 2.67866e-07 2.72504e-07 2.72504e-07 2.72504e-07 2.72504e-07 2.57943e-07 2.57943e-07 2.57943e-07 2.57943e-07 2.623e-07 2.623e-07 2.623e-07 2.623e-07 2.48301e-07 2.48301e-07 2.48301e-07 2.48301e-07 2.52073e-07 2.52073e-07 2.52073e-07 2.52073e-07 2.39915e-07 2.39915e-07 2.39915e-07 2.39915e-07 2.42748e-07 2.42748e-07 2.42748e-07 2.42748e-07 2.32858e-07 2.32858e-07 2.32858e-07 2.32858e-07 2.34462e-07 2.34462e-07 2.34462e-07 2.34462e-07 2.26843e-07 2.26843e-07 2.26843e-07 2.26843e-07 2.27016e-07 2.27016e-07 2.27016e-07 2.27016e-07 2.21553e-07 2.21553e-07 2.21553e-07 2.21553e-07 2.20177e-07 2.20177e-07 2.20177e-07 2.20177e-07 2.16758e-07 2.16758e-07 2.16758e-07 2.16758e-07 2.13798e-07 2.13798e-07 2.13798e-07 2.13798e-07 2.1233e-07 2.1233e-07 2.1233e-07 2.1233e-07 2.0783e-07 2.0783e-07 2.0783e-07 2.0783e-07 2.08227e-07 2.08227e-07 2.08227e-07 2.08227e-07 2.02297e-07 2.02297e-07 2.02297e-07 2.02297e-07 2.0446e-07 2.0446e-07 2.0446e-07 2.0446e-07 1.97269e-07 1.97269e-07 1.97269e-07 1.97269e-07 2.01073e-07 2.01073e-07 2.01073e-07 2.01073e-07 1.9284e-07 1.9284e-07 1.9284e-07 1.9284e-07 1.98129e-07 1.98129e-07 1.98129e-07 1.98129e-07 1.89113e-07 1.89113e-07 1.89113e-07 1.89113e-07 1.95698e-07 1.95698e-07 1.95698e-07 1.95698e-07 1.86192e-07 1.86192e-07 1.86192e-07 1.86192e-07 1.93851e-07 1.93851e-07 1.93851e-07 1.93851e-07 1.8417e-07 1.8417e-07 1.8417e-07 1.8417e-07 1.92654e-07 1.92654e-07 1.92654e-07 1.92654e-07 1.83126e-07 1.83126e-07 1.83126e-07 1.83126e-07 1.92167e-07 1.92167e-07 1.92167e-07 1.92167e-07 1.83118e-07 1.83118e-07 1.83118e-07 1.83118e-07 1.92436e-07 1.92436e-07 1.92436e-07 1.92436e-07 1.84174e-07 1.84174e-07 1.84174e-07 1.84174e-07 1.93494e-07 1.93494e-07 1.93494e-07 1.93494e-07 1.86296e-07 1.86296e-07 1.86296e-07 1.86296e-07 1.95357e-07 1.95357e-07 1.95357e-07 1.95357e-07 1.89458e-07 1.89458e-07 1.89458e-07 1.89458e-07 1.98033e-07 1.98033e-07 1.98033e-07 1.98033e-07 1.9361e-07 1.9361e-07 1.9361e-07 1.9361e-07 2.01522e-07 2.01522e-07 2.01522e-07 2.01522e-07 1.98685e-07 1.98685e-07 1.98685e-07 1.98685e-07 2.05831e-07 2.05831e-07 2.05831e-07 2.05831e-07 2.04614e-07 2.04614e-07 2.04614e-07 2.04614e-07 2.10992e-07 2.10992e-07 2.10992e-07 2.10992e-07 2.1135e-07 2.1135e-07 2.1135e-07 2.1135e-07 2.17083e-07 2.17083e-07 2.17083e-07 2.17083e-07 2.18894e-07 2.18894e-07 2.18894e-07 2.18894e-07 2.24254e-07 2.24254e-07 2.24254e-07 2.24254e-07 2.27344e-07 2.27344e-07 2.27344e-07 2.27344e-07 2.32716e-07 2.32716e-07 2.32716e-07 2.32716e-07 2.36906e-07 2.36906e-07 2.36906e-07 2.36906e-07 2.42694e-07 2.42694e-07 2.42694e-07 2.42694e-07 2.47875e-07 2.47875e-07 2.47875e-07 2.47875e-07 2.5421e-07 2.5421e-07 2.5421e-07 2.5421e-07 2.60455e-07 2.60455e-07 2.60455e-07 2.60455e-07 2.66897e-07 2.66897e-07 2.66897e-07 2.66897e-07 2.74486e-07 2.74486e-07 2.74486e-07 2.74486e-07 2.79011e-07 2.79011e-07 2.79011e-07 2.79011e-07 2.88526e-07 2.88526e-07 2.88526e-07 2.88526e-07 2.9566e-07 2.9566e-07 2.9566e-07 2.9566e-07 3.02238e-07 3.02238e-07 3.02238e-07 3.02238e-07 2.90727e-07 2.90727e-07 2.90727e-07 2.90727e-07 2.95111e-07 2.95111e-07 2.95111e-07 2.95111e-07 2.84964e-07 2.84964e-07 2.84964e-07 2.84964e-07 2.88261e-07 2.88261e-07 2.88261e-07 2.88261e-07 2.76346e-07 2.76346e-07 2.76346e-07 2.76346e-07 2.79356e-07 2.79356e-07 2.79356e-07 2.79356e-07 2.65961e-07 2.65961e-07 2.65961e-07 2.65961e-07 2.68863e-07 2.68863e-07 2.68863e-07 2.68863e-07 2.55313e-07 2.55313e-07 2.55313e-07 2.55313e-07 2.57938e-07 2.57938e-07 2.57938e-07 2.57938e-07 2.45252e-07 2.45252e-07 2.45252e-07 2.45252e-07 2.47334e-07 2.47334e-07 2.47334e-07 2.47334e-07 2.35962e-07 2.35962e-07 2.35962e-07 2.35962e-07 2.37268e-07 2.37268e-07 2.37268e-07 2.37268e-07 2.27321e-07 2.27321e-07 2.27321e-07 2.27321e-07 2.27685e-07 2.27685e-07 2.27685e-07 2.27685e-07 2.19171e-07 2.19171e-07 2.19171e-07 2.19171e-07 2.18486e-07 2.18486e-07 2.18486e-07 2.18486e-07 2.11432e-07 2.11432e-07 2.11432e-07 2.11432e-07 2.09649e-07 2.09649e-07 2.09649e-07 2.09649e-07 2.04119e-07 2.04119e-07 2.04119e-07 2.04119e-07 2.01234e-07 2.01234e-07 2.01234e-07 2.01234e-07 1.97316e-07 1.97316e-07 1.97316e-07 1.97316e-07 1.93373e-07 1.93373e-07 1.93373e-07 1.93373e-07 1.91147e-07 1.91147e-07 1.91147e-07 1.91147e-07 1.86236e-07 1.86236e-07 1.86236e-07 1.86236e-07 1.85757e-07 1.85757e-07 1.85757e-07 1.85757e-07 1.80017e-07 1.80017e-07 1.80017e-07 1.80017e-07 1.81296e-07 1.81296e-07 1.81296e-07 1.81296e-07 1.74911e-07 1.74911e-07 1.74911e-07 1.74911e-07 1.77906e-07 1.77906e-07 1.77906e-07 1.77906e-07 1.71103e-07 1.71103e-07 1.71103e-07 1.71103e-07 1.75713e-07 1.75713e-07 1.75713e-07 1.75713e-07 1.68752e-07 1.68752e-07 1.68752e-07 1.68752e-07 1.74809e-07 1.74809e-07 1.74809e-07 1.74809e-07 1.6797e-07 1.6797e-07 1.6797e-07 1.6797e-07 1.75251e-07 1.75251e-07 1.75251e-07 1.75251e-07 1.68809e-07 1.68809e-07 1.68809e-07 1.68809e-07 1.77049e-07 1.77049e-07 1.77049e-07 1.77049e-07 1.7126e-07 1.7126e-07 1.7126e-07 1.7126e-07 1.80168e-07 1.80168e-07 1.80168e-07 1.80168e-07 1.75248e-07 1.75248e-07 1.75248e-07 1.75248e-07 1.84531e-07 1.84531e-07 1.84531e-07 1.84531e-07 1.8065e-07 1.8065e-07 1.8065e-07 1.8065e-07 1.90031e-07 1.90031e-07 1.90031e-07 1.90031e-07 1.873e-07 1.873e-07 1.873e-07 1.873e-07 1.96534e-07 1.96534e-07 1.96534e-07 1.96534e-07 1.95009e-07 1.95009e-07 1.95009e-07 1.95009e-07 2.03901e-07 2.03901e-07 2.03901e-07 2.03901e-07 2.03576e-07 2.03576e-07 2.03576e-07 2.03576e-07 2.12004e-07 2.12004e-07 2.12004e-07 2.12004e-07 2.12807e-07 2.12807e-07 2.12807e-07 2.12807e-07 2.20772e-07 2.20772e-07 2.20772e-07 2.20772e-07 2.22558e-07 2.22558e-07 2.22558e-07 2.22558e-07 2.30241e-07 2.30241e-07 2.30241e-07 2.30241e-07 2.32803e-07 2.32803e-07 2.32803e-07 2.32803e-07 2.40606e-07 2.40606e-07 2.40606e-07 2.40606e-07 2.43712e-07 2.43712e-07 2.43712e-07 2.43712e-07 2.52235e-07 2.52235e-07 2.52235e-07 2.52235e-07 2.5571e-07 2.5571e-07 2.5571e-07 2.5571e-07 2.65523e-07 2.65523e-07 2.65523e-07 2.65523e-07 2.69386e-07 2.69386e-07 2.69386e-07 2.69386e-07 2.80588e-07 2.80588e-07 2.80588e-07 2.80588e-07 2.85171e-07 2.85171e-07 2.85171e-07 2.85171e-07 2.96395e-07 2.96395e-07 2.96395e-07 2.96395e-07 3.02519e-07 3.02519e-07 3.02519e-07 3.02519e-07 3.0749e-07 3.0749e-07 3.0749e-07 3.0749e-07 3.11303e-07 3.11303e-07 3.11303e-07 3.11303e-07 2.98542e-07 2.98542e-07 2.98542e-07 2.98542e-07 3.00953e-07 3.00953e-07 3.00953e-07 3.00953e-07 2.90689e-07 2.90689e-07 2.90689e-07 2.90689e-07 2.92217e-07 2.92217e-07 2.92217e-07 2.92217e-07 2.81508e-07 2.81508e-07 2.81508e-07 2.81508e-07 2.82787e-07 2.82787e-07 2.82787e-07 2.82787e-07 2.70971e-07 2.70971e-07 2.70971e-07 2.70971e-07 2.72267e-07 2.72267e-07 2.72267e-07 2.72267e-07 2.59901e-07 2.59901e-07 2.59901e-07 2.59901e-07 2.61176e-07 2.61176e-07 2.61176e-07 2.61176e-07 2.48939e-07 2.48939e-07 2.48939e-07 2.48939e-07 2.50041e-07 2.50041e-07 2.50041e-07 2.50041e-07 2.38325e-07 2.38325e-07 2.38325e-07 2.38325e-07 2.39106e-07 2.39106e-07 2.39106e-07 2.39106e-07 2.28057e-07 2.28057e-07 2.28057e-07 2.28057e-07 2.28413e-07 2.28413e-07 2.28413e-07 2.28413e-07 2.1809e-07 2.1809e-07 2.1809e-07 2.1809e-07 2.1796e-07 2.1796e-07 2.1796e-07 2.1796e-07 2.08438e-07 2.08438e-07 2.08438e-07 2.08438e-07 2.0779e-07 2.0779e-07 2.0779e-07 2.0779e-07 1.99198e-07 1.99198e-07 1.99198e-07 1.99198e-07 1.98022e-07 1.98022e-07 1.98022e-07 1.98022e-07 1.90533e-07 1.90533e-07 1.90533e-07 1.90533e-07 1.88838e-07 1.88838e-07 1.88838e-07 1.88838e-07 1.82651e-07 1.82651e-07 1.82651e-07 1.82651e-07 1.80468e-07 1.80468e-07 1.80468e-07 1.80468e-07 1.75781e-07 1.75781e-07 1.75781e-07 1.75781e-07 1.73169e-07 1.73169e-07 1.73169e-07 1.73169e-07 1.70163e-07 1.70163e-07 1.70163e-07 1.70163e-07 1.67208e-07 1.67208e-07 1.67208e-07 1.67208e-07 1.66019e-07 1.66019e-07 1.66019e-07 1.66019e-07 1.62837e-07 1.62837e-07 1.62837e-07 1.62837e-07 1.63539e-07 1.63539e-07 1.63539e-07 1.63539e-07 1.60268e-07 1.60268e-07 1.60268e-07 1.60268e-07 1.62852e-07 1.62852e-07 1.62852e-07 1.62852e-07 1.59645e-07 1.59645e-07 1.59645e-07 1.59645e-07 1.6401e-07 1.6401e-07 1.6401e-07 1.6401e-07 1.61018e-07 1.61018e-07 1.61018e-07 1.61018e-07 1.66981e-07 1.66981e-07 1.66981e-07 1.66981e-07 1.64342e-07 1.64342e-07 1.64342e-07 1.64342e-07 1.71659e-07 1.71659e-07 1.71659e-07 1.71659e-07 1.69483e-07 1.69483e-07 1.69483e-07 1.69483e-07 1.77874e-07 1.77874e-07 1.77874e-07 1.77874e-07 1.76243e-07 1.76243e-07 1.76243e-07 1.76243e-07 1.85419e-07 1.85419e-07 1.85419e-07 1.85419e-07 1.84386e-07 1.84386e-07 1.84386e-07 1.84386e-07 1.9406e-07 1.9406e-07 1.9406e-07 1.9406e-07 1.93649e-07 1.93649e-07 1.93649e-07 1.93649e-07 2.0355e-07 2.0355e-07 2.0355e-07 2.0355e-07 2.03758e-07 2.03758e-07 2.03758e-07 2.03758e-07 2.13642e-07 2.13642e-07 2.13642e-07 2.13642e-07 2.14427e-07 2.14427e-07 2.14427e-07 2.14427e-07 2.24128e-07 2.24128e-07 2.24128e-07 2.24128e-07 2.25393e-07 2.25393e-07 2.25393e-07 2.25393e-07 2.34916e-07 2.34916e-07 2.34916e-07 2.34916e-07 2.36497e-07 2.36497e-07 2.36497e-07 2.36497e-07 2.46138e-07 2.46138e-07 2.46138e-07 2.46138e-07 2.47818e-07 2.47818e-07 2.47818e-07 2.47818e-07 2.58253e-07 2.58253e-07 2.58253e-07 2.58253e-07 2.59831e-07 2.59831e-07 2.59831e-07 2.59831e-07 2.72031e-07 2.72031e-07 2.72031e-07 2.72031e-07 2.73455e-07 2.73455e-07 2.73455e-07 2.73455e-07 2.88228e-07 2.88228e-07 2.88228e-07 2.88228e-07 2.89769e-07 2.89769e-07 2.89769e-07 2.89769e-07 3.0684e-07 3.0684e-07 3.0684e-07 3.0684e-07 3.09329e-07 3.09329e-07 3.09329e-07 3.09329e-07 3.13582e-07 3.13582e-07 3.13582e-07 3.13582e-07 3.14246e-07 3.14246e-07 3.14246e-07 3.14246e-07 3.02276e-07 3.02276e-07 3.02276e-07 3.02276e-07 3.02448e-07 3.02448e-07 3.02448e-07 3.02448e-07 2.92821e-07 2.92821e-07 2.92821e-07 2.92821e-07 2.92477e-07 2.92477e-07 2.92477e-07 2.92477e-07 2.83188e-07 2.83188e-07 2.83188e-07 2.83188e-07 2.82712e-07 2.82712e-07 2.82712e-07 2.82712e-07 2.72746e-07 2.72746e-07 2.72746e-07 2.72746e-07 2.72422e-07 2.72422e-07 2.72422e-07 2.72422e-07 2.61761e-07 2.61761e-07 2.61761e-07 2.61761e-07 2.61666e-07 2.61666e-07 2.61666e-07 2.61666e-07 2.50633e-07 2.50633e-07 2.50633e-07 2.50633e-07 2.50726e-07 2.50726e-07 2.50726e-07 2.50726e-07 2.39601e-07 2.39601e-07 2.39601e-07 2.39601e-07 2.39818e-07 2.39818e-07 2.39818e-07 2.39818e-07 2.28741e-07 2.28741e-07 2.28741e-07 2.28741e-07 2.29043e-07 2.29043e-07 2.29043e-07 2.29043e-07 2.18084e-07 2.18084e-07 2.18084e-07 2.18084e-07 2.18458e-07 2.18458e-07 2.18458e-07 2.18458e-07 2.07696e-07 2.07696e-07 2.07696e-07 2.07696e-07 2.08142e-07 2.08142e-07 2.08142e-07 2.08142e-07 1.97704e-07 1.97704e-07 1.97704e-07 1.97704e-07 1.98227e-07 1.98227e-07 1.98227e-07 1.98227e-07 1.883e-07 1.883e-07 1.883e-07 1.883e-07 1.88901e-07 1.88901e-07 1.88901e-07 1.88901e-07 1.79722e-07 1.79722e-07 1.79722e-07 1.79722e-07 1.80395e-07 1.80395e-07 1.80395e-07 1.80395e-07 1.72238e-07 1.72238e-07 1.72238e-07 1.72238e-07 1.72974e-07 1.72974e-07 1.72974e-07 1.72974e-07 1.66126e-07 1.66126e-07 1.66126e-07 1.66126e-07 1.66911e-07 1.66911e-07 1.66911e-07 1.66911e-07 1.61654e-07 1.61654e-07 1.61654e-07 1.61654e-07 1.6247e-07 1.6247e-07 1.6247e-07 1.6247e-07 1.59046e-07 1.59046e-07 1.59046e-07 1.59046e-07 1.59872e-07 1.59872e-07 1.59872e-07 1.59872e-07 1.58451e-07 1.58451e-07 1.58451e-07 1.58451e-07 1.59267e-07 1.59267e-07 1.59267e-07 1.59267e-07 1.59921e-07 1.59921e-07 1.59921e-07 1.59921e-07 1.6071e-07 1.6071e-07 1.6071e-07 1.6071e-07 1.63403e-07 1.63403e-07 1.63403e-07 1.63403e-07 1.64151e-07 1.64151e-07 1.64151e-07 1.64151e-07 1.68755e-07 1.68755e-07 1.68755e-07 1.68755e-07 1.69454e-07 1.69454e-07 1.69454e-07 1.69454e-07 1.75765e-07 1.75765e-07 1.75765e-07 1.75765e-07 1.76414e-07 1.76414e-07 1.76414e-07 1.76414e-07 1.84185e-07 1.84185e-07 1.84185e-07 1.84185e-07 1.84793e-07 1.84793e-07 1.84793e-07 1.84793e-07 1.93746e-07 1.93746e-07 1.93746e-07 1.93746e-07 1.94326e-07 1.94326e-07 1.94326e-07 1.94326e-07 2.04158e-07 2.04158e-07 2.04158e-07 2.04158e-07 2.04727e-07 2.04727e-07 2.04727e-07 2.04727e-07 2.15111e-07 2.15111e-07 2.15111e-07 2.15111e-07 2.15672e-07 2.15672e-07 2.15672e-07 2.15672e-07 2.26298e-07 2.26298e-07 2.26298e-07 2.26298e-07 2.26818e-07 2.26818e-07 2.26818e-07 2.26818e-07 2.37491e-07 2.37491e-07 2.37491e-07 2.37491e-07 2.37874e-07 2.37874e-07 2.37874e-07 2.37874e-07 2.48708e-07 2.48708e-07 2.48708e-07 2.48708e-07 2.48785e-07 2.48785e-07 2.48785e-07 2.48785e-07 2.60416e-07 2.60416e-07 2.60416e-07 2.60416e-07 2.59996e-07 2.59996e-07 2.59996e-07 2.59996e-07 2.73657e-07 2.73657e-07 2.73657e-07 2.73657e-07 2.72643e-07 2.72643e-07 2.72643e-07 2.72643e-07 2.89815e-07 2.89815e-07 2.89815e-07 2.89815e-07 2.8839e-07 2.8839e-07 2.8839e-07 2.8839e-07 3.09986e-07 3.09986e-07 3.09986e-07 3.09986e-07 3.0883e-07 3.0883e-07 3.0883e-07 3.0883e-07 3.13236e-07 3.13236e-07 3.13236e-07 3.13236e-07 3.10514e-07 3.10514e-07 3.10514e-07 3.10514e-07 3.01408e-07 3.01408e-07 3.01408e-07 3.01408e-07 2.99105e-07 2.99105e-07 2.99105e-07 2.99105e-07 2.91165e-07 2.91165e-07 2.91165e-07 2.91165e-07 2.8887e-07 2.8887e-07 2.8887e-07 2.8887e-07 2.81373e-07 2.81373e-07 2.81373e-07 2.81373e-07 2.79189e-07 2.79189e-07 2.79189e-07 2.79189e-07 2.7132e-07 2.7132e-07 2.7132e-07 2.7132e-07 2.69476e-07 2.69476e-07 2.69476e-07 2.69476e-07 2.60918e-07 2.60918e-07 2.60918e-07 2.60918e-07 2.59559e-07 2.59559e-07 2.59559e-07 2.59559e-07 2.50343e-07 2.50343e-07 2.50343e-07 2.50343e-07 2.49523e-07 2.49523e-07 2.49523e-07 2.49523e-07 2.39777e-07 2.39777e-07 2.39777e-07 2.39777e-07 2.39509e-07 2.39509e-07 2.39509e-07 2.39509e-07 2.29331e-07 2.29331e-07 2.29331e-07 2.29331e-07 2.29628e-07 2.29628e-07 2.29628e-07 2.29628e-07 2.19082e-07 2.19082e-07 2.19082e-07 2.19082e-07 2.19964e-07 2.19964e-07 2.19964e-07 2.19964e-07 2.09117e-07 2.09117e-07 2.09117e-07 2.09117e-07 2.10605e-07 2.10605e-07 2.10605e-07 2.10605e-07 1.99562e-07 1.99562e-07 1.99562e-07 1.99562e-07 2.01666e-07 2.01666e-07 2.01666e-07 2.01666e-07 1.90592e-07 1.90592e-07 1.90592e-07 1.90592e-07 1.93302e-07 1.93302e-07 1.93302e-07 1.93302e-07 1.82423e-07 1.82423e-07 1.82423e-07 1.82423e-07 1.857e-07 1.857e-07 1.857e-07 1.857e-07 1.75296e-07 1.75296e-07 1.75296e-07 1.75296e-07 1.79069e-07 1.79069e-07 1.79069e-07 1.79069e-07 1.69467e-07 1.69467e-07 1.69467e-07 1.69467e-07 1.7363e-07 1.7363e-07 1.7363e-07 1.7363e-07 1.65179e-07 1.65179e-07 1.65179e-07 1.65179e-07 1.69596e-07 1.69596e-07 1.69596e-07 1.69596e-07 1.62638e-07 1.62638e-07 1.62638e-07 1.62638e-07 1.67149e-07 1.67149e-07 1.67149e-07 1.67149e-07 1.61988e-07 1.61988e-07 1.61988e-07 1.61988e-07 1.6642e-07 1.6642e-07 1.6642e-07 1.6642e-07 1.63286e-07 1.63286e-07 1.63286e-07 1.63286e-07 1.67474e-07 1.67474e-07 1.67474e-07 1.67474e-07 1.66498e-07 1.66498e-07 1.66498e-07 1.66498e-07 1.70296e-07 1.70296e-07 1.70296e-07 1.70296e-07 1.71508e-07 1.71508e-07 1.71508e-07 1.71508e-07 1.74803e-07 1.74803e-07 1.74803e-07 1.74803e-07 1.78138e-07 1.78138e-07 1.78138e-07 1.78138e-07 1.80858e-07 1.80858e-07 1.80858e-07 1.80858e-07 1.86173e-07 1.86173e-07 1.86173e-07 1.86173e-07 1.88282e-07 1.88282e-07 1.88282e-07 1.88282e-07 1.95372e-07 1.95372e-07 1.95372e-07 1.95372e-07 1.96869e-07 1.96869e-07 1.96869e-07 1.96869e-07 2.0546e-07 2.0546e-07 2.0546e-07 2.0546e-07 2.06368e-07 2.06368e-07 2.06368e-07 2.06368e-07 2.16113e-07 2.16113e-07 2.16113e-07 2.16113e-07 2.16462e-07 2.16462e-07 2.16462e-07 2.16462e-07 2.2696e-07 2.2696e-07 2.2696e-07 2.2696e-07 2.26755e-07 2.26755e-07 2.26755e-07 2.26755e-07 2.37648e-07 2.37648e-07 2.37648e-07 2.37648e-07 2.36841e-07 2.36841e-07 2.36841e-07 2.36841e-07 2.48048e-07 2.48048e-07 2.48048e-07 2.48048e-07 2.46514e-07 2.46514e-07 2.46514e-07 2.46514e-07 2.58566e-07 2.58566e-07 2.58566e-07 2.58566e-07 2.5614e-07 2.5614e-07 2.5614e-07 2.5614e-07 2.70418e-07 2.70418e-07 2.70418e-07 2.70418e-07 2.66997e-07 2.66997e-07 2.66997e-07 2.66997e-07 2.85522e-07 2.85522e-07 2.85522e-07 2.85522e-07 2.81241e-07 2.81241e-07 2.81241e-07 2.81241e-07 3.05897e-07 3.05897e-07 3.05897e-07 3.05897e-07 3.01241e-07 3.01241e-07 3.01241e-07 3.01241e-07 3.06068e-07 3.06068e-07 3.06068e-07 3.06068e-07 2.99914e-07 2.99914e-07 2.99914e-07 2.99914e-07 2.95496e-07 2.95496e-07 2.95496e-07 2.95496e-07 2.90553e-07 2.90553e-07 2.90553e-07 2.90553e-07 2.85579e-07 2.85579e-07 2.85579e-07 2.85579e-07 2.81289e-07 2.81289e-07 2.81289e-07 2.81289e-07 2.76189e-07 2.76189e-07 2.76189e-07 2.76189e-07 2.72406e-07 2.72406e-07 2.72406e-07 2.72406e-07 2.66941e-07 2.66941e-07 2.66941e-07 2.66941e-07 2.63778e-07 2.63778e-07 2.63778e-07 2.63778e-07 2.57645e-07 2.57645e-07 2.57645e-07 2.57645e-07 2.55249e-07 2.55249e-07 2.55249e-07 2.55249e-07 2.48319e-07 2.48319e-07 2.48319e-07 2.48319e-07 2.468e-07 2.468e-07 2.468e-07 2.468e-07 2.3906e-07 2.3906e-07 2.3906e-07 2.3906e-07 2.38486e-07 2.38486e-07 2.38486e-07 2.38486e-07 2.29965e-07 2.29965e-07 2.29965e-07 2.29965e-07 2.30382e-07 2.30382e-07 2.30382e-07 2.30382e-07 2.21115e-07 2.21115e-07 2.21115e-07 2.21115e-07 2.22553e-07 2.22553e-07 2.22553e-07 2.22553e-07 2.12591e-07 2.12591e-07 2.12591e-07 2.12591e-07 2.15065e-07 2.15065e-07 2.15065e-07 2.15065e-07 2.04493e-07 2.04493e-07 2.04493e-07 2.04493e-07 2.07991e-07 2.07991e-07 2.07991e-07 2.07991e-07 1.96944e-07 1.96944e-07 1.96944e-07 1.96944e-07 2.01422e-07 2.01422e-07 2.01422e-07 2.01422e-07 1.90095e-07 1.90095e-07 1.90095e-07 1.90095e-07 1.95467e-07 1.95467e-07 1.95467e-07 1.95467e-07 1.84117e-07 1.84117e-07 1.84117e-07 1.84117e-07 1.90252e-07 1.90252e-07 1.90252e-07 1.90252e-07 1.79187e-07 1.79187e-07 1.79187e-07 1.79187e-07 1.8591e-07 1.8591e-07 1.8591e-07 1.8591e-07 1.75481e-07 1.75481e-07 1.75481e-07 1.75481e-07 1.82577e-07 1.82577e-07 1.82577e-07 1.82577e-07 1.73152e-07 1.73152e-07 1.73152e-07 1.73152e-07 1.8038e-07 1.8038e-07 1.8038e-07 1.8038e-07 1.7232e-07 1.7232e-07 1.7232e-07 1.7232e-07 1.79422e-07 1.79422e-07 1.79422e-07 1.79422e-07 1.73052e-07 1.73052e-07 1.73052e-07 1.73052e-07 1.79779e-07 1.79779e-07 1.79779e-07 1.79779e-07 1.75359e-07 1.75359e-07 1.75359e-07 1.75359e-07 1.81487e-07 1.81487e-07 1.81487e-07 1.81487e-07 1.79199e-07 1.79199e-07 1.79199e-07 1.79199e-07 1.84542e-07 1.84542e-07 1.84542e-07 1.84542e-07 1.8448e-07 1.8448e-07 1.8448e-07 1.8448e-07 1.88905e-07 1.88905e-07 1.88905e-07 1.88905e-07 1.91073e-07 1.91073e-07 1.91073e-07 1.91073e-07 1.94499e-07 1.94499e-07 1.94499e-07 1.94499e-07 1.98813e-07 1.98813e-07 1.98813e-07 1.98813e-07 2.01203e-07 2.01203e-07 2.01203e-07 2.01203e-07 2.07479e-07 2.07479e-07 2.07479e-07 2.07479e-07 2.0883e-07 2.0883e-07 2.0883e-07 2.0883e-07 2.16765e-07 2.16765e-07 2.16765e-07 2.16765e-07 2.17089e-07 2.17089e-07 2.17089e-07 2.17089e-07 2.2626e-07 2.2626e-07 2.2626e-07 2.2626e-07 2.25554e-07 2.25554e-07 2.25554e-07 2.25554e-07 2.35507e-07 2.35507e-07 2.35507e-07 2.35507e-07 2.33723e-07 2.33723e-07 2.33723e-07 2.33723e-07 2.44227e-07 2.44227e-07 2.44227e-07 2.44227e-07 2.41252e-07 2.41252e-07 2.41252e-07 2.41252e-07 2.52745e-07 2.52745e-07 2.52745e-07 2.52745e-07 2.48431e-07 2.48431e-07 2.48431e-07 2.48431e-07 2.62402e-07 2.62402e-07 2.62402e-07 2.62402e-07 2.56669e-07 2.56669e-07 2.56669e-07 2.56669e-07 2.75584e-07 2.75584e-07 2.75584e-07 2.75584e-07 2.68596e-07 2.68596e-07 2.68596e-07 2.68596e-07 2.94931e-07 2.94931e-07 2.94931e-07 2.94931e-07 2.87053e-07 2.87053e-07 2.87053e-07 2.87053e-07 2.92106e-07 2.92106e-07 2.92106e-07 2.92106e-07 2.82738e-07 2.82738e-07 2.82738e-07 2.82738e-07 2.84271e-07 2.84271e-07 2.84271e-07 2.84271e-07 2.76676e-07 2.76676e-07 2.76676e-07 2.76676e-07 2.76005e-07 2.76005e-07 2.76005e-07 2.76005e-07 2.69746e-07 2.69746e-07 2.69746e-07 2.69746e-07 2.67884e-07 2.67884e-07 2.67884e-07 2.67884e-07 2.62672e-07 2.62672e-07 2.62672e-07 2.62672e-07 2.60061e-07 2.60061e-07 2.60061e-07 2.60061e-07 2.55868e-07 2.55868e-07 2.55868e-07 2.55868e-07 2.52457e-07 2.52457e-07 2.52457e-07 2.52457e-07 2.49364e-07 2.49364e-07 2.49364e-07 2.49364e-07 2.45049e-07 2.45049e-07 2.45049e-07 2.45049e-07 2.43161e-07 2.43161e-07 2.43161e-07 2.43161e-07 2.37858e-07 2.37858e-07 2.37858e-07 2.37858e-07 2.37257e-07 2.37257e-07 2.37257e-07 2.37257e-07 2.30928e-07 2.30928e-07 2.30928e-07 2.30928e-07 2.31665e-07 2.31665e-07 2.31665e-07 2.31665e-07 2.24301e-07 2.24301e-07 2.24301e-07 2.24301e-07 2.26389e-07 2.26389e-07 2.26389e-07 2.26389e-07 2.18014e-07 2.18014e-07 2.18014e-07 2.18014e-07 2.21435e-07 2.21435e-07 2.21435e-07 2.21435e-07 2.1211e-07 2.1211e-07 2.1211e-07 2.1211e-07 2.16806e-07 2.16806e-07 2.16806e-07 2.16806e-07 2.06642e-07 2.06642e-07 2.06642e-07 2.06642e-07 2.12514e-07 2.12514e-07 2.12514e-07 2.12514e-07 2.01674e-07 2.01674e-07 2.01674e-07 2.01674e-07 2.08584e-07 2.08584e-07 2.08584e-07 2.08584e-07 1.97287e-07 1.97287e-07 1.97287e-07 1.97287e-07 2.05055e-07 2.05055e-07 2.05055e-07 2.05055e-07 1.93575e-07 1.93575e-07 1.93575e-07 1.93575e-07 2.01982e-07 2.01982e-07 2.01982e-07 2.01982e-07 1.90636e-07 1.90636e-07 1.90636e-07 1.90636e-07 1.99434e-07 1.99434e-07 1.99434e-07 1.99434e-07 1.8857e-07 1.8857e-07 1.8857e-07 1.8857e-07 1.97492e-07 1.97492e-07 1.97492e-07 1.97492e-07 1.87472e-07 1.87472e-07 1.87472e-07 1.87472e-07 1.96242e-07 1.96242e-07 1.96242e-07 1.96242e-07 1.87421e-07 1.87421e-07 1.87421e-07 1.87421e-07 1.95769e-07 1.95769e-07 1.95769e-07 1.95769e-07 1.88479e-07 1.88479e-07 1.88479e-07 1.88479e-07 1.96156e-07 1.96156e-07 1.96156e-07 1.96156e-07 1.9068e-07 1.9068e-07 1.9068e-07 1.9068e-07 1.97475e-07 1.97475e-07 1.97475e-07 1.97475e-07 1.94034e-07 1.94034e-07 1.94034e-07 1.94034e-07 1.99777e-07 1.99777e-07 1.99777e-07 1.99777e-07 1.98515e-07 1.98515e-07 1.98515e-07 1.98515e-07 2.03081e-07 2.03081e-07 2.03081e-07 2.03081e-07 2.04045e-07 2.04045e-07 2.04045e-07 2.04045e-07 2.0735e-07 2.0735e-07 2.0735e-07 2.0735e-07 2.10471e-07 2.10471e-07 2.10471e-07 2.10471e-07 2.12454e-07 2.12454e-07 2.12454e-07 2.12454e-07 2.17512e-07 2.17512e-07 2.17512e-07 2.17512e-07 2.1812e-07 2.1812e-07 2.1812e-07 2.1812e-07 2.24732e-07 2.24732e-07 2.24732e-07 2.24732e-07 2.23897e-07 2.23897e-07 2.23897e-07 2.23897e-07 2.31587e-07 2.31587e-07 2.31587e-07 2.31587e-07 2.2921e-07 2.2921e-07 2.2921e-07 2.2921e-07 2.37677e-07 2.37677e-07 2.37677e-07 2.37677e-07 2.33612e-07 2.33612e-07 2.33612e-07 2.33612e-07 2.4327e-07 2.4327e-07 2.4327e-07 2.4327e-07 2.37367e-07 2.37367e-07 2.37367e-07 2.37367e-07 2.4986e-07 2.4986e-07 2.4986e-07 2.4986e-07 2.42068e-07 2.42068e-07 2.42068e-07 2.42068e-07 2.60339e-07 2.60339e-07 2.60339e-07 2.60339e-07 2.50906e-07 2.50906e-07 2.50906e-07 2.50906e-07 2.77713e-07 2.77713e-07 2.77713e-07 2.77713e-07 2.67045e-07 2.67045e-07 2.67045e-07 2.67045e-07 2.71958e-07 2.71958e-07 2.71958e-07 2.71958e-07 2.59978e-07 2.59978e-07 2.59978e-07 2.59978e-07 2.67833e-07 2.67833e-07 2.67833e-07 2.67833e-07 2.57871e-07 2.57871e-07 2.57871e-07 2.57871e-07 2.62557e-07 2.62557e-07 2.62557e-07 2.62557e-07 2.54517e-07 2.54517e-07 2.54517e-07 2.54517e-07 2.56828e-07 2.56828e-07 2.56828e-07 2.56828e-07 2.5042e-07 2.5042e-07 2.5042e-07 2.5042e-07 2.51284e-07 2.51284e-07 2.51284e-07 2.51284e-07 2.46387e-07 2.46387e-07 2.46387e-07 2.46387e-07 2.46072e-07 2.46072e-07 2.46072e-07 2.46072e-07 2.42671e-07 2.42671e-07 2.42671e-07 2.42671e-07 2.41238e-07 2.41238e-07 2.41238e-07 2.41238e-07 2.39375e-07 2.39375e-07 2.39375e-07 2.39375e-07 2.36773e-07 2.36773e-07 2.36773e-07 2.36773e-07 2.3649e-07 2.3649e-07 2.3649e-07 2.3649e-07 2.32656e-07 2.32656e-07 2.32656e-07 2.32656e-07 2.33966e-07 2.33966e-07 2.33966e-07 2.33966e-07 2.28853e-07 2.28853e-07 2.28853e-07 2.28853e-07 2.31727e-07 2.31727e-07 2.31727e-07 2.31727e-07 2.25326e-07 2.25326e-07 2.25326e-07 2.25326e-07 2.29689e-07 2.29689e-07 2.29689e-07 2.29689e-07 2.22039e-07 2.22039e-07 2.22039e-07 2.22039e-07 2.27775e-07 2.27775e-07 2.27775e-07 2.27775e-07 2.18962e-07 2.18962e-07 2.18962e-07 2.18962e-07 2.25918e-07 2.25918e-07 2.25918e-07 2.25918e-07 2.16083e-07 2.16083e-07 2.16083e-07 2.16083e-07 2.24074e-07 2.24074e-07 2.24074e-07 2.24074e-07 2.13407e-07 2.13407e-07 2.13407e-07 2.13407e-07 2.22223e-07 2.22223e-07 2.22223e-07 2.22223e-07 2.10959e-07 2.10959e-07 2.10959e-07 2.10959e-07 2.20368e-07 2.20368e-07 2.20368e-07 2.20368e-07 2.08785e-07 2.08785e-07 2.08785e-07 2.08785e-07 2.18543e-07 2.18543e-07 2.18543e-07 2.18543e-07 2.06952e-07 2.06952e-07 2.06952e-07 2.06952e-07 2.16804e-07 2.16804e-07 2.16804e-07 2.16804e-07 2.05542e-07 2.05542e-07 2.05542e-07 2.05542e-07 2.15233e-07 2.15233e-07 2.15233e-07 2.15233e-07 2.04648e-07 2.04648e-07 2.04648e-07 2.04648e-07 2.13933e-07 2.13933e-07 2.13933e-07 2.13933e-07 2.04372e-07 2.04372e-07 2.04372e-07 2.04372e-07 2.1302e-07 2.1302e-07 2.1302e-07 2.1302e-07 2.04813e-07 2.04813e-07 2.04813e-07 2.04813e-07 2.12617e-07 2.12617e-07 2.12617e-07 2.12617e-07 2.06061e-07 2.06061e-07 2.06061e-07 2.06061e-07 2.12836e-07 2.12836e-07 2.12836e-07 2.12836e-07 2.08168e-07 2.08168e-07 2.08168e-07 2.08168e-07 2.13755e-07 2.13755e-07 2.13755e-07 2.13755e-07 2.11128e-07 2.11128e-07 2.11128e-07 2.11128e-07 2.15382e-07 2.15382e-07 2.15382e-07 2.15382e-07 2.14825e-07 2.14825e-07 2.14825e-07 2.14825e-07 2.17607e-07 2.17607e-07 2.17607e-07 2.17607e-07 2.18986e-07 2.18986e-07 2.18986e-07 2.18986e-07 2.20155e-07 2.20155e-07 2.20155e-07 2.20155e-07 2.23147e-07 2.23147e-07 2.23147e-07 2.23147e-07 2.22547e-07 2.22547e-07 2.22547e-07 2.22547e-07 2.26705e-07 2.26705e-07 2.26705e-07 2.26705e-07 2.24168e-07 2.24168e-07 2.24168e-07 2.24168e-07 2.29186e-07 2.29186e-07 2.29186e-07 2.29186e-07 2.24532e-07 2.24532e-07 2.24532e-07 2.24532e-07 2.30862e-07 2.30862e-07 2.30862e-07 2.30862e-07 2.23932e-07 2.23932e-07 2.23932e-07 2.23932e-07 2.3344e-07 2.3344e-07 2.3344e-07 2.3344e-07 2.24188e-07 2.24188e-07 2.24188e-07 2.24188e-07 2.40443e-07 2.40443e-07 2.40443e-07 2.40443e-07 2.29172e-07 2.29172e-07 2.29172e-07 2.29172e-07 2.55222e-07 2.55222e-07 2.55222e-07 2.55222e-07 2.42475e-07 2.42475e-07 2.42475e-07 2.42475e-07 2.47086e-07 2.47086e-07 2.47086e-07 2.47086e-07 2.33665e-07 2.33665e-07 2.33665e-07 2.33665e-07 2.46991e-07 2.46991e-07 2.46991e-07 2.46991e-07 2.35482e-07 2.35482e-07 2.35482e-07 2.35482e-07 2.45747e-07 2.45747e-07 2.45747e-07 2.45747e-07 2.36426e-07 2.36426e-07 2.36426e-07 2.36426e-07 2.43526e-07 2.43526e-07 2.43526e-07 2.43526e-07 2.36233e-07 2.36233e-07 2.36233e-07 2.36233e-07 2.41241e-07 2.41241e-07 2.41241e-07 2.41241e-07 2.3588e-07 2.3588e-07 2.3588e-07 2.3588e-07 2.39226e-07 2.39226e-07 2.39226e-07 2.39226e-07 2.35756e-07 2.35756e-07 2.35756e-07 2.35756e-07 2.37638e-07 2.37638e-07 2.37638e-07 2.37638e-07 2.3605e-07 2.3605e-07 2.3605e-07 2.3605e-07 2.36472e-07 2.36472e-07 2.36472e-07 2.36472e-07 2.36741e-07 2.36741e-07 2.36741e-07 2.36741e-07 2.35644e-07 2.35644e-07 2.35644e-07 2.35644e-07 2.37708e-07 2.37708e-07 2.37708e-07 2.37708e-07 2.35036e-07 2.35036e-07 2.35036e-07 2.35036e-07 2.38786e-07 2.38786e-07 2.38786e-07 2.38786e-07 2.3452e-07 2.3452e-07 2.3452e-07 2.3452e-07 2.39811e-07 2.39811e-07 2.39811e-07 2.39811e-07 2.33982e-07 2.33982e-07 2.33982e-07 2.33982e-07 2.40636e-07 2.40636e-07 2.40636e-07 2.40636e-07 2.33324e-07 2.33324e-07 2.33324e-07 2.33324e-07 2.41147e-07 2.41147e-07 2.41147e-07 2.41147e-07 2.32481e-07 2.32481e-07 2.32481e-07 2.32481e-07 2.41263e-07 2.41263e-07 2.41263e-07 2.41263e-07 2.31413e-07 2.31413e-07 2.31413e-07 2.31413e-07 2.40942e-07 2.40942e-07 2.40942e-07 2.40942e-07 2.30115e-07 2.30115e-07 2.30115e-07 2.30115e-07 2.40173e-07 2.40173e-07 2.40173e-07 2.40173e-07 2.28612e-07 2.28612e-07 2.28612e-07 2.28612e-07 2.38982e-07 2.38982e-07 2.38982e-07 2.38982e-07 2.2696e-07 2.2696e-07 2.2696e-07 2.2696e-07 2.37425e-07 2.37425e-07 2.37425e-07 2.37425e-07 2.25241e-07 2.25241e-07 2.25241e-07 2.25241e-07 2.35587e-07 2.35587e-07 2.35587e-07 2.35587e-07 2.23565e-07 2.23565e-07 2.23565e-07 2.23565e-07 2.33577e-07 2.33577e-07 2.33577e-07 2.33577e-07 2.22059e-07 2.22059e-07 2.22059e-07 2.22059e-07 2.31523e-07 2.31523e-07 2.31523e-07 2.31523e-07 2.20856e-07 2.20856e-07 2.20856e-07 2.20856e-07 2.29557e-07 2.29557e-07 2.29557e-07 2.29557e-07 2.20082e-07 2.20082e-07 2.20082e-07 2.20082e-07 2.27802e-07 2.27802e-07 2.27802e-07 2.27802e-07 2.19823e-07 2.19823e-07 2.19823e-07 2.19823e-07 2.26339e-07 2.26339e-07 2.26339e-07 2.26339e-07 2.20091e-07 2.20091e-07 2.20091e-07 2.20091e-07 2.25177e-07 2.25177e-07 2.25177e-07 2.25177e-07 2.20777e-07 2.20777e-07 2.20777e-07 2.20777e-07 2.24209e-07 2.24209e-07 2.24209e-07 2.24209e-07 2.216e-07 2.216e-07 2.216e-07 2.216e-07 2.23174e-07 2.23174e-07 2.23174e-07 2.23174e-07 2.22089e-07 2.22089e-07 2.22089e-07 2.22089e-07 2.21635e-07 2.21635e-07 2.21635e-07 2.21635e-07 2.21635e-07 2.21635e-07 2.21635e-07 2.21635e-07 2.19031e-07 2.19031e-07 2.19031e-07 2.19031e-07 2.19762e-07 2.19762e-07 2.19762e-07 2.19762e-07 2.14926e-07 2.14926e-07 2.14926e-07 2.14926e-07 2.16789e-07 2.16789e-07 2.16789e-07 2.16789e-07 2.09652e-07 2.09652e-07 2.09652e-07 2.09652e-07 2.14615e-07 2.14615e-07 2.14615e-07 2.14615e-07 2.05114e-07 2.05114e-07 2.05114e-07 2.05114e-07 2.17427e-07 2.17427e-07 2.17427e-07 2.17427e-07 2.05687e-07 2.05687e-07 2.05687e-07 2.05687e-07 2.29112e-07 2.29112e-07 2.29112e-07 2.29112e-07 2.15554e-07 2.15554e-07 2.15554e-07 2.15554e-07 2.20196e-07 2.20196e-07 2.20196e-07 2.20196e-07 2.07262e-07 2.07262e-07 2.07262e-07 2.07262e-07 2.23732e-07 2.23732e-07 2.23732e-07 2.23732e-07 2.12209e-07 2.12209e-07 2.12209e-07 2.12209e-07 2.26784e-07 2.26784e-07 2.26784e-07 2.26784e-07 2.17094e-07 2.17094e-07 2.17094e-07 2.17094e-07 2.28629e-07 2.28629e-07 2.28629e-07 2.28629e-07 2.20842e-07 2.20842e-07 2.20842e-07 2.20842e-07 2.30314e-07 2.30314e-07 2.30314e-07 2.30314e-07 2.24616e-07 2.24616e-07 2.24616e-07 2.24616e-07 2.32247e-07 2.32247e-07 2.32247e-07 2.32247e-07 2.2879e-07 2.2879e-07 2.2879e-07 2.2879e-07 2.34603e-07 2.34603e-07 2.34603e-07 2.34603e-07 2.33433e-07 2.33433e-07 2.33433e-07 2.33433e-07 2.37307e-07 2.37307e-07 2.37307e-07 2.37307e-07 2.38351e-07 2.38351e-07 2.38351e-07 2.38351e-07 2.4018e-07 2.4018e-07 2.4018e-07 2.4018e-07 2.43277e-07 2.43277e-07 2.43277e-07 2.43277e-07 2.43009e-07 2.43009e-07 2.43009e-07 2.43009e-07 2.47948e-07 2.47948e-07 2.47948e-07 2.47948e-07 2.45596e-07 2.45596e-07 2.45596e-07 2.45596e-07 2.52147e-07 2.52147e-07 2.52147e-07 2.52147e-07 2.4778e-07 2.4778e-07 2.4778e-07 2.4778e-07 2.55711e-07 2.55711e-07 2.55711e-07 2.55711e-07 2.4944e-07 2.4944e-07 2.4944e-07 2.4944e-07 2.58525e-07 2.58525e-07 2.58525e-07 2.58525e-07 2.50494e-07 2.50494e-07 2.50494e-07 2.50494e-07 2.60521e-07 2.60521e-07 2.60521e-07 2.60521e-07 2.50903e-07 2.50903e-07 2.50903e-07 2.50903e-07 2.61664e-07 2.61664e-07 2.61664e-07 2.61664e-07 2.5066e-07 2.5066e-07 2.5066e-07 2.5066e-07 2.61956e-07 2.61956e-07 2.61956e-07 2.61956e-07 2.49792e-07 2.49792e-07 2.49792e-07 2.49792e-07 2.61421e-07 2.61421e-07 2.61421e-07 2.61421e-07 2.48355e-07 2.48355e-07 2.48355e-07 2.48355e-07 2.60106e-07 2.60106e-07 2.60106e-07 2.60106e-07 2.46429e-07 2.46429e-07 2.46429e-07 2.46429e-07 2.58076e-07 2.58076e-07 2.58076e-07 2.58076e-07 2.44115e-07 2.44115e-07 2.44115e-07 2.44115e-07 2.55412e-07 2.55412e-07 2.55412e-07 2.55412e-07 2.41526e-07 2.41526e-07 2.41526e-07 2.41526e-07 2.52197e-07 2.52197e-07 2.52197e-07 2.52197e-07 2.3878e-07 2.3878e-07 2.3878e-07 2.3878e-07 2.48521e-07 2.48521e-07 2.48521e-07 2.48521e-07 2.35979e-07 2.35979e-07 2.35979e-07 2.35979e-07 2.44462e-07 2.44462e-07 2.44462e-07 2.44462e-07 2.33193e-07 2.33193e-07 2.33193e-07 2.33193e-07 2.40081e-07 2.40081e-07 2.40081e-07 2.40081e-07 2.30432e-07 2.30432e-07 2.30432e-07 2.30432e-07 2.35405e-07 2.35405e-07 2.35405e-07 2.35405e-07 2.27612e-07 2.27612e-07 2.27612e-07 2.27612e-07 2.30416e-07 2.30416e-07 2.30416e-07 2.30416e-07 2.24529e-07 2.24529e-07 2.24529e-07 2.24529e-07 2.25026e-07 2.25026e-07 2.25026e-07 2.25026e-07 2.20838e-07 2.20838e-07 2.20838e-07 2.20838e-07 2.19063e-07 2.19063e-07 2.19063e-07 2.19063e-07 2.16092e-07 2.16092e-07 2.16092e-07 2.16092e-07 2.12275e-07 2.12275e-07 2.12275e-07 2.12275e-07 2.09932e-07 2.09932e-07 2.09932e-07 2.09932e-07 2.04447e-07 2.04447e-07 2.04447e-07 2.04447e-07 2.02687e-07 2.02687e-07 2.02687e-07 2.02687e-07 1.95887e-07 1.95887e-07 1.95887e-07 1.95887e-07 1.9614e-07 1.9614e-07 1.9614e-07 1.9614e-07 1.88096e-07 1.88096e-07 1.88096e-07 1.88096e-07 1.94595e-07 1.94595e-07 1.94595e-07 1.94595e-07 1.84893e-07 1.84893e-07 1.84893e-07 1.84893e-07 2.02362e-07 2.02362e-07 2.02362e-07 2.02362e-07 1.90254e-07 1.90254e-07 1.90254e-07 1.90254e-07 1.955e-07 1.955e-07 1.955e-07 1.955e-07 1.85555e-07 1.85555e-07 1.85555e-07 1.85555e-07 2.0143e-07 2.0143e-07 2.0143e-07 2.0143e-07 1.92132e-07 1.92132e-07 1.92132e-07 1.92132e-07 2.07764e-07 2.07764e-07 2.07764e-07 2.07764e-07 1.99844e-07 1.99844e-07 1.99844e-07 1.99844e-07 2.13293e-07 2.13293e-07 2.13293e-07 2.13293e-07 2.0759e-07 2.0759e-07 2.0759e-07 2.0759e-07 2.19341e-07 2.19341e-07 2.19341e-07 2.19341e-07 2.16608e-07 2.16608e-07 2.16608e-07 2.16608e-07 2.26091e-07 2.26091e-07 2.26091e-07 2.26091e-07 2.26566e-07 2.26566e-07 2.26566e-07 2.26566e-07 2.33358e-07 2.33358e-07 2.33358e-07 2.33358e-07 2.36869e-07 2.36869e-07 2.36869e-07 2.36869e-07 2.40752e-07 2.40752e-07 2.40752e-07 2.40752e-07 2.4694e-07 2.4694e-07 2.4694e-07 2.4694e-07 2.47904e-07 2.47904e-07 2.47904e-07 2.47904e-07 2.56364e-07 2.56364e-07 2.56364e-07 2.56364e-07 2.54517e-07 2.54517e-07 2.54517e-07 2.54517e-07 2.64861e-07 2.64861e-07 2.64861e-07 2.64861e-07 2.60374e-07 2.60374e-07 2.60374e-07 2.60374e-07 2.72254e-07 2.72254e-07 2.72254e-07 2.72254e-07 2.65329e-07 2.65329e-07 2.65329e-07 2.65329e-07 2.7843e-07 2.7843e-07 2.7843e-07 2.7843e-07 2.69287e-07 2.69287e-07 2.69287e-07 2.69287e-07 2.83325e-07 2.83325e-07 2.83325e-07 2.83325e-07 2.72196e-07 2.72196e-07 2.72196e-07 2.72196e-07 2.86902e-07 2.86902e-07 2.86902e-07 2.86902e-07 2.74031e-07 2.74031e-07 2.74031e-07 2.74031e-07 2.8914e-07 2.8914e-07 2.8914e-07 2.8914e-07 2.74792e-07 2.74792e-07 2.74792e-07 2.74792e-07 2.90031e-07 2.90031e-07 2.90031e-07 2.90031e-07 2.74495e-07 2.74495e-07 2.74495e-07 2.74495e-07 2.89577e-07 2.89577e-07 2.89577e-07 2.89577e-07 2.7317e-07 2.7317e-07 2.7317e-07 2.7317e-07 2.87781e-07 2.87781e-07 2.87781e-07 2.87781e-07 2.70856e-07 2.70856e-07 2.70856e-07 2.70856e-07 2.84656e-07 2.84656e-07 2.84656e-07 2.84656e-07 2.676e-07 2.676e-07 2.676e-07 2.676e-07 2.80218e-07 2.80218e-07 2.80218e-07 2.80218e-07 2.63452e-07 2.63452e-07 2.63452e-07 2.63452e-07 2.745e-07 2.745e-07 2.745e-07 2.745e-07 2.58472e-07 2.58472e-07 2.58472e-07 2.58472e-07 2.6755e-07 2.6755e-07 2.6755e-07 2.6755e-07 2.52723e-07 2.52723e-07 2.52723e-07 2.52723e-07 2.5945e-07 2.5945e-07 2.5945e-07 2.5945e-07 2.46278e-07 2.46278e-07 2.46278e-07 2.46278e-07 2.50324e-07 2.50324e-07 2.50324e-07 2.50324e-07 2.39221e-07 2.39221e-07 2.39221e-07 2.39221e-07 2.4036e-07 2.4036e-07 2.4036e-07 2.4036e-07 2.31647e-07 2.31647e-07 2.31647e-07 2.31647e-07 2.29823e-07 2.29823e-07 2.29823e-07 2.29823e-07 2.23659e-07 2.23659e-07 2.23659e-07 2.23659e-07 2.19053e-07 2.19053e-07 2.19053e-07 2.19053e-07 2.15338e-07 2.15338e-07 2.15338e-07 2.15338e-07 2.08442e-07 2.08442e-07 2.08442e-07 2.08442e-07 2.0672e-07 2.0672e-07 2.0672e-07 2.0672e-07 1.98366e-07 1.98366e-07 1.98366e-07 1.98366e-07 1.97804e-07 1.97804e-07 1.97804e-07 1.97804e-07 1.89084e-07 1.89084e-07 1.89084e-07 1.89084e-07 1.88886e-07 1.88886e-07 1.88886e-07 1.88886e-07 1.80863e-07 1.80863e-07 1.80863e-07 1.80863e-07 1.81063e-07 1.81063e-07 1.81063e-07 1.81063e-07 1.7437e-07 1.7437e-07 1.7437e-07 1.7437e-07 1.77232e-07 1.77232e-07 1.77232e-07 1.77232e-07 1.71536e-07 1.71536e-07 1.71536e-07 1.71536e-07 1.80068e-07 1.80068e-07 1.80068e-07 1.80068e-07 1.72554e-07 1.72554e-07 1.72554e-07 1.72554e-07 1.78295e-07 1.78295e-07 1.78295e-07 1.78295e-07 1.80094e-07 1.80094e-07 1.80094e-07 1.80094e-07 1.8647e-07 1.8647e-07 1.8647e-07 1.8647e-07 1.92788e-07 1.92788e-07 1.92788e-07 1.92788e-07 1.96892e-07 1.96892e-07 1.96892e-07 1.96892e-07 2.09479e-07 2.09479e-07 2.09479e-07 2.09479e-07 2.08598e-07 2.08598e-07 2.08598e-07 2.08598e-07 2.27378e-07 2.27378e-07 2.27378e-07 2.27378e-07 2.2191e-07 2.2191e-07 2.2191e-07 2.2191e-07 2.44804e-07 2.44804e-07 2.44804e-07 2.44804e-07 2.35622e-07 2.35622e-07 2.35622e-07 2.35622e-07 2.60977e-07 2.60977e-07 2.60977e-07 2.60977e-07 2.48936e-07 2.48936e-07 2.48936e-07 2.48936e-07 2.75641e-07 2.75641e-07 2.75641e-07 2.75641e-07 2.61331e-07 2.61331e-07 2.61331e-07 2.61331e-07 2.88659e-07 2.88659e-07 2.88659e-07 2.88659e-07 2.72507e-07 2.72507e-07 2.72507e-07 2.72507e-07 2.99942e-07 2.99942e-07 2.99942e-07 2.99942e-07 2.82285e-07 2.82285e-07 2.82285e-07 2.82285e-07 3.09417e-07 3.09417e-07 3.09417e-07 3.09417e-07 2.90562e-07 2.90562e-07 2.90562e-07 2.90562e-07 3.17019e-07 3.17019e-07 3.17019e-07 3.17019e-07 2.97272e-07 2.97272e-07 2.97272e-07 2.97272e-07 3.22692e-07 3.22692e-07 3.22692e-07 3.22692e-07 3.02374e-07 3.02374e-07 3.02374e-07 3.02374e-07 3.2639e-07 3.2639e-07 3.2639e-07 3.2639e-07 3.05836e-07 3.05836e-07 3.05836e-07 3.05836e-07 3.28079e-07 3.28079e-07 3.28079e-07 3.28079e-07 3.07636e-07 3.07636e-07 3.07636e-07 3.07636e-07 3.27735e-07 3.27735e-07 3.27735e-07 3.27735e-07 3.07755e-07 3.07755e-07 3.07755e-07 3.07755e-07 3.25352e-07 3.25352e-07 3.25352e-07 3.25352e-07 3.06178e-07 3.06178e-07 3.06178e-07 3.06178e-07 3.20938e-07 3.20938e-07 3.20938e-07 3.20938e-07 3.02901e-07 3.02901e-07 3.02901e-07 3.02901e-07 3.14529e-07 3.14529e-07 3.14529e-07 3.14529e-07 2.97927e-07 2.97927e-07 2.97927e-07 2.97927e-07 3.06183e-07 3.06183e-07 3.06183e-07 3.06183e-07 2.9128e-07 2.9128e-07 2.9128e-07 2.9128e-07 2.95998e-07 2.95998e-07 2.95998e-07 2.95998e-07 2.83009e-07 2.83009e-07 2.83009e-07 2.83009e-07 2.84112e-07 2.84112e-07 2.84112e-07 2.84112e-07 2.73205e-07 2.73205e-07 2.73205e-07 2.73205e-07 2.70723e-07 2.70723e-07 2.70723e-07 2.70723e-07 2.62017e-07 2.62017e-07 2.62017e-07 2.62017e-07 2.56102e-07 2.56102e-07 2.56102e-07 2.56102e-07 2.49674e-07 2.49674e-07 2.49674e-07 2.49674e-07 2.40614e-07 2.40614e-07 2.40614e-07 2.40614e-07 2.36508e-07 2.36508e-07 2.36508e-07 2.36508e-07 2.24743e-07 2.24743e-07 2.24743e-07 2.24743e-07 2.22978e-07 2.22978e-07 2.22978e-07 2.22978e-07 2.09116e-07 2.09116e-07 2.09116e-07 2.09116e-07 2.09671e-07 2.09671e-07 2.09671e-07 2.09671e-07 1.94513e-07 1.94513e-07 1.94513e-07 1.94513e-07 1.97274e-07 1.97274e-07 1.97274e-07 1.97274e-07 1.81833e-07 1.81833e-07 1.81833e-07 1.81833e-07 1.86472e-07 1.86472e-07 1.86472e-07 1.86472e-07 1.71961e-07 1.71961e-07 1.71961e-07 1.71961e-07 1.77738e-07 1.77738e-07 1.77738e-07 1.77738e-07 1.65452e-07 1.65452e-07 1.65452e-07 1.65452e-07 1.71196e-07 1.71196e-07 1.71196e-07 1.71196e-07 1.62089e-07 1.62089e-07 1.62089e-07 1.62089e-07 1.66659e-07 1.66659e-07 1.66659e-07 1.66659e-07 1.60372e-07 1.60372e-07 1.60372e-07 1.60372e-07 1.65856e-07 1.65856e-07 1.65856e-07 1.65856e-07 1.58748e-07 1.58748e-07 1.58748e-07 1.58748e-07 1.67712e-07 1.67712e-07 1.67712e-07 1.67712e-07 1.59586e-07 1.59586e-07 1.59586e-07 1.59586e-07 
SCALARS pressure_L2_cell_error double 1
LOOKUP_TABLE default
8.54062e-07 8.54062e-07 8.54062e-07 8.54062e-07 7.13725e-07 7.13725e-07 7.13725e-07 7.13725e-07 1.93131e-06 1.93131e-06 1.93131e-06 1.93131e-06 1.92753e-06 1.92753e-06 1.92753e-06 1.92753e-06 3.08121e-06 3.08121e-06 3.08121e-06 3.08121e-06 3.05182e-06 3.05182e-06 3.05182e-06 3.05182e-06 4.23733e-06 4.23733e-06 4.23733e-06 4.23733e-06 4.20132e-06 4.20132e-06 4.20132e-06 4.20132e-06 5.36445e-06 5.36445e-06 5.36445e-06 5.36445e-06 5.31845e-06 5.31845e-06 5.31845e-06 5.31845e-06 6.45003e-06 6.45003e-06 6.45003e-06 6.45003e-06 6.39495e-06 6.39495e-06 6.39495e-06 6.39495e-06 7.48277e-06 7.48277e-06 7.48277e-06 7.48277e-06 7.41891e-06 7.41891e-06 7.41891e-06 7.41891e-06 8.4531e-06 8.4531e-06 8.4531e-06 8.4531e-06 8.381e-06 8.381e-06 8.381e-06 8.381e-06 9.35227e-06 9.35227e-06 9.35227e-06 9.35227e-06 9.27254e-06 9.27254e-06 9.27254e-06 9.27254e-06 1.01724e-05 1.01724e-05 1.01724e-05 1.01724e-05 1.00857e-05 1.00857e-05 1.00857e-05 1.00857e-05 1.09062e-05 1.09062e-05 1.09062e-05 1.09062e-05 1.08132e-05 1.08132e-05 1.08132e-05 1.08132e-05 1.15474e-05 1.15474e-05 1.15474e-05 1.15474e-05 1.1449e-05 1.1449e-05 1.1449e-05 1.1449e-05 1.20904e-05 1.20904e-05 1.20904e-05 1.20904e-05 1.19874e-05 1.19874e-05 1.19874e-05 1.19874e-05 1.25305e-05 1.25305e-05 1.25305e-05 1.25305e-05 1.24238e-05 1.24238e-05 1.24238e-05 1.24238e-05 1.2864e-05 1.2864e-05 1.2864e-05 1.2864e-05 1.27544e-05 1.27544e-05 1.27544e-05 1.27544e-05 1.30879e-05 1.30879e-05 1.30879e-05 1.30879e-05 1.29764e-05 1.29764e-05 1.29764e-05 1.29764e-05 1.32003e-05 1.32003e-05 1.32003e-05 1.32003e-05 1.30879e-05 1.30879e-05 1.30879e-05 1.30879e-05 1.32003e-05 1.32003e-05 1.32003e-05 1.32003e-05 1.30879e-05 1.30879e-05 1.30879e-05 1.30879e-05 1.30879e-05 1.30879e-05 1.30879e-05 1.30879e-05 1.29764e-05 1.29764e-05 1.29764e-05 1.29764e-05 1.2864e-05 1.2864e-05 1.2864e-05 1.2864e-05 1.27544e-05 1.27544e-05 1.27544e-05 1.27544e-05 1.25305e-05 1.25305e-05 1.25305e-05 1.25305e-05 1.24238e-05 1.24238e-05 1.24238e-05 1.24238e-05 1.20904e-05 1.20904e-05 1.20904e-05 1.20904e-05 1.19874e-05 1.19874e-05 1.19874e-05 1.19874e-05 1.15474e-05 1.15474e-05 1.15474e-05 1.15474e-05 1.1449e-05 1.1449e-05 1.1449e-05 1.1449e-05 1.09061e-05 1.09061e-05 1.09061e-05 1.09061e-05 1.08132e-05 1.08132e-05 1.08132e-05 1.08132e-05 1.01723e-05 1.01723e-05 1.01723e-05 1.01723e-05 1.00856e-05 1.00856e-05 1.00856e-05 1.00856e-05 9.35212e-06 9.35212e-06 9.35212e-06 9.35212e-06 9.27242e-06 9.27242e-06 9.27242e-06 9.27242e-06 8.45282e-06 8.45282e-06 8.45282e-06 8.45282e-06 8.38079e-06 8.38079e-06 8.38079e-06 8.38079e-06 7.48229e-06 7.48229e-06 7.48229e-06 7.48229e-06 7.41852e-06 7.41852e-06 7.41852e-06 7.41852e-06 6.44922e-06 6.44922e-06 6.44922e-06 6.44922e-06 6.39428e-06 6.39428e-06 6.39428e-06 6.39428e-06 5.36311e-06 5.36311e-06 5.36311e-06 5.36311e-06 5.31732e-06 5.31732e-06 5.31732e-06 5.31732e-06 4.2351e-06 4.2351e-06 4.2351e-06 4.2351e-06 4.19942e-06 4.19942e-06 4.19942e-06 4.19942e-06 3.07742e-06 3.07742e-06 3.07742e-06 3.07742e-06 3.04882e-06 3.04882e-06 3.04882e-06 3.04882e-06 1.92404e-06 1.92404e-06 1.92404e-06 1.92404e-06 1.92086e-06 1.92086e-06 1.92086e-06 1.92086e-06 8.34424e-07 8.34424e-07 8.34424e-07 8.34424e-07 7.07513e-07 7.07513e-07 7.07513e-07 7.07513e-07 7.16693e-07 7.16693e-07 7.16693e-07 7.16693e-07 6.87958e-07 6.87958e-07 6.87958e-07 6.87958e-07 1.88568e-06 1.88568e-06 1.88568e-06 1.88568e-06 1.8342e-06 1.8342e-06 1.8342e-06 1.8342e-06 2.9987e-06 2.9987e-06 2.9987e-06 2.9987e-06 2.91913e-06 2.91913e-06 2.91913e-06 2.91913e-06 4.12851e-06 4.12851e-06 4.12851e-06 4.12851e-06 4.02049e-06 4.02049e-06 4.02049e-06 4.02049e-06 5.22701e-06 5.22701e-06 5.22701e-06 5.22701e-06 5.09086e-06 5.09086e-06 5.09086e-06 5.09086e-06 6.28522e-06 6.28522e-06 6.28522e-06 6.28522e-06 6.12185e-06 6.12185e-06 6.12185e-06 6.12185e-06 7.29176e-06 7.29176e-06 7.29176e-06 7.29176e-06 7.10242e-06 7.10242e-06 7.10242e-06 7.10242e-06 8.23744e-06 8.23744e-06 8.23744e-06 8.23744e-06 8.02367e-06 8.02367e-06 8.02367e-06 8.02367e-06 9.11376e-06 9.11376e-06 9.11376e-06 9.11376e-06 8.87733e-06 8.87733e-06 8.87733e-06 8.87733e-06 9.913e-06 9.913e-06 9.913e-06 9.913e-06 9.65588e-06 9.65588e-06 9.65588e-06 9.65588e-06 1.06282e-05 1.06282e-05 1.06282e-05 1.06282e-05 1.03525e-05 1.03525e-05 1.03525e-05 1.03525e-05 1.1253e-05 1.1253e-05 1.1253e-05 1.1253e-05 1.09612e-05 1.09612e-05 1.09612e-05 1.09612e-05 1.17822e-05 1.17822e-05 1.17822e-05 1.17822e-05 1.14767e-05 1.14767e-05 1.14767e-05 1.14767e-05 1.22112e-05 1.22112e-05 1.22112e-05 1.22112e-05 1.18945e-05 1.18945e-05 1.18945e-05 1.18945e-05 1.25361e-05 1.25361e-05 1.25361e-05 1.25361e-05 1.22111e-05 1.22111e-05 1.22111e-05 1.22111e-05 1.27543e-05 1.27543e-05 1.27543e-05 1.27543e-05 1.24237e-05 1.24237e-05 1.24237e-05 1.24237e-05 1.28639e-05 1.28639e-05 1.28639e-05 1.28639e-05 1.25304e-05 1.25304e-05 1.25304e-05 1.25304e-05 1.28639e-05 1.28639e-05 1.28639e-05 1.28639e-05 1.25304e-05 1.25304e-05 1.25304e-05 1.25304e-05 1.27543e-05 1.27543e-05 1.27543e-05 1.27543e-05 1.24237e-05 1.24237e-05 1.24237e-05 1.24237e-05 1.25361e-05 1.25361e-05 1.25361e-05 1.25361e-05 1.22111e-05 1.22111e-05 1.22111e-05 1.22111e-05 1.22112e-05 1.22112e-05 1.22112e-05 1.22112e-05 1.18945e-05 1.18945e-05 1.18945e-05 1.18945e-05 1.17822e-05 1.17822e-05 1.17822e-05 1.17822e-05 1.14767e-05 1.14767e-05 1.14767e-05 1.14767e-05 1.1253e-05 1.1253e-05 1.1253e-05 1.1253e-05 1.09612e-05 1.09612e-05 1.09612e-05 1.09612e-05 1.06281e-05 1.06281e-05 1.06281e-05 1.06281e-05 1.03525e-05 1.03525e-05 1.03525e-05 1.03525e-05 9.91296e-06 9.91296e-06 9.91296e-06 9.91296e-06 9.65586e-06 9.65586e-06 9.65586e-06 9.65586e-06 9.11369e-06 9.11369e-06 9.11369e-06 9.11369e-06 8.87728e-06 8.87728e-06 8.87728e-06 8.87728e-06 8.23729e-06 8.23729e-06 8.23729e-06 8.23729e-06 8.02358e-06 8.02358e-06 8.02358e-06 8.02358e-06 7.29147e-06 7.29147e-06 7.29147e-06 7.29147e-06 7.10225e-06 7.10225e-06 7.10225e-06 7.10225e-06 6.28473e-06 6.28473e-06 6.28473e-06 6.28473e-06 6.12156e-06 6.12156e-06 6.12156e-06 6.12156e-06 5.2262e-06 5.2262e-06 5.2262e-06 5.2262e-06 5.0904e-06 5.0904e-06 5.0904e-06 5.0904e-06 4.1272e-06 4.1272e-06 4.1272e-06 4.1272e-06 4.01978e-06 4.01978e-06 4.01978e-06 4.01978e-06 2.99671e-06 2.99671e-06 2.99671e-06 2.99671e-06 2.91813e-06 2.91813e-06 2.91813e-06 2.91813e-06 1.8817e-06 1.8817e-06 1.8817e-06 1.8817e-06 1.83228e-06 1.83228e-06 1.83228e-06 1.83228e-06 7.11848e-07 7.11848e-07 7.11848e-07 7.11848e-07 6.86258e-07 6.86258e-07 6.86258e-07 6.86258e-07 6.62218e-07 6.62218e-07 6.62218e-07 6.62218e-07 6.29836e-07 6.29836e-07 6.29836e-07 6.29836e-07 1.76613e-06 1.76613e-06 1.76613e-06 1.76613e-06 1.68393e-06 1.68393e-06 1.68393e-06 1.68393e-06 2.81504e-06 2.81504e-06 2.81504e-06 2.81504e-06 2.68716e-06 2.68716e-06 2.68716e-06 2.68716e-06 3.87818e-06 3.87818e-06 3.87818e-06 3.87818e-06 3.70297e-06 3.70297e-06 3.70297e-06 3.70297e-06 4.91133e-06 4.91133e-06 4.91133e-06 4.91133e-06 4.69001e-06 4.69001e-06 4.69001e-06 4.69001e-06 5.90631e-06 5.90631e-06 5.90631e-06 5.90631e-06 5.64049e-06 5.64049e-06 5.64049e-06 5.64049e-06 6.85257e-06 6.85257e-06 6.85257e-06 6.85257e-06 6.54437e-06 6.54437e-06 6.54437e-06 6.54437e-06 7.74154e-06 7.74154e-06 7.74154e-06 7.74154e-06 7.39351e-06 7.39351e-06 7.39351e-06 7.39351e-06 8.56528e-06 8.56528e-06 8.56528e-06 8.56528e-06 8.1803e-06 8.1803e-06 8.1803e-06 8.1803e-06 9.31652e-06 9.31652e-06 9.31652e-06 9.31652e-06 8.89785e-06 8.89785e-06 8.89785e-06 8.89785e-06 9.98874e-06 9.98874e-06 9.98874e-06 9.98874e-06 9.53991e-06 9.53991e-06 9.53991e-06 9.53991e-06 1.05761e-05 1.05761e-05 1.05761e-05 1.05761e-05 1.01009e-05 1.01009e-05 1.01009e-05 1.01009e-05 1.10735e-05 1.10735e-05 1.10735e-05 1.10735e-05 1.0576e-05 1.0576e-05 1.0576e-05 1.0576e-05 1.14766e-05 1.14766e-05 1.14766e-05 1.14766e-05 1.09611e-05 1.09611e-05 1.09611e-05 1.09611e-05 1.17821e-05 1.17821e-05 1.17821e-05 1.17821e-05 1.12528e-05 1.12528e-05 1.12528e-05 1.12528e-05 1.19872e-05 1.19872e-05 1.19872e-05 1.19872e-05 1.14487e-05 1.14487e-05 1.14487e-05 1.14487e-05 1.20902e-05 1.20902e-05 1.20902e-05 1.20902e-05 1.15471e-05 1.15471e-05 1.15471e-05 1.15471e-05 1.20902e-05 1.20902e-05 1.20902e-05 1.20902e-05 1.15471e-05 1.15471e-05 1.15471e-05 1.15471e-05 1.19872e-05 1.19872e-05 1.19872e-05 1.19872e-05 1.14487e-05 1.14487e-05 1.14487e-05 1.14487e-05 1.17821e-05 1.17821e-05 1.17821e-05 1.17821e-05 1.12528e-05 1.12528e-05 1.12528e-05 1.12528e-05 1.14766e-05 1.14766e-05 1.14766e-05 1.14766e-05 1.09611e-05 1.09611e-05 1.09611e-05 1.09611e-05 1.10735e-05 1.10735e-05 1.10735e-05 1.10735e-05 1.0576e-05 1.0576e-05 1.0576e-05 1.0576e-05 1.05761e-05 1.05761e-05 1.05761e-05 1.05761e-05 1.01009e-05 1.01009e-05 1.01009e-05 1.01009e-05 9.98873e-06 9.98873e-06 9.98873e-06 9.98873e-06 9.53991e-06 9.53991e-06 9.53991e-06 9.53991e-06 9.31651e-06 9.31651e-06 9.31651e-06 9.31651e-06 8.89785e-06 8.89785e-06 8.89785e-06 8.89785e-06 8.56525e-06 8.56525e-06 8.56525e-06 8.56525e-06 8.1803e-06 8.1803e-06 8.1803e-06 8.1803e-06 7.7415e-06 7.7415e-06 7.7415e-06 7.7415e-06 7.39351e-06 7.39351e-06 7.39351e-06 7.39351e-06 6.85249e-06 6.85249e-06 6.85249e-06 6.85249e-06 6.54437e-06 6.54437e-06 6.54437e-06 6.54437e-06 5.90619e-06 5.90619e-06 5.90619e-06 5.90619e-06 5.6405e-06 5.6405e-06 5.6405e-06 5.6405e-06 4.91116e-06 4.91116e-06 4.91116e-06 4.91116e-06 4.69006e-06 4.69006e-06 4.69006e-06 4.69006e-06 3.87797e-06 3.87797e-06 3.87797e-06 3.87797e-06 3.7031e-06 3.7031e-06 3.7031e-06 3.7031e-06 2.81481e-06 2.81481e-06 2.81481e-06 2.81481e-06 2.68745e-06 2.68745e-06 2.68745e-06 2.68745e-06 1.76585e-06 1.76585e-06 1.76585e-06 1.76585e-06 1.68477e-06 1.68477e-06 1.68477e-06 1.68477e-06 6.6215e-07 6.6215e-07 6.6215e-07 6.6215e-07 6.30709e-07 6.30709e-07 6.30709e-07 6.30709e-07 5.93439e-07 5.93439e-07 5.93439e-07 5.93439e-07 5.52619e-07 5.52619e-07 5.52619e-07 5.52619e-07 1.58778e-06 1.58778e-06 1.58778e-06 1.58778e-06 1.47866e-06 1.47866e-06 1.47866e-06 1.47866e-06 2.53666e-06 2.53666e-06 2.53666e-06 2.53666e-06 2.36485e-06 2.36485e-06 2.36485e-06 2.36485e-06 3.49638e-06 3.49638e-06 3.49638e-06 3.49638e-06 3.26023e-06 3.26023e-06 3.26023e-06 3.26023e-06 4.42887e-06 4.42887e-06 4.42887e-06 4.42887e-06 4.13017e-06 4.13017e-06 4.13017e-06 4.13017e-06 5.32672e-06 5.32672e-06 5.32672e-06 5.32672e-06 4.96772e-06 4.96772e-06 4.96772e-06 4.96772e-06 6.18051e-06 6.18051e-06 6.18051e-06 6.18051e-06 5.76415e-06 5.76415e-06 5.76415e-06 5.76415e-06 6.98257e-06 6.98257e-06 6.98257e-06 6.98257e-06 6.5123e-06 6.5123e-06 6.5123e-06 6.5123e-06 7.72573e-06 7.72573e-06 7.72573e-06 7.72573e-06 7.20551e-06 7.20551e-06 7.20551e-06 7.20551e-06 8.40348e-06 8.40348e-06 8.40348e-06 8.40348e-06 7.83769e-06 7.83769e-06 7.83769e-06 7.83769e-06 9.00992e-06 9.00992e-06 9.00992e-06 9.00992e-06 8.40336e-06 8.40336e-06 8.40336e-06 8.40336e-06 9.5398e-06 9.5398e-06 9.5398e-06 9.5398e-06 8.89761e-06 8.89761e-06 8.89761e-06 8.89761e-06 9.98853e-06 9.98853e-06 9.98853e-06 9.98853e-06 9.31617e-06 9.31617e-06 9.31617e-06 9.31617e-06 1.03522e-05 1.03522e-05 1.03522e-05 1.03522e-05 9.65544e-06 9.65544e-06 9.65544e-06 9.65544e-06 1.06278e-05 1.06278e-05 1.06278e-05 1.06278e-05 9.91247e-06 9.91247e-06 9.91247e-06 9.91247e-06 1.08128e-05 1.08128e-05 1.08128e-05 1.08128e-05 1.00851e-05 1.00851e-05 1.00851e-05 1.00851e-05 1.09058e-05 1.09058e-05 1.09058e-05 1.09058e-05 1.01717e-05 1.01717e-05 1.01717e-05 1.01717e-05 1.09058e-05 1.09058e-05 1.09058e-05 1.09058e-05 1.01717e-05 1.01717e-05 1.01717e-05 1.01717e-05 1.08128e-05 1.08128e-05 1.08128e-05 1.08128e-05 1.00851e-05 1.00851e-05 1.00851e-05 1.00851e-05 1.06278e-05 1.06278e-05 1.06278e-05 1.06278e-05 9.91247e-06 9.91247e-06 9.91247e-06 9.91247e-06 1.03522e-05 1.03522e-05 1.03522e-05 1.03522e-05 9.65544e-06 9.65544e-06 9.65544e-06 9.65544e-06 9.98853e-06 9.98853e-06 9.98853e-06 9.98853e-06 9.31618e-06 9.31618e-06 9.31618e-06 9.31618e-06 9.5398e-06 9.5398e-06 9.5398e-06 9.5398e-06 8.89762e-06 8.89762e-06 8.89762e-06 8.89762e-06 9.00993e-06 9.00993e-06 9.00993e-06 9.00993e-06 8.40337e-06 8.40337e-06 8.40337e-06 8.40337e-06 8.40349e-06 8.40349e-06 8.40349e-06 8.40349e-06 7.83771e-06 7.83771e-06 7.83771e-06 7.83771e-06 7.72575e-06 7.72575e-06 7.72575e-06 7.72575e-06 7.20553e-06 7.20553e-06 7.20553e-06 7.20553e-06 6.9826e-06 6.9826e-06 6.9826e-06 6.9826e-06 6.51235e-06 6.51235e-06 6.51235e-06 6.51235e-06 6.18057e-06 6.18057e-06 6.18057e-06 6.18057e-06 5.76423e-06 5.76423e-06 5.76423e-06 5.76423e-06 5.32682e-06 5.32682e-06 5.32682e-06 5.32682e-06 4.96787e-06 4.96787e-06 4.96787e-06 4.96787e-06 4.42905e-06 4.42905e-06 4.42905e-06 4.42905e-06 4.13042e-06 4.13042e-06 4.13042e-06 4.13042e-06 3.49673e-06 3.49673e-06 3.49673e-06 3.49673e-06 3.26068e-06 3.26068e-06 3.26068e-06 3.26068e-06 2.53726e-06 2.53726e-06 2.53726e-06 2.53726e-06 2.36559e-06 2.36559e-06 2.36559e-06 2.36559e-06 1.58933e-06 1.58933e-06 1.58933e-06 1.58933e-06 1.48056e-06 1.48056e-06 1.48056e-06 1.48056e-06 5.94613e-07 5.94613e-07 5.94613e-07 5.94613e-07 5.53656e-07 5.53656e-07 5.53656e-07 5.53656e-07 5.07802e-07 5.07802e-07 5.07802e-07 5.07802e-07 4.59232e-07 4.59232e-07 4.59232e-07 4.59232e-07 1.35747e-06 1.35747e-06 1.35747e-06 1.35747e-06 1.22526e-06 1.22526e-06 1.22526e-06 1.22526e-06 2.1732e-06 2.1732e-06 2.1732e-06 2.1732e-06 1.96339e-06 1.96339e-06 1.96339e-06 1.96339e-06 2.99656e-06 2.99656e-06 2.99656e-06 2.99656e-06 2.70766e-06 2.70766e-06 2.70766e-06 2.70766e-06 3.79651e-06 3.79651e-06 3.79651e-06 3.79651e-06 3.4308e-06 3.4308e-06 3.4308e-06 3.4308e-06 4.56662e-06 4.56662e-06 4.56662e-06 4.56662e-06 4.1269e-06 4.1269e-06 4.1269e-06 4.1269e-06 5.2989e-06 5.2989e-06 5.2989e-06 5.2989e-06 4.78881e-06 4.78881e-06 4.78881e-06 4.78881e-06 5.98678e-06 5.98678e-06 5.98678e-06 5.98678e-06 5.41057e-06 5.41057e-06 5.41057e-06 5.41057e-06 6.62413e-06 6.62413e-06 6.62413e-06 6.62413e-06 5.98667e-06 5.98667e-06 5.98667e-06 5.98667e-06 7.20539e-06 7.20539e-06 7.20539e-06 7.20539e-06 6.51206e-06 6.51206e-06 6.51206e-06 6.51206e-06 7.72548e-06 7.72548e-06 7.72548e-06 7.72548e-06 6.98218e-06 6.98218e-06 6.98218e-06 6.98218e-06 8.17991e-06 8.17991e-06 8.17991e-06 8.17991e-06 7.39295e-06 7.39295e-06 7.39295e-06 7.39295e-06 8.56476e-06 8.56476e-06 8.56476e-06 8.56476e-06 7.74082e-06 7.74082e-06 7.74082e-06 7.74082e-06 8.87669e-06 8.87669e-06 8.87669e-06 8.87669e-06 8.02278e-06 8.02278e-06 8.02278e-06 8.02278e-06 9.11303e-06 9.11303e-06 9.11303e-06 9.11303e-06 8.23641e-06 8.23641e-06 8.23641e-06 8.23641e-06 9.27172e-06 9.27172e-06 9.27172e-06 9.27172e-06 8.37986e-06 8.37986e-06 8.37986e-06 8.37986e-06 9.35141e-06 9.35141e-06 9.35141e-06 9.35141e-06 8.4519e-06 8.4519e-06 8.4519e-06 8.4519e-06 9.35141e-06 9.35141e-06 9.35141e-06 9.35141e-06 8.4519e-06 8.4519e-06 8.4519e-06 8.4519e-06 9.27172e-06 9.27172e-06 9.27172e-06 9.27172e-06 8.37986e-06 8.37986e-06 8.37986e-06 8.37986e-06 9.11302e-06 9.11302e-06 9.11302e-06 9.11302e-06 8.2364e-06 8.2364e-06 8.2364e-06 8.2364e-06 8.87669e-06 8.87669e-06 8.87669e-06 8.87669e-06 8.02277e-06 8.02277e-06 8.02277e-06 8.02277e-06 8.56476e-06 8.56476e-06 8.56476e-06 8.56476e-06 7.74081e-06 7.74081e-06 7.74081e-06 7.74081e-06 8.17991e-06 8.17991e-06 8.17991e-06 8.17991e-06 7.39294e-06 7.39294e-06 7.39294e-06 7.39294e-06 7.72548e-06 7.72548e-06 7.72548e-06 7.72548e-06 6.98217e-06 6.98217e-06 6.98217e-06 6.98217e-06 7.2054e-06 7.2054e-06 7.2054e-06 7.2054e-06 6.51206e-06 6.51206e-06 6.51206e-06 6.51206e-06 6.62416e-06 6.62416e-06 6.62416e-06 6.62416e-06 5.98668e-06 5.98668e-06 5.98668e-06 5.98668e-06 5.98683e-06 5.98683e-06 5.98683e-06 5.98683e-06 5.41061e-06 5.41061e-06 5.41061e-06 5.41061e-06 5.29899e-06 5.29899e-06 5.29899e-06 5.29899e-06 4.78888e-06 4.78888e-06 4.78888e-06 4.78888e-06 4.56678e-06 4.56678e-06 4.56678e-06 4.56678e-06 4.12704e-06 4.12704e-06 4.12704e-06 4.12704e-06 3.79678e-06 3.79678e-06 3.79678e-06 3.79678e-06 3.43104e-06 3.43104e-06 3.43104e-06 3.43104e-06 2.99703e-06 2.99703e-06 2.99703e-06 2.99703e-06 2.7081e-06 2.7081e-06 2.7081e-06 2.7081e-06 2.17397e-06 2.17397e-06 2.17397e-06 2.17397e-06 1.96408e-06 1.96408e-06 1.96408e-06 1.96408e-06 1.35946e-06 1.35946e-06 1.35946e-06 1.35946e-06 1.22715e-06 1.22715e-06 1.22715e-06 1.22715e-06 5.08418e-07 5.08418e-07 5.08418e-07 5.08418e-07 4.59272e-07 4.59272e-07 4.59272e-07 4.59272e-07 4.07224e-07 4.07224e-07 4.07224e-07 4.07224e-07 3.52102e-07 3.52102e-07 3.52102e-07 3.52102e-07 1.08316e-06 1.08316e-06 1.08316e-06 1.08316e-06 9.32419e-07 9.32419e-07 9.32419e-07 9.32419e-07 1.73722e-06 1.73722e-06 1.73722e-06 1.73722e-06 1.49669e-06 1.49669e-06 1.49669e-06 1.49669e-06 2.39606e-06 2.39606e-06 2.39606e-06 2.39606e-06 2.06451e-06 2.06451e-06 2.06451e-06 2.06451e-06 3.03623e-06 3.03623e-06 3.03623e-06 3.03623e-06 2.61629e-06 2.61629e-06 2.61629e-06 2.61629e-06 3.65242e-06 3.65242e-06 3.65242e-06 3.65242e-06 3.14738e-06 3.14738e-06 3.14738e-06 3.14738e-06 4.23834e-06 4.23834e-06 4.23834e-06 4.23834e-06 3.65239e-06 3.65239e-06 3.65239e-06 3.65239e-06 4.78874e-06 4.78874e-06 4.78874e-06 4.78874e-06 4.12678e-06 4.12678e-06 4.12678e-06 4.12678e-06 5.29871e-06 5.29871e-06 5.29871e-06 5.29871e-06 4.56635e-06 4.56635e-06 4.56635e-06 4.56635e-06 5.7638e-06 5.7638e-06 5.7638e-06 5.7638e-06 4.96725e-06 4.96725e-06 4.96725e-06 4.96725e-06 6.17997e-06 6.17997e-06 6.17997e-06 6.17997e-06 5.32599e-06 5.32599e-06 5.32599e-06 5.32599e-06 6.54361e-06 6.54361e-06 6.54361e-06 6.54361e-06 5.63945e-06 5.63945e-06 5.63945e-06 5.63945e-06 6.85157e-06 6.85157e-06 6.85157e-06 6.85157e-06 5.90493e-06 5.90493e-06 5.90493e-06 5.90493e-06 7.10119e-06 7.10119e-06 7.10119e-06 7.10119e-06 6.12012e-06 6.12012e-06 6.12012e-06 6.12012e-06 7.29032e-06 7.29032e-06 7.29032e-06 7.29032e-06 6.28317e-06 6.28317e-06 6.28317e-06 6.28317e-06 7.41732e-06 7.41732e-06 7.41732e-06 7.41732e-06 6.39265e-06 6.39265e-06 6.39265e-06 6.39265e-06 7.48109e-06 7.48109e-06 7.48109e-06 7.48109e-06 6.44763e-06 6.44763e-06 6.44763e-06 6.44763e-06 7.48109e-06 7.48109e-06 7.48109e-06 7.48109e-06 6.44762e-06 6.44762e-06 6.44762e-06 6.44762e-06 7.41731e-06 7.41731e-06 7.41731e-06 7.41731e-06 6.39263e-06 6.39263e-06 6.39263e-06 6.39263e-06 7.2903e-06 7.2903e-06 7.2903e-06 7.2903e-06 6.28314e-06 6.28314e-06 6.28314e-06 6.28314e-06 7.10117e-06 7.10117e-06 7.10117e-06 7.10117e-06 6.12008e-06 6.12008e-06 6.12008e-06 6.12008e-06 6.85154e-06 6.85154e-06 6.85154e-06 6.85154e-06 5.90488e-06 5.90488e-06 5.90488e-06 5.90488e-06 6.54358e-06 6.54358e-06 6.54358e-06 6.54358e-06 5.6394e-06 5.6394e-06 5.6394e-06 5.6394e-06 6.17994e-06 6.17994e-06 6.17994e-06 6.17994e-06 5.32593e-06 5.32593e-06 5.32593e-06 5.32593e-06 5.76378e-06 5.76378e-06 5.76378e-06 5.76378e-06 4.96719e-06 4.96719e-06 4.96719e-06 4.96719e-06 5.29869e-06 5.29869e-06 5.29869e-06 5.29869e-06 4.56629e-06 4.56629e-06 4.56629e-06 4.56629e-06 4.78874e-06 4.78874e-06 4.78874e-06 4.78874e-06 4.12674e-06 4.12674e-06 4.12674e-06 4.12674e-06 4.23838e-06 4.23838e-06 4.23838e-06 4.23838e-06 3.65237e-06 3.65237e-06 3.65237e-06 3.65237e-06 3.65252e-06 3.65252e-06 3.65252e-06 3.65252e-06 3.14741e-06 3.14741e-06 3.14741e-06 3.14741e-06 3.03641e-06 3.03641e-06 3.03641e-06 3.03641e-06 2.6164e-06 2.6164e-06 2.6164e-06 2.6164e-06 2.39642e-06 2.39642e-06 2.39642e-06 2.39642e-06 2.06476e-06 2.06476e-06 2.06476e-06 2.06476e-06 1.73779e-06 1.73779e-06 1.73779e-06 1.73779e-06 1.49711e-06 1.49711e-06 1.49711e-06 1.49711e-06 1.08485e-06 1.08485e-06 1.08485e-06 1.08485e-06 9.33826e-07 9.33826e-07 9.33826e-07 9.33826e-07 4.06632e-07 4.06632e-07 4.06632e-07 4.06632e-07 3.50888e-07 3.50888e-07 3.50888e-07 3.50888e-07 2.94222e-07 2.94222e-07 2.94222e-07 2.94222e-07 2.33996e-07 2.33996e-07 2.33996e-07 2.33996e-07 7.7437e-07 7.7437e-07 7.7437e-07 7.7437e-07 6.10499e-07 6.10499e-07 6.10499e-07 6.10499e-07 1.24396e-06 1.24396e-06 1.24396e-06 1.24396e-06 9.81443e-07 9.81443e-07 9.81443e-07 9.81443e-07 1.71601e-06 1.71601e-06 1.71601e-06 1.71601e-06 1.3539e-06 1.3539e-06 1.3539e-06 1.3539e-06 2.17479e-06 2.17479e-06 2.17479e-06 2.17479e-06 1.71599e-06 1.71599e-06 1.71599e-06 1.71599e-06 2.61636e-06 2.61636e-06 2.61636e-06 2.61636e-06 2.06451e-06 2.06451e-06 2.06451e-06 2.06451e-06 3.03627e-06 3.03627e-06 3.03627e-06 3.03627e-06 2.39596e-06 2.39596e-06 2.39596e-06 2.39596e-06 3.43075e-06 3.43075e-06 3.43075e-06 3.43075e-06 2.70738e-06 2.70738e-06 2.70738e-06 2.70738e-06 3.79628e-06 3.79628e-06 3.79628e-06 3.79628e-06 2.99599e-06 2.99599e-06 2.99599e-06 2.99599e-06 4.12968e-06 4.12968e-06 4.12968e-06 4.12968e-06 3.25925e-06 3.25925e-06 3.25925e-06 3.25925e-06 4.42804e-06 4.42804e-06 4.42804e-06 4.42804e-06 3.49487e-06 3.49487e-06 3.49487e-06 3.49487e-06 4.68875e-06 4.68875e-06 4.68875e-06 4.68875e-06 3.70079e-06 3.70079e-06 3.70079e-06 3.70079e-06 4.90957e-06 4.90957e-06 4.90957e-06 4.90957e-06 3.87522e-06 3.87522e-06 3.87522e-06 3.87522e-06 5.08857e-06 5.08857e-06 5.08857e-06 5.08857e-06 4.01662e-06 4.01662e-06 4.01662e-06 4.01662e-06 5.22419e-06 5.22419e-06 5.22419e-06 5.22419e-06 4.12376e-06 4.12376e-06 4.12376e-06 4.12376e-06 5.31526e-06 5.31526e-06 5.31526e-06 5.31526e-06 4.19571e-06 4.19571e-06 4.19571e-06 4.19571e-06 5.36099e-06 5.36099e-06 5.36099e-06 5.36099e-06 4.23183e-06 4.23183e-06 4.23183e-06 4.23183e-06 5.36098e-06 5.36098e-06 5.36098e-06 5.36098e-06 4.23181e-06 4.23181e-06 4.23181e-06 4.23181e-06 5.31523e-06 5.31523e-06 5.31523e-06 5.31523e-06 4.19566e-06 4.19566e-06 4.19566e-06 4.19566e-06 5.22414e-06 5.22414e-06 5.22414e-06 5.22414e-06 4.12368e-06 4.12368e-06 4.12368e-06 4.12368e-06 5.0885e-06 5.0885e-06 5.0885e-06 5.0885e-06 4.0165e-06 4.0165e-06 4.0165e-06 4.0165e-06 4.90948e-06 4.90948e-06 4.90948e-06 4.90948e-06 3.87508e-06 3.87508e-06 3.87508e-06 3.87508e-06 4.68866e-06 4.68866e-06 4.68866e-06 4.68866e-06 3.70063e-06 3.70063e-06 3.70063e-06 3.70063e-06 4.42793e-06 4.42793e-06 4.42793e-06 4.42793e-06 3.49469e-06 3.49469e-06 3.49469e-06 3.49469e-06 4.12957e-06 4.12957e-06 4.12957e-06 4.12957e-06 3.25906e-06 3.25906e-06 3.25906e-06 3.25906e-06 3.79617e-06 3.79617e-06 3.79617e-06 3.79617e-06 2.99578e-06 2.99578e-06 2.99578e-06 2.99578e-06 3.43064e-06 3.43064e-06 3.43064e-06 3.43064e-06 2.70718e-06 2.70718e-06 2.70718e-06 2.70718e-06 3.03618e-06 3.03618e-06 3.03618e-06 3.03618e-06 2.39577e-06 2.39577e-06 2.39577e-06 2.39577e-06 2.61631e-06 2.61631e-06 2.61631e-06 2.61631e-06 2.06435e-06 2.06435e-06 2.06435e-06 2.06435e-06 2.1748e-06 2.1748e-06 2.1748e-06 2.1748e-06 1.71588e-06 1.71588e-06 1.71588e-06 1.71588e-06 1.71613e-06 1.71613e-06 1.71613e-06 1.71613e-06 1.35388e-06 1.35388e-06 1.35388e-06 1.35388e-06 1.24421e-06 1.24421e-06 1.24421e-06 1.24421e-06 9.81505e-07 9.81505e-07 9.81505e-07 9.81505e-07 7.75464e-07 7.75464e-07 7.75464e-07 7.75464e-07 6.11263e-07 6.11263e-07 6.11263e-07 6.11263e-07 2.92436e-07 2.92436e-07 2.92436e-07 2.92436e-07 2.31698e-07 2.31698e-07 2.31698e-07 2.31698e-07 1.71986e-07 1.71986e-07 1.71986e-07 1.71986e-07 1.09351e-07 1.09351e-07 1.09351e-07 1.09351e-07 4.42605e-07 4.42605e-07 4.42605e-07 4.42605e-07 2.73634e-07 2.73634e-07 2.73634e-07 2.73634e-07 7.12071e-07 7.12071e-07 7.12071e-07 7.12071e-07 4.40622e-07 4.40622e-07 4.40622e-07 4.40622e-07 9.82241e-07 9.82241e-07 9.82241e-07 9.82241e-07 6.07635e-07 6.07635e-07 6.07635e-07 6.07635e-07 1.24505e-06 1.24505e-06 1.24505e-06 1.24505e-06 7.70375e-07 7.70375e-07 7.70375e-07 7.70375e-07 1.49804e-06 1.49804e-06 1.49804e-06 1.49804e-06 9.2714e-07 9.2714e-07 9.2714e-07 9.2714e-07 1.73872e-06 1.73872e-06 1.73872e-06 1.73872e-06 1.07643e-06 1.07643e-06 1.07643e-06 1.07643e-06 1.96491e-06 1.96491e-06 1.96491e-06 1.96491e-06 1.21688e-06 1.21688e-06 1.21688e-06 1.21688e-06 2.1746e-06 2.1746e-06 2.1746e-06 2.1746e-06 1.34721e-06 1.34721e-06 1.34721e-06 1.34721e-06 2.36593e-06 2.36593e-06 2.36593e-06 2.36593e-06 1.46626e-06 1.46626e-06 1.46626e-06 1.46626e-06 2.53723e-06 2.53723e-06 2.53723e-06 2.53723e-06 1.57294e-06 1.57294e-06 1.57294e-06 1.57294e-06 2.68697e-06 2.68697e-06 2.68697e-06 2.68697e-06 1.66629e-06 1.66629e-06 1.66629e-06 1.66629e-06 2.81384e-06 2.81384e-06 2.81384e-06 2.81384e-06 1.74544e-06 1.74544e-06 1.74544e-06 1.74544e-06 2.9167e-06 2.9167e-06 2.9167e-06 2.9167e-06 1.80966e-06 1.80966e-06 1.80966e-06 1.80966e-06 2.99466e-06 2.99466e-06 2.99466e-06 2.99466e-06 1.85834e-06 1.85834e-06 1.85834e-06 1.85834e-06 3.04701e-06 3.04701e-06 3.04701e-06 3.04701e-06 1.89104e-06 1.89104e-06 1.89104e-06 1.89104e-06 3.07329e-06 3.07329e-06 3.07329e-06 3.07329e-06 1.90744e-06 1.90744e-06 1.90744e-06 1.90744e-06 3.07326e-06 3.07326e-06 3.07326e-06 3.07326e-06 1.90739e-06 1.90739e-06 1.90739e-06 1.90739e-06 3.04693e-06 3.04693e-06 3.04693e-06 3.04693e-06 1.89089e-06 1.89089e-06 1.89089e-06 1.89089e-06 2.99453e-06 2.99453e-06 2.99453e-06 2.99453e-06 1.8581e-06 1.8581e-06 1.8581e-06 1.8581e-06 2.91652e-06 2.91652e-06 2.91652e-06 2.91652e-06 1.80933e-06 1.80933e-06 1.80933e-06 1.80933e-06 2.81361e-06 2.81361e-06 2.81361e-06 2.81361e-06 1.74504e-06 1.74504e-06 1.74504e-06 1.74504e-06 2.68671e-06 2.68671e-06 2.68671e-06 2.68671e-06 1.66582e-06 1.66582e-06 1.66582e-06 1.66582e-06 2.53693e-06 2.53693e-06 2.53693e-06 2.53693e-06 1.57241e-06 1.57241e-06 1.57241e-06 1.57241e-06 2.36561e-06 2.36561e-06 2.36561e-06 2.36561e-06 1.46567e-06 1.46567e-06 1.46567e-06 1.46567e-06 2.17426e-06 2.17426e-06 2.17426e-06 2.17426e-06 1.34658e-06 1.34658e-06 1.34658e-06 1.34658e-06 1.96456e-06 1.96456e-06 1.96456e-06 1.96456e-06 1.21623e-06 1.21623e-06 1.21623e-06 1.21623e-06 1.73837e-06 1.73837e-06 1.73837e-06 1.73837e-06 1.07578e-06 1.07578e-06 1.07578e-06 1.07578e-06 1.49771e-06 1.49771e-06 1.49771e-06 1.49771e-06 9.26507e-07 9.26507e-07 9.26507e-07 9.26507e-07 1.24476e-06 1.24476e-06 1.24476e-06 1.24476e-06 7.69786e-07 7.69786e-07 7.69786e-07 7.69786e-07 9.82035e-07 9.82035e-07 9.82035e-07 9.82035e-07 6.07122e-07 6.07122e-07 6.07122e-07 6.07122e-07 7.11913e-07 7.11913e-07 7.11913e-07 7.11913e-07 4.40141e-07 4.40141e-07 4.40141e-07 4.40141e-07 4.43012e-07 4.43012e-07 4.43012e-07 4.43012e-07 2.73586e-07 2.73586e-07 2.73586e-07 2.73586e-07 1.69224e-07 1.69224e-07 1.69224e-07 1.69224e-07 1.06108e-07 1.06108e-07 1.06108e-07 1.06108e-07 5.15496e-08 5.15496e-08 5.15496e-08 5.15496e-08 4.77266e-08 4.77266e-08 4.77266e-08 4.77266e-08 1.16064e-07 1.16064e-07 1.16064e-07 1.16064e-07 1.16525e-07 1.16525e-07 1.16525e-07 1.16525e-07 1.87125e-07 1.87125e-07 1.87125e-07 1.87125e-07 1.87034e-07 1.87034e-07 1.87034e-07 1.87034e-07 2.57638e-07 2.57638e-07 2.57638e-07 2.57638e-07 2.57793e-07 2.57793e-07 2.57793e-07 2.57793e-07 3.27088e-07 3.27088e-07 3.27088e-07 3.27088e-07 3.27288e-07 3.27288e-07 3.27288e-07 3.27288e-07 3.94367e-07 3.94367e-07 3.94367e-07 3.94367e-07 3.94685e-07 3.94685e-07 3.94685e-07 3.94685e-07 4.58915e-07 4.58915e-07 4.58915e-07 4.58915e-07 4.59339e-07 4.59339e-07 4.59339e-07 4.59339e-07 5.20079e-07 5.20079e-07 5.20079e-07 5.20079e-07 5.20615e-07 5.20615e-07 5.20615e-07 5.20615e-07 5.77262e-07 5.77262e-07 5.77262e-07 5.77262e-07 5.77905e-07 5.77905e-07 5.77905e-07 5.77905e-07 6.2987e-07 6.2987e-07 6.2987e-07 6.2987e-07 6.30614e-07 6.30614e-07 6.30614e-07 6.30614e-07 6.77336e-07 6.77336e-07 6.77336e-07 6.77336e-07 6.78172e-07 6.78172e-07 6.78172e-07 6.78172e-07 7.19124e-07 7.19124e-07 7.19124e-07 7.19124e-07 7.2004e-07 7.2004e-07 7.2004e-07 7.2004e-07 7.54743e-07 7.54743e-07 7.54743e-07 7.54743e-07 7.55727e-07 7.55727e-07 7.55727e-07 7.55727e-07 7.83762e-07 7.83762e-07 7.83762e-07 7.83762e-07 7.848e-07 7.848e-07 7.848e-07 7.848e-07 8.05822e-07 8.05822e-07 8.05822e-07 8.05822e-07 8.069e-07 8.069e-07 8.069e-07 8.069e-07 8.20644e-07 8.20644e-07 8.20644e-07 8.20644e-07 8.21749e-07 8.21749e-07 8.21749e-07 8.21749e-07 8.28042e-07 8.28042e-07 8.28042e-07 8.28042e-07 8.29159e-07 8.29159e-07 8.29159e-07 8.29159e-07 8.27921e-07 8.27921e-07 8.27921e-07 8.27921e-07 8.29035e-07 8.29035e-07 8.29035e-07 8.29035e-07 8.20286e-07 8.20286e-07 8.20286e-07 8.20286e-07 8.21382e-07 8.21382e-07 8.21382e-07 8.21382e-07 8.05235e-07 8.05235e-07 8.05235e-07 8.05235e-07 8.06301e-07 8.06301e-07 8.06301e-07 8.06301e-07 7.82962e-07 7.82962e-07 7.82962e-07 7.82962e-07 7.83984e-07 7.83984e-07 7.83984e-07 7.83984e-07 7.53749e-07 7.53749e-07 7.53749e-07 7.53749e-07 7.54715e-07 7.54715e-07 7.54715e-07 7.54715e-07 7.17956e-07 7.17956e-07 7.17956e-07 7.17956e-07 7.18854e-07 7.18854e-07 7.18854e-07 7.18854e-07 6.76016e-07 6.76016e-07 6.76016e-07 6.76016e-07 6.76835e-07 6.76835e-07 6.76835e-07 6.76835e-07 6.28419e-07 6.28419e-07 6.28419e-07 6.28419e-07 6.2915e-07 6.2915e-07 6.2915e-07 6.2915e-07 5.75708e-07 5.75708e-07 5.75708e-07 5.75708e-07 5.76342e-07 5.76342e-07 5.76342e-07 5.76342e-07 5.18458e-07 5.18458e-07 5.18458e-07 5.18458e-07 5.18989e-07 5.18989e-07 5.18989e-07 5.18989e-07 4.57273e-07 4.57273e-07 4.57273e-07 4.57273e-07 4.57698e-07 4.57698e-07 4.57698e-07 4.57698e-07 3.92759e-07 3.92759e-07 3.92759e-07 3.92759e-07 3.93085e-07 3.93085e-07 3.93085e-07 3.93085e-07 3.25565e-07 3.25565e-07 3.25565e-07 3.25565e-07 3.25787e-07 3.25787e-07 3.25787e-07 3.25787e-07 2.56241e-07 2.56241e-07 2.56241e-07 2.56241e-07 2.56416e-07 2.56416e-07 2.56416e-07 2.56416e-07 1.85801e-07 1.85801e-07 1.85801e-07 1.85801e-07 1.85817e-07 1.85817e-07 1.85817e-07 1.85817e-07 1.14998e-07 1.14998e-07 1.14998e-07 1.14998e-07 1.15117e-07 1.15117e-07 1.15117e-07 1.15117e-07 4.77943e-08 4.77943e-08 4.77943e-08 4.77943e-08 4.77628e-08 4.77628e-08 4.77628e-08 4.77628e-08 1.05938e-07 1.05938e-07 1.05938e-07 1.05938e-07 1.72252e-07 1.72252e-07 1.72252e-07 1.72252e-07 2.74043e-07 2.74043e-07 2.74043e-07 2.74043e-07 4.42663e-07 4.42663e-07 4.42663e-07 4.42663e-07 4.40528e-07 4.40528e-07 4.40528e-07 4.40528e-07 7.12015e-07 7.12015e-07 7.12015e-07 7.12015e-07 6.07809e-07 6.07809e-07 6.07809e-07 6.07809e-07 9.82374e-07 9.82374e-07 9.82374e-07 9.82374e-07 7.70611e-07 7.70611e-07 7.70611e-07 7.70611e-07 1.24525e-06 1.24525e-06 1.24525e-06 1.24525e-06 9.27523e-07 9.27523e-07 9.27523e-07 9.27523e-07 1.49839e-06 1.49839e-06 1.49839e-06 1.49839e-06 1.07695e-06 1.07695e-06 1.07695e-06 1.07695e-06 1.7392e-06 1.7392e-06 1.7392e-06 1.7392e-06 1.21754e-06 1.21754e-06 1.21754e-06 1.21754e-06 1.96554e-06 1.96554e-06 1.96554e-06 1.96554e-06 1.34801e-06 1.34801e-06 1.34801e-06 1.34801e-06 2.17537e-06 2.17537e-06 2.17537e-06 2.17537e-06 1.46719e-06 1.46719e-06 1.46719e-06 1.46719e-06 2.36684e-06 2.36684e-06 2.36684e-06 2.36684e-06 1.574e-06 1.574e-06 1.574e-06 1.574e-06 2.53826e-06 2.53826e-06 2.53826e-06 2.53826e-06 1.66745e-06 1.66745e-06 1.66745e-06 1.66745e-06 2.68811e-06 2.68811e-06 2.68811e-06 2.68811e-06 1.74669e-06 1.74669e-06 1.74669e-06 1.74669e-06 2.81507e-06 2.81507e-06 2.81507e-06 2.81507e-06 1.81098e-06 1.81098e-06 1.81098e-06 1.81098e-06 2.91802e-06 2.91802e-06 2.91802e-06 2.91802e-06 1.85972e-06 1.85972e-06 1.85972e-06 1.85972e-06 2.99603e-06 2.99603e-06 2.99603e-06 2.99603e-06 1.89245e-06 1.89245e-06 1.89245e-06 1.89245e-06 3.04841e-06 3.04841e-06 3.04841e-06 3.04841e-06 1.90887e-06 1.90887e-06 1.90887e-06 1.90887e-06 3.07471e-06 3.07471e-06 3.07471e-06 3.07471e-06 1.90881e-06 1.90881e-06 1.90881e-06 1.90881e-06 3.07468e-06 3.07468e-06 3.07468e-06 3.07468e-06 1.89229e-06 1.89229e-06 1.89229e-06 1.89229e-06 3.04832e-06 3.04832e-06 3.04832e-06 3.04832e-06 1.85946e-06 1.85946e-06 1.85946e-06 1.85946e-06 2.99588e-06 2.99588e-06 2.99588e-06 2.99588e-06 1.81063e-06 1.81063e-06 1.81063e-06 1.81063e-06 2.91781e-06 2.91781e-06 2.91781e-06 2.91781e-06 1.74626e-06 1.74626e-06 1.74626e-06 1.74626e-06 2.81482e-06 2.81482e-06 2.81482e-06 2.81482e-06 1.66695e-06 1.66695e-06 1.66695e-06 1.66695e-06 2.68782e-06 2.68782e-06 2.68782e-06 2.68782e-06 1.57344e-06 1.57344e-06 1.57344e-06 1.57344e-06 2.53794e-06 2.53794e-06 2.53794e-06 2.53794e-06 1.46658e-06 1.46658e-06 1.46658e-06 1.46658e-06 2.36649e-06 2.36649e-06 2.36649e-06 2.36649e-06 1.34737e-06 1.34737e-06 1.34737e-06 1.34737e-06 2.175e-06 2.175e-06 2.175e-06 2.175e-06 1.21687e-06 1.21687e-06 1.21687e-06 1.21687e-06 1.96517e-06 1.96517e-06 1.96517e-06 1.96517e-06 1.07629e-06 1.07629e-06 1.07629e-06 1.07629e-06 1.73884e-06 1.73884e-06 1.73884e-06 1.73884e-06 9.26892e-07 9.26892e-07 9.26892e-07 9.26892e-07 1.49805e-06 1.49805e-06 1.49805e-06 1.49805e-06 7.70038e-07 7.70038e-07 7.70038e-07 7.70038e-07 1.24496e-06 1.24496e-06 1.24496e-06 1.24496e-06 6.07307e-07 6.07307e-07 6.07307e-07 6.07307e-07 9.82148e-07 9.82148e-07 9.82148e-07 9.82148e-07 4.40159e-07 4.40159e-07 4.40159e-07 4.40159e-07 7.11927e-07 7.11927e-07 7.11927e-07 7.11927e-07 2.73506e-07 2.73506e-07 2.73506e-07 2.73506e-07 4.42464e-07 4.42464e-07 4.42464e-07 4.42464e-07 1.07838e-07 1.07838e-07 1.07838e-07 1.07838e-07 1.74607e-07 1.74607e-07 1.74607e-07 1.74607e-07 2.39877e-07 2.39877e-07 2.39877e-07 2.39877e-07 3.07345e-07 3.07345e-07 3.07345e-07 3.07345e-07 6.10017e-07 6.10017e-07 6.10017e-07 6.10017e-07 7.73174e-07 7.73174e-07 7.73174e-07 7.73174e-07 9.81444e-07 9.81444e-07 9.81444e-07 9.81444e-07 1.24403e-06 1.24403e-06 1.24403e-06 1.24403e-06 1.35396e-06 1.35396e-06 1.35396e-06 1.35396e-06 1.71597e-06 1.71597e-06 1.71597e-06 1.71597e-06 1.71614e-06 1.71614e-06 1.71614e-06 1.71614e-06 2.17486e-06 2.17486e-06 2.17486e-06 2.17486e-06 2.06479e-06 2.06479e-06 2.06479e-06 2.06479e-06 2.61655e-06 2.61655e-06 2.61655e-06 2.61655e-06 2.39638e-06 2.39638e-06 2.39638e-06 2.39638e-06 3.03659e-06 3.03659e-06 3.03659e-06 3.03659e-06 2.70794e-06 2.70794e-06 2.70794e-06 2.70794e-06 3.43121e-06 3.43121e-06 3.43121e-06 3.43121e-06 2.99669e-06 2.99669e-06 2.99669e-06 2.99669e-06 3.79689e-06 3.79689e-06 3.79689e-06 3.79689e-06 3.26009e-06 3.26009e-06 3.26009e-06 3.26009e-06 4.13043e-06 4.13043e-06 4.13043e-06 4.13043e-06 3.49584e-06 3.49584e-06 3.49584e-06 3.49584e-06 4.42891e-06 4.42891e-06 4.42891e-06 4.42891e-06 3.70187e-06 3.70187e-06 3.70187e-06 3.70187e-06 4.68974e-06 4.68974e-06 4.68974e-06 4.68974e-06 3.87639e-06 3.87639e-06 3.87639e-06 3.87639e-06 4.91065e-06 4.91065e-06 4.91065e-06 4.91065e-06 4.01787e-06 4.01787e-06 4.01787e-06 4.01787e-06 5.08973e-06 5.08973e-06 5.08973e-06 5.08973e-06 4.12507e-06 4.12507e-06 4.12507e-06 4.12507e-06 5.22541e-06 5.22541e-06 5.22541e-06 5.22541e-06 4.19705e-06 4.19705e-06 4.19705e-06 4.19705e-06 5.31652e-06 5.31652e-06 5.31652e-06 5.31652e-06 4.23319e-06 4.23319e-06 4.23319e-06 4.23319e-06 5.36226e-06 5.36226e-06 5.36226e-06 5.36226e-06 4.23317e-06 4.23317e-06 4.23317e-06 4.23317e-06 5.36225e-06 5.36225e-06 5.36225e-06 5.36225e-06 4.19699e-06 4.19699e-06 4.19699e-06 4.19699e-06 5.31647e-06 5.31647e-06 5.31647e-06 5.31647e-06 4.12496e-06 4.12496e-06 4.12496e-06 4.12496e-06 5.22534e-06 5.22534e-06 5.22534e-06 5.22534e-06 4.01773e-06 4.01773e-06 4.01773e-06 4.01773e-06 5.08963e-06 5.08963e-06 5.08963e-06 5.08963e-06 3.87622e-06 3.87622e-06 3.87622e-06 3.87622e-06 4.91054e-06 4.91054e-06 4.91054e-06 4.91054e-06 3.70168e-06 3.70168e-06 3.70168e-06 3.70168e-06 4.68961e-06 4.68961e-06 4.68961e-06 4.68961e-06 3.49563e-06 3.49563e-06 3.49563e-06 3.49563e-06 4.42877e-06 4.42877e-06 4.42877e-06 4.42877e-06 3.25987e-06 3.25987e-06 3.25987e-06 3.25987e-06 4.13028e-06 4.13028e-06 4.13028e-06 4.13028e-06 2.99646e-06 2.99646e-06 2.99646e-06 2.99646e-06 3.79674e-06 3.79674e-06 3.79674e-06 3.79674e-06 2.70771e-06 2.70771e-06 2.70771e-06 2.70771e-06 3.43106e-06 3.43106e-06 3.43106e-06 3.43106e-06 2.39616e-06 2.39616e-06 2.39616e-06 2.39616e-06 3.03646e-06 3.03646e-06 3.03646e-06 3.03646e-06 2.06459e-06 2.06459e-06 2.06459e-06 2.06459e-06 2.61645e-06 2.61645e-06 2.61645e-06 2.61645e-06 1.71599e-06 1.71599e-06 1.71599e-06 1.71599e-06 2.1748e-06 2.1748e-06 2.1748e-06 2.1748e-06 1.35388e-06 1.35388e-06 1.35388e-06 1.35388e-06 1.71598e-06 1.71598e-06 1.71598e-06 1.71598e-06 9.81509e-07 9.81509e-07 9.81509e-07 9.81509e-07 1.24419e-06 1.24419e-06 1.24419e-06 1.24419e-06 6.10023e-07 6.10023e-07 6.10023e-07 6.10023e-07 7.73324e-07 7.73324e-07 7.73324e-07 7.73324e-07 2.42412e-07 2.42412e-07 2.42412e-07 2.42412e-07 3.09954e-07 3.09954e-07 3.09954e-07 3.09954e-07 3.73813e-07 3.73813e-07 3.73813e-07 3.73813e-07 4.38548e-07 4.38548e-07 4.38548e-07 4.38548e-07 9.30341e-07 9.30341e-07 9.30341e-07 9.30341e-07 1.08003e-06 1.08003e-06 1.08003e-06 1.08003e-06 1.49682e-06 1.49682e-06 1.49682e-06 1.49682e-06 1.7374e-06 1.7374e-06 1.7374e-06 1.7374e-06 2.06435e-06 2.06435e-06 2.06435e-06 2.06435e-06 2.39574e-06 2.39574e-06 2.39574e-06 2.39574e-06 2.61625e-06 2.61625e-06 2.61625e-06 2.61625e-06 3.03606e-06 3.03606e-06 3.03606e-06 3.03606e-06 3.14745e-06 3.14745e-06 3.14745e-06 3.14745e-06 3.65236e-06 3.65236e-06 3.65236e-06 3.65236e-06 3.65259e-06 3.65259e-06 3.65259e-06 3.65259e-06 4.23841e-06 4.23841e-06 4.23841e-06 4.23841e-06 4.12713e-06 4.12713e-06 4.12713e-06 4.12713e-06 4.78895e-06 4.78895e-06 4.78895e-06 4.78895e-06 4.56684e-06 4.56684e-06 4.56684e-06 4.56684e-06 5.29906e-06 5.29906e-06 5.29906e-06 5.29906e-06 4.96788e-06 4.96788e-06 4.96788e-06 4.96788e-06 5.7643e-06 5.7643e-06 5.7643e-06 5.7643e-06 5.32675e-06 5.32675e-06 5.32675e-06 5.32675e-06 6.1806e-06 6.1806e-06 6.1806e-06 6.1806e-06 5.64033e-06 5.64033e-06 5.64033e-06 5.64033e-06 6.54435e-06 6.54435e-06 6.54435e-06 6.54435e-06 5.9059e-06 5.9059e-06 5.9059e-06 5.9059e-06 6.85242e-06 6.85242e-06 6.85242e-06 6.85242e-06 6.12118e-06 6.12118e-06 6.12118e-06 6.12118e-06 7.10212e-06 7.10212e-06 7.10212e-06 7.10212e-06 6.28428e-06 6.28428e-06 6.28428e-06 6.28428e-06 7.29131e-06 7.29131e-06 7.29131e-06 7.29131e-06 6.3938e-06 6.3938e-06 6.3938e-06 6.3938e-06 7.41834e-06 7.41834e-06 7.41834e-06 7.41834e-06 6.44879e-06 6.44879e-06 6.44879e-06 6.44879e-06 7.48214e-06 7.48214e-06 7.48214e-06 7.48214e-06 6.44878e-06 6.44878e-06 6.44878e-06 6.44878e-06 7.48213e-06 7.48213e-06 7.48213e-06 7.48213e-06 6.39377e-06 6.39377e-06 6.39377e-06 6.39377e-06 7.41832e-06 7.41832e-06 7.41832e-06 7.41832e-06 6.28423e-06 6.28423e-06 6.28423e-06 6.28423e-06 7.29127e-06 7.29127e-06 7.29127e-06 7.29127e-06 6.12111e-06 6.12111e-06 6.12111e-06 6.12111e-06 7.10207e-06 7.10207e-06 7.10207e-06 7.10207e-06 5.90582e-06 5.90582e-06 5.90582e-06 5.90582e-06 6.85236e-06 6.85236e-06 6.85236e-06 6.85236e-06 5.64024e-06 5.64024e-06 5.64024e-06 5.64024e-06 6.54429e-06 6.54429e-06 6.54429e-06 6.54429e-06 5.32665e-06 5.32665e-06 5.32665e-06 5.32665e-06 6.18053e-06 6.18053e-06 6.18053e-06 6.18053e-06 4.96778e-06 4.96778e-06 4.96778e-06 4.96778e-06 5.76423e-06 5.76423e-06 5.76423e-06 5.76423e-06 4.56674e-06 4.56674e-06 4.56674e-06 4.56674e-06 5.299e-06 5.299e-06 5.299e-06 5.299e-06 4.12703e-06 4.12703e-06 4.12703e-06 4.12703e-06 4.78889e-06 4.78889e-06 4.78889e-06 4.78889e-06 3.65251e-06 3.65251e-06 3.65251e-06 3.65251e-06 4.23837e-06 4.23837e-06 4.23837e-06 4.23837e-06 3.1474e-06 3.1474e-06 3.1474e-06 3.1474e-06 3.65235e-06 3.65235e-06 3.65235e-06 3.65235e-06 2.61625e-06 2.61625e-06 2.61625e-06 2.61625e-06 3.03611e-06 3.03611e-06 3.03611e-06 3.03611e-06 2.06442e-06 2.06442e-06 2.06442e-06 2.06442e-06 2.39586e-06 2.39586e-06 2.39586e-06 2.39586e-06 1.49706e-06 1.49706e-06 1.49706e-06 1.49706e-06 1.73769e-06 1.73769e-06 1.73769e-06 1.73769e-06 9.30596e-07 9.30596e-07 9.30596e-07 9.30596e-07 1.08036e-06 1.08036e-06 1.08036e-06 1.08036e-06 3.76423e-07 3.76423e-07 3.76423e-07 3.76423e-07 4.41079e-07 4.41079e-07 4.41079e-07 4.41079e-07 5.00827e-07 5.00827e-07 5.00827e-07 5.00827e-07 5.59903e-07 5.59903e-07 5.59903e-07 5.59903e-07 1.2209e-06 1.2209e-06 1.2209e-06 1.2209e-06 1.3517e-06 1.3517e-06 1.3517e-06 1.3517e-06 1.96359e-06 1.96359e-06 1.96359e-06 1.96359e-06 2.17336e-06 2.17336e-06 2.17336e-06 2.17336e-06 2.70714e-06 2.70714e-06 2.70714e-06 2.70714e-06 2.99578e-06 2.99578e-06 2.99578e-06 2.99578e-06 3.43048e-06 3.43048e-06 3.43048e-06 3.43048e-06 3.796e-06 3.796e-06 3.796e-06 3.796e-06 4.12667e-06 4.12667e-06 4.12667e-06 4.12667e-06 4.5662e-06 4.5662e-06 4.5662e-06 4.5662e-06 4.78872e-06 4.78872e-06 4.78872e-06 4.78872e-06 5.29863e-06 5.29863e-06 5.29863e-06 5.29863e-06 5.41063e-06 5.41063e-06 5.41063e-06 5.41063e-06 5.98666e-06 5.98666e-06 5.98666e-06 5.98666e-06 5.98687e-06 5.98687e-06 5.98687e-06 5.98687e-06 6.62417e-06 6.62417e-06 6.62417e-06 6.62417e-06 6.51241e-06 6.51241e-06 6.51241e-06 6.51241e-06 7.20557e-06 7.20557e-06 7.20557e-06 7.20557e-06 6.98266e-06 6.98266e-06 6.98266e-06 6.98266e-06 7.72581e-06 7.72581e-06 7.72581e-06 7.72581e-06 7.39355e-06 7.39355e-06 7.39355e-06 7.39355e-06 8.18037e-06 8.18037e-06 8.18037e-06 8.18037e-06 7.74152e-06 7.74152e-06 7.74152e-06 7.74152e-06 8.56532e-06 8.56532e-06 8.56532e-06 8.56532e-06 8.02357e-06 8.02357e-06 8.02357e-06 8.02357e-06 8.87734e-06 8.87734e-06 8.87734e-06 8.87734e-06 8.23727e-06 8.23727e-06 8.23727e-06 8.23727e-06 9.11374e-06 9.11374e-06 9.11374e-06 9.11374e-06 8.38076e-06 8.38076e-06 8.38076e-06 8.38076e-06 9.27248e-06 9.27248e-06 9.27248e-06 9.27248e-06 8.45281e-06 8.45281e-06 8.45281e-06 8.45281e-06 9.35219e-06 9.35219e-06 9.35219e-06 9.35219e-06 8.45281e-06 8.45281e-06 8.45281e-06 8.45281e-06 9.35218e-06 9.35218e-06 9.35218e-06 9.35218e-06 8.38074e-06 8.38074e-06 8.38074e-06 8.38074e-06 9.27247e-06 9.27247e-06 9.27247e-06 9.27247e-06 8.23724e-06 8.23724e-06 8.23724e-06 8.23724e-06 9.11372e-06 9.11372e-06 9.11372e-06 9.11372e-06 8.02354e-06 8.02354e-06 8.02354e-06 8.02354e-06 8.87731e-06 8.87731e-06 8.87731e-06 8.87731e-06 7.74148e-06 7.74148e-06 7.74148e-06 7.74148e-06 8.56529e-06 8.56529e-06 8.56529e-06 8.56529e-06 7.39351e-06 7.39351e-06 7.39351e-06 7.39351e-06 8.18034e-06 8.18034e-06 8.18034e-06 8.18034e-06 6.98262e-06 6.98262e-06 6.98262e-06 6.98262e-06 7.72578e-06 7.72578e-06 7.72578e-06 7.72578e-06 6.51237e-06 6.51237e-06 6.51237e-06 6.51237e-06 7.20555e-06 7.20555e-06 7.20555e-06 7.20555e-06 5.98684e-06 5.98684e-06 5.98684e-06 5.98684e-06 6.62416e-06 6.62416e-06 6.62416e-06 6.62416e-06 5.4106e-06 5.4106e-06 5.4106e-06 5.4106e-06 5.98666e-06 5.98666e-06 5.98666e-06 5.98666e-06 4.7887e-06 4.7887e-06 4.7887e-06 4.7887e-06 5.29864e-06 5.29864e-06 5.29864e-06 5.29864e-06 4.12669e-06 4.12669e-06 4.12669e-06 4.12669e-06 4.56623e-06 4.56623e-06 4.56623e-06 4.56623e-06 3.43054e-06 3.43054e-06 3.43054e-06 3.43054e-06 3.79607e-06 3.79607e-06 3.79607e-06 3.79607e-06 2.70728e-06 2.70728e-06 2.70728e-06 2.70728e-06 2.99592e-06 2.99592e-06 2.99592e-06 2.99592e-06 1.96389e-06 1.96389e-06 1.96389e-06 1.96389e-06 2.17364e-06 2.17364e-06 2.17364e-06 2.17364e-06 1.22126e-06 1.22126e-06 1.22126e-06 1.22126e-06 1.35203e-06 1.35203e-06 1.35203e-06 1.35203e-06 5.03154e-07 5.03154e-07 5.03154e-07 5.03154e-07 5.61826e-07 5.61826e-07 5.61826e-07 5.61826e-07 6.15006e-07 6.15006e-07 6.15006e-07 6.15006e-07 6.65337e-07 6.65337e-07 6.65337e-07 6.65337e-07 1.47125e-06 1.47125e-06 1.47125e-06 1.47125e-06 1.57846e-06 1.57846e-06 1.57846e-06 1.57846e-06 2.36486e-06 2.36486e-06 2.36486e-06 2.36486e-06 2.5364e-06 2.5364e-06 2.5364e-06 2.5364e-06 3.25913e-06 3.25913e-06 3.25913e-06 3.25913e-06 3.49489e-06 3.49489e-06 3.49489e-06 3.49489e-06 4.12942e-06 4.12942e-06 4.12942e-06 4.12942e-06 4.42785e-06 4.42785e-06 4.42785e-06 4.42785e-06 4.96709e-06 4.96709e-06 4.96709e-06 4.96709e-06 5.32586e-06 5.32586e-06 5.32586e-06 5.32586e-06 5.76369e-06 5.76369e-06 5.76369e-06 5.76369e-06 6.17986e-06 6.17986e-06 6.17986e-06 6.17986e-06 6.51201e-06 6.51201e-06 6.51201e-06 6.51201e-06 6.9821e-06 6.9821e-06 6.9821e-06 6.9821e-06 7.20538e-06 7.20538e-06 7.20538e-06 7.20538e-06 7.72544e-06 7.72544e-06 7.72544e-06 7.72544e-06 7.83772e-06 7.83772e-06 7.83772e-06 7.83772e-06 8.40335e-06 8.40335e-06 8.40335e-06 8.40335e-06 8.40353e-06 8.40353e-06 8.40353e-06 8.40353e-06 9.00994e-06 9.00994e-06 9.00994e-06 9.00994e-06 8.89791e-06 8.89791e-06 8.89791e-06 8.89791e-06 9.53995e-06 9.53995e-06 9.53995e-06 9.53995e-06 9.31658e-06 9.31658e-06 9.31658e-06 9.31658e-06 9.98879e-06 9.98879e-06 9.98879e-06 9.98879e-06 9.65594e-06 9.65594e-06 9.65594e-06 9.65594e-06 1.03526e-05 1.03526e-05 1.03526e-05 1.03526e-05 9.91304e-06 9.91304e-06 9.91304e-06 9.91304e-06 1.06282e-05 1.06282e-05 1.06282e-05 1.06282e-05 1.00857e-05 1.00857e-05 1.00857e-05 1.00857e-05 1.08133e-05 1.08133e-05 1.08133e-05 1.08133e-05 1.01724e-05 1.01724e-05 1.01724e-05 1.01724e-05 1.09063e-05 1.09063e-05 1.09063e-05 1.09063e-05 1.01724e-05 1.01724e-05 1.01724e-05 1.01724e-05 1.09063e-05 1.09063e-05 1.09063e-05 1.09063e-05 1.00857e-05 1.00857e-05 1.00857e-05 1.00857e-05 1.08133e-05 1.08133e-05 1.08133e-05 1.08133e-05 9.91303e-06 9.91303e-06 9.91303e-06 9.91303e-06 1.06282e-05 1.06282e-05 1.06282e-05 1.06282e-05 9.65592e-06 9.65592e-06 9.65592e-06 9.65592e-06 1.03526e-05 1.03526e-05 1.03526e-05 1.03526e-05 9.31657e-06 9.31657e-06 9.31657e-06 9.31657e-06 9.98878e-06 9.98878e-06 9.98878e-06 9.98878e-06 8.89789e-06 8.89789e-06 8.89789e-06 8.89789e-06 9.53994e-06 9.53994e-06 9.53994e-06 9.53994e-06 8.40352e-06 8.40352e-06 8.40352e-06 8.40352e-06 9.00994e-06 9.00994e-06 9.00994e-06 9.00994e-06 7.83771e-06 7.83771e-06 7.83771e-06 7.83771e-06 8.40335e-06 8.40335e-06 8.40335e-06 8.40335e-06 7.20537e-06 7.20537e-06 7.20537e-06 7.20537e-06 7.72545e-06 7.72545e-06 7.72545e-06 7.72545e-06 6.51201e-06 6.51201e-06 6.51201e-06 6.51201e-06 6.98211e-06 6.98211e-06 6.98211e-06 6.98211e-06 5.76371e-06 5.76371e-06 5.76371e-06 5.76371e-06 6.17987e-06 6.17987e-06 6.17987e-06 6.17987e-06 4.96712e-06 4.96712e-06 4.96712e-06 4.96712e-06 5.32588e-06 5.32588e-06 5.32588e-06 5.32588e-06 4.12949e-06 4.12949e-06 4.12949e-06 4.12949e-06 4.42788e-06 4.42788e-06 4.42788e-06 4.42788e-06 3.25924e-06 3.25924e-06 3.25924e-06 3.25924e-06 3.49492e-06 3.49492e-06 3.49492e-06 3.49492e-06 2.36506e-06 2.36506e-06 2.36506e-06 2.36506e-06 2.53645e-06 2.53645e-06 2.53645e-06 2.53645e-06 1.47148e-06 1.47148e-06 1.47148e-06 1.47148e-06 1.57849e-06 1.57849e-06 1.57849e-06 1.57849e-06 6.16217e-07 6.16217e-07 6.16217e-07 6.16217e-07 6.65374e-07 6.65374e-07 6.65374e-07 6.65374e-07 7.10136e-07 7.10136e-07 7.10136e-07 7.10136e-07 7.48442e-07 7.48442e-07 7.48442e-07 7.48442e-07 1.67235e-06 1.67235e-06 1.67235e-06 1.67235e-06 1.75199e-06 1.75199e-06 1.75199e-06 1.75199e-06 2.68643e-06 2.68643e-06 2.68643e-06 2.68643e-06 2.81363e-06 2.81363e-06 2.81363e-06 2.81363e-06 3.70099e-06 3.70099e-06 3.70099e-06 3.70099e-06 3.87562e-06 3.87562e-06 3.87562e-06 3.87562e-06 4.68868e-06 4.68868e-06 4.68868e-06 4.68868e-06 4.90963e-06 4.90963e-06 4.90963e-06 4.90963e-06 5.63938e-06 5.63938e-06 5.63938e-06 5.63938e-06 5.90494e-06 5.90494e-06 5.90494e-06 5.90494e-06 6.54352e-06 6.54352e-06 6.54352e-06 6.54352e-06 6.85152e-06 6.85152e-06 6.85152e-06 6.85152e-06 7.39286e-06 7.39286e-06 7.39286e-06 7.39286e-06 7.74074e-06 7.74074e-06 7.74074e-06 7.74074e-06 8.17985e-06 8.17985e-06 8.17985e-06 8.17985e-06 8.56469e-06 8.56469e-06 8.56469e-06 8.56469e-06 8.89757e-06 8.89757e-06 8.89757e-06 8.89757e-06 9.31612e-06 9.31612e-06 9.31612e-06 9.31612e-06 9.53979e-06 9.53979e-06 9.53979e-06 9.53979e-06 9.98849e-06 9.98849e-06 9.98849e-06 9.98849e-06 1.01009e-05 1.01009e-05 1.01009e-05 1.01009e-05 1.0576e-05 1.0576e-05 1.0576e-05 1.0576e-05 1.05761e-05 1.05761e-05 1.05761e-05 1.05761e-05 1.10735e-05 1.10735e-05 1.10735e-05 1.10735e-05 1.09613e-05 1.09613e-05 1.09613e-05 1.09613e-05 1.14768e-05 1.14768e-05 1.14768e-05 1.14768e-05 1.12531e-05 1.12531e-05 1.12531e-05 1.12531e-05 1.17823e-05 1.17823e-05 1.17823e-05 1.17823e-05 1.14491e-05 1.14491e-05 1.14491e-05 1.14491e-05 1.19874e-05 1.19874e-05 1.19874e-05 1.19874e-05 1.15475e-05 1.15475e-05 1.15475e-05 1.15475e-05 1.20905e-05 1.20905e-05 1.20905e-05 1.20905e-05 1.15475e-05 1.15475e-05 1.15475e-05 1.15475e-05 1.20905e-05 1.20905e-05 1.20905e-05 1.20905e-05 1.14491e-05 1.14491e-05 1.14491e-05 1.14491e-05 1.19874e-05 1.19874e-05 1.19874e-05 1.19874e-05 1.12531e-05 1.12531e-05 1.12531e-05 1.12531e-05 1.17823e-05 1.17823e-05 1.17823e-05 1.17823e-05 1.09613e-05 1.09613e-05 1.09613e-05 1.09613e-05 1.14768e-05 1.14768e-05 1.14768e-05 1.14768e-05 1.05761e-05 1.05761e-05 1.05761e-05 1.05761e-05 1.10735e-05 1.10735e-05 1.10735e-05 1.10735e-05 1.01009e-05 1.01009e-05 1.01009e-05 1.01009e-05 1.0576e-05 1.0576e-05 1.0576e-05 1.0576e-05 9.53979e-06 9.53979e-06 9.53979e-06 9.53979e-06 9.98851e-06 9.98851e-06 9.98851e-06 9.98851e-06 8.89759e-06 8.89759e-06 8.89759e-06 8.89759e-06 9.31614e-06 9.31614e-06 9.31614e-06 9.31614e-06 8.17987e-06 8.17987e-06 8.17987e-06 8.17987e-06 8.56472e-06 8.56472e-06 8.56472e-06 8.56472e-06 7.39288e-06 7.39288e-06 7.39288e-06 7.39288e-06 7.74077e-06 7.74077e-06 7.74077e-06 7.74077e-06 6.54353e-06 6.54353e-06 6.54353e-06 6.54353e-06 6.85152e-06 6.85152e-06 6.85152e-06 6.85152e-06 5.63937e-06 5.63937e-06 5.63937e-06 5.63937e-06 5.9049e-06 5.9049e-06 5.9049e-06 5.9049e-06 4.68864e-06 4.68864e-06 4.68864e-06 4.68864e-06 4.9095e-06 4.9095e-06 4.9095e-06 4.9095e-06 3.70089e-06 3.70089e-06 3.70089e-06 3.70089e-06 3.87535e-06 3.87535e-06 3.87535e-06 3.87535e-06 2.68624e-06 2.68624e-06 2.68624e-06 2.68624e-06 2.81307e-06 2.81307e-06 2.81307e-06 2.81307e-06 1.67204e-06 1.67204e-06 1.67204e-06 1.67204e-06 1.75117e-06 1.75117e-06 1.75117e-06 1.75117e-06 7.08354e-07 7.08354e-07 7.08354e-07 7.08354e-07 7.43992e-07 7.43992e-07 7.43992e-07 7.43992e-07 7.80068e-07 7.80068e-07 7.80068e-07 7.80068e-07 8.01679e-07 8.01679e-07 8.01679e-07 8.01679e-07 1.81678e-06 1.81678e-06 1.81678e-06 1.81678e-06 1.86545e-06 1.86545e-06 1.86545e-06 1.86545e-06 2.91682e-06 2.91682e-06 2.91682e-06 2.91682e-06 2.99516e-06 2.99516e-06 2.99516e-06 2.99516e-06 4.01727e-06 4.01727e-06 4.01727e-06 4.01727e-06 4.12466e-06 4.12466e-06 4.12466e-06 4.12466e-06 5.0888e-06 5.0888e-06 5.0888e-06 5.0888e-06 5.2246e-06 5.2246e-06 5.2246e-06 5.2246e-06 6.12024e-06 6.12024e-06 6.12024e-06 6.12024e-06 6.28339e-06 6.28339e-06 6.28339e-06 6.28339e-06 7.1012e-06 7.1012e-06 7.1012e-06 7.1012e-06 7.29039e-06 7.29039e-06 7.29039e-06 7.29039e-06 8.02273e-06 8.02273e-06 8.02273e-06 8.02273e-06 8.2364e-06 8.2364e-06 8.2364e-06 8.2364e-06 8.87662e-06 8.87662e-06 8.87662e-06 8.87662e-06 9.11297e-06 9.11297e-06 9.11297e-06 9.11297e-06 9.65537e-06 9.65537e-06 9.65537e-06 9.65537e-06 9.91241e-06 9.91241e-06 9.91241e-06 9.91241e-06 1.03522e-05 1.03522e-05 1.03522e-05 1.03522e-05 1.06277e-05 1.06277e-05 1.06277e-05 1.06277e-05 1.0961e-05 1.0961e-05 1.0961e-05 1.0961e-05 1.12528e-05 1.12528e-05 1.12528e-05 1.12528e-05 1.14766e-05 1.14766e-05 1.14766e-05 1.14766e-05 1.17821e-05 1.17821e-05 1.17821e-05 1.17821e-05 1.18946e-05 1.18946e-05 1.18946e-05 1.18946e-05 1.22111e-05 1.22111e-05 1.22111e-05 1.22111e-05 1.22112e-05 1.22112e-05 1.22112e-05 1.22112e-05 1.25362e-05 1.25362e-05 1.25362e-05 1.25362e-05 1.24238e-05 1.24238e-05 1.24238e-05 1.24238e-05 1.27544e-05 1.27544e-05 1.27544e-05 1.27544e-05 1.25306e-05 1.25306e-05 1.25306e-05 1.25306e-05 1.2864e-05 1.2864e-05 1.2864e-05 1.2864e-05 1.25306e-05 1.25306e-05 1.25306e-05 1.25306e-05 1.2864e-05 1.2864e-05 1.2864e-05 1.2864e-05 1.24238e-05 1.24238e-05 1.24238e-05 1.24238e-05 1.27544e-05 1.27544e-05 1.27544e-05 1.27544e-05 1.22112e-05 1.22112e-05 1.22112e-05 1.22112e-05 1.25361e-05 1.25361e-05 1.25361e-05 1.25361e-05 1.18946e-05 1.18946e-05 1.18946e-05 1.18946e-05 1.22111e-05 1.22111e-05 1.22111e-05 1.22111e-05 1.14766e-05 1.14766e-05 1.14766e-05 1.14766e-05 1.17821e-05 1.17821e-05 1.17821e-05 1.17821e-05 1.0961e-05 1.0961e-05 1.0961e-05 1.0961e-05 1.12528e-05 1.12528e-05 1.12528e-05 1.12528e-05 1.03522e-05 1.03522e-05 1.03522e-05 1.03522e-05 1.06278e-05 1.06278e-05 1.06278e-05 1.06278e-05 9.65541e-06 9.65541e-06 9.65541e-06 9.65541e-06 9.91246e-06 9.91246e-06 9.91246e-06 9.91246e-06 8.87667e-06 8.87667e-06 8.87667e-06 8.87667e-06 9.11304e-06 9.11304e-06 9.11304e-06 9.11304e-06 8.02277e-06 8.02277e-06 8.02277e-06 8.02277e-06 8.23645e-06 8.23645e-06 8.23645e-06 8.23645e-06 7.1012e-06 7.1012e-06 7.1012e-06 7.1012e-06 7.29039e-06 7.29039e-06 7.29039e-06 7.29039e-06 6.12015e-06 6.12015e-06 6.12015e-06 6.12015e-06 6.28327e-06 6.28327e-06 6.28327e-06 6.28327e-06 5.08855e-06 5.08855e-06 5.08855e-06 5.08855e-06 5.22423e-06 5.22423e-06 5.22423e-06 5.22423e-06 4.01676e-06 4.01676e-06 4.01676e-06 4.01676e-06 4.12388e-06 4.12388e-06 4.12388e-06 4.12388e-06 2.91579e-06 2.91579e-06 2.91579e-06 2.91579e-06 2.99358e-06 2.99358e-06 2.99358e-06 2.99358e-06 1.81528e-06 1.81528e-06 1.81528e-06 1.81528e-06 1.86308e-06 1.86308e-06 1.86308e-06 1.86308e-06 7.7187e-07 7.7187e-07 7.7187e-07 7.7187e-07 7.89063e-07 7.89063e-07 7.89063e-07 7.89063e-07 8.21875e-07 8.21875e-07 8.21875e-07 8.21875e-07 8.33908e-07 8.33908e-07 8.33908e-07 8.33908e-07 1.90008e-06 1.90008e-06 1.90008e-06 1.90008e-06 1.91222e-06 1.91222e-06 1.91222e-06 1.91222e-06 3.04773e-06 3.04773e-06 3.04773e-06 3.04773e-06 3.07489e-06 3.07489e-06 3.07489e-06 3.07489e-06 4.19688e-06 4.19688e-06 4.19688e-06 4.19688e-06 4.2331e-06 4.2331e-06 4.2331e-06 4.2331e-06 5.31583e-06 5.31583e-06 5.31583e-06 5.31583e-06 5.36171e-06 5.36171e-06 5.36171e-06 5.36171e-06 6.39298e-06 6.39298e-06 6.39298e-06 6.39298e-06 6.44803e-06 6.44803e-06 6.44803e-06 6.44803e-06 7.41745e-06 7.41745e-06 7.41745e-06 7.41745e-06 7.48127e-06 7.48127e-06 7.48127e-06 7.48127e-06 8.37988e-06 8.37988e-06 8.37988e-06 8.37988e-06 8.45195e-06 8.45195e-06 8.45195e-06 8.45195e-06 9.27168e-06 9.27168e-06 9.27168e-06 9.27168e-06 9.35139e-06 9.35139e-06 9.35139e-06 9.35139e-06 1.0085e-05 1.0085e-05 1.0085e-05 1.0085e-05 1.01717e-05 1.01717e-05 1.01717e-05 1.01717e-05 1.08128e-05 1.08128e-05 1.08128e-05 1.08128e-05 1.09057e-05 1.09057e-05 1.09057e-05 1.09057e-05 1.14487e-05 1.14487e-05 1.14487e-05 1.14487e-05 1.1547e-05 1.1547e-05 1.1547e-05 1.1547e-05 1.19872e-05 1.19872e-05 1.19872e-05 1.19872e-05 1.20902e-05 1.20902e-05 1.20902e-05 1.20902e-05 1.24237e-05 1.24237e-05 1.24237e-05 1.24237e-05 1.25304e-05 1.25304e-05 1.25304e-05 1.25304e-05 1.27544e-05 1.27544e-05 1.27544e-05 1.27544e-05 1.28639e-05 1.28639e-05 1.28639e-05 1.28639e-05 1.29764e-05 1.29764e-05 1.29764e-05 1.29764e-05 1.30879e-05 1.30879e-05 1.30879e-05 1.30879e-05 1.30879e-05 1.30879e-05 1.30879e-05 1.30879e-05 1.32004e-05 1.32004e-05 1.32004e-05 1.32004e-05 1.30879e-05 1.30879e-05 1.30879e-05 1.30879e-05 1.32003e-05 1.32003e-05 1.32003e-05 1.32003e-05 1.29764e-05 1.29764e-05 1.29764e-05 1.29764e-05 1.30879e-05 1.30879e-05 1.30879e-05 1.30879e-05 1.27543e-05 1.27543e-05 1.27543e-05 1.27543e-05 1.28639e-05 1.28639e-05 1.28639e-05 1.28639e-05 1.24237e-05 1.24237e-05 1.24237e-05 1.24237e-05 1.25304e-05 1.25304e-05 1.25304e-05 1.25304e-05 1.19872e-05 1.19872e-05 1.19872e-05 1.19872e-05 1.20902e-05 1.20902e-05 1.20902e-05 1.20902e-05 1.14487e-05 1.14487e-05 1.14487e-05 1.14487e-05 1.15471e-05 1.15471e-05 1.15471e-05 1.15471e-05 1.08128e-05 1.08128e-05 1.08128e-05 1.08128e-05 1.09058e-05 1.09058e-05 1.09058e-05 1.09058e-05 1.00851e-05 1.00851e-05 1.00851e-05 1.00851e-05 1.01718e-05 1.01718e-05 1.01718e-05 1.01718e-05 9.27177e-06 9.27177e-06 9.27177e-06 9.27177e-06 9.35149e-06 9.35149e-06 9.35149e-06 9.35149e-06 8.37995e-06 8.37995e-06 8.37995e-06 8.37995e-06 8.45202e-06 8.45202e-06 8.45202e-06 8.45202e-06 7.41745e-06 7.41745e-06 7.41745e-06 7.41745e-06 7.48127e-06 7.48127e-06 7.48127e-06 7.48127e-06 6.39282e-06 6.39282e-06 6.39282e-06 6.39282e-06 6.44784e-06 6.44784e-06 6.44784e-06 6.44784e-06 5.31535e-06 5.31535e-06 5.31535e-06 5.31535e-06 5.36117e-06 5.36117e-06 5.36117e-06 5.36117e-06 4.19588e-06 4.19588e-06 4.19588e-06 4.19588e-06 4.23192e-06 4.23192e-06 4.23192e-06 4.23192e-06 3.04558e-06 3.04558e-06 3.04558e-06 3.04558e-06 3.07255e-06 3.07255e-06 3.07255e-06 3.07255e-06 1.89716e-06 1.89716e-06 1.89716e-06 1.89716e-06 1.90798e-06 1.90798e-06 1.90798e-06 1.90798e-06 8.02521e-07 8.02521e-07 8.02521e-07 8.02521e-07 8.21443e-07 8.21443e-07 8.21443e-07 8.21443e-07 
SCALARS velocity_H1_cell_error double 1
LOOKUP_TABLE default
4.19377e-05 4.19377e-05 4.19377e-05 4.19377e-05 4.19183e-05 4.19183e-05 4.19183e-05 4.19183e-05 4.29308e-05 4.29308e-05 4.29308e-05 4.29308e-05 4.29228e-05 4.29228e-05 4.29228e-05 4.29228e-05 4.39248e-05 4.39248e-05 4.39248e-05 4.39248e-05 4.39085e-05 4.39085e-05 4.39085e-05 4.39085e-05 4.46069e-05 4.46069e-05 4.46069e-05 4.46069e-05 4.45653e-05 4.45653e-05 4.45653e-05 4.45653e-05 4.49703e-05 4.49703e-05 4.49703e-05 4.49703e-05 4.49153e-05 4.49153e-05 4.49153e-05 4.49153e-05 4.50521e-05 4.50521e-05 4.50521e-05 4.50521e-05 4.49961e-05 4.49961e-05 4.49961e-05 4.49961e-05 4.48858e-05 4.48858e-05 4.48858e-05 4.48858e-05 4.48378e-05 4.48378e-05 4.48378e-05 4.48378e-05 4.44963e-05 4.44963e-05 4.44963e-05 4.44963e-05 4.44622e-05 4.44622e-05 4.44622e-05 4.44622e-05 4.39038e-05 4.39038e-05 4.39038e-05 4.39038e-05 4.38879e-05 4.38879e-05 4.38879e-05 4.38879e-05 4.31273e-05 4.31273e-05 4.31273e-05 4.31273e-05 4.31333e-05 4.31333e-05 4.31333e-05 4.31333e-05 4.21881e-05 4.21881e-05 4.21881e-05 4.21881e-05 4.22195e-05 4.22195e-05 4.22195e-05 4.22195e-05 4.11114e-05 4.11114e-05 4.11114e-05 4.11114e-05 4.11714e-05 4.11714e-05 4.11714e-05 4.11714e-05 3.99273e-05 3.99273e-05 3.99273e-05 3.99273e-05 4.00187e-05 4.00187e-05 4.00187e-05 4.00187e-05 3.86714e-05 3.86714e-05 3.86714e-05 3.86714e-05 3.87959e-05 3.87959e-05 3.87959e-05 3.87959e-05 3.73847e-05 3.73847e-05 3.73847e-05 3.73847e-05 3.7543e-05 3.7543e-05 3.7543e-05 3.7543e-05 3.61137e-05 3.61137e-05 3.61137e-05 3.61137e-05 3.63043e-05 3.63043e-05 3.63043e-05 3.63043e-05 3.49089e-05 3.49089e-05 3.49089e-05 3.49089e-05 3.51281e-05 3.51281e-05 3.51281e-05 3.51281e-05 3.38233e-05 3.38233e-05 3.38233e-05 3.38233e-05 3.40647e-05 3.40647e-05 3.40647e-05 3.40647e-05 3.29094e-05 3.29094e-05 3.29094e-05 3.29094e-05 3.31639e-05 3.31639e-05 3.31639e-05 3.31639e-05 3.22152e-05 3.22152e-05 3.22152e-05 3.22152e-05 3.24715e-05 3.24715e-05 3.24715e-05 3.24715e-05 3.17795e-05 3.17795e-05 3.17795e-05 3.17795e-05 3.20245e-05 3.20245e-05 3.20245e-05 3.20245e-05 3.16267e-05 3.16267e-05 3.16267e-05 3.16267e-05 3.18475e-05 3.18475e-05 3.18475e-05 3.18475e-05 3.17642e-05 3.17642e-05 3.17642e-05 3.17642e-05 3.19489e-05 3.19489e-05 3.19489e-05 3.19489e-05 3.21808e-05 3.21808e-05 3.21808e-05 3.21808e-05 3.23204e-05 3.23204e-05 3.23204e-05 3.23204e-05 3.28489e-05 3.28489e-05 3.28489e-05 3.28489e-05 3.29377e-05 3.29377e-05 3.29377e-05 3.29377e-05 3.37284e-05 3.37284e-05 3.37284e-05 3.37284e-05 3.37644e-05 3.37644e-05 3.37644e-05 3.37644e-05 3.47715e-05 3.47715e-05 3.47715e-05 3.47715e-05 3.47561e-05 3.47561e-05 3.47561e-05 3.47561e-05 3.59271e-05 3.59271e-05 3.59271e-05 3.59271e-05 3.58644e-05 3.58644e-05 3.58644e-05 3.58644e-05 3.71427e-05 3.71427e-05 3.71427e-05 3.71427e-05 3.70393e-05 3.70393e-05 3.70393e-05 3.70393e-05 3.83634e-05 3.83634e-05 3.83634e-05 3.83634e-05 3.82287e-05 3.82287e-05 3.82287e-05 3.82287e-05 3.95243e-05 3.95243e-05 3.95243e-05 3.95243e-05 3.93724e-05 3.93724e-05 3.93724e-05 3.93724e-05 4.05333e-05 4.05333e-05 4.05333e-05 4.05333e-05 4.03855e-05 4.03855e-05 4.03855e-05 4.03855e-05 4.12533e-05 4.12533e-05 4.12533e-05 4.12533e-05 4.11395e-05 4.11395e-05 4.11395e-05 4.11395e-05 4.15248e-05 4.15248e-05 4.15248e-05 4.15248e-05 4.14292e-05 4.14292e-05 4.14292e-05 4.14292e-05 4.17117e-05 4.17117e-05 4.17117e-05 4.17117e-05 4.13828e-05 4.13828e-05 4.13828e-05 4.13828e-05 4.27151e-05 4.27151e-05 4.27151e-05 4.27151e-05 4.24055e-05 4.24055e-05 4.24055e-05 4.24055e-05 4.3706e-05 4.3706e-05 4.3706e-05 4.3706e-05 4.34026e-05 4.34026e-05 4.34026e-05 4.34026e-05 4.43814e-05 4.43814e-05 4.43814e-05 4.43814e-05 4.41043e-05 4.41043e-05 4.41043e-05 4.41043e-05 4.47557e-05 4.47557e-05 4.47557e-05 4.47557e-05 4.45187e-05 4.45187e-05 4.45187e-05 4.45187e-05 4.4867e-05 4.4867e-05 4.4867e-05 4.4867e-05 4.46793e-05 4.46793e-05 4.46793e-05 4.46793e-05 4.47445e-05 4.47445e-05 4.47445e-05 4.47445e-05 4.46122e-05 4.46122e-05 4.46122e-05 4.46122e-05 4.44088e-05 4.44088e-05 4.44088e-05 4.44088e-05 4.43364e-05 4.43364e-05 4.43364e-05 4.43364e-05 4.38776e-05 4.38776e-05 4.38776e-05 4.38776e-05 4.38677e-05 4.38677e-05 4.38677e-05 4.38677e-05 4.31686e-05 4.31686e-05 4.31686e-05 4.31686e-05 4.32223e-05 4.32223e-05 4.32223e-05 4.32223e-05 4.23019e-05 4.23019e-05 4.23019e-05 4.23019e-05 4.24188e-05 4.24188e-05 4.24188e-05 4.24188e-05 4.13013e-05 4.13013e-05 4.13013e-05 4.13013e-05 4.14795e-05 4.14795e-05 4.14795e-05 4.14795e-05 4.01951e-05 4.01951e-05 4.01951e-05 4.01951e-05 4.0431e-05 4.0431e-05 4.0431e-05 4.0431e-05 3.90164e-05 3.90164e-05 3.90164e-05 3.90164e-05 3.93046e-05 3.93046e-05 3.93046e-05 3.93046e-05 3.78031e-05 3.78031e-05 3.78031e-05 3.78031e-05 3.81363e-05 3.81363e-05 3.81363e-05 3.81363e-05 3.65976e-05 3.65976e-05 3.65976e-05 3.65976e-05 3.69665e-05 3.69665e-05 3.69665e-05 3.69665e-05 3.54456e-05 3.54456e-05 3.54456e-05 3.54456e-05 3.58392e-05 3.58392e-05 3.58392e-05 3.58392e-05 3.43955e-05 3.43955e-05 3.43955e-05 3.43955e-05 3.48004e-05 3.48004e-05 3.48004e-05 3.48004e-05 3.3495e-05 3.3495e-05 3.3495e-05 3.3495e-05 3.38967e-05 3.38967e-05 3.38967e-05 3.38967e-05 3.27886e-05 3.27886e-05 3.27886e-05 3.27886e-05 3.31713e-05 3.31713e-05 3.31713e-05 3.31713e-05 3.23134e-05 3.23134e-05 3.23134e-05 3.23134e-05 3.26613e-05 3.26613e-05 3.26613e-05 3.26613e-05 3.20948e-05 3.20948e-05 3.20948e-05 3.20948e-05 3.23933e-05 3.23933e-05 3.23933e-05 3.23933e-05 3.21439e-05 3.21439e-05 3.21439e-05 3.21439e-05 3.23805e-05 3.23805e-05 3.23805e-05 3.23805e-05 3.24556e-05 3.24556e-05 3.24556e-05 3.24556e-05 3.26214e-05 3.26214e-05 3.26214e-05 3.26214e-05 3.30096e-05 3.30096e-05 3.30096e-05 3.30096e-05 3.30996e-05 3.30996e-05 3.30996e-05 3.30996e-05 3.37735e-05 3.37735e-05 3.37735e-05 3.37735e-05 3.37866e-05 3.37866e-05 3.37866e-05 3.37866e-05 3.47061e-05 3.47061e-05 3.47061e-05 3.47061e-05 3.46453e-05 3.46453e-05 3.46453e-05 3.46453e-05 3.5762e-05 3.5762e-05 3.5762e-05 3.5762e-05 3.56332e-05 3.56332e-05 3.56332e-05 3.56332e-05 3.68936e-05 3.68936e-05 3.68936e-05 3.68936e-05 3.67052e-05 3.67052e-05 3.67052e-05 3.67052e-05 3.80509e-05 3.80509e-05 3.80509e-05 3.80509e-05 3.78128e-05 3.78128e-05 3.78128e-05 3.78128e-05 3.91753e-05 3.91753e-05 3.91753e-05 3.91753e-05 3.88979e-05 3.88979e-05 3.88979e-05 3.88979e-05 4.0181e-05 4.0181e-05 4.0181e-05 4.0181e-05 3.98746e-05 3.98746e-05 3.98746e-05 3.98746e-05 4.09309e-05 4.09309e-05 4.09309e-05 4.09309e-05 4.06097e-05 4.06097e-05 4.06097e-05 4.06097e-05 4.12206e-05 4.12206e-05 4.12206e-05 4.12206e-05 4.09248e-05 4.09248e-05 4.09248e-05 4.09248e-05 4.09459e-05 4.09459e-05 4.09459e-05 4.09459e-05 4.04184e-05 4.04184e-05 4.04184e-05 4.04184e-05 4.19962e-05 4.19962e-05 4.19962e-05 4.19962e-05 4.15008e-05 4.15008e-05 4.15008e-05 4.15008e-05 4.30089e-05 4.30089e-05 4.30089e-05 4.30089e-05 4.25369e-05 4.25369e-05 4.25369e-05 4.25369e-05 4.37454e-05 4.37454e-05 4.37454e-05 4.37454e-05 4.33166e-05 4.33166e-05 4.33166e-05 4.33166e-05 4.42122e-05 4.42122e-05 4.42122e-05 4.42122e-05 4.38463e-05 4.38463e-05 4.38463e-05 4.38463e-05 4.44375e-05 4.44375e-05 4.44375e-05 4.44375e-05 4.41486e-05 4.41486e-05 4.41486e-05 4.41486e-05 4.44426e-05 4.44426e-05 4.44426e-05 4.44426e-05 4.42397e-05 4.42397e-05 4.42397e-05 4.42397e-05 4.42434e-05 4.42434e-05 4.42434e-05 4.42434e-05 4.41312e-05 4.41312e-05 4.41312e-05 4.41312e-05 4.38534e-05 4.38534e-05 4.38534e-05 4.38534e-05 4.38337e-05 4.38337e-05 4.38337e-05 4.38337e-05 4.32868e-05 4.32868e-05 4.32868e-05 4.32868e-05 4.33589e-05 4.33589e-05 4.33589e-05 4.33589e-05 4.25604e-05 4.25604e-05 4.25604e-05 4.25604e-05 4.27215e-05 4.27215e-05 4.27215e-05 4.27215e-05 4.16945e-05 4.16945e-05 4.16945e-05 4.16945e-05 4.19403e-05 4.19403e-05 4.19403e-05 4.19403e-05 4.07142e-05 4.07142e-05 4.07142e-05 4.07142e-05 4.10385e-05 4.10385e-05 4.10385e-05 4.10385e-05 3.9649e-05 3.9649e-05 3.9649e-05 3.9649e-05 4.00441e-05 4.00441e-05 4.00441e-05 4.00441e-05 3.85333e-05 3.85333e-05 3.85333e-05 3.85333e-05 3.89894e-05 3.89894e-05 3.89894e-05 3.89894e-05 3.74055e-05 3.74055e-05 3.74055e-05 3.74055e-05 3.79109e-05 3.79109e-05 3.79109e-05 3.79109e-05 3.63076e-05 3.63076e-05 3.63076e-05 3.63076e-05 3.68486e-05 3.68486e-05 3.68486e-05 3.68486e-05 3.52838e-05 3.52838e-05 3.52838e-05 3.52838e-05 3.58442e-05 3.58442e-05 3.58442e-05 3.58442e-05 3.43785e-05 3.43785e-05 3.43785e-05 3.43785e-05 3.494e-05 3.494e-05 3.494e-05 3.494e-05 3.36339e-05 3.36339e-05 3.36339e-05 3.36339e-05 3.41761e-05 3.41761e-05 3.41761e-05 3.41761e-05 3.30862e-05 3.30862e-05 3.30862e-05 3.30862e-05 3.35879e-05 3.35879e-05 3.35879e-05 3.35879e-05 3.27629e-05 3.27629e-05 3.27629e-05 3.27629e-05 3.3203e-05 3.3203e-05 3.3203e-05 3.3203e-05 3.26791e-05 3.26791e-05 3.26791e-05 3.26791e-05 3.30385e-05 3.30385e-05 3.30385e-05 3.30385e-05 3.28366e-05 3.28366e-05 3.28366e-05 3.28366e-05 3.30995e-05 3.30995e-05 3.30995e-05 3.30995e-05 3.32234e-05 3.32234e-05 3.32234e-05 3.32234e-05 3.33787e-05 3.33787e-05 3.33787e-05 3.33787e-05 3.38157e-05 3.38157e-05 3.38157e-05 3.38157e-05 3.38577e-05 3.38577e-05 3.38577e-05 3.38577e-05 3.45806e-05 3.45806e-05 3.45806e-05 3.45806e-05 3.45091e-05 3.45091e-05 3.45091e-05 3.45091e-05 3.54797e-05 3.54797e-05 3.54797e-05 3.54797e-05 3.52993e-05 3.52993e-05 3.52993e-05 3.52993e-05 3.64709e-05 3.64709e-05 3.64709e-05 3.64709e-05 3.61905e-05 3.61905e-05 3.61905e-05 3.61905e-05 3.75083e-05 3.75083e-05 3.75083e-05 3.75083e-05 3.71401e-05 3.71401e-05 3.71401e-05 3.71401e-05 3.85356e-05 3.85356e-05 3.85356e-05 3.85356e-05 3.80961e-05 3.80961e-05 3.80961e-05 3.80961e-05 3.94712e-05 3.94712e-05 3.94712e-05 3.94712e-05 3.89828e-05 3.89828e-05 3.89828e-05 3.89828e-05 4.01911e-05 4.01911e-05 4.01911e-05 4.01911e-05 3.96863e-05 3.96863e-05 3.96863e-05 3.96863e-05 4.05396e-05 4.05396e-05 4.05396e-05 4.05396e-05 4.00713e-05 4.00713e-05 4.00713e-05 4.00713e-05 3.98189e-05 3.98189e-05 3.98189e-05 3.98189e-05 3.91688e-05 3.91688e-05 3.91688e-05 3.91688e-05 4.09349e-05 4.09349e-05 4.09349e-05 4.09349e-05 4.03175e-05 4.03175e-05 4.03175e-05 4.03175e-05 4.20004e-05 4.20004e-05 4.20004e-05 4.20004e-05 4.14162e-05 4.14162e-05 4.14162e-05 4.14162e-05 4.28309e-05 4.28309e-05 4.28309e-05 4.28309e-05 4.23032e-05 4.23032e-05 4.23032e-05 4.23032e-05 4.3432e-05 4.3432e-05 4.3432e-05 4.3432e-05 4.29826e-05 4.29826e-05 4.29826e-05 4.29826e-05 4.38215e-05 4.38215e-05 4.38215e-05 4.38215e-05 4.34669e-05 4.34669e-05 4.34669e-05 4.34669e-05 4.40096e-05 4.40096e-05 4.40096e-05 4.40096e-05 4.37602e-05 4.37602e-05 4.37602e-05 4.37602e-05 4.40033e-05 4.40033e-05 4.40033e-05 4.40033e-05 4.38646e-05 4.38646e-05 4.38646e-05 4.38646e-05 4.38095e-05 4.38095e-05 4.38095e-05 4.38095e-05 4.37831e-05 4.37831e-05 4.37831e-05 4.37831e-05 4.34374e-05 4.34374e-05 4.34374e-05 4.34374e-05 4.3522e-05 4.3522e-05 4.3522e-05 4.3522e-05 4.28995e-05 4.28995e-05 4.28995e-05 4.28995e-05 4.30917e-05 4.30917e-05 4.30917e-05 4.30917e-05 4.22127e-05 4.22127e-05 4.22127e-05 4.22127e-05 4.25069e-05 4.25069e-05 4.25069e-05 4.25069e-05 4.13986e-05 4.13986e-05 4.13986e-05 4.13986e-05 4.17872e-05 4.17872e-05 4.17872e-05 4.17872e-05 4.04831e-05 4.04831e-05 4.04831e-05 4.04831e-05 4.09567e-05 4.09567e-05 4.09567e-05 4.09567e-05 3.94968e-05 3.94968e-05 3.94968e-05 3.94968e-05 4.00439e-05 4.00439e-05 4.00439e-05 4.00439e-05 3.8474e-05 3.8474e-05 3.8474e-05 3.8474e-05 3.90807e-05 3.90807e-05 3.90807e-05 3.90807e-05 3.74521e-05 3.74521e-05 3.74521e-05 3.74521e-05 3.81019e-05 3.81019e-05 3.81019e-05 3.81019e-05 3.64703e-05 3.64703e-05 3.64703e-05 3.64703e-05 3.7144e-05 3.7144e-05 3.7144e-05 3.7144e-05 3.55683e-05 3.55683e-05 3.55683e-05 3.55683e-05 3.62441e-05 3.62441e-05 3.62441e-05 3.62441e-05 3.47842e-05 3.47842e-05 3.47842e-05 3.47842e-05 3.54381e-05 3.54381e-05 3.54381e-05 3.54381e-05 3.4152e-05 3.4152e-05 3.4152e-05 3.4152e-05 3.47586e-05 3.47586e-05 3.47586e-05 3.47586e-05 3.36993e-05 3.36993e-05 3.36993e-05 3.36993e-05 3.42334e-05 3.42334e-05 3.42334e-05 3.42334e-05 3.34452e-05 3.34452e-05 3.34452e-05 3.34452e-05 3.3883e-05 3.3883e-05 3.3883e-05 3.3883e-05 3.33982e-05 3.33982e-05 3.33982e-05 3.33982e-05 3.37195e-05 3.37195e-05 3.37195e-05 3.37195e-05 3.3556e-05 3.3556e-05 3.3556e-05 3.3556e-05 3.37456e-05 3.37456e-05 3.37456e-05 3.37456e-05 3.39061e-05 3.39061e-05 3.39061e-05 3.39061e-05 3.3955e-05 3.3955e-05 3.3955e-05 3.3955e-05 3.44272e-05 3.44272e-05 3.44272e-05 3.44272e-05 3.43332e-05 3.43332e-05 3.43332e-05 3.43332e-05 3.50917e-05 3.50917e-05 3.50917e-05 3.50917e-05 3.48591e-05 3.48591e-05 3.48591e-05 3.48591e-05 3.58669e-05 3.58669e-05 3.58669e-05 3.58669e-05 3.55062e-05 3.55062e-05 3.55062e-05 3.55062e-05 3.67151e-05 3.67151e-05 3.67151e-05 3.67151e-05 3.62424e-05 3.62424e-05 3.62424e-05 3.62424e-05 3.75891e-05 3.75891e-05 3.75891e-05 3.75891e-05 3.70261e-05 3.70261e-05 3.70261e-05 3.70261e-05 3.84204e-05 3.84204e-05 3.84204e-05 3.84204e-05 3.77968e-05 3.77968e-05 3.77968e-05 3.77968e-05 3.9106e-05 3.9106e-05 3.9106e-05 3.9106e-05 3.84636e-05 3.84636e-05 3.84636e-05 3.84636e-05 3.95303e-05 3.95303e-05 3.95303e-05 3.95303e-05 3.89305e-05 3.89305e-05 3.89305e-05 3.89305e-05 3.84914e-05 3.84914e-05 3.84914e-05 3.84914e-05 3.78122e-05 3.78122e-05 3.78122e-05 3.78122e-05 3.96702e-05 3.96702e-05 3.96702e-05 3.96702e-05 3.90165e-05 3.90165e-05 3.90165e-05 3.90165e-05 4.08038e-05 4.08038e-05 4.08038e-05 4.08038e-05 4.01844e-05 4.01844e-05 4.01844e-05 4.01844e-05 4.17507e-05 4.17507e-05 4.17507e-05 4.17507e-05 4.11925e-05 4.11925e-05 4.11925e-05 4.11925e-05 4.25128e-05 4.25128e-05 4.25128e-05 4.25128e-05 4.20387e-05 4.20387e-05 4.20387e-05 4.20387e-05 4.30966e-05 4.30966e-05 4.30966e-05 4.30966e-05 4.27238e-05 4.27238e-05 4.27238e-05 4.27238e-05 4.35005e-05 4.35005e-05 4.35005e-05 4.35005e-05 4.324e-05 4.324e-05 4.324e-05 4.324e-05 4.3721e-05 4.3721e-05 4.3721e-05 4.3721e-05 4.35787e-05 4.35787e-05 4.35787e-05 4.35787e-05 4.37573e-05 4.37573e-05 4.37573e-05 4.37573e-05 4.3735e-05 4.3735e-05 4.3735e-05 4.3735e-05 4.36127e-05 4.36127e-05 4.36127e-05 4.36127e-05 4.3709e-05 4.3709e-05 4.3709e-05 4.3709e-05 4.3295e-05 4.3295e-05 4.3295e-05 4.3295e-05 4.35057e-05 4.35057e-05 4.35057e-05 4.35057e-05 4.28168e-05 4.28168e-05 4.28168e-05 4.28168e-05 4.31357e-05 4.31357e-05 4.31357e-05 4.31357e-05 4.21956e-05 4.21956e-05 4.21956e-05 4.21956e-05 4.26143e-05 4.26143e-05 4.26143e-05 4.26143e-05 4.14535e-05 4.14535e-05 4.14535e-05 4.14535e-05 4.19613e-05 4.19613e-05 4.19613e-05 4.19613e-05 4.06167e-05 4.06167e-05 4.06167e-05 4.06167e-05 4.12005e-05 4.12005e-05 4.12005e-05 4.12005e-05 3.97147e-05 3.97147e-05 3.97147e-05 3.97147e-05 4.03592e-05 4.03592e-05 4.03592e-05 4.03592e-05 3.87796e-05 3.87796e-05 3.87796e-05 3.87796e-05 3.94671e-05 3.94671e-05 3.94671e-05 3.94671e-05 3.78455e-05 3.78455e-05 3.78455e-05 3.78455e-05 3.85556e-05 3.85556e-05 3.85556e-05 3.85556e-05 3.69467e-05 3.69467e-05 3.69467e-05 3.69467e-05 3.76568e-05 3.76568e-05 3.76568e-05 3.76568e-05 3.61172e-05 3.61172e-05 3.61172e-05 3.61172e-05 3.68025e-05 3.68025e-05 3.68025e-05 3.68025e-05 3.53882e-05 3.53882e-05 3.53882e-05 3.53882e-05 3.60228e-05 3.60228e-05 3.60228e-05 3.60228e-05 3.47873e-05 3.47873e-05 3.47873e-05 3.47873e-05 3.53451e-05 3.53451e-05 3.53451e-05 3.53451e-05 3.43367e-05 3.43367e-05 3.43367e-05 3.43367e-05 3.47927e-05 3.47927e-05 3.47927e-05 3.47927e-05 3.40515e-05 3.40515e-05 3.40515e-05 3.40515e-05 3.4384e-05 3.4384e-05 3.4384e-05 3.4384e-05 3.39395e-05 3.39395e-05 3.39395e-05 3.39395e-05 3.41314e-05 3.41314e-05 3.41314e-05 3.41314e-05 3.40007e-05 3.40007e-05 3.40007e-05 3.40007e-05 3.40409e-05 3.40409e-05 3.40409e-05 3.40409e-05 3.42275e-05 3.42275e-05 3.42275e-05 3.42275e-05 3.41122e-05 3.41122e-05 3.41122e-05 3.41122e-05 3.46061e-05 3.46061e-05 3.46061e-05 3.46061e-05 3.43387e-05 3.43387e-05 3.43387e-05 3.43387e-05 3.51166e-05 3.51166e-05 3.51166e-05 3.51166e-05 3.47078e-05 3.47078e-05 3.47078e-05 3.47078e-05 3.57331e-05 3.57331e-05 3.57331e-05 3.57331e-05 3.52004e-05 3.52004e-05 3.52004e-05 3.52004e-05 3.64207e-05 3.64207e-05 3.64207e-05 3.64207e-05 3.57888e-05 3.57888e-05 3.57888e-05 3.57888e-05 3.71273e-05 3.71273e-05 3.71273e-05 3.71273e-05 3.64299e-05 3.64299e-05 3.64299e-05 3.64299e-05 3.7775e-05 3.7775e-05 3.7775e-05 3.7775e-05 3.70593e-05 3.70593e-05 3.70593e-05 3.70593e-05 3.82878e-05 3.82878e-05 3.82878e-05 3.82878e-05 3.76206e-05 3.76206e-05 3.76206e-05 3.76206e-05 3.71572e-05 3.71572e-05 3.71572e-05 3.71572e-05 3.65525e-05 3.65525e-05 3.65525e-05 3.65525e-05 3.8381e-05 3.8381e-05 3.8381e-05 3.8381e-05 3.77884e-05 3.77884e-05 3.77884e-05 3.77884e-05 3.95805e-05 3.95805e-05 3.95805e-05 3.95805e-05 3.90148e-05 3.90148e-05 3.90148e-05 3.90148e-05 4.06481e-05 4.06481e-05 4.06481e-05 4.06481e-05 4.01379e-05 4.01379e-05 4.01379e-05 4.01379e-05 4.1577e-05 4.1577e-05 4.1577e-05 4.1577e-05 4.11448e-05 4.11448e-05 4.11448e-05 4.11448e-05 4.23617e-05 4.23617e-05 4.23617e-05 4.23617e-05 4.20238e-05 4.20238e-05 4.20238e-05 4.20238e-05 4.29885e-05 4.29885e-05 4.29885e-05 4.29885e-05 4.27558e-05 4.27558e-05 4.27558e-05 4.27558e-05 4.34439e-05 4.34439e-05 4.34439e-05 4.34439e-05 4.33225e-05 4.33225e-05 4.33225e-05 4.33225e-05 4.37188e-05 4.37188e-05 4.37188e-05 4.37188e-05 4.37108e-05 4.37108e-05 4.37108e-05 4.37108e-05 4.38099e-05 4.38099e-05 4.38099e-05 4.38099e-05 4.39144e-05 4.39144e-05 4.39144e-05 4.39144e-05 4.37199e-05 4.37199e-05 4.37199e-05 4.37199e-05 4.39331e-05 4.39331e-05 4.39331e-05 4.39331e-05 4.34567e-05 4.34567e-05 4.34567e-05 4.34567e-05 4.37725e-05 4.37725e-05 4.37725e-05 4.37725e-05 4.30334e-05 4.30334e-05 4.30334e-05 4.30334e-05 4.34433e-05 4.34433e-05 4.34433e-05 4.34433e-05 4.24677e-05 4.24677e-05 4.24677e-05 4.24677e-05 4.29611e-05 4.29611e-05 4.29611e-05 4.29611e-05 4.17812e-05 4.17812e-05 4.17812e-05 4.17812e-05 4.23452e-05 4.23452e-05 4.23452e-05 4.23452e-05 4.09987e-05 4.09987e-05 4.09987e-05 4.09987e-05 4.16182e-05 4.16182e-05 4.16182e-05 4.16182e-05 4.01476e-05 4.01476e-05 4.01476e-05 4.01476e-05 4.08053e-05 4.08053e-05 4.08053e-05 4.08053e-05 3.9257e-05 3.9257e-05 3.9257e-05 3.9257e-05 3.99335e-05 3.99335e-05 3.99335e-05 3.99335e-05 3.83568e-05 3.83568e-05 3.83568e-05 3.83568e-05 3.90308e-05 3.90308e-05 3.90308e-05 3.90308e-05 3.7477e-05 3.7477e-05 3.7477e-05 3.7477e-05 3.81253e-05 3.81253e-05 3.81253e-05 3.81253e-05 3.66465e-05 3.66465e-05 3.66465e-05 3.66465e-05 3.72449e-05 3.72449e-05 3.72449e-05 3.72449e-05 3.58925e-05 3.58925e-05 3.58925e-05 3.58925e-05 3.64168e-05 3.64168e-05 3.64168e-05 3.64168e-05 3.52394e-05 3.52394e-05 3.52394e-05 3.52394e-05 3.56663e-05 3.56663e-05 3.56663e-05 3.56663e-05 3.47084e-05 3.47084e-05 3.47084e-05 3.47084e-05 3.50169e-05 3.50169e-05 3.50169e-05 3.50169e-05 3.43161e-05 3.43161e-05 3.43161e-05 3.43161e-05 3.44894e-05 3.44894e-05 3.44894e-05 3.44894e-05 3.40745e-05 3.40745e-05 3.40745e-05 3.40745e-05 3.41012e-05 3.41012e-05 3.41012e-05 3.41012e-05 3.39903e-05 3.39903e-05 3.39903e-05 3.39903e-05 3.38656e-05 3.38656e-05 3.38656e-05 3.38656e-05 3.40642e-05 3.40642e-05 3.40642e-05 3.40642e-05 3.3791e-05 3.3791e-05 3.3791e-05 3.3791e-05 3.42912e-05 3.42912e-05 3.42912e-05 3.42912e-05 3.38798e-05 3.38798e-05 3.38798e-05 3.38798e-05 3.46596e-05 3.46596e-05 3.46596e-05 3.46596e-05 3.41275e-05 3.41275e-05 3.41275e-05 3.41275e-05 3.51488e-05 3.51488e-05 3.51488e-05 3.51488e-05 3.45209e-05 3.45209e-05 3.45209e-05 3.45209e-05 3.57252e-05 3.57252e-05 3.57252e-05 3.57252e-05 3.50359e-05 3.50359e-05 3.50359e-05 3.50359e-05 3.63379e-05 3.63379e-05 3.63379e-05 3.63379e-05 3.56344e-05 3.56344e-05 3.56344e-05 3.56344e-05 3.6949e-05 3.6949e-05 3.6949e-05 3.6949e-05 3.6295e-05 3.6295e-05 3.6295e-05 3.6295e-05 3.60227e-05 3.60227e-05 3.60227e-05 3.60227e-05 3.55898e-05 3.55898e-05 3.55898e-05 3.55898e-05 3.72627e-05 3.72627e-05 3.72627e-05 3.72627e-05 3.68256e-05 3.68256e-05 3.68256e-05 3.68256e-05 3.85094e-05 3.85094e-05 3.85094e-05 3.85094e-05 3.80847e-05 3.80847e-05 3.80847e-05 3.80847e-05 3.96811e-05 3.96811e-05 3.96811e-05 3.96811e-05 3.92956e-05 3.92956e-05 3.92956e-05 3.92956e-05 4.07581e-05 4.07581e-05 4.07581e-05 4.07581e-05 4.04318e-05 4.04318e-05 4.04318e-05 4.04318e-05 4.17227e-05 4.17227e-05 4.17227e-05 4.17227e-05 4.14697e-05 4.14697e-05 4.14697e-05 4.14697e-05 4.25507e-05 4.25507e-05 4.25507e-05 4.25507e-05 4.23812e-05 4.23812e-05 4.23812e-05 4.23812e-05 4.32197e-05 4.32197e-05 4.32197e-05 4.32197e-05 4.314e-05 4.314e-05 4.314e-05 4.314e-05 4.3713e-05 4.3713e-05 4.3713e-05 4.3713e-05 4.37262e-05 4.37262e-05 4.37262e-05 4.37262e-05 4.4021e-05 4.4021e-05 4.4021e-05 4.4021e-05 4.41274e-05 4.41274e-05 4.41274e-05 4.41274e-05 4.41409e-05 4.41409e-05 4.41409e-05 4.41409e-05 4.43382e-05 4.43382e-05 4.43382e-05 4.43382e-05 4.40759e-05 4.40759e-05 4.40759e-05 4.40759e-05 4.43595e-05 4.43595e-05 4.43595e-05 4.43595e-05 4.38345e-05 4.38345e-05 4.38345e-05 4.38345e-05 4.41974e-05 4.41974e-05 4.41974e-05 4.41974e-05 4.343e-05 4.343e-05 4.343e-05 4.343e-05 4.38631e-05 4.38631e-05 4.38631e-05 4.38631e-05 4.28795e-05 4.28795e-05 4.28795e-05 4.28795e-05 4.33717e-05 4.33717e-05 4.33717e-05 4.33717e-05 4.22037e-05 4.22037e-05 4.22037e-05 4.22037e-05 4.27418e-05 4.27418e-05 4.27418e-05 4.27418e-05 4.14257e-05 4.14257e-05 4.14257e-05 4.14257e-05 4.19946e-05 4.19946e-05 4.19946e-05 4.19946e-05 4.05703e-05 4.05703e-05 4.05703e-05 4.05703e-05 4.11531e-05 4.11531e-05 4.11531e-05 4.11531e-05 3.96638e-05 3.96638e-05 3.96638e-05 3.96638e-05 4.0242e-05 4.0242e-05 4.0242e-05 4.0242e-05 3.8733e-05 3.8733e-05 3.8733e-05 3.8733e-05 3.92869e-05 3.92869e-05 3.92869e-05 3.92869e-05 3.78049e-05 3.78049e-05 3.78049e-05 3.78049e-05 3.83141e-05 3.83141e-05 3.83141e-05 3.83141e-05 3.69063e-05 3.69063e-05 3.69063e-05 3.69063e-05 3.73504e-05 3.73504e-05 3.73504e-05 3.73504e-05 3.60638e-05 3.60638e-05 3.60638e-05 3.60638e-05 3.64231e-05 3.64231e-05 3.64231e-05 3.64231e-05 3.53028e-05 3.53028e-05 3.53028e-05 3.53028e-05 3.55599e-05 3.55599e-05 3.55599e-05 3.55599e-05 3.46478e-05 3.46478e-05 3.46478e-05 3.46478e-05 3.47884e-05 3.47884e-05 3.47884e-05 3.47884e-05 3.41214e-05 3.41214e-05 3.41214e-05 3.41214e-05 3.41359e-05 3.41359e-05 3.41359e-05 3.41359e-05 3.37431e-05 3.37431e-05 3.37431e-05 3.37431e-05 3.36278e-05 3.36278e-05 3.36278e-05 3.36278e-05 3.35285e-05 3.35285e-05 3.35285e-05 3.35285e-05 3.32863e-05 3.32863e-05 3.32863e-05 3.32863e-05 3.34872e-05 3.34872e-05 3.34872e-05 3.34872e-05 3.31279e-05 3.31279e-05 3.31279e-05 3.31279e-05 3.3622e-05 3.3622e-05 3.3622e-05 3.3622e-05 3.31621e-05 3.31621e-05 3.31621e-05 3.31621e-05 3.39269e-05 3.39269e-05 3.39269e-05 3.39269e-05 3.33893e-05 3.33893e-05 3.33893e-05 3.33893e-05 3.43863e-05 3.43863e-05 3.43863e-05 3.43863e-05 3.38017e-05 3.38017e-05 3.38017e-05 3.38017e-05 3.4974e-05 3.4974e-05 3.4974e-05 3.4974e-05 3.43825e-05 3.43825e-05 3.43825e-05 3.43825e-05 3.5682e-05 3.5682e-05 3.5682e-05 3.5682e-05 3.51336e-05 3.51336e-05 3.51336e-05 3.51336e-05 3.52716e-05 3.52716e-05 3.52716e-05 3.52716e-05 3.50806e-05 3.50806e-05 3.50806e-05 3.50806e-05 3.64953e-05 3.64953e-05 3.64953e-05 3.64953e-05 3.62854e-05 3.62854e-05 3.62854e-05 3.62854e-05 3.7758e-05 3.7758e-05 3.7758e-05 3.7758e-05 3.75428e-05 3.75428e-05 3.75428e-05 3.75428e-05 3.89967e-05 3.89967e-05 3.89967e-05 3.89967e-05 3.87964e-05 3.87964e-05 3.87964e-05 3.87964e-05 4.01784e-05 4.01784e-05 4.01784e-05 4.01784e-05 4.00078e-05 4.00078e-05 4.00078e-05 4.00078e-05 4.12746e-05 4.12746e-05 4.12746e-05 4.12746e-05 4.11445e-05 4.11445e-05 4.11445e-05 4.11445e-05 4.22536e-05 4.22536e-05 4.22536e-05 4.22536e-05 4.21725e-05 4.21725e-05 4.21725e-05 4.21725e-05 4.30865e-05 4.30865e-05 4.30865e-05 4.30865e-05 4.3061e-05 4.3061e-05 4.3061e-05 4.3061e-05 4.37506e-05 4.37506e-05 4.37506e-05 4.37506e-05 4.37853e-05 4.37853e-05 4.37853e-05 4.37853e-05 4.4231e-05 4.4231e-05 4.4231e-05 4.4231e-05 4.43282e-05 4.43282e-05 4.43282e-05 4.43282e-05 4.45198e-05 4.45198e-05 4.45198e-05 4.45198e-05 4.46797e-05 4.46797e-05 4.46797e-05 4.46797e-05 4.46156e-05 4.46156e-05 4.46156e-05 4.46156e-05 4.48362e-05 4.48362e-05 4.48362e-05 4.48362e-05 4.45224e-05 4.45224e-05 4.45224e-05 4.45224e-05 4.47997e-05 4.47997e-05 4.47997e-05 4.47997e-05 4.42493e-05 4.42493e-05 4.42493e-05 4.42493e-05 4.45773e-05 4.45773e-05 4.45773e-05 4.45773e-05 4.38094e-05 4.38094e-05 4.38094e-05 4.38094e-05 4.41801e-05 4.41801e-05 4.41801e-05 4.41801e-05 4.32192e-05 4.32192e-05 4.32192e-05 4.32192e-05 4.36228e-05 4.36228e-05 4.36228e-05 4.36228e-05 4.24983e-05 4.24983e-05 4.24983e-05 4.24983e-05 4.29233e-05 4.29233e-05 4.29233e-05 4.29233e-05 4.1668e-05 4.1668e-05 4.1668e-05 4.1668e-05 4.21016e-05 4.21016e-05 4.21016e-05 4.21016e-05 4.07518e-05 4.07518e-05 4.07518e-05 4.07518e-05 4.11799e-05 4.11799e-05 4.11799e-05 4.11799e-05 3.9774e-05 3.9774e-05 3.9774e-05 3.9774e-05 4.01819e-05 4.01819e-05 4.01819e-05 4.01819e-05 3.87606e-05 3.87606e-05 3.87606e-05 3.87606e-05 3.91332e-05 3.91332e-05 3.91332e-05 3.91332e-05 3.77385e-05 3.77385e-05 3.77385e-05 3.77385e-05 3.8061e-05 3.8061e-05 3.8061e-05 3.8061e-05 3.6736e-05 3.6736e-05 3.6736e-05 3.6736e-05 3.69945e-05 3.69945e-05 3.69945e-05 3.69945e-05 3.57824e-05 3.57824e-05 3.57824e-05 3.57824e-05 3.59651e-05 3.59651e-05 3.59651e-05 3.59651e-05 3.49087e-05 3.49087e-05 3.49087e-05 3.49087e-05 3.50061e-05 3.50061e-05 3.50061e-05 3.50061e-05 3.4146e-05 3.4146e-05 3.4146e-05 3.4146e-05 3.41527e-05 3.41527e-05 3.41527e-05 3.41527e-05 3.35252e-05 3.35252e-05 3.35252e-05 3.35252e-05 3.34402e-05 3.34402e-05 3.34402e-05 3.34402e-05 3.30743e-05 3.30743e-05 3.30743e-05 3.30743e-05 3.29019e-05 3.29019e-05 3.29019e-05 3.29019e-05 3.28163e-05 3.28163e-05 3.28163e-05 3.28163e-05 3.25659e-05 3.25659e-05 3.25659e-05 3.25659e-05 3.27663e-05 3.27663e-05 3.27663e-05 3.27663e-05 3.24523e-05 3.24523e-05 3.24523e-05 3.24523e-05 3.29304e-05 3.29304e-05 3.29304e-05 3.29304e-05 3.2571e-05 3.2571e-05 3.2571e-05 3.2571e-05 3.33066e-05 3.33066e-05 3.33066e-05 3.33066e-05 3.29239e-05 3.29239e-05 3.29239e-05 3.29239e-05 3.38852e-05 3.38852e-05 3.38852e-05 3.38852e-05 3.3505e-05 3.3505e-05 3.3505e-05 3.3505e-05 3.46732e-05 3.46732e-05 3.46732e-05 3.46732e-05 3.43219e-05 3.43219e-05 3.43219e-05 3.43219e-05 3.50234e-05 3.50234e-05 3.50234e-05 3.50234e-05 3.51e-05 3.51e-05 3.51e-05 3.51e-05 3.62041e-05 3.62041e-05 3.62041e-05 3.62041e-05 3.62533e-05 3.62533e-05 3.62533e-05 3.62533e-05 3.74475e-05 3.74475e-05 3.74475e-05 3.74475e-05 3.74753e-05 3.74753e-05 3.74753e-05 3.74753e-05 3.87022e-05 3.87022e-05 3.87022e-05 3.87022e-05 3.87172e-05 3.87172e-05 3.87172e-05 3.87172e-05 3.99259e-05 3.99259e-05 3.99259e-05 3.99259e-05 3.99353e-05 3.99353e-05 3.99353e-05 3.99353e-05 4.10837e-05 4.10837e-05 4.10837e-05 4.10837e-05 4.10935e-05 4.10935e-05 4.10935e-05 4.10935e-05 4.21402e-05 4.21402e-05 4.21402e-05 4.21402e-05 4.21567e-05 4.21567e-05 4.21567e-05 4.21567e-05 4.30637e-05 4.30637e-05 4.30637e-05 4.30637e-05 4.3093e-05 4.3093e-05 4.3093e-05 4.3093e-05 4.38282e-05 4.38282e-05 4.38282e-05 4.38282e-05 4.3876e-05 4.3876e-05 4.3876e-05 4.3876e-05 4.44147e-05 4.44147e-05 4.44147e-05 4.44147e-05 4.44857e-05 4.44857e-05 4.44857e-05 4.44857e-05 4.48116e-05 4.48116e-05 4.48116e-05 4.48116e-05 4.49088e-05 4.49088e-05 4.49088e-05 4.49088e-05 4.50131e-05 4.50131e-05 4.50131e-05 4.50131e-05 4.51381e-05 4.51381e-05 4.51381e-05 4.51381e-05 4.50196e-05 4.50196e-05 4.50196e-05 4.50196e-05 4.51722e-05 4.51722e-05 4.51722e-05 4.51722e-05 4.48359e-05 4.48359e-05 4.48359e-05 4.48359e-05 4.50143e-05 4.50143e-05 4.50143e-05 4.50143e-05 4.44716e-05 4.44716e-05 4.44716e-05 4.44716e-05 4.46722e-05 4.46722e-05 4.46722e-05 4.46722e-05 4.39397e-05 4.39397e-05 4.39397e-05 4.39397e-05 4.41574e-05 4.41574e-05 4.41574e-05 4.41574e-05 4.32564e-05 4.32564e-05 4.32564e-05 4.32564e-05 4.34848e-05 4.34848e-05 4.34848e-05 4.34848e-05 4.24406e-05 4.24406e-05 4.24406e-05 4.24406e-05 4.26724e-05 4.26724e-05 4.26724e-05 4.26724e-05 4.15136e-05 4.15136e-05 4.15136e-05 4.15136e-05 4.17405e-05 4.17405e-05 4.17405e-05 4.17405e-05 4.04985e-05 4.04985e-05 4.04985e-05 4.04985e-05 4.07122e-05 4.07122e-05 4.07122e-05 4.07122e-05 3.94208e-05 3.94208e-05 3.94208e-05 3.94208e-05 3.96131e-05 3.96131e-05 3.96131e-05 3.96131e-05 3.83083e-05 3.83083e-05 3.83083e-05 3.83083e-05 3.84716e-05 3.84716e-05 3.84716e-05 3.84716e-05 3.71912e-05 3.71912e-05 3.71912e-05 3.71912e-05 3.73191e-05 3.73191e-05 3.73191e-05 3.73191e-05 3.61027e-05 3.61027e-05 3.61027e-05 3.61027e-05 3.61904e-05 3.61904e-05 3.61904e-05 3.61904e-05 3.50785e-05 3.50785e-05 3.50785e-05 3.50785e-05 3.51237e-05 3.51237e-05 3.51237e-05 3.51237e-05 3.41571e-05 3.41571e-05 3.41571e-05 3.41571e-05 3.41598e-05 3.41598e-05 3.41598e-05 3.41598e-05 3.33775e-05 3.33775e-05 3.33775e-05 3.33775e-05 3.33409e-05 3.33409e-05 3.33409e-05 3.33409e-05 3.27774e-05 3.27774e-05 3.27774e-05 3.27774e-05 3.27076e-05 3.27076e-05 3.27076e-05 3.27076e-05 3.23889e-05 3.23889e-05 3.23889e-05 3.23889e-05 3.22948e-05 3.22948e-05 3.22948e-05 3.22948e-05 3.22353e-05 3.22353e-05 3.22353e-05 3.22353e-05 3.21273e-05 3.21273e-05 3.21273e-05 3.21273e-05 3.23288e-05 3.23288e-05 3.23288e-05 3.23288e-05 3.22174e-05 3.22174e-05 3.22174e-05 3.22174e-05 3.26727e-05 3.26727e-05 3.26727e-05 3.26727e-05 3.2567e-05 3.2567e-05 3.2567e-05 3.2567e-05 3.32612e-05 3.32612e-05 3.32612e-05 3.32612e-05 3.31672e-05 3.31672e-05 3.31672e-05 3.31672e-05 3.40974e-05 3.40974e-05 3.40974e-05 3.40974e-05 3.40123e-05 3.40123e-05 3.40123e-05 3.40123e-05 3.53043e-05 3.53043e-05 3.53043e-05 3.53043e-05 3.56245e-05 3.56245e-05 3.56245e-05 3.56245e-05 3.6429e-05 3.6429e-05 3.6429e-05 3.6429e-05 3.67213e-05 3.67213e-05 3.67213e-05 3.67213e-05 3.76235e-05 3.76235e-05 3.76235e-05 3.76235e-05 3.78842e-05 3.78842e-05 3.78842e-05 3.78842e-05 3.88396e-05 3.88396e-05 3.88396e-05 3.88396e-05 3.90629e-05 3.90629e-05 3.90629e-05 3.90629e-05 4.00342e-05 4.00342e-05 4.00342e-05 4.00342e-05 4.02172e-05 4.02172e-05 4.02172e-05 4.02172e-05 4.11721e-05 4.11721e-05 4.11721e-05 4.11721e-05 4.13147e-05 4.13147e-05 4.13147e-05 4.13147e-05 4.22196e-05 4.22196e-05 4.22196e-05 4.22196e-05 4.23244e-05 4.23244e-05 4.23244e-05 4.23244e-05 4.31458e-05 4.31458e-05 4.31458e-05 4.31458e-05 4.32176e-05 4.32176e-05 4.32176e-05 4.32176e-05 4.39246e-05 4.39246e-05 4.39246e-05 4.39246e-05 4.39691e-05 4.39691e-05 4.39691e-05 4.39691e-05 4.45356e-05 4.45356e-05 4.45356e-05 4.45356e-05 4.45591e-05 4.45591e-05 4.45591e-05 4.45591e-05 4.49646e-05 4.49646e-05 4.49646e-05 4.49646e-05 4.49728e-05 4.49728e-05 4.49728e-05 4.49728e-05 4.52032e-05 4.52032e-05 4.52032e-05 4.52032e-05 4.52012e-05 4.52012e-05 4.52012e-05 4.52012e-05 4.52485e-05 4.52485e-05 4.52485e-05 4.52485e-05 4.52403e-05 4.52403e-05 4.52403e-05 4.52403e-05 4.51022e-05 4.51022e-05 4.51022e-05 4.51022e-05 4.50907e-05 4.50907e-05 4.50907e-05 4.50907e-05 4.47707e-05 4.47707e-05 4.47707e-05 4.47707e-05 4.47576e-05 4.47576e-05 4.47576e-05 4.47576e-05 4.42643e-05 4.42643e-05 4.42643e-05 4.42643e-05 4.42504e-05 4.42504e-05 4.42504e-05 4.42504e-05 4.35967e-05 4.35967e-05 4.35967e-05 4.35967e-05 4.3582e-05 4.3582e-05 4.3582e-05 4.3582e-05 4.27851e-05 4.27851e-05 4.27851e-05 4.27851e-05 4.27688e-05 4.27688e-05 4.27688e-05 4.27688e-05 4.18494e-05 4.18494e-05 4.18494e-05 4.18494e-05 4.18308e-05 4.18308e-05 4.18308e-05 4.18308e-05 4.08126e-05 4.08126e-05 4.08126e-05 4.08126e-05 4.0791e-05 4.0791e-05 4.0791e-05 4.0791e-05 3.97008e-05 3.97008e-05 3.97008e-05 3.97008e-05 3.96761e-05 3.96761e-05 3.96761e-05 3.96761e-05 3.8543e-05 3.8543e-05 3.8543e-05 3.8543e-05 3.85161e-05 3.85161e-05 3.85161e-05 3.85161e-05 3.7372e-05 3.7372e-05 3.7372e-05 3.7372e-05 3.7345e-05 3.7345e-05 3.7345e-05 3.7345e-05 3.62242e-05 3.62242e-05 3.62242e-05 3.62242e-05 3.62007e-05 3.62007e-05 3.62007e-05 3.62007e-05 3.51395e-05 3.51395e-05 3.51395e-05 3.51395e-05 3.51244e-05 3.51244e-05 3.51244e-05 3.51244e-05 3.4161e-05 3.4161e-05 3.4161e-05 3.4161e-05 3.41607e-05 3.41607e-05 3.41607e-05 3.41607e-05 3.33327e-05 3.33327e-05 3.33327e-05 3.33327e-05 3.33544e-05 3.33544e-05 3.33544e-05 3.33544e-05 3.26972e-05 3.26972e-05 3.26972e-05 3.26972e-05 3.27483e-05 3.27483e-05 3.27483e-05 3.27483e-05 3.229e-05 3.229e-05 3.229e-05 3.229e-05 3.23771e-05 3.23771e-05 3.23771e-05 3.23771e-05 3.21358e-05 3.21358e-05 3.21358e-05 3.21358e-05 3.22629e-05 3.22629e-05 3.22629e-05 3.22629e-05 3.22445e-05 3.22445e-05 3.22445e-05 3.22445e-05 3.24115e-05 3.24115e-05 3.24115e-05 3.24115e-05 3.26142e-05 3.26142e-05 3.26142e-05 3.26142e-05 3.28145e-05 3.28145e-05 3.28145e-05 3.28145e-05 3.32296e-05 3.32296e-05 3.32296e-05 3.32296e-05 3.34474e-05 3.34474e-05 3.34474e-05 3.34474e-05 3.40727e-05 3.40727e-05 3.40727e-05 3.40727e-05 3.42777e-05 3.42777e-05 3.42777e-05 3.42777e-05 3.60444e-05 3.60444e-05 3.60444e-05 3.60444e-05 3.65449e-05 3.65449e-05 3.65449e-05 3.65449e-05 3.71157e-05 3.71157e-05 3.71157e-05 3.71157e-05 3.7594e-05 3.7594e-05 3.7594e-05 3.7594e-05 3.82448e-05 3.82448e-05 3.82448e-05 3.82448e-05 3.86889e-05 3.86889e-05 3.86889e-05 3.86889e-05 3.93764e-05 3.93764e-05 3.93764e-05 3.93764e-05 3.97662e-05 3.97662e-05 3.97662e-05 3.97662e-05 4.04753e-05 4.04753e-05 4.04753e-05 4.04753e-05 4.07971e-05 4.07971e-05 4.07971e-05 4.07971e-05 4.1514e-05 4.1514e-05 4.1514e-05 4.1514e-05 4.17604e-05 4.17604e-05 4.17604e-05 4.17604e-05 4.24651e-05 4.24651e-05 4.24651e-05 4.24651e-05 4.2634e-05 4.2634e-05 4.2634e-05 4.2634e-05 4.3303e-05 4.3303e-05 4.3303e-05 4.3303e-05 4.33959e-05 4.33959e-05 4.33959e-05 4.33959e-05 4.40046e-05 4.40046e-05 4.40046e-05 4.40046e-05 4.40261e-05 4.40261e-05 4.40261e-05 4.40261e-05 4.45511e-05 4.45511e-05 4.45511e-05 4.45511e-05 4.45075e-05 4.45075e-05 4.45075e-05 4.45075e-05 4.49281e-05 4.49281e-05 4.49281e-05 4.49281e-05 4.48267e-05 4.48267e-05 4.48267e-05 4.48267e-05 4.51264e-05 4.51264e-05 4.51264e-05 4.51264e-05 4.4975e-05 4.4975e-05 4.4975e-05 4.4975e-05 4.51413e-05 4.51413e-05 4.51413e-05 4.51413e-05 4.49478e-05 4.49478e-05 4.49478e-05 4.49478e-05 4.49729e-05 4.49729e-05 4.49729e-05 4.49729e-05 4.47449e-05 4.47449e-05 4.47449e-05 4.47449e-05 4.46257e-05 4.46257e-05 4.46257e-05 4.46257e-05 4.43706e-05 4.43706e-05 4.43706e-05 4.43706e-05 4.41081e-05 4.41081e-05 4.41081e-05 4.41081e-05 4.38332e-05 4.38332e-05 4.38332e-05 4.38332e-05 4.34328e-05 4.34328e-05 4.34328e-05 4.34328e-05 4.31451e-05 4.31451e-05 4.31451e-05 4.31451e-05 4.2616e-05 4.2616e-05 4.2616e-05 4.2616e-05 4.23226e-05 4.23226e-05 4.23226e-05 4.23226e-05 4.16775e-05 4.16775e-05 4.16775e-05 4.16775e-05 4.13859e-05 4.13859e-05 4.13859e-05 4.13859e-05 4.06409e-05 4.06409e-05 4.06409e-05 4.06409e-05 4.03592e-05 4.03592e-05 4.03592e-05 4.03592e-05 3.95335e-05 3.95335e-05 3.95335e-05 3.95335e-05 3.92707e-05 3.92707e-05 3.92707e-05 3.92707e-05 3.83865e-05 3.83865e-05 3.83865e-05 3.83865e-05 3.81525e-05 3.81525e-05 3.81525e-05 3.81525e-05 3.72349e-05 3.72349e-05 3.72349e-05 3.72349e-05 3.70407e-05 3.70407e-05 3.70407e-05 3.70407e-05 3.61177e-05 3.61177e-05 3.61177e-05 3.61177e-05 3.59751e-05 3.59751e-05 3.59751e-05 3.59751e-05 3.50774e-05 3.50774e-05 3.50774e-05 3.50774e-05 3.49982e-05 3.49982e-05 3.49982e-05 3.49982e-05 3.41585e-05 3.41585e-05 3.41585e-05 3.41585e-05 3.4154e-05 3.4154e-05 3.4154e-05 3.4154e-05 3.34059e-05 3.34059e-05 3.34059e-05 3.34059e-05 3.34855e-05 3.34855e-05 3.34855e-05 3.34855e-05 3.28605e-05 3.28605e-05 3.28605e-05 3.28605e-05 3.30305e-05 3.30305e-05 3.30305e-05 3.30305e-05 3.25545e-05 3.25545e-05 3.25545e-05 3.25545e-05 3.28164e-05 3.28164e-05 3.28164e-05 3.28164e-05 3.25055e-05 3.25055e-05 3.25055e-05 3.25055e-05 3.28547e-05 3.28547e-05 3.28547e-05 3.28547e-05 3.27131e-05 3.27131e-05 3.27131e-05 3.27131e-05 3.31372e-05 3.31372e-05 3.31372e-05 3.31372e-05 3.31602e-05 3.31602e-05 3.31602e-05 3.31602e-05 3.36369e-05 3.36369e-05 3.36369e-05 3.36369e-05 3.38117e-05 3.38117e-05 3.38117e-05 3.38117e-05 3.43066e-05 3.43066e-05 3.43066e-05 3.43066e-05 3.46193e-05 3.46193e-05 3.46193e-05 3.46193e-05 3.50825e-05 3.50825e-05 3.50825e-05 3.50825e-05 3.71048e-05 3.71048e-05 3.71048e-05 3.71048e-05 3.77027e-05 3.77027e-05 3.77027e-05 3.77027e-05 3.81358e-05 3.81358e-05 3.81358e-05 3.81358e-05 3.87198e-05 3.87198e-05 3.87198e-05 3.87198e-05 3.91976e-05 3.91976e-05 3.91976e-05 3.91976e-05 3.97506e-05 3.97506e-05 3.97506e-05 3.97506e-05 4.02156e-05 4.02156e-05 4.02156e-05 4.02156e-05 4.07068e-05 4.07068e-05 4.07068e-05 4.07068e-05 4.11687e-05 4.11687e-05 4.11687e-05 4.11687e-05 4.15751e-05 4.15751e-05 4.15751e-05 4.15751e-05 4.20431e-05 4.20431e-05 4.20431e-05 4.20431e-05 4.23504e-05 4.23504e-05 4.23504e-05 4.23504e-05 4.28228e-05 4.28228e-05 4.28228e-05 4.28228e-05 4.30231e-05 4.30231e-05 4.30231e-05 4.30231e-05 4.34905e-05 4.34905e-05 4.34905e-05 4.34905e-05 4.35813e-05 4.35813e-05 4.35813e-05 4.35813e-05 4.40297e-05 4.40297e-05 4.40297e-05 4.40297e-05 4.40125e-05 4.40125e-05 4.40125e-05 4.40125e-05 4.44257e-05 4.44257e-05 4.44257e-05 4.44257e-05 4.43052e-05 4.43052e-05 4.43052e-05 4.43052e-05 4.46672e-05 4.46672e-05 4.46672e-05 4.46672e-05 4.44507e-05 4.44507e-05 4.44507e-05 4.44507e-05 4.47463e-05 4.47463e-05 4.47463e-05 4.47463e-05 4.44429e-05 4.44429e-05 4.44429e-05 4.44429e-05 4.46593e-05 4.46593e-05 4.46593e-05 4.46593e-05 4.42797e-05 4.42797e-05 4.42797e-05 4.42797e-05 4.44066e-05 4.44066e-05 4.44066e-05 4.44066e-05 4.39623e-05 4.39623e-05 4.39623e-05 4.39623e-05 4.39925e-05 4.39925e-05 4.39925e-05 4.39925e-05 4.34962e-05 4.34962e-05 4.34962e-05 4.34962e-05 4.34257e-05 4.34257e-05 4.34257e-05 4.34257e-05 4.28909e-05 4.28909e-05 4.28909e-05 4.28909e-05 4.27189e-05 4.27189e-05 4.27189e-05 4.27189e-05 4.21599e-05 4.21599e-05 4.21599e-05 4.21599e-05 4.18889e-05 4.18889e-05 4.18889e-05 4.18889e-05 4.13208e-05 4.13208e-05 4.13208e-05 4.13208e-05 4.09566e-05 4.09566e-05 4.09566e-05 4.09566e-05 4.03956e-05 4.03956e-05 4.03956e-05 4.03956e-05 3.99469e-05 3.99469e-05 3.99469e-05 3.99469e-05 3.94102e-05 3.94102e-05 3.94102e-05 3.94102e-05 3.8889e-05 3.8889e-05 3.8889e-05 3.8889e-05 3.83946e-05 3.83946e-05 3.83946e-05 3.83946e-05 3.78159e-05 3.78159e-05 3.78159e-05 3.78159e-05 3.73826e-05 3.73826e-05 3.73826e-05 3.73826e-05 3.67644e-05 3.67644e-05 3.67644e-05 3.67644e-05 3.64113e-05 3.64113e-05 3.64113e-05 3.64113e-05 3.57744e-05 3.57744e-05 3.57744e-05 3.57744e-05 3.552e-05 3.552e-05 3.552e-05 3.552e-05 3.48878e-05 3.48878e-05 3.48878e-05 3.48878e-05 3.47487e-05 3.47487e-05 3.47487e-05 3.47487e-05 3.41467e-05 3.41467e-05 3.41467e-05 3.41467e-05 3.41363e-05 3.41363e-05 3.41363e-05 3.41363e-05 3.35906e-05 3.35906e-05 3.35906e-05 3.35906e-05 3.37171e-05 3.37171e-05 3.37171e-05 3.37171e-05 3.32523e-05 3.32523e-05 3.32523e-05 3.32523e-05 3.35175e-05 3.35175e-05 3.35175e-05 3.35175e-05 3.3153e-05 3.3153e-05 3.3153e-05 3.3153e-05 3.3551e-05 3.3551e-05 3.3551e-05 3.3551e-05 3.32966e-05 3.32966e-05 3.32966e-05 3.32966e-05 3.38133e-05 3.38133e-05 3.38133e-05 3.38133e-05 3.36662e-05 3.36662e-05 3.36662e-05 3.36662e-05 3.42782e-05 3.42782e-05 3.42782e-05 3.42782e-05 3.42241e-05 3.42241e-05 3.42241e-05 3.42241e-05 3.48971e-05 3.48971e-05 3.48971e-05 3.48971e-05 3.49105e-05 3.49105e-05 3.49105e-05 3.49105e-05 3.55977e-05 3.55977e-05 3.55977e-05 3.55977e-05 3.56471e-05 3.56471e-05 3.56471e-05 3.56471e-05 3.62886e-05 3.62886e-05 3.62886e-05 3.62886e-05 3.83177e-05 3.83177e-05 3.83177e-05 3.83177e-05 3.89299e-05 3.89299e-05 3.89299e-05 3.89299e-05 3.93244e-05 3.93244e-05 3.93244e-05 3.93244e-05 3.99292e-05 3.99292e-05 3.99292e-05 3.99292e-05 4.03271e-05 4.03271e-05 4.03271e-05 4.03271e-05 4.0907e-05 4.0907e-05 4.0907e-05 4.0907e-05 4.12212e-05 4.12212e-05 4.12212e-05 4.12212e-05 4.17406e-05 4.17406e-05 4.17406e-05 4.17406e-05 4.20011e-05 4.20011e-05 4.20011e-05 4.20011e-05 4.24315e-05 4.24315e-05 4.24315e-05 4.24315e-05 4.26704e-05 4.26704e-05 4.26704e-05 4.26704e-05 4.29917e-05 4.29917e-05 4.29917e-05 4.29917e-05 4.32267e-05 4.32267e-05 4.32267e-05 4.32267e-05 4.34263e-05 4.34263e-05 4.34263e-05 4.34263e-05 4.36637e-05 4.36637e-05 4.36637e-05 4.36637e-05 4.37344e-05 4.37344e-05 4.37344e-05 4.37344e-05 4.39733e-05 4.39733e-05 4.39733e-05 4.39733e-05 4.3913e-05 4.3913e-05 4.3913e-05 4.3913e-05 4.4148e-05 4.4148e-05 4.4148e-05 4.4148e-05 4.39585e-05 4.39585e-05 4.39585e-05 4.39585e-05 4.41818e-05 4.41818e-05 4.41818e-05 4.41818e-05 4.38688e-05 4.38688e-05 4.38688e-05 4.38688e-05 4.40717e-05 4.40717e-05 4.40717e-05 4.40717e-05 4.36436e-05 4.36436e-05 4.36436e-05 4.36436e-05 4.38172e-05 4.38172e-05 4.38172e-05 4.38172e-05 4.32858e-05 4.32858e-05 4.32858e-05 4.32858e-05 4.34219e-05 4.34219e-05 4.34219e-05 4.34219e-05 4.28011e-05 4.28011e-05 4.28011e-05 4.28011e-05 4.28926e-05 4.28926e-05 4.28926e-05 4.28926e-05 4.21988e-05 4.21988e-05 4.21988e-05 4.21988e-05 4.22403e-05 4.22403e-05 4.22403e-05 4.22403e-05 4.14921e-05 4.14921e-05 4.14921e-05 4.14921e-05 4.14799e-05 4.14799e-05 4.14799e-05 4.14799e-05 4.06978e-05 4.06978e-05 4.06978e-05 4.06978e-05 4.06304e-05 4.06304e-05 4.06304e-05 4.06304e-05 3.98368e-05 3.98368e-05 3.98368e-05 3.98368e-05 3.9715e-05 3.9715e-05 3.9715e-05 3.9715e-05 3.89338e-05 3.89338e-05 3.89338e-05 3.89338e-05 3.87609e-05 3.87609e-05 3.87609e-05 3.87609e-05 3.80172e-05 3.80172e-05 3.80172e-05 3.80172e-05 3.77988e-05 3.77988e-05 3.77988e-05 3.77988e-05 3.71188e-05 3.71188e-05 3.71188e-05 3.71188e-05 3.68631e-05 3.68631e-05 3.68631e-05 3.68631e-05 3.62729e-05 3.62729e-05 3.62729e-05 3.62729e-05 3.59905e-05 3.59905e-05 3.59905e-05 3.59905e-05 3.55149e-05 3.55149e-05 3.55149e-05 3.55149e-05 3.52186e-05 3.52186e-05 3.52186e-05 3.52186e-05 3.48802e-05 3.48802e-05 3.48802e-05 3.48802e-05 3.45847e-05 3.45847e-05 3.45847e-05 3.45847e-05 3.44013e-05 3.44013e-05 3.44013e-05 3.44013e-05 3.41226e-05 3.41226e-05 3.41226e-05 3.41226e-05 3.4106e-05 3.4106e-05 3.4106e-05 3.4106e-05 3.38602e-05 3.38602e-05 3.38602e-05 3.38602e-05 3.40142e-05 3.40142e-05 3.40142e-05 3.40142e-05 3.38158e-05 3.38158e-05 3.38158e-05 3.38158e-05 3.41354e-05 3.41354e-05 3.41354e-05 3.41354e-05 3.39946e-05 3.39946e-05 3.39946e-05 3.39946e-05 3.44659e-05 3.44659e-05 3.44659e-05 3.44659e-05 3.43837e-05 3.43837e-05 3.43837e-05 3.43837e-05 3.49847e-05 3.49847e-05 3.49847e-05 3.49847e-05 3.49479e-05 3.49479e-05 3.49479e-05 3.49479e-05 3.56487e-05 3.56487e-05 3.56487e-05 3.56487e-05 3.56281e-05 3.56281e-05 3.56281e-05 3.56281e-05 3.63885e-05 3.63885e-05 3.63885e-05 3.63885e-05 3.63399e-05 3.63399e-05 3.63399e-05 3.63399e-05 3.71083e-05 3.71083e-05 3.71083e-05 3.71083e-05 3.69805e-05 3.69805e-05 3.69805e-05 3.69805e-05 3.76951e-05 3.76951e-05 3.76951e-05 3.76951e-05 3.95216e-05 3.95216e-05 3.95216e-05 3.95216e-05 4.00769e-05 4.00769e-05 4.00769e-05 4.00769e-05 4.05154e-05 4.05154e-05 4.05154e-05 4.05154e-05 4.10658e-05 4.10658e-05 4.10658e-05 4.10658e-05 4.14715e-05 4.14715e-05 4.14715e-05 4.14715e-05 4.20033e-05 4.20033e-05 4.20033e-05 4.20033e-05 4.22477e-05 4.22477e-05 4.22477e-05 4.22477e-05 4.27266e-05 4.27266e-05 4.27266e-05 4.27266e-05 4.28518e-05 4.28518e-05 4.28518e-05 4.28518e-05 4.32489e-05 4.32489e-05 4.32489e-05 4.32489e-05 4.33038e-05 4.33038e-05 4.33038e-05 4.33038e-05 4.35971e-05 4.35971e-05 4.35971e-05 4.35971e-05 4.36156e-05 4.36156e-05 4.36156e-05 4.36156e-05 4.37892e-05 4.37892e-05 4.37892e-05 4.37892e-05 4.37919e-05 4.37919e-05 4.37919e-05 4.37919e-05 4.38356e-05 4.38356e-05 4.38356e-05 4.38356e-05 4.38346e-05 4.38346e-05 4.38346e-05 4.38346e-05 4.37425e-05 4.37425e-05 4.37425e-05 4.37425e-05 4.37444e-05 4.37444e-05 4.37444e-05 4.37444e-05 4.35152e-05 4.35152e-05 4.35152e-05 4.35152e-05 4.35231e-05 4.35231e-05 4.35231e-05 4.35231e-05 4.31596e-05 4.31596e-05 4.31596e-05 4.31596e-05 4.31743e-05 4.31743e-05 4.31743e-05 4.31743e-05 4.26831e-05 4.26831e-05 4.26831e-05 4.26831e-05 4.27041e-05 4.27041e-05 4.27041e-05 4.27041e-05 4.20957e-05 4.20957e-05 4.20957e-05 4.20957e-05 4.21215e-05 4.21215e-05 4.21215e-05 4.21215e-05 4.14101e-05 4.14101e-05 4.14101e-05 4.14101e-05 4.14387e-05 4.14387e-05 4.14387e-05 4.14387e-05 4.06421e-05 4.06421e-05 4.06421e-05 4.06421e-05 4.06717e-05 4.06717e-05 4.06717e-05 4.06717e-05 3.98109e-05 3.98109e-05 3.98109e-05 3.98109e-05 3.98398e-05 3.98398e-05 3.98398e-05 3.98398e-05 3.89391e-05 3.89391e-05 3.89391e-05 3.89391e-05 3.89663e-05 3.89663e-05 3.89663e-05 3.89663e-05 3.80525e-05 3.80525e-05 3.80525e-05 3.80525e-05 3.80778e-05 3.80778e-05 3.80778e-05 3.80778e-05 3.71801e-05 3.71801e-05 3.71801e-05 3.71801e-05 3.72042e-05 3.72042e-05 3.72042e-05 3.72042e-05 3.63533e-05 3.63533e-05 3.63533e-05 3.63533e-05 3.63778e-05 3.63778e-05 3.63778e-05 3.63778e-05 3.56049e-05 3.56049e-05 3.56049e-05 3.56049e-05 3.56325e-05 3.56325e-05 3.56325e-05 3.56325e-05 3.49676e-05 3.49676e-05 3.49676e-05 3.49676e-05 3.50018e-05 3.50018e-05 3.50018e-05 3.50018e-05 3.44721e-05 3.44721e-05 3.44721e-05 3.44721e-05 3.45172e-05 3.45172e-05 3.45172e-05 3.45172e-05 3.41451e-05 3.41451e-05 3.41451e-05 3.41451e-05 3.42057e-05 3.42057e-05 3.42057e-05 3.42057e-05 3.40064e-05 3.40064e-05 3.40064e-05 3.40064e-05 3.40873e-05 3.40873e-05 3.40873e-05 3.40873e-05 3.40678e-05 3.40678e-05 3.40678e-05 3.40678e-05 3.41731e-05 3.41731e-05 3.41731e-05 3.41731e-05 3.43309e-05 3.43309e-05 3.43309e-05 3.43309e-05 3.44635e-05 3.44635e-05 3.44635e-05 3.44635e-05 3.47871e-05 3.47871e-05 3.47871e-05 3.47871e-05 3.49461e-05 3.49461e-05 3.49461e-05 3.49461e-05 3.54164e-05 3.54164e-05 3.54164e-05 3.54164e-05 3.55927e-05 3.55927e-05 3.55927e-05 3.55927e-05 3.61842e-05 3.61842e-05 3.61842e-05 3.61842e-05 3.63533e-05 3.63533e-05 3.63533e-05 3.63533e-05 3.70354e-05 3.70354e-05 3.70354e-05 3.70354e-05 3.71496e-05 3.71496e-05 3.71496e-05 3.71496e-05 3.78839e-05 3.78839e-05 3.78839e-05 3.78839e-05 3.78745e-05 3.78745e-05 3.78745e-05 3.78745e-05 3.86116e-05 3.86116e-05 3.86116e-05 3.86116e-05 3.84056e-05 3.84056e-05 3.84056e-05 3.84056e-05 3.90869e-05 3.90869e-05 3.90869e-05 3.90869e-05 4.0582e-05 4.0582e-05 4.0582e-05 4.0582e-05 4.10253e-05 4.10253e-05 4.10253e-05 4.10253e-05 4.15655e-05 4.15655e-05 4.15655e-05 4.15655e-05 4.20008e-05 4.20008e-05 4.20008e-05 4.20008e-05 4.24871e-05 4.24871e-05 4.24871e-05 4.24871e-05 4.29084e-05 4.29084e-05 4.29084e-05 4.29084e-05 4.3163e-05 4.3163e-05 4.3163e-05 4.3163e-05 4.35428e-05 4.35428e-05 4.35428e-05 4.35428e-05 4.36104e-05 4.36104e-05 4.36104e-05 4.36104e-05 4.39236e-05 4.39236e-05 4.39236e-05 4.39236e-05 4.38623e-05 4.38623e-05 4.38623e-05 4.38623e-05 4.4089e-05 4.4089e-05 4.4089e-05 4.4089e-05 4.39422e-05 4.39422e-05 4.39422e-05 4.39422e-05 4.40675e-05 4.40675e-05 4.40675e-05 4.40675e-05 4.38651e-05 4.38651e-05 4.38651e-05 4.38651e-05 4.38781e-05 4.38781e-05 4.38781e-05 4.38781e-05 4.36418e-05 4.36418e-05 4.36418e-05 4.36418e-05 4.35355e-05 4.35355e-05 4.35355e-05 4.35355e-05 4.32815e-05 4.32815e-05 4.32815e-05 4.32815e-05 4.30524e-05 4.30524e-05 4.30524e-05 4.30524e-05 4.27943e-05 4.27943e-05 4.27943e-05 4.27943e-05 4.24426e-05 4.24426e-05 4.24426e-05 4.24426e-05 4.21915e-05 4.21915e-05 4.21915e-05 4.21915e-05 4.17214e-05 4.17214e-05 4.17214e-05 4.17214e-05 4.14872e-05 4.14872e-05 4.14872e-05 4.14872e-05 4.09066e-05 4.09066e-05 4.09066e-05 4.09066e-05 4.06981e-05 4.06981e-05 4.06981e-05 4.06981e-05 4.00189e-05 4.00189e-05 4.00189e-05 4.00189e-05 3.98438e-05 3.98438e-05 3.98438e-05 3.98438e-05 3.90823e-05 3.90823e-05 3.90823e-05 3.90823e-05 3.89474e-05 3.89474e-05 3.89474e-05 3.89474e-05 3.81236e-05 3.81236e-05 3.81236e-05 3.81236e-05 3.8035e-05 3.8035e-05 3.8035e-05 3.8035e-05 3.71726e-05 3.71726e-05 3.71726e-05 3.71726e-05 3.71355e-05 3.71355e-05 3.71355e-05 3.71355e-05 3.62618e-05 3.62618e-05 3.62618e-05 3.62618e-05 3.62805e-05 3.62805e-05 3.62805e-05 3.62805e-05 3.54249e-05 3.54249e-05 3.54249e-05 3.54249e-05 3.55027e-05 3.55027e-05 3.55027e-05 3.55027e-05 3.46962e-05 3.46962e-05 3.46962e-05 3.46962e-05 3.48351e-05 3.48351e-05 3.48351e-05 3.48351e-05 3.41083e-05 3.41083e-05 3.41083e-05 3.41083e-05 3.43086e-05 3.43086e-05 3.43086e-05 3.43086e-05 3.36901e-05 3.36901e-05 3.36901e-05 3.36901e-05 3.39504e-05 3.39504e-05 3.39504e-05 3.39504e-05 3.34642e-05 3.34642e-05 3.34642e-05 3.34642e-05 3.37812e-05 3.37812e-05 3.37812e-05 3.37812e-05 3.3445e-05 3.3445e-05 3.3445e-05 3.3445e-05 3.38132e-05 3.38132e-05 3.38132e-05 3.38132e-05 3.36369e-05 3.36369e-05 3.36369e-05 3.36369e-05 3.40492e-05 3.40492e-05 3.40492e-05 3.40492e-05 3.4034e-05 3.4034e-05 3.4034e-05 3.4034e-05 3.44817e-05 3.44817e-05 3.44817e-05 3.44817e-05 3.46204e-05 3.46204e-05 3.46204e-05 3.46204e-05 3.50938e-05 3.50938e-05 3.50938e-05 3.50938e-05 3.53718e-05 3.53718e-05 3.53718e-05 3.53718e-05 3.58585e-05 3.58585e-05 3.58585e-05 3.58585e-05 3.62558e-05 3.62558e-05 3.62558e-05 3.62558e-05 3.67369e-05 3.67369e-05 3.67369e-05 3.67369e-05 3.72304e-05 3.72304e-05 3.72304e-05 3.72304e-05 3.76701e-05 3.76701e-05 3.76701e-05 3.76701e-05 3.82346e-05 3.82346e-05 3.82346e-05 3.82346e-05 3.85657e-05 3.85657e-05 3.85657e-05 3.85657e-05 3.91719e-05 3.91719e-05 3.91719e-05 3.91719e-05 3.92953e-05 3.92953e-05 3.92953e-05 3.92953e-05 3.99038e-05 3.99038e-05 3.99038e-05 3.99038e-05 3.97167e-05 3.97167e-05 3.97167e-05 3.97167e-05 4.02756e-05 4.02756e-05 4.02756e-05 4.02756e-05 4.13961e-05 4.13961e-05 4.13961e-05 4.13961e-05 4.16826e-05 4.16826e-05 4.16826e-05 4.16826e-05 4.23586e-05 4.23586e-05 4.23586e-05 4.23586e-05 4.26236e-05 4.26236e-05 4.26236e-05 4.26236e-05 4.32527e-05 4.32527e-05 4.32527e-05 4.32527e-05 4.35014e-05 4.35014e-05 4.35014e-05 4.35014e-05 4.38498e-05 4.38498e-05 4.38498e-05 4.38498e-05 4.40643e-05 4.40643e-05 4.40643e-05 4.40643e-05 4.41724e-05 4.41724e-05 4.41724e-05 4.41724e-05 4.43397e-05 4.43397e-05 4.43397e-05 4.43397e-05 4.42635e-05 4.42635e-05 4.42635e-05 4.42635e-05 4.43732e-05 4.43732e-05 4.43732e-05 4.43732e-05 4.41552e-05 4.41552e-05 4.41552e-05 4.41552e-05 4.41988e-05 4.41988e-05 4.41988e-05 4.41988e-05 4.38699e-05 4.38699e-05 4.38699e-05 4.38699e-05 4.38403e-05 4.38403e-05 4.38403e-05 4.38403e-05 4.34249e-05 4.34249e-05 4.34249e-05 4.34249e-05 4.33167e-05 4.33167e-05 4.33167e-05 4.33167e-05 4.28359e-05 4.28359e-05 4.28359e-05 4.28359e-05 4.26459e-05 4.26459e-05 4.26459e-05 4.26459e-05 4.21198e-05 4.21198e-05 4.21198e-05 4.21198e-05 4.1847e-05 4.1847e-05 4.1847e-05 4.1847e-05 4.12952e-05 4.12952e-05 4.12952e-05 4.12952e-05 4.09416e-05 4.09416e-05 4.09416e-05 4.09416e-05 4.03835e-05 4.03835e-05 4.03835e-05 4.03835e-05 3.99541e-05 3.99541e-05 3.99541e-05 3.99541e-05 3.94093e-05 3.94093e-05 3.94093e-05 3.94093e-05 3.8912e-05 3.8912e-05 3.8912e-05 3.8912e-05 3.84001e-05 3.84001e-05 3.84001e-05 3.84001e-05 3.78464e-05 3.78464e-05 3.78464e-05 3.78464e-05 3.73869e-05 3.73869e-05 3.73869e-05 3.73869e-05 3.67911e-05 3.67911e-05 3.67911e-05 3.67911e-05 3.64029e-05 3.64029e-05 3.64029e-05 3.64029e-05 3.57827e-05 3.57827e-05 3.57827e-05 3.57827e-05 3.54836e-05 3.54836e-05 3.54836e-05 3.54836e-05 3.48591e-05 3.48591e-05 3.48591e-05 3.48591e-05 3.46652e-05 3.46652e-05 3.46652e-05 3.46652e-05 3.40583e-05 3.40583e-05 3.40583e-05 3.40583e-05 3.3983e-05 3.3983e-05 3.3983e-05 3.3983e-05 3.34162e-05 3.34162e-05 3.34162e-05 3.34162e-05 3.3469e-05 3.3469e-05 3.3469e-05 3.3469e-05 3.29642e-05 3.29642e-05 3.29642e-05 3.29642e-05 3.31496e-05 3.31496e-05 3.31496e-05 3.31496e-05 3.27262e-05 3.27262e-05 3.27262e-05 3.27262e-05 3.30429e-05 3.30429e-05 3.30429e-05 3.30429e-05 3.27163e-05 3.27163e-05 3.27163e-05 3.27163e-05 3.31569e-05 3.31569e-05 3.31569e-05 3.31569e-05 3.29373e-05 3.29373e-05 3.29373e-05 3.29373e-05 3.34889e-05 3.34889e-05 3.34889e-05 3.34889e-05 3.33804e-05 3.33804e-05 3.33804e-05 3.33804e-05 3.40251e-05 3.40251e-05 3.40251e-05 3.40251e-05 3.4026e-05 3.4026e-05 3.4026e-05 3.4026e-05 3.47427e-05 3.47427e-05 3.47427e-05 3.47427e-05 3.48457e-05 3.48457e-05 3.48457e-05 3.48457e-05 3.56114e-05 3.56114e-05 3.56114e-05 3.56114e-05 3.58048e-05 3.58048e-05 3.58048e-05 3.58048e-05 3.65944e-05 3.65944e-05 3.65944e-05 3.65944e-05 3.68634e-05 3.68634e-05 3.68634e-05 3.68634e-05 3.76472e-05 3.76472e-05 3.76472e-05 3.76472e-05 3.79746e-05 3.79746e-05 3.79746e-05 3.79746e-05 3.8709e-05 3.8709e-05 3.8709e-05 3.8709e-05 3.90778e-05 3.90778e-05 3.90778e-05 3.90778e-05 3.96817e-05 3.96817e-05 3.96817e-05 3.96817e-05 4.0077e-05 4.0077e-05 4.0077e-05 4.0077e-05 4.04181e-05 4.04181e-05 4.04181e-05 4.04181e-05 4.08206e-05 4.08206e-05 4.08206e-05 4.08206e-05 4.07483e-05 4.07483e-05 4.07483e-05 4.07483e-05 4.11219e-05 4.11219e-05 4.11219e-05 4.11219e-05 4.18712e-05 4.18712e-05 4.18712e-05 4.18712e-05 4.1898e-05 4.1898e-05 4.1898e-05 4.1898e-05 4.27846e-05 4.27846e-05 4.27846e-05 4.27846e-05 4.27805e-05 4.27805e-05 4.27805e-05 4.27805e-05 4.36414e-05 4.36414e-05 4.36414e-05 4.36414e-05 4.36425e-05 4.36425e-05 4.36425e-05 4.36425e-05 4.41798e-05 4.41798e-05 4.41798e-05 4.41798e-05 4.4201e-05 4.4201e-05 4.4201e-05 4.4201e-05 4.44277e-05 4.44277e-05 4.44277e-05 4.44277e-05 4.44612e-05 4.44612e-05 4.44612e-05 4.44612e-05 4.44281e-05 4.44281e-05 4.44281e-05 4.44281e-05 4.44623e-05 4.44623e-05 4.44623e-05 4.44623e-05 4.42142e-05 4.42142e-05 4.42142e-05 4.42142e-05 4.42389e-05 4.42389e-05 4.42389e-05 4.42389e-05 4.38102e-05 4.38102e-05 4.38102e-05 4.38102e-05 4.38181e-05 4.38181e-05 4.38181e-05 4.38181e-05 4.32364e-05 4.32364e-05 4.32364e-05 4.32364e-05 4.32229e-05 4.32229e-05 4.32229e-05 4.32229e-05 4.25125e-05 4.25125e-05 4.25125e-05 4.25125e-05 4.24755e-05 4.24755e-05 4.24755e-05 4.24755e-05 4.16596e-05 4.16596e-05 4.16596e-05 4.16596e-05 4.15989e-05 4.15989e-05 4.15989e-05 4.15989e-05 4.07013e-05 4.07013e-05 4.07013e-05 4.07013e-05 4.06182e-05 4.06182e-05 4.06182e-05 4.06182e-05 3.96643e-05 3.96643e-05 3.96643e-05 3.96643e-05 3.95612e-05 3.95612e-05 3.95612e-05 3.95612e-05 3.85783e-05 3.85783e-05 3.85783e-05 3.85783e-05 3.84586e-05 3.84586e-05 3.84586e-05 3.84586e-05 3.74767e-05 3.74767e-05 3.74767e-05 3.74767e-05 3.73443e-05 3.73443e-05 3.73443e-05 3.73443e-05 3.63954e-05 3.63954e-05 3.63954e-05 3.63954e-05 3.62549e-05 3.62549e-05 3.62549e-05 3.62549e-05 3.53729e-05 3.53729e-05 3.53729e-05 3.53729e-05 3.52292e-05 3.52292e-05 3.52292e-05 3.52292e-05 3.44486e-05 3.44486e-05 3.44486e-05 3.44486e-05 3.43069e-05 3.43069e-05 3.43069e-05 3.43069e-05 3.36618e-05 3.36618e-05 3.36618e-05 3.36618e-05 3.35272e-05 3.35272e-05 3.35272e-05 3.35272e-05 3.30485e-05 3.30485e-05 3.30485e-05 3.30485e-05 3.29262e-05 3.29262e-05 3.29262e-05 3.29262e-05 3.26395e-05 3.26395e-05 3.26395e-05 3.26395e-05 3.25343e-05 3.25343e-05 3.25343e-05 3.25343e-05 3.24569e-05 3.24569e-05 3.24569e-05 3.24569e-05 3.23734e-05 3.23734e-05 3.23734e-05 3.23734e-05 3.25123e-05 3.25123e-05 3.25123e-05 3.25123e-05 3.24542e-05 3.24542e-05 3.24542e-05 3.24542e-05 3.28048e-05 3.28048e-05 3.28048e-05 3.28048e-05 3.2775e-05 3.2775e-05 3.2775e-05 3.2775e-05 3.33218e-05 3.33218e-05 3.33218e-05 3.33218e-05 3.3322e-05 3.3322e-05 3.3322e-05 3.3322e-05 3.40399e-05 3.40399e-05 3.40399e-05 3.40399e-05 3.40708e-05 3.40708e-05 3.40708e-05 3.40708e-05 3.49274e-05 3.49274e-05 3.49274e-05 3.49274e-05 3.49885e-05 3.49885e-05 3.49885e-05 3.49885e-05 3.59468e-05 3.59468e-05 3.59468e-05 3.59468e-05 3.60363e-05 3.60363e-05 3.60363e-05 3.60363e-05 3.70556e-05 3.70556e-05 3.70556e-05 3.70556e-05 3.71706e-05 3.71706e-05 3.71706e-05 3.71706e-05 3.82052e-05 3.82052e-05 3.82052e-05 3.82052e-05 3.83408e-05 3.83408e-05 3.83408e-05 3.83408e-05 3.93336e-05 3.93336e-05 3.93336e-05 3.93336e-05 3.94816e-05 3.94816e-05 3.94816e-05 3.94816e-05 4.03463e-05 4.03463e-05 4.03463e-05 4.03463e-05 4.04953e-05 4.04953e-05 4.04953e-05 4.04953e-05 4.10956e-05 4.10956e-05 4.10956e-05 4.10956e-05 4.1233e-05 4.1233e-05 4.1233e-05 4.1233e-05 4.13896e-05 4.13896e-05 4.13896e-05 4.13896e-05 4.15194e-05 4.15194e-05 4.15194e-05 4.15194e-05 
