# vtk DataFile Version 3.0
#This file was generated by the deal.II library on 2026/9/23 at 11:28:57
ASCII
DATASET UNSTRUCTURED_GRID

POINTS 1156 double
0 0 0
0.0588235 0 0
0 0.0588235 0
0.0588235 0.0588235 0
0 0.0588235 0
0.0588235 0.0588235 0
0 0.117647 0
0.0588235 0.117647 0
0 0.117647 0
0.0588235 0.117647 0
0 0.176471 0
0.0588235 0.176471 0
0 0.176471 0
0.0588235 0.176471 0
0 0.235294 0
0.0588235 0.235294 0
0 0.235294 0
0.0588235 0.235294 0
0 0.294118 0
0.0588235 0.294118 0
0 0.294118 0
0.0588235 0.294118 0
0 0.352941 0
0.0588235 0.352941 0
0 0.352941 0
0.0588235 0.352941 0
0 0.411765 0
0.0588235 0.411765 0
0 0.411765 0
0.0588235 0.411765 0
0 0.470588 0
0.0588235 0.470588 0
0 0.470588 0
0.0588235 0.470588 0
0 0.529412 0
0.0588235 0.529412 0
0 0.529412 0
0.0588235 0.529412 0
0 0.588235 0
0.0588235 0.588235 0
0 0.588235 0
0.0588235 0.588235 0
0 0.647059 0
0.0588235 0.647059 0
0 0.647059 0
0.0588235 0.647059 0
0 0.705882 0
0.0588235 0.705882 0
0 0.705882 0
0.0588235 0.705882 0
0 0.764706 0
0.0588235 0.764706 0
0 0.764706 0
0.0588235 0.764706 0
0 0.823529 0
0.0588235 0.823529 0
0 0.823529 0
0.0588235 0.823529 0
0 0.882353 0
0.0588235 0.882353 0
0 0.882353 0
0.0588235 0.882353 0
0 0.941176 0
0.0588235 0.941176 0
0 0.941176 0
0.0588235 0.941176 0
0 1 0
0.0588235 1 0
0.0588235 0 0
0.117647 0 0
0.0588235 0.0588235 0
0.117647 0.0588235 0
0.0588235 0.0588235 0
0.117647 0.0588235 0
0.0588235 0.117647 0
0.117647 0.117647 0
0.0588235 0.117647 0
0.117647 0.117647 0
0.0588235 0.176471 0
0.117647 0.176471 0
0.0588235 0.176471 0
0.117647 0.176471 0
0.0588235 0.235294 0
0.117647 0.235294 0
0.0588235 0.235294 0
0.117647 0.235294 0
0.0588235 0.294118 0
0.117647 0.294118 0
0.0588235 0.294118 0
0.117647 0.294118 0
0.0588235 0.352941 0
0.117647 0.352941 0
0.0588235 0.352941 0
0.117647 0.352941 0
0.0588235 0.411765 0
0.117647 0.411765 0
0.0588235 0.411765 0
0.117647 0.411765 0
0.0588235 0.470588 0
0.117647 0.470588 0
0.0588235 0.470588 0
0.117647 0.470588 0
0.0588235 0.529412 0
0.117647 0.529412 0
0.0588235 0.529412 0
0.117647 0.529412 0
0.0588235 0.588235 0
0.117647 0.588235 0
0.0588235 0.588235 0
0.117647 0.588235 0
0.0588235 0.647059 0
0.117647 0.647059 0
0.0588235 0.647059 0
0.117647 0.647059 0
0.0588235 0.705882 0
0.117647 0.705882 0
0.0588235 0.705882 0
0.117647 0.705882 0
0.0588235 0.764706 0
0.117647 0.764706 0
0.0588235 0.764706 0
0.117647 0.764706 0
0.0588235 0.823529 0
0.117647 0.823529 0
0.0588235 0.823529 0
0.117647 0.823529 0
0.0588235 0.882353 0
0.117647 0.882353 0
0.0588235 0.882353 0
0.117647 0.882353 0
0.0588235 0.941176 0
0.117647 0.941176 0
0.0588235 0.941176 0
0.117647 0.941176 0
0.0588235 1 0
0.117647 1 0
0.117647 0 0
0.176471 0 0
0.117647 0.0588235 0
0.176471 0.0588235 0
0.117647 0.0588235 0
0.176471 0.0588235 0
0.117647 0.117647 0
0.176471 0.117647 0
0.117647 0.117647 0
0.176471 0.117647 0
0.117647 0.176471 0
0.176471 0.176471 0
0.117647 0.176471 0
0.176471 0.176471 0
0.117647 0.235294 0
0.176471 0.235294 0
0.117647 0.235294 0
0.176471 0.235294 0
0.117647 0.294118 0
0.176471 0.294118 0
0.117647 0.294118 0
0.176471 0.294118 0
0.117647 0.352941 0
0.176471 0.352941 0
0.117647 0.352941 0
0.176471 0.352941 0
0.117647 0.411765 0
0.176471 0.411765 0
0.117647 0.411765 0
0.176471 0.411765 0
0.117647 0.470588 0
0.176471 0.470588 0
0.117647 0.470588 0
0.176471 0.470588 0
0.117647 0.529412 0
0.176471 0.529412 0
0.117647 0.529412 0
0.176471 0.529412 0
0.117647 0.588235 0
0.176471 0.588235 0
0.117647 0.588235 0
0.176471 0.588235 0
0.117647 0.647059 0
0.176471 0.647059 0
0.117647 0.647059 0
0.176471 0.647059 0
0.117647 0.705882 0
0.176471 0.705882 0
0.117647 0.705882 0
0.176471 0.705882 0
0.117647 0.764706 0
0.176471 0.764706 0
0.117647 0.764706 0
0.176471 0.764706 0
0.117647 0.823529 0
0.176471 0.823529 0
0.117647 0.823529 0
0.176471 0.823529 0
0.117647 0.882353 0
0.176471 0.882353 0
0.117647 0.882353 0
0.176471 0.882353 0
0.117647 0.941176 0
0.176471 0.941176 0
0.117647 0.941176 0
0.176471 0.941176 0
0.117647 1 0
0.176471 1 0
0.176471 0 0
0.235294 0 0
0.176471 0.0588235 0
0.235294 0.0588235 0
0.176471 0.0588235 0
0.235294 0.0588235 0
0.176471 0.117647 0
0.235294 0.117647 0
0.176471 0.117647 0
0.235294 0.117647 0
0.176471 0.176471 0
0.235294 0.176471 0
0.176471 0.176471 0
0.235294 0.176471 0
0.176471 0.235294 0
0.235294 0.235294 0
0.176471 0.235294 0
0.235294 0.235294 0
0.176471 0.294118 0
0.235294 0.294118 0
0.176471 0.294118 0
0.235294 0.294118 0
0.176471 0.352941 0
0.235294 0.352941 0
0.176471 0.352941 0
0.235294 0.352941 0
0.176471 0.411765 0
0.235294 0.411765 0
0.176471 0.411765 0
0.235294 0.411765 0
0.176471 0.470588 0
0.235294 0.470588 0
0.176471 0.470588 0
0.235294 0.470588 0
0.176471 0.529412 0
0.235294 0.529412 0
0.176471 0.529412 0
0.235294 0.529412 0
0.176471 0.588235 0
0.235294 0.588235 0
0.176471 0.588235 0
0.235294 0.588235 0
0.176471 0.647059 0
0.235294 0.647059 0
0.176471 0.647059 0
0.235294 0.647059 0
0.176471 0.705882 0
0.235294 0.705882 0
0.176471 0.705882 0
0.235294 0.705882 0
0.176471 0.764706 0
0.235294 0.764706 0
0.176471 0.764706 0
0.235294 0.764706 0
0.176471 0.823529 0
0.235294 0.823529 0
0.176471 0.823529 0
0.235294 0.823529 0
0.176471 0.882353 0
0.235294 0.882353 0
0.176471 0.882353 0
0.235294 0.882353 0
0.176471 0.941176 0
0.235294 0.941176 0
0.176471 0.941176 0
0.235294 0.941176 0
0.176471 1 0
0.235294 1 0
0.235294 0 0
0.294118 0 0
0.235294 0.0588235 0
0.294118 0.0588235 0
0.235294 0.0588235 0
0.294118 0.0588235 0
0.235294 0.117647 0
0.294118 0.117647 0
0.235294 0.117647 0
0.294118 0.117647 0
0.235294 0.176471 0
0.294118 0.176471 0
0.235294 0.176471 0
0.294118 0.176471 0
0.235294 0.235294 0
0.294118 0.235294 0
0.235294 0.235294 0
0.294118 0.235294 0
0.235294 0.294118 0
0.294118 0.294118 0
0.235294 0.294118 0
0.294118 0.294118 0
0.235294 0.352941 0
0.294118 0.352941 0
0.235294 0.352941 0
0.294118 0.352941 0
0.235294 0.411765 0
0.294118 0.411765 0
0.235294 0.411765 0
0.294118 0.411765 0
0.235294 0.470588 0
0.294118 0.470588 0
0.235294 0.470588 0
0.294118 0.470588 0
0.235294 0.529412 0
0.294118 0.529412 0
0.235294 0.529412 0
0.294118 0.529412 0
0.235294 0.588235 0
0.294118 0.588235 0
0.235294 0.588235 0
0.294118 0.588235 0
0.235294 0.647059 0
0.294118 0.647059 0
0.235294 0.647059 0
0.294118 0.647059 0
0.235294 0.705882 0
0.294118 0.705882 0
0.235294 0.705882 0
0.294118 0.705882 0
0.235294 0.764706 0
0.294118 0.764706 0
0.235294 0.764706 0
0.294118 0.764706 0
0.235294 0.823529 0
0.294118 0.823529 0
0.235294 0.823529 0
0.294118 0.823529 0
0.235294 0.882353 0
0.294118 0.882353 0
0.235294 0.882353 0
0.294118 0.882353 0
0.235294 0.941176 0
0.294118 0.941176 0
0.235294 0.941176 0
0.294118 0.941176 0
0.235294 1 0
0.294118 1 0
0.294118 0 0
0.352941 0 0
0.294118 0.0588235 0
0.352941 0.0588235 0
0.294118 0.0588235 0
0.352941 0.0588235 0
0.294118 0.117647 0
0.352941 0.117647 0
0.294118 0.117647 0
0.352941 0.117647 0
0.294118 0.176471 0
0.352941 0.176471 0
0.294118 0.176471 0
0.352941 0.176471 0
0.294118 0.235294 0
0.352941 0.235294 0
0.294118 0.235294 0
0.352941 0.235294 0
0.294118 0.294118 0
0.352941 0.294118 0
0.294118 0.294118 0
0.352941 0.294118 0
0.294118 0.352941 0
0.352941 0.352941 0
0.294118 0.352941 0
0.352941 0.352941 0
0.294118 0.411765 0
0.352941 0.411765 0
0.294118 0.411765 0
0.352941 0.411765 0
0.294118 0.470588 0
0.352941 0.470588 0
0.294118 0.470588 0
0.352941 0.470588 0
0.294118 0.529412 0
0.352941 0.529412 0
0.294118 0.529412 0
0.352941 0.529412 0
0.294118 0.588235 0
0.352941 0.588235 0
0.294118 0.588235 0
0.352941 0.588235 0
0.294118 0.647059 0
0.352941 0.647059 0
0.294118 0.647059 0
0.352941 0.647059 0
0.294118 0.705882 0
0.352941 0.705882 0
0.294118 0.705882 0
0.352941 0.705882 0
0.294118 0.764706 0
0.352941 0.764706 0
0.294118 0.764706 0
0.352941 0.764706 0
0.294118 0.823529 0
0.352941 0.823529 0
0.294118 0.823529 0
0.352941 0.823529 0
0.294118 0.882353 0
0.352941 0.882353 0
0.294118 0.882353 0
0.352941 0.882353 0
0.294118 0.941176 0
0.352941 0.941176 0
0.294118 0.941176 0
0.352941 0.941176 0
0.294118 1 0
0.352941 1 0
0.352941 0 0
0.411765 0 0
0.352941 0.0588235 0
0.411765 0.0588235 0
0.352941 0.0588235 0
0.411765 0.0588235 0
0.352941 0.117647 0
0.411765 0.117647 0
0.352941 0.117647 0
0.411765 0.117647 0
0.352941 0.176471 0
0.411765 0.176471 0
0.352941 0.176471 0
0.411765 0.176471 0
0.352941 0.235294 0
0.411765 0.235294 0
0.352941 0.235294 0
0.411765 0.235294 0
0.352941 0.294118 0
0.411765 0.294118 0
0.352941 0.294118 0
0.411765 0.294118 0
0.352941 0.352941 0
0.411765 0.352941 0
0.352941 0.352941 0
0.411765 0.352941 0
0.352941 0.411765 0
0.411765 0.411765 0
0.352941 0.411765 0
0.411765 0.411765 0
0.352941 0.470588 0
0.411765 0.470588 0
0.352941 0.470588 0
0.411765 0.470588 0
0.352941 0.529412 0
0.411765 0.529412 0
0.352941 0.529412 0
0.411765 0.529412 0
0.352941 0.588235 0
0.411765 0.588235 0
0.352941 0.588235 0
0.411765 0.588235 0
0.352941 0.647059 0
0.411765 0.647059 0
0.352941 0.647059 0
0.411765 0.647059 0
0.352941 0.705882 0
0.411765 0.705882 0
0.352941 0.705882 0
0.411765 0.705882 0
0.352941 0.764706 0
0.411765 0.764706 0
0.352941 0.764706 0
0.411765 0.764706 0
0.352941 0.823529 0
0.411765 0.823529 0
0.352941 0.823529 0
0.411765 0.823529 0
0.352941 0.882353 0
0.411765 0.882353 0
0.352941 0.882353 0
0.411765 0.882353 0
0.352941 0.941176 0
0.411765 0.941176 0
0.352941 0.941176 0
0.411765 0.941176 0
0.352941 1 0
0.411765 1 0
0.411765 0 0
0.470588 0 0
0.411765 0.0588235 0
0.470588 0.0588235 0
0.411765 0.0588235 0
0.470588 0.0588235 0
0.411765 0.117647 0
0.470588 0.117647 0
0.411765 0.117647 0
0.470588 0.117647 0
0.411765 0.176471 0
0.470588 0.176471 0
0.411765 0.176471 0
0.470588 0.176471 0
0.411765 0.235294 0
0.470588 0.235294 0
0.411765 0.235294 0
0.470588 0.235294 0
0.411765 0.294118 0
0.470588 0.294118 0
0.411765 0.294118 0
0.470588 0.294118 0
0.411765 0.352941 0
0.470588 0.352941 0
0.411765 0.352941 0
0.470588 0.352941 0
0.411765 0.411765 0
0.470588 0.411765 0
0.411765 0.411765 0
0.470588 0.411765 0
0.411765 0.470588 0
0.470588 0.470588 0
0.411765 0.470588 0
0.470588 0.470588 0
0.411765 0.529412 0
0.470588 0.529412 0
0.411765 0.529412 0
0.470588 0.529412 0
0.411765 0.588235 0
0.470588 0.588235 0
0.411765 0.588235 0
0.470588 0.588235 0
0.411765 0.647059 0
0.470588 0.647059 0
0.411765 0.647059 0
0.470588 0.647059 0
0.411765 0.705882 0
0.470588 0.705882 0
0.411765 0.705882 0
0.470588 0.705882 0
0.411765 0.764706 0
0.470588 0.764706 0
0.411765 0.764706 0
0.470588 0.764706 0
0.411765 0.823529 0
0.470588 0.823529 0
0.411765 0.823529 0
0.470588 0.823529 0
0.411765 0.882353 0
0.470588 0.882353 0
0.411765 0.882353 0
0.470588 0.882353 0
0.411765 0.941176 0
0.470588 0.941176 0
0.411765 0.941176 0
0.470588 0.941176 0
0.411765 1 0
0.470588 1 0
0.470588 0 0
0.529412 0 0
0.470588 0.0588235 0
0.529412 0.0588235 0
0.470588 0.0588235 0
0.529412 0.0588235 0
0.470588 0.117647 0
0.529412 0.117647 0
0.470588 0.117647 0
0.529412 0.117647 0
0.470588 0.176471 0
0.529412 0.176471 0
0.470588 0.176471 0
0.529412 0.176471 0
0.470588 0.235294 0
0.529412 0.235294 0
0.470588 0.235294 0
0.529412 0.235294 0
0.470588 0.294118 0
0.529412 0.294118 0
0.470588 0.294118 0
0.529412 0.294118 0
0.470588 0.352941 0
0.529412 0.352941 0
0.470588 0.352941 0
0.529412 0.352941 0
0.470588 0.411765 0
0.529412 0.411765 0
0.470588 0.411765 0
0.529412 0.411765 0
0.470588 0.470588 0
0.529412 0.470588 0
0.470588 0.470588 0
0.529412 0.470588 0
0.470588 0.529412 0
0.529412 0.529412 0
0.470588 0.529412 0
0.529412 0.529412 0
0.470588 0.588235 0
0.529412 0.588235 0
0.470588 0.588235 0
0.529412 0.588235 0
0.470588 0.647059 0
0.529412 0.647059 0
0.470588 0.647059 0
0.529412 0.647059 0
0.470588 0.705882 0
0.529412 0.705882 0
0.470588 0.705882 0
0.529412 0.705882 0
0.470588 0.764706 0
0.529412 0.764706 0
0.470588 0.764706 0
0.529412 0.764706 0
0.470588 0.823529 0
0.529412 0.823529 0
0.470588 0.823529 0
0.529412 0.823529 0
0.470588 0.882353 0
0.529412 0.882353 0
0.470588 0.882353 0
0.529412 0.882353 0
0.470588 0.941176 0
0.529412 0.941176 0
0.470588 0.941176 0
0.529412 0.941176 0
0.470588 1 0
0.529412 1 0
0.529412 0 0
0.588235 0 0
0.529412 0.0588235 0
0.588235 0.0588235 0
0.529412 0.0588235 0
0.588235 0.0588235 0
0.529412 0.117647 0
0.588235 0.117647 0
0.529412 0.117647 0
0.588235 0.117647 0
0.529412 0.176471 0
0.588235 0.176471 0
0.529412 0.176471 0
0.588235 0.176471 0
0.529412 0.235294 0
0.588235 0.235294 0
0.529412 0.235294 0
0.588235 0.235294 0
0.529412 0.294118 0
0.588235 0.294118 0
0.529412 0.294118 0
0.588235 0.294118 0
0.529412 0.352941 0
0.588235 0.352941 0
0.529412 0.352941 0
0.588235 0.352941 0
0.529412 0.411765 0
0.588235 0.411765 0
0.529412 0.411765 0
0.588235 0.411765 0
0.529412 0.470588 0
0.588235 0.470588 0
0.529412 0.470588 0
0.588235 0.470588 0
0.529412 0.529412 0
0.588235 0.529412 0
0.529412 0.529412 0
0.588235 0.529412 0
0.529412 0.588235 0
0.588235 0.588235 0
0.529412 0.588235 0
0.588235 0.588235 0
0.529412 0.647059 0
0.588235 0.647059 0
0.529412 0.647059 0
0.588235 0.647059 0
0.529412 0.705882 0
0.588235 0.705882 0
0.529412 0.705882 0
0.588235 0.705882 0
0.529412 0.764706 0
0.588235 0.764706 0
0.529412 0.764706 0
0.588235 0.764706 0
0.529412 0.823529 0
0.588235 0.823529 0
0.529412 0.823529 0
0.588235 0.823529 0
0.529412 0.882353 0
0.588235 0.882353 0
0.529412 0.882353 0
0.588235 0.882353 0
0.529412 0.941176 0
0.588235 0.941176 0
0.529412 0.941176 0
0.588235 0.941176 0
0.529412 1 0
0.588235 1 0
0.588235 0 0
0.647059 0 0
0.588235 0.0588235 0
0.647059 0.0588235 0
0.588235 0.0588235 0
0.647059 0.0588235 0
0.588235 0.117647 0
0.647059 0.117647 0
0.588235 0.117647 0
0.647059 0.117647 0
0.588235 0.176471 0
0.647059 0.176471 0
0.588235 0.176471 0
0.647059 0.176471 0
0.588235 0.235294 0
0.647059 0.235294 0
0.588235 0.235294 0
0.647059 0.235294 0
0.588235 0.294118 0
0.647059 0.294118 0
0.588235 0.294118 0
0.647059 0.294118 0
0.588235 0.352941 0
0.647059 0.352941 0
0.588235 0.352941 0
0.647059 0.352941 0
0.588235 0.411765 0
0.647059 0.411765 0
0.588235 0.411765 0
0.647059 0.411765 0
0.588235 0.470588 0
0.647059 0.470588 0
0.588235 0.470588 0
0.647059 0.470588 0
0.588235 0.529412 0
0.647059 0.529412 0
0.588235 0.529412 0
0.647059 0.529412 0
0.588235 0.588235 0
0.647059 0.588235 0
0.588235 0.588235 0
0.647059 0.588235 0
0.588235 0.647059 0
0.647059 0.647059 0
0.588235 0.647059 0
0.647059 0.647059 0
0.588235 0.705882 0
0.647059 0.705882 0
0.588235 0.705882 0
0.647059 0.705882 0
0.588235 0.764706 0
0.647059 0.764706 0
0.588235 0.764706 0
0.647059 0.764706 0
0.588235 0.823529 0
0.647059 0.823529 0
0.588235 0.823529 0
0.647059 0.823529 0
0.588235 0.882353 0
0.647059 0.882353 0
0.588235 0.882353 0
0.647059 0.882353 0
0.588235 0.941176 0
0.647059 0.941176 0
0.588235 0.941176 0
0.647059 0.941176 0
0.588235 1 0
0.647059 1 0
0.647059 0 0
0.705882 0 0
0.647059 0.0588235 0
0.705882 0.0588235 0
0.647059 0.0588235 0
0.705882 0.0588235 0
0.647059 0.117647 0
0.705882 0.117647 0
0.647059 0.117647 0
0.705882 0.117647 0
0.647059 0.176471 0
0.705882 0.176471 0
0.647059 0.176471 0
0.705882 0.176471 0
0.647059 0.235294 0
0.705882 0.235294 0
0.647059 0.235294 0
0.705882 0.235294 0
0.647059 0.294118 0
0.705882 0.294118 0
0.647059 0.294118 0
0.705882 0.294118 0
0.647059 0.352941 0
0.705882 0.352941 0
0.647059 0.352941 0
0.705882 0.352941 0
0.647059 0.411765 0
0.705882 0.411765 0
0.647059 0.411765 0
0.705882 0.411765 0
0.647059 0.470588 0
0.705882 0.470588 0
0.647059 0.470588 0
0.705882 0.470588 0
0.647059 0.529412 0
0.705882 0.529412 0
0.647059 0.529412 0
0.705882 0.529412 0
0.647059 0.588235 0
0.705882 0.588235 0
0.647059 0.588235 0
0.705882 0.588235 0
0.647059 0.647059 0
0.705882 0.647059 0
0.647059 0.647059 0
0.705882 0.647059 0
0.647059 0.705882 0
0.705882 0.705882 0
0.647059 0.705882 0
0.705882 0.705882 0
0.647059 0.764706 0
0.705882 0.764706 0
0.647059 0.764706 0
0.705882 0.764706 0
0.647059 0.823529 0
0.705882 0.823529 0
0.647059 0.823529 0
0.705882 0.823529 0
0.647059 0.882353 0
0.705882 0.882353 0
0.647059 0.882353 0
0.705882 0.882353 0
0.647059 0.941176 0
0.705882 0.941176 0
0.647059 0.941176 0
0.705882 0.941176 0
0.647059 1 0
0.705882 1 0
0.705882 0 0
0.764706 0 0
0.705882 0.0588235 0
0.764706 0.0588235 0
0.705882 0.0588235 0
0.764706 0.0588235 0
0.705882 0.117647 0
0.764706 0.117647 0
0.705882 0.117647 0
0.764706 0.117647 0
0.705882 0.176471 0
0.764706 0.176471 0
0.705882 0.176471 0
0.764706 0.176471 0
0.705882 0.235294 0
0.764706 0.235294 0
0.705882 0.235294 0
0.764706 0.235294 0
0.705882 0.294118 0
0.764706 0.294118 0
0.705882 0.294118 0
0.764706 0.294118 0
0.705882 0.352941 0
0.764706 0.352941 0
0.705882 0.352941 0
0.764706 0.352941 0
0.705882 0.411765 0
0.764706 0.411765 0
0.705882 0.411765 0
0.764706 0.411765 0
0.705882 0.470588 0
0.764706 0.470588 0
0.705882 0.470588 0
0.764706 0.470588 0
0.705882 0.529412 0
0.764706 0.529412 0
0.705882 0.529412 0
0.764706 0.529412 0
0.705882 0.588235 0
0.764706 0.588235 0
0.705882 0.588235 0
0.764706 0.588235 0
0.705882 0.647059 0
0.764706 0.647059 0
0.705882 0.647059 0
0.764706 0.647059 0
0.705882 0.705882 0
0.764706 0.705882 0
0.705882 0.705882 0
0.764706 0.705882 0
0.705882 0.764706 0
0.764706 0.764706 0
0.705882 0.764706 0
0.764706 0.764706 0
0.705882 0.823529 0
0.764706 0.823529 0
0.705882 0.823529 0
0.764706 0.823529 0
0.705882 0.882353 0
0.764706 0.882353 0
0.705882 0.882353 0
0.764706 0.882353 0
0.705882 0.941176 0
0.764706 0.941176 0
0.705882 0.941176 0
0.764706 0.941176 0
0.705882 1 0
0.764706 1 0
0.764706 0 0
0.823529 0 0
0.764706 0.0588235 0
0.823529 0.0588235 0
0.764706 0.0588235 0
0.823529 0.0588235 0
0.764706 0.117647 0
0.823529 0.117647 0
0.764706 0.117647 0
0.823529 0.117647 0
0.764706 0.176471 0
0.823529 0.176471 0
0.764706 0.176471 0
0.823529 0.176471 0
0.764706 0.235294 0
0.823529 0.235294 0
0.764706 0.235294 0
0.823529 0.235294 0
0.764706 0.294118 0
0.823529 0.294118 0
0.764706 0.294118 0
0.823529 0.294118 0
0.764706 0.352941 0
0.823529 0.352941 0
0.764706 0.352941 0
0.823529 0.352941 0
0.764706 0.411765 0
0.823529 0.411765 0
0.764706 0.411765 0
0.823529 0.411765 0
0.764706 0.470588 0
0.823529 0.470588 0
0.764706 0.470588 0
0.823529 0.470588 0
0.764706 0.529412 0
0.823529 0.529412 0
0.764706 0.529412 0
0.823529 0.529412 0
0.764706 0.588235 0
0.823529 0.588235 0
0.764706 0.588235 0
0.823529 0.588235 0
0.764706 0.647059 0
0.823529 0.647059 0
0.764706 0.647059 0
0.823529 0.647059 0
0.764706 0.705882 0
0.823529 0.705882 0
0.764706 0.705882 0
0.823529 0.705882 0
0.764706 0.764706 0
0.823529 0.764706 0
0.764706 0.764706 0
0.823529 0.764706 0
0.764706 0.823529 0
0.823529 0.823529 0
0.764706 0.823529 0
0.823529 0.823529 0
0.764706 0.882353 0
0.823529 0.882353 0
0.764706 0.882353 0
0.823529 0.882353 0
0.764706 0.941176 0
0.823529 0.941176 0
0.764706 0.941176 0
0.823529 0.941176 0
0.764706 1 0
0.823529 1 0
0.823529 0 0
0.882353 0 0
0.823529 0.0588235 0
0.882353 0.0588235 0
0.823529 0.0588235 0
0.882353 0.0588235 0
0.823529 0.117647 0
0.882353 0.117647 0
0.823529 0.117647 0
0.882353 0.117647 0
0.823529 0.176471 0
0.882353 0.176471 0
0.823529 0.176471 0
0.882353 0.176471 0
0.823529 0.235294 0
0.882353 0.235294 0
0.823529 0.235294 0
0.882353 0.235294 0
0.823529 0.294118 0
0.882353 0.294118 0
0.823529 0.294118 0
0.882353 0.294118 0
0.823529 0.352941 0
0.882353 0.352941 0
0.823529 0.352941 0
0.882353 0.352941 0
0.823529 0.411765 0
0.882353 0.411765 0
0.823529 0.411765 0
0.882353 0.411765 0
0.823529 0.470588 0
0.882353 0.470588 0
0.823529 0.470588 0
0.882353 0.470588 0
0.823529 0.529412 0
0.882353 0.529412 0
0.823529 0.529412 0
0.882353 0.529412 0
0.823529 0.588235 0
0.882353 0.588235 0
0.823529 0.588235 0
0.882353 0.588235 0
0.823529 0.647059 0
0.882353 0.647059 0
0.823529 0.647059 0
0.882353 0.647059 0
0.823529 0.705882 0
0.882353 0.705882 0
0.823529 0.705882 0
0.882353 0.705882 0
0.823529 0.764706 0
0.882353 0.764706 0
0.823529 0.764706 0
0.882353 0.764706 0
0.823529 0.823529 0
0.882353 0.823529 0
0.823529 0.823529 0
0.882353 0.823529 0
0.823529 0.882353 0
0.882353 0.882353 0
0.823529 0.882353 0
0.882353 0.882353 0
0.823529 0.941176 0
0.882353 0.941176 0
0.823529 0.941176 0
0.882353 0.941176 0
0.823529 1 0
0.882353 1 0
0.882353 0 0
0.941176 0 0
0.882353 0.0588235 0
0.941176 0.0588235 0
0.882353 0.0588235 0
0.941176 0.0588235 0
0.882353 0.117647 0
0.941176 0.117647 0
0.882353 0.117647 0
0.941176 0.117647 0
0.882353 0.176471 0
0.941176 0.176471 0
0.882353 0.176471 0
0.941176 0.176471 0
0.882353 0.235294 0
0.941176 0.235294 0
0.882353 0.235294 0
0.941176 0.235294 0
0.882353 0.294118 0
0.941176 0.294118 0
0.882353 0.294118 0
0.941176 0.294118 0
0.882353 0.352941 0
0.941176 0.352941 0
0.882353 0.352941 0
0.941176 0.352941 0
0.882353 0.411765 0
0.941176 0.411765 0
0.882353 0.411765 0
0.941176 0.411765 0
0.882353 0.470588 0
0.941176 0.470588 0
0.882353 0.470588 0
0.941176 0.470588 0
0.882353 0.529412 0
0.941176 0.529412 0
0.882353 0.529412 0
0.941176 0.529412 0
0.882353 0.588235 0
0.941176 0.588235 0
0.882353 0.588235 0
0.941176 0.588235 0
0.882353 0.647059 0
0.941176 0.647059 0
0.882353 0.647059 0
0.941176 0.647059 0
0.882353 0.705882 0
0.941176 0.705882 0
0.882353 0.705882 0
0.941176 0.705882 0
0.882353 0.764706 0
0.941176 0.764706 0
0.882353 0.764706 0
0.941176 0.764706 0
0.882353 0.823529 0
0.941176 0.823529 0
0.882353 0.823529 0
0.941176 0.823529 0
0.882353 0.882353 0
0.941176 0.882353 0
0.882353 0.882353 0
0.941176 0.882353 0
0.882353 0.941176 0
0.941176 0.941176 0
0.882353 0.941176 0
0.941176 0.941176 0
0.882353 1 0
0.941176 1 0
0.941176 0 0
1 0 0
0.941176 0.0588235 0
1 0.0588235 0
0.941176 0.0588235 0
1 0.0588235 0
0.941176 0.117647 0
1 0.117647 0
0.941176 0.117647 0
1 0.117647 0
0.941176 0.176471 0
1 0.176471 0
0.941176 0.176471 0
1 0.176471 0
0.941176 0.235294 0
1 0.235294 0
0.941176 0.235294 0
1 0.235294 0
0.941176 0.294118 0
1 0.294118 0
0.941176 0.294118 0
1 0.294118 0
0.941176 0.352941 0
1 0.352941 0
0.941176 0.352941 0
1 0.352941 0
0.941176 0.411765 0
1 0.411765 0
0.941176 0.411765 0
1 0.411765 0
0.941176 0.470588 0
1 0.470588 0
0.941176 0.470588 0
1 0.470588 0
0.941176 0.529412 0
1 0.529412 0
0.941176 0.529412 0
1 0.529412 0
0.941176 0.588235 0
1 0.588235 0
0.941176 0.588235 0
1 0.588235 0
0.941176 0.647059 0
1 0.647059 0
0.941176 0.647059 0
1 0.647059 0
0.941176 0.705882 0
1 0.705882 0
0.941176 0.705882 0
1 0.705882 0
0.941176 0.764706 0
1 0.764706 0
0.941176 0.764706 0
1 0.764706 0
0.941176 0.823529 0
1 0.823529 0
0.941176 0.823529 0
1 0.823529 0
0.941176 0.882353 0
1 0.882353 0
0.941176 0.882353 0
1 0.882353 0
0.941176 0.941176 0
1 0.941176 0
0.941176 0.941176 0
1 0.941176 0
0.941176 1 0
1 1 0

CELLS 289 1445
4	0	1	3	2
4	4	5	7	6
4	8	9	11	10
4	12	13	15	14
4	16	17	19	18
4	20	21	23	22
4	24	25	27	26
4	28	29	31	30
4	32	33	35	34
4	36	37	39	38
4	40	41	43	42
4	44	45	47	46
4	48	49	51	50
4	52	53	55	54
4	56	57	59	58
4	60	61	63	62
4	64	65	67	66
4	68	69	71	70
4	72	73	75	74
4	76	77	79	78
4	80	81	83	82
4	84	85	87	86
4	88	89	91	90
4	92	93	95	94
4	96	97	99	98
4	100	101	103	102
4	104	105	107	106
4	108	109	111	110
4	112	113	115	114
4	116	117	119	118
4	120	121	123	122
4	124	125	127	126
4	128	129	131	130
4	132	133	135	134
4	136	137	139	138
4	140	141	143	142
4	144	145	147	146
4	148	149	151	150
4	152	153	155	154
4	156	157	159	158
4	160	161	163	162
4	164	165	167	166
4	168	169	171	170
4	172	173	175	174
4	176	177	179	178
4	180	181	183	182
4	184	185	187	186
4	188	189	191	190
4	192	193	195	194
4	196	197	199	198
4	200	201	203	202
4	204	205	207	206
4	208	209	211	210
4	212	213	215	214
4	216	217	219	218
4	220	221	223	222
4	224	225	227	226
4	228	229	231	230
4	232	233	235	234
4	236	237	239	238
4	240	241	243	242
4	244	245	247	246
4	248	249	251	250
4	252	253	255	254
4	256	257	259	258
4	260	261	263	262
4	264	265	267	266
4	268	269	271	270
4	272	273	275	274
4	276	277	279	278
4	280	281	283	282
4	284	285	287	286
4	288	289	291	290
4	292	293	295	294
4	296	297	299	298
4	300	301	303	302
4	304	305	307	306
4	308	309	311	310
4	312	313	315	314
4	316	317	319	318
4	320	321	323	322
4	324	325	327	326
4	328	329	331	330
4	332	333	335	334
4	336	337	339	338
4	340	341	343	342
4	344	345	347	346
4	348	349	351	350
4	352	353	355	354
4	356	357	359	358
4	360	361	363	362
4	364	365	367	366
4	368	369	371	370
4	372	373	375	374
4	376	377	379	378
4	380	381	383	382
4	384	385	387	386
4	388	389	391	390
4	392	393	395	394
4	396	397	399	398
4	400	401	403	402
4	404	405	407	406
4	408	409	411	410
4	412	413	415	414
4	416	417	419	418
4	420	421	423	422
4	424	425	427	426
4	428	429	431	430
4	432	433	435	434
4	436	437	439	438
4	440	441	443	442
4	444	445	447	446
4	448	449	451	450
4	452	453	455	454
4	456	457	459	458
4	460	461	463	462
4	464	465	467	466
4	468	469	471	470
4	472	473	475	474
4	476	477	479	478
4	480	481	483	482
4	484	485	487	486
4	488	489	491	490
4	492	493	495	494
4	496	497	499	498
4	500	501	503	502
4	504	505	507	506
4	508	509	511	510
4	512	513	515	514
4	516	517	519	518
4	520	521	523	522
4	524	525	527	526
4	528	529	531	530
4	532	533	535	534
4	536	537	539	538
4	540	541	543	542
4	544	545	547	546
4	548	549	551	550
4	552	553	555	554
4	556	557	559	558
4	560	561	563	562
4	564	565	567	566
4	568	569	571	570
4	572	573	575	574
4	576	577	579	578
4	580	581	583	582
4	584	585	587	586
4	588	589	591	590
4	592	593	595	594
4	596	597	599	598
4	600	601	603	602
4	604	605	607	606
4	608	609	611	610
4	612	613	615	614
4	616	617	619	618
4	620	621	623	622
4	624	625	627	626
4	628	629	631	630
4	632	633	635	634
4	636	637	639	638
4	640	641	643	642
4	644	645	647	646
4	648	649	651	650
4	652	653	655	654
4	656	657	659	658
4	660	661	663	662
4	664	665	667	666
4	668	669	671	670
4	672	673	675	674
4	676	677	679	678
4	680	681	683	682
4	684	685	687	686
4	688	689	691	690
4	692	693	695	694
4	696	697	699	698
4	700	701	703	702
4	704	705	707	706
4	708	709	711	710
4	712	713	715	714
4	716	717	719	718
4	720	721	723	722
4	724	725	727	726
4	728	729	731	730
4	732	733	735	734
4	736	737	739	738
4	740	741	743	742
4	744	745	747	746
4	748	749	751	750
4	752	753	755	754
4	756	757	759	758
4	760	761	763	762
4	764	765	767	766
4	768	769	771	770
4	772	773	775	774
4	776	777	779	778
4	780	781	783	782
4	784	785	787	786
4	788	789	791	790
4	792	793	795	794
4	796	797	799	798
4	800	801	803	802
4	804	805	807	806
4	808	809	811	810
4	812	813	815	814
4	816	817	819	818
4	820	821	823	822
4	824	825	827	826
4	828	829	831	830
4	832	833	835	834
4	836	837	839	838
4	840	841	843	842
4	844	845	847	846
4	848	849	851	850
4	852	853	855	854
4	856	857	859	858
4	860	861	863	862
4	864	865	867	866
4	868	869	871	870
4	872	873	875	874
4	876	877	879	878
4	880	881	883	882
4	884	885	887	886
4	888	889	891	890
4	892	893	895	894
4	896	897	899	898
4	900	901	903	902
4	904	905	907	906
4	908	909	911	910
4	912	913	915	914
4	916	917	919	918
4	920	921	923	922
4	924	925	927	926
4	928	929	931	930
4	932	933	935	934
4	936	937	939	938
4	940	941	943	942
4	944	945	947	946
4	948	949	951	950
4	952	953	955	954
4	956	957	959	958
4	960	961	963	962
4	964	965	967	966
4	968	969	971	970
4	972	973	975	974
4	976	977	979	978
4	980	981	983	982
4	984	985	987	986
4	988	989	991	990
4	992	993	995	994
4	996	997	999	998
4	1000	1001	1003	1002
4	1004	1005	1007	1006
4	1008	1009	1011	1010
4	1012	1013	1015	1014
4	1016	1017	1019	1018
4	1020	1021	1023	1022
4	1024	1025	1027	1026
4	1028	1029	1031	1030
4	1032	1033	1035	1034
4	1036	1037	1039	1038
4	1040	1041	1043	1042
4	1044	1045	1047	1046
4	1048	1049	1051	1050
4	1052	1053	1055	1054
4	1056	1057	1059	1058
4	1060	1061	1063	1062
4	1064	1065	1067	1066
4	1068	1069	1071	1070
4	1072	1073	1075	1074
4	1076	1077	1079	1078
4	1080	1081	1083	1082
4	1084	1085	1087	1086
4	1088	1089	1091	1090
4	1092	1093	1095	1094
4	1096	1097	1099	1098
4	1100	1101	1103	1102
4	1104	1105	1107	1106
4	1108	1109	1111	1110
4	1112	1113	1115	1114
4	1116	1117	1119	1118
4	1120	1121	1123	1122
4	1124	1125	1127	1126
4	1128	1129	1131	1130
4	1132	1133	1135	1134
4	1136	1137	1139	1138
4	1140	1141	1143	1142
4	1144	1145	1147	1146
4	1148	1149	1151	1150
4	1152	1153	1155	1154

CELL_TYPES 289
 9 9 9 9 9 9 9 9 9 9 9 9 9 9 9 9 9 9 9 9 9 9 9 9 9 9 9 9 9 9 9 9 9 9 9 9 9 9 9 9 9 9 9 9 9 9 9 9 9 9 9 9 9 9 9 9 9 9 9 9 9 9 9 9 9 9 9 9 9 9 9 9 9 9 9 9 9 9 9 9 9 9 9 9 9 9 9 9 9 9 9 9 9 9 9 9 9 9 9 9 9 9 9 9 9 9 9 9 9 9 9 9 9 9 9 9 9 9 9 9 9 9 9 9 9 9 9 9 9 9 9 9 9 9 9 9 9 9 9 9 9 9 9 9 9 9 9 9 9 9 9 9 9 9 9 9 9 9 9 9 9 9 9 9 9 9 9 9 9 9 9 9 9 9 9 9 9 9 9 9 9 9 9 9 9 9 9 9 9 9 9 9 9 9 9 9 9 9 9 9 9 9 9 9 9 9 9 9 9 9 9 9 9 9 9 9 9 9 9 9 9 9 9 9 9 9 9 9 9 9 9 9 9 9 9 9 9 9 9 9 9 9 9 9 9 9 9 9 9 9 9 9 9 9 9 9 9 9 9 9 9 9 9 9 9 9 9 9 9 9 9 9 9 9 9 9 9 9 9 9 9 9 9 9 9 9 9 9 9
POINT_DATA 1156
VECTORS velocity double
0 0 0
0.18375 0 0
0 -0.18375 0
0.180621 -0.180621 0
0 -0.18375 0
0.180621 -0.180621 0
0 -0.361242 0
0.171341 -0.355091 0
0 -0.361242 0
0.171341 -0.355091 0
0 -0.526432 0
0.156227 -0.517469 0
0 -0.526432 0
0.156227 -0.517469 0
0 -0.673696 0
0.135793 -0.662225 0
0 -0.673696 0
0.135793 -0.662225 0
0 -0.798017 0
0.110734 -0.784429 0
0 -0.798017 0
0.110734 -0.784429 0
0 -0.895163 0
0.0819042 -0.879921 0
0 -0.895163 0
0.0819042 -0.879921 0
0 -0.961826 0
0.0502854 -0.945449 0
0 -0.961826 0
0.0502854 -0.945449 0
0 -0.995734 0
0.0169543 -0.97878 0
0 -0.995734 0
0.0169543 -0.97878 0
0 -0.995734 0
-0.0169543 -0.97878 0
0 -0.995734 0
-0.0169543 -0.97878 0
0 -0.961826 0
-0.0502854 -0.945449 0
0 -0.961826 0
-0.0502854 -0.945449 0
0 -0.895163 0
-0.0819042 -0.879921 0
0 -0.895163 0
-0.0819042 -0.879921 0
0 -0.798017 0
-0.110734 -0.784429 0
0 -0.798017 0
-0.110734 -0.784429 0
0 -0.673696 0
-0.135793 -0.662225 0
0 -0.673696 0
-0.135793 -0.662225 0
0 -0.526432 0
-0.156227 -0.517469 0
0 -0.526432 0
-0.156227 -0.517469 0
0 -0.361242 0
-0.171341 -0.355091 0
0 -0.361242 0
-0.171341 -0.355091 0
0 -0.18375 0
-0.180621 -0.180621 0
0 -0.18375 0
-0.180621 -0.180621 0
0 -1.22465e-16 0
-0.18375 -1.20379e-16 0
0.18375 0 0
0.361242 0 0
0.180621 -0.180621 0
0.355091 -0.171341 0
0.180621 -0.180621 0
0.355091 -0.171341 0
0.171341 -0.355091 0
0.336848 -0.336848 0
0.171341 -0.355091 0
0.336848 -0.336848 0
0.156227 -0.517469 0
0.307134 -0.490883 0
0.156227 -0.517469 0
0.307134 -0.490883 0
0.135793 -0.662225 0
0.266961 -0.628202 0
0.135793 -0.662225 0
0.266961 -0.628202 0
0.110734 -0.784429 0
0.217697 -0.744129 0
0.110734 -0.784429 0
0.217697 -0.744129 0
0.0819042 -0.879921 0
0.161019 -0.834715 0
0.0819042 -0.879921 0
0.161019 -0.834715 0
0.0502854 -0.945449 0
0.0988585 -0.896876 0
0.0502854 -0.945449 0
0.0988585 -0.896876 0
0.0169543 -0.97878 0
0.0333312 -0.928494 0
0.0169543 -0.97878 0
0.0333312 -0.928494 0
-0.0169543 -0.97878 0
-0.0333312 -0.928494 0
-0.0169543 -0.97878 0
-0.0333312 -0.928494 0
-0.0502854 -0.945449 0
-0.0988585 -0.896876 0
-0.0502854 -0.945449 0
-0.0988585 -0.896876 0
-0.0819042 -0.879921 0
-0.161019 -0.834715 0
-0.0819042 -0.879921 0
-0.161019 -0.834715 0
-0.110734 -0.784429 0
-0.217697 -0.744129 0
-0.110734 -0.784429 0
-0.217697 -0.744129 0
-0.135793 -0.662225 0
-0.266961 -0.628202 0
-0.135793 -0.662225 0
-0.266961 -0.628202 0
-0.156227 -0.517469 0
-0.307134 -0.490883 0
-0.156227 -0.517469 0
-0.307134 -0.490883 0
-0.171341 -0.355091 0
-0.336848 -0.336848 0
-0.171341 -0.355091 0
-0.336848 -0.336848 0
-0.180621 -0.180621 0
-0.355091 -0.171341 0
-0.180621 -0.180621 0
-0.355091 -0.171341 0
-0.18375 -1.20379e-16 0
-0.361242 -1.14195e-16 0
0.361242 0 0
0.526432 0 0
0.355091 -0.171341 0
0.517469 -0.156227 0
0.355091 -0.171341 0
0.517469 -0.156227 0
0.336848 -0.336848 0
0.490883 -0.307134 0
0.336848 -0.336848 0
0.490883 -0.307134 0
0.307134 -0.490883 0
0.447582 -0.447582 0
0.307134 -0.490883 0
0.447582 -0.447582 0
0.266961 -0.628202 0
0.389038 -0.572788 0
0.266961 -0.628202 0
0.389038 -0.572788 0
0.217697 -0.744129 0
0.317246 -0.678488 0
0.217697 -0.744129 0
0.317246 -0.678488 0
0.161019 -0.834715 0
0.234651 -0.761083 0
0.161019 -0.834715 0
0.234651 -0.761083 0
0.0988585 -0.896876 0
0.144065 -0.817761 0
0.0988585 -0.896876 0
0.144065 -0.817761 0
0.0333312 -0.928494 0
0.048573 -0.84659 0
0.0333312 -0.928494 0
0.048573 -0.84659 0
-0.0333312 -0.928494 0
-0.048573 -0.84659 0
-0.0333312 -0.928494 0
-0.048573 -0.84659 0
-0.0988585 -0.896876 0
-0.144065 -0.817761 0
-0.0988585 -0.896876 0
-0.144065 -0.817761 0
-0.161019 -0.834715 0
-0.234651 -0.761083 0
-0.161019 -0.834715 0
-0.234651 -0.761083 0
-0.217697 -0.744129 0
-0.317246 -0.678488 0
-0.217697 -0.744129 0
-0.317246 -0.678488 0
-0.266961 -0.628202 0
-0.389038 -0.572788 0
-0.266961 -0.628202 0
-0.389038 -0.572788 0
-0.307134 -0.490883 0
-0.447582 -0.447582 0
-0.307134 -0.490883 0
-0.447582 -0.447582 0
-0.336848 -0.336848 0
-0.490883 -0.307134 0
-0.336848 -0.336848 0
-0.490883 -0.307134 0
-0.355091 -0.171341 0
-0.517469 -0.156227 0
-0.355091 -0.171341 0
-0.517469 -0.156227 0
-0.361242 -1.14195e-16 0
-0.526432 -1.04122e-16 0
0.526432 0 0
0.673696 0 0
0.517469 -0.156227 0
0.662225 -0.135793 0
0.517469 -0.156227 0
0.662225 -0.135793 0
0.490883 -0.307134 0
0.628202 -0.266961 0
0.490883 -0.307134 0
0.628202 -0.266961 0
0.447582 -0.447582 0
0.572788 -0.389038 0
0.447582 -0.447582 0
0.572788 -0.389038 0
0.389038 -0.572788 0
0.497867 -0.497867 0
0.389038 -0.572788 0
0.497867 -0.497867 0
0.317246 -0.678488 0
0.405992 -0.589742 0
0.317246 -0.678488 0
0.405992 -0.589742 0
0.234651 -0.761083 0
0.300292 -0.661534 0
0.234651 -0.761083 0
0.300292 -0.661534 0
0.144065 -0.817761 0
0.184366 -0.710798 0
0.144065 -0.817761 0
0.184366 -0.710798 0
0.048573 -0.84659 0
0.0621608 -0.735856 0
0.048573 -0.84659 0
0.0621608 -0.735856 0
-0.048573 -0.84659 0
-0.0621608 -0.735856 0
-0.048573 -0.84659 0
-0.0621608 -0.735856 0
-0.144065 -0.817761 0
-0.184366 -0.710798 0
-0.144065 -0.817761 0
-0.184366 -0.710798 0
-0.234651 -0.761083 0
-0.300292 -0.661534 0
-0.234651 -0.761083 0
-0.300292 -0.661534 0
-0.317246 -0.678488 0
-0.405992 -0.589742 0
-0.317246 -0.678488 0
-0.405992 -0.589742 0
-0.389038 -0.572788 0
-0.497867 -0.497867 0
-0.389038 -0.572788 0
-0.497867 -0.497867 0
-0.447582 -0.447582 0
-0.572788 -0.389038 0
-0.447582 -0.447582 0
-0.572788 -0.389038 0
-0.490883 -0.307134 0
-0.628202 -0.266961 0
-0.490883 -0.307134 0
-0.628202 -0.266961 0
-0.517469 -0.156227 0
-0.662225 -0.135793 0
-0.517469 -0.156227 0
-0.662225 -0.135793 0
-0.526432 -1.04122e-16 0
-0.673696 -9.05025e-17 0
0.673696 0 0
0.798017 0 0
0.662225 -0.135793 0
0.784429 -0.110734 0
0.662225 -0.135793 0
0.784429 -0.110734 0
0.628202 -0.266961 0
0.744129 -0.217697 0
0.628202 -0.266961 0
0.744129 -0.217697 0
0.572788 -0.389038 0
0.678488 -0.317246 0
0.572788 -0.389038 0
0.678488 -0.317246 0
0.497867 -0.497867 0
0.589742 -0.405992 0
0.497867 -0.497867 0
0.589742 -0.405992 0
0.405992 -0.589742 0
0.480913 -0.480913 0
0.405992 -0.589742 0
0.480913 -0.480913 0
0.300292 -0.661534 0
0.355707 -0.539456 0
0.300292 -0.661534 0
0.355707 -0.539456 0
0.184366 -0.710798 0
0.218388 -0.579629 0
0.184366 -0.710798 0
0.218388 -0.579629 0
0.0621608 -0.735856 0
0.0736317 -0.600064 0
0.0621608 -0.735856 0
0.0736317 -0.600064 0
-0.0621608 -0.735856 0
-0.0736317 -0.600064 0
-0.0621608 -0.735856 0
-0.0736317 -0.600064 0
-0.184366 -0.710798 0
-0.218388 -0.579629 0
-0.184366 -0.710798 0
-0.218388 -0.579629 0
-0.300292 -0.661534 0
-0.355707 -0.539456 0
-0.300292 -0.661534 0
-0.355707 -0.539456 0
-0.405992 -0.589742 0
-0.480913 -0.480913 0
-0.405992 -0.589742 0
-0.480913 -0.480913 0
-0.497867 -0.497867 0
-0.589742 -0.405992 0
-0.497867 -0.497867 0
-0.589742 -0.405992 0
-0.572788 -0.389038 0
-0.678488 -0.317246 0
-0.572788 -0.389038 0
-0.678488 -0.317246 0
-0.628202 -0.266961 0
-0.744129 -0.217697 0
-0.628202 -0.266961 0
-0.744129 -0.217697 0
-0.662225 -0.135793 0
-0.784429 -0.110734 0
-0.662225 -0.135793 0
-0.784429 -0.110734 0
-0.673696 -9.05025e-17 0
-0.798017 -7.38015e-17 0
0.798017 0 0
0.895163 0 0
0.784429 -0.110734 0
0.879921 -0.0819042 0
0.784429 -0.110734 0
0.879921 -0.0819042 0
0.744129 -0.217697 0
0.834715 -0.161019 0
0.744129 -0.217697 0
0.834715 -0.161019 0
0.678488 -0.317246 0
0.761083 -0.234651 0
0.678488 -0.317246 0
0.761083 -0.234651 0
0.589742 -0.405992 0
0.661534 -0.300292 0
0.589742 -0.405992 0
0.661534 -0.300292 0
0.480913 -0.480913 0
0.539456 -0.355707 0
0.480913 -0.480913 0
0.539456 -0.355707 0
0.355707 -0.539456 0
0.399009 -0.399009 0
0.355707 -0.539456 0
0.399009 -0.399009 0
0.218388 -0.579629 0
0.244973 -0.428723 0
0.218388 -0.579629 0
0.244973 -0.428723 0
0.0736317 -0.600064 0
0.0825952 -0.443837 0
0.0736317 -0.600064 0
0.0825952 -0.443837 0
-0.0736317 -0.600064 0
-0.0825953 -0.443837 0
-0.0736317 -0.600064 0
-0.0825953 -0.443837 0
-0.218388 -0.579629 0
-0.244973 -0.428723 0
-0.218388 -0.579629 0
-0.244973 -0.428723 0
-0.355707 -0.539456 0
-0.399009 -0.399009 0
-0.355707 -0.539456 0
-0.399009 -0.399009 0
-0.480913 -0.480913 0
-0.539456 -0.355707 0
-0.480913 -0.480913 0
-0.539456 -0.355707 0
-0.589742 -0.405992 0
-0.661534 -0.300292 0
-0.589742 -0.405992 0
-0.661534 -0.300292 0
-0.678488 -0.317246 0
-0.761083 -0.234651 0
-0.678488 -0.317246 0
-0.761083 -0.234651 0
-0.744129 -0.217697 0
-0.834715 -0.161019 0
-0.744129 -0.217697 0
-0.834715 -0.161019 0
-0.784429 -0.110734 0
-0.879921 -0.0819042 0
-0.784429 -0.110734 0
-0.879921 -0.0819042 0
-0.798017 -7.38015e-17 0
-0.895163 -5.45872e-17 0
0.895163 0 0
0.961826 0 0
0.879921 -0.0819042 0
0.945449 -0.0502854 0
0.879921 -0.0819042 0
0.945449 -0.0502854 0
0.834715 -0.161019 0
0.896876 -0.0988585 0
0.834715 -0.161019 0
0.896876 -0.0988585 0
0.761083 -0.234651 0
0.817761 -0.144065 0
0.761083 -0.234651 0
0.817761 -0.144065 0
0.661534 -0.300292 0
0.710798 -0.184366 0
0.661534 -0.300292 0
0.710798 -0.184366 0
0.539456 -0.355707 0
0.579629 -0.218388 0
0.539456 -0.355707 0
0.579629 -0.218388 0
0.399009 -0.399009 0
0.428723 -0.244973 0
0.399009 -0.399009 0
0.428723 -0.244973 0
0.244973 -0.428723 0
0.263216 -0.263216 0
0.244973 -0.428723 0
0.263216 -0.263216 0
0.0825952 -0.443837 0
0.0887461 -0.272496 0
0.0825952 -0.443837 0
0.0887461 -0.272496 0
-0.0825953 -0.443837 0
-0.0887461 -0.272496 0
-0.0825953 -0.443837 0
-0.0887461 -0.272496 0
-0.244973 -0.428723 0
-0.263216 -0.263216 0
-0.244973 -0.428723 0
-0.263216 -0.263216 0
-0.399009 -0.399009 0
-0.428723 -0.244973 0
-0.399009 -0.399009 0
-0.428723 -0.244973 0
-0.539456 -0.355707 0
-0.579629 -0.218388 0
-0.539456 -0.355707 0
-0.579629 -0.218388 0
-0.661534 -0.300292 0
-0.710798 -0.184366 0
-0.661534 -0.300292 0
-0.710798 -0.184366 0
-0.761083 -0.234651 0
-0.817761 -0.144065 0
-0.761083 -0.234651 0
-0.817761 -0.144065 0
-0.834715 -0.161019 0
-0.896876 -0.0988585 0
-0.834715 -0.161019 0
-0.896876 -0.0988585 0
-0.879921 -0.0819042 0
-0.945449 -0.0502854 0
-0.879921 -0.0819042 0
-0.945449 -0.0502854 0
-0.895163 -5.45872e-17 0
-0.961826 -3.3514e-17 0
0.961826 0 0
0.995734 0 0
0.945449 -0.0502854 0
0.97878 -0.0169543 0
0.945449 -0.0502854 0
0.97878 -0.0169543 0
0.896876 -0.0988585 0
0.928494 -0.0333312 0
0.896876 -0.0988585 0
0.928494 -0.0333312 0
0.817761 -0.144065 0
0.84659 -0.048573 0
0.817761 -0.144065 0
0.84659 -0.048573 0
0.710798 -0.184366 0
0.735856 -0.0621608 0
0.710798 -0.184366 0
0.735856 -0.0621608 0
0.579629 -0.218388 0
0.600064 -0.0736317 0
0.579629 -0.218388 0
0.600064 -0.0736317 0
0.428723 -0.244973 0
0.443837 -0.0825952 0
0.428723 -0.244973 0
0.443837 -0.0825952 0
0.263216 -0.263216 0
0.272496 -0.0887461 0
0.263216 -0.263216 0
0.272496 -0.0887461 0
0.0887461 -0.272496 0
0.0918747 -0.0918748 0
0.0887461 -0.272496 0
0.0918747 -0.0918748 0
-0.0887461 -0.272496 0
-0.0918748 -0.0918748 0
-0.0887461 -0.272496 0
-0.0918748 -0.0918748 0
-0.263216 -0.263216 0
-0.272496 -0.0887461 0
-0.263216 -0.263216 0
-0.272496 -0.0887461 0
-0.428723 -0.244973 0
-0.443837 -0.0825952 0
-0.428723 -0.244973 0
-0.443837 -0.0825952 0
-0.579629 -0.218388 0
-0.600064 -0.0736317 0
-0.579629 -0.218388 0
-0.600064 -0.0736317 0
-0.710798 -0.184366 0
-0.735856 -0.0621608 0
-0.710798 -0.184366 0
-0.735856 -0.0621608 0
-0.817761 -0.144065 0
-0.84659 -0.048573 0
-0.817761 -0.144065 0
-0.84659 -0.048573 0
-0.896876 -0.0988585 0
-0.928494 -0.0333312 0
-0.896876 -0.0988585 0
-0.928494 -0.0333312 0
-0.945449 -0.0502854 0
-0.97878 -0.0169543 0
-0.945449 -0.0502854 0
-0.97878 -0.0169543 0
-0.961826 -3.3514e-17 0
-0.995734 -1.12996e-17 0
0.995734 0 0
0.995734 0 0
0.97878 -0.0169543 0
0.97878 0.0169543 0
0.97878 -0.0169543 0
0.97878 0.0169543 0
0.928494 -0.0333312 0
0.928494 0.0333312 0
0.928494 -0.0333312 0
0.928494 0.0333312 0
0.84659 -0.048573 0
0.84659 0.048573 0
0.84659 -0.048573 0
0.84659 0.048573 0
0.735856 -0.0621608 0
0.735856 0.0621608 0
0.735856 -0.0621608 0
0.735856 0.0621608 0
0.600064 -0.0736317 0
0.600064 0.0736317 0
0.600064 -0.0736317 0
0.600064 0.0736317 0
0.443837 -0.0825952 0
0.443837 0.0825952 0
0.443837 -0.0825952 0
0.443837 0.0825952 0
0.272496 -0.0887461 0
0.272496 0.0887461 0
0.272496 -0.0887461 0
0.272496 0.0887461 0
0.0918747 -0.0918748 0
0.0918748 0.0918748 0
0.0918747 -0.0918748 0
0.0918748 0.0918748 0
-0.0918748 -0.0918748 0
-0.0918748 0.0918748 0
-0.0918748 -0.0918748 0
-0.0918748 0.0918748 0
-0.272496 -0.0887461 0
-0.272496 0.0887461 0
-0.272496 -0.0887461 0
-0.272496 0.0887461 0
-0.443837 -0.0825952 0
-0.443837 0.0825952 0
-0.443837 -0.0825952 0
-0.443837 0.0825952 0
-0.600064 -0.0736317 0
-0.600064 0.0736317 0
-0.600064 -0.0736317 0
-0.600064 0.0736317 0
-0.735856 -0.0621608 0
-0.735856 0.0621608 0
-0.735856 -0.0621608 0
-0.735856 0.0621608 0
-0.84659 -0.048573 0
-0.84659 0.048573 0
-0.84659 -0.048573 0
-0.84659 0.048573 0
-0.928494 -0.0333312 0
-0.928494 0.0333312 0
-0.928494 -0.0333312 0
-0.928494 0.0333312 0
-0.97878 -0.0169543 0
-0.97878 0.0169543 0
-0.97878 -0.0169543 0
-0.97878 0.0169543 0
-0.995734 -1.12996e-17 0
-0.995734 1.12996e-17 0
0.995734 0 0
0.961826 0 0
0.97878 0.0169543 0
0.945449 0.0502854 0
0.97878 0.0169543 0
0.945449 0.0502854 0
0.928494 0.0333312 0
0.896876 0.0988585 0
0.928494 0.0333312 0
0.896876 0.0988585 0
0.84659 0.048573 0
0.817761 0.144065 0
0.84659 0.048573 0
0.817761 0.144065 0
0.735856 0.0621608 0
0.710798 0.184366 0
0.735856 0.0621608 0
0.710798 0.184366 0
0.600064 0.0736317 0
0.579629 0.218388 0
0.600064 0.0736317 0
0.579629 0.218388 0
0.443837 0.0825952 0
0.428723 0.244973 0
0.443837 0.0825952 0
0.428723 0.244973 0
0.272496 0.0887461 0
0.263216 0.263216 0
0.272496 0.0887461 0
0.263216 0.263216 0
0.0918748 0.0918748 0
0.0887461 0.272496 0
0.0918748 0.0918748 0
0.0887461 0.272496 0
-0.0918748 0.0918748 0
-0.0887461 0.272496 0
-0.0918748 0.0918748 0
-0.0887461 0.272496 0
-0.272496 0.0887461 0
-0.263216 0.263216 0
-0.272496 0.0887461 0
-0.263216 0.263216 0
-0.443837 0.0825952 0
-0.428723 0.244973 0
-0.443837 0.0825952 0
-0.428723 0.244973 0
-0.600064 0.0736317 0
-0.579629 0.218388 0
-0.600064 0.0736317 0
-0.579629 0.218388 0
-0.735856 0.0621608 0
-0.710798 0.184366 0
-0.735856 0.0621608 0
-0.710798 0.184366 0
-0.84659 0.048573 0
-0.817761 0.144065 0
-0.84659 0.048573 0
-0.817761 0.144065 0
-0.928494 0.0333312 0
-0.896876 0.0988585 0
-0.928494 0.0333312 0
-0.896876 0.0988585 0
-0.97878 0.0169543 0
-0.945449 0.0502854 0
-0.97878 0.0169543 0
-0.945449 0.0502854 0
-0.995734 1.12996e-17 0
-0.961826 3.3514e-17 0
0.961826 0 0
0.895163 0 0
0.945449 0.0502854 0
0.879921 0.0819042 0
0.945449 0.0502854 0
0.879921 0.0819042 0
0.896876 0.0988585 0
0.834715 0.161019 0
0.896876 0.0988585 0
0.834715 0.161019 0
0.817761 0.144065 0
0.761083 0.234651 0
0.817761 0.144065 0
0.761083 0.234651 0
0.710798 0.184366 0
0.661534 0.300292 0
0.710798 0.184366 0
0.661534 0.300292 0
0.579629 0.218388 0
0.539456 0.355707 0
0.579629 0.218388 0
0.539456 0.355707 0
0.428723 0.244973 0
0.399009 0.399009 0
0.428723 0.244973 0
0.399009 0.399009 0
0.263216 0.263216 0
0.244973 0.428723 0
0.263216 0.263216 0
0.244973 0.428723 0
0.0887461 0.272496 0
0.0825952 0.443837 0
0.0887461 0.272496 0
0.0825952 0.443837 0
-0.0887461 0.272496 0
-0.0825953 0.443837 0
-0.0887461 0.272496 0
-0.0825953 0.443837 0
-0.263216 0.263216 0
-0.244973 0.428723 0
-0.263216 0.263216 0
-0.244973 0.428723 0
-0.428723 0.244973 0
-0.399009 0.399009 0
-0.428723 0.244973 0
-0.399009 0.399009 0
-0.579629 0.218388 0
-0.539456 0.355707 0
-0.579629 0.218388 0
-0.539456 0.355707 0
-0.710798 0.184366 0
-0.661534 0.300292 0
-0.710798 0.184366 0
-0.661534 0.300292 0
-0.817761 0.144065 0
-0.761083 0.234651 0
-0.817761 0.144065 0
-0.761083 0.234651 0
-0.896876 0.0988585 0
-0.834715 0.161019 0
-0.896876 0.0988585 0
-0.834715 0.161019 0
-0.945449 0.0502854 0
-0.879921 0.0819042 0
-0.945449 0.0502854 0
-0.879921 0.0819042 0
-0.961826 3.3514e-17 0
-0.895163 5.45872e-17 0
0.895163 0 0
0.798017 0 0
0.879921 0.0819042 0
0.784429 0.110734 0
0.879921 0.0819042 0
0.784429 0.110734 0
0.834715 0.161019 0
0.744129 0.217697 0
0.834715 0.161019 0
0.744129 0.217697 0
0.761083 0.234651 0
0.678488 0.317246 0
0.761083 0.234651 0
0.678488 0.317246 0
0.661534 0.300292 0
0.589742 0.405992 0
0.661534 0.300292 0
0.589742 0.405992 0
0.539456 0.355707 0
0.480913 0.480913 0
0.539456 0.355707 0
0.480913 0.480913 0
0.399009 0.399009 0
0.355707 0.539456 0
0.399009 0.399009 0
0.355707 0.539456 0
0.244973 0.428723 0
0.218388 0.579629 0
0.244973 0.428723 0
0.218388 0.579629 0
0.0825952 0.443837 0
0.0736317 0.600064 0
0.0825952 0.443837 0
0.0736317 0.600064 0
-0.0825953 0.443837 0
-0.0736318 0.600064 0
-0.0825953 0.443837 0
-0.0736318 0.600064 0
-0.244973 0.428723 0
-0.218388 0.579629 0
-0.244973 0.428723 0
-0.218388 0.579629 0
-0.399009 0.399009 0
-0.355707 0.539456 0
-0.399009 0.399009 0
-0.355707 0.539456 0
-0.539456 0.355707 0
-0.480913 0.480913 0
-0.539456 0.355707 0
-0.480913 0.480913 0
-0.661534 0.300292 0
-0.589742 0.405992 0
-0.661534 0.300292 0
-0.589742 0.405992 0
-0.761083 0.234651 0
-0.678488 0.317246 0
-0.761083 0.234651 0
-0.678488 0.317246 0
-0.834715 0.161019 0
-0.744129 0.217697 0
-0.834715 0.161019 0
-0.744129 0.217697 0
-0.879921 0.0819042 0
-0.784429 0.110734 0
-0.879921 0.0819042 0
-0.784429 0.110734 0
-0.895163 5.45872e-17 0
-0.798017 7.38015e-17 0
0.798017 0 0
0.673696 0 0
0.784429 0.110734 0
0.662225 0.135793 0
0.784429 0.110734 0
0.662225 0.135793 0
0.744129 0.217697 0
0.628202 0.266961 0
0.744129 0.217697 0
0.628202 0.266961 0
0.678488 0.317246 0
0.572788 0.389038 0
0.678488 0.317246 0
0.572788 0.389038 0
0.589742 0.405992 0
0.497867 0.497867 0
0.589742 0.405992 0
0.497867 0.497867 0
0.480913 0.480913 0
0.405992 0.589742 0
0.480913 0.480913 0
0.405992 0.589742 0
0.355707 0.539456 0
0.300292 0.661534 0
0.355707 0.539456 0
0.300292 0.661534 0
0.218388 0.579629 0
0.184366 0.710798 0
0.218388 0.579629 0
0.184366 0.710798 0
0.0736317 0.600064 0
0.0621608 0.735856 0
0.0736317 0.600064 0
0.0621608 0.735856 0
-0.0736318 0.600064 0
-0.0621608 0.735856 0
-0.0736318 0.600064 0
-0.0621608 0.735856 0
-0.218388 0.579629 0
-0.184366 0.710798 0
-0.218388 0.579629 0
-0.184366 0.710798 0
-0.355707 0.539456 0
-0.300292 0.661534 0
-0.355707 0.539456 0
-0.300292 0.661534 0
-0.480913 0.480913 0
-0.405992 0.589742 0
-0.480913 0.480913 0
-0.405992 0.589742 0
-0.589742 0.405992 0
-0.497867 0.497867 0
-0.589742 0.405992 0
-0.497867 0.497867 0
-0.678488 0.317246 0
-0.572788 0.389038 0
-0.678488 0.317246 0
-0.572788 0.389038 0
-0.744129 0.217697 0
-0.628202 0.266961 0
-0.744129 0.217697 0
-0.628202 0.266961 0
-0.784429 0.110734 0
-0.662225 0.135793 0
-0.784429 0.110734 0
-0.662225 0.135793 0
-0.798017 7.38015e-17 0
-0.673696 9.05025e-17 0
0.673696 0 0
0.526432 0 0
0.662225 0.135793 0
0.517469 0.156227 0
0.662225 0.135793 0
0.517469 0.156227 0
0.628202 0.266961 0
0.490883 0.307134 0
0.628202 0.266961 0
0.490883 0.307134 0
0.572788 0.389038 0
0.447582 0.447582 0
0.572788 0.389038 0
0.447582 0.447582 0
0.497867 0.497867 0
0.389038 0.572788 0
0.497867 0.497867 0
0.389038 0.572788 0
0.405992 0.589742 0
0.317246 0.678488 0
0.405992 0.589742 0
0.317246 0.678488 0
0.300292 0.661534 0
0.234651 0.761083 0
0.300292 0.661534 0
0.234651 0.761083 0
0.184366 0.710798 0
0.144065 0.817761 0
0.184366 0.710798 0
0.144065 0.817761 0
0.0621608 0.735856 0
0.048573 0.84659 0
0.0621608 0.735856 0
0.048573 0.84659 0
-0.0621608 0.735856 0
-0.048573 0.84659 0
-0.0621608 0.735856 0
-0.048573 0.84659 0
-0.184366 0.710798 0
-0.144065 0.817761 0
-0.184366 0.710798 0
-0.144065 0.817761 0
-0.300292 0.661534 0
-0.234651 0.761083 0
-0.300292 0.661534 0
-0.234651 0.761083 0
-0.405992 0.589742 0
-0.317246 0.678488 0
-0.405992 0.589742 0
-0.317246 0.678488 0
-0.497867 0.497867 0
-0.389038 0.572788 0
-0.497867 0.497867 0
-0.389038 0.572788 0
-0.572788 0.389038 0
-0.447582 0.447582 0
-0.572788 0.389038 0
-0.447582 0.447582 0
-0.628202 0.266961 0
-0.490883 0.307134 0
-0.628202 0.266961 0
-0.490883 0.307134 0
-0.662225 0.135793 0
-0.517469 0.156227 0
-0.662225 0.135793 0
-0.517469 0.156227 0
-0.673696 9.05025e-17 0
-0.526432 1.04122e-16 0
0.526432 0 0
0.361242 0 0
0.517469 0.156227 0
0.355091 0.171341 0
0.517469 0.156227 0
0.355091 0.171341 0
0.490883 0.307134 0
0.336848 0.336848 0
0.490883 0.307134 0
0.336848 0.336848 0
0.447582 0.447582 0
0.307134 0.490883 0
0.447582 0.447582 0
0.307134 0.490883 0
0.389038 0.572788 0
0.266961 0.628202 0
0.389038 0.572788 0
0.266961 0.628202 0
0.317246 0.678488 0
0.217697 0.744129 0
0.317246 0.678488 0
0.217697 0.744129 0
0.234651 0.761083 0
0.161019 0.834715 0
0.234651 0.761083 0
0.161019 0.834715 0
0.144065 0.817761 0
0.0988585 0.896876 0
0.144065 0.817761 0
0.0988585 0.896876 0
0.048573 0.84659 0
0.0333312 0.928494 0
0.048573 0.84659 0
0.0333312 0.928494 0
-0.048573 0.84659 0
-0.0333312 0.928494 0
-0.048573 0.84659 0
-0.0333312 0.928494 0
-0.144065 0.817761 0
-0.0988585 0.896876 0
-0.144065 0.817761 0
-0.0988585 0.896876 0
-0.234651 0.761083 0
-0.161019 0.834715 0
-0.234651 0.761083 0
-0.161019 0.834715 0
-0.317246 0.678488 0
-0.217697 0.744129 0
-0.317246 0.678488 0
-0.217697 0.744129 0
-0.389038 0.572788 0
-0.266961 0.628202 0
-0.389038 0.572788 0
-0.266961 0.628202 0
-0.447582 0.447582 0
-0.307134 0.490883 0
-0.447582 0.447582 0
-0.307134 0.490883 0
-0.490883 0.307134 0
-0.336848 0.336848 0
-0.490883 0.307134 0
-0.336848 0.336848 0
-0.517469 0.156227 0
-0.355091 0.171341 0
-0.517469 0.156227 0
-0.355091 0.171341 0
-0.526432 1.04122e-16 0
-0.361242 1.14195e-16 0
0.361242 0 0
0.18375 0 0
0.355091 0.171341 0
0.180621 0.180621 0
0.355091 0.171341 0
0.180621 0.180621 0
0.336848 0.336848 0
0.171341 0.355091 0
0.336848 0.336848 0
0.171341 0.355091 0
0.307134 0.490883 0
0.156227 0.517469 0
0.307134 0.490883 0
0.156227 0.517469 0
0.266961 0.628202 0
0.135793 0.662225 0
0.266961 0.628202 0
0.135793 0.662225 0
0.217697 0.744129 0
0.110734 0.784429 0
0.217697 0.744129 0
0.110734 0.784429 0
0.161019 0.834715 0
0.0819042 0.879921 0
0.161019 0.834715 0
0.0819042 0.879921 0
0.0988585 0.896876 0
0.0502854 0.945449 0
0.0988585 0.896876 0
0.0502854 0.945449 0
0.0333312 0.928494 0
0.0169543 0.97878 0
0.0333312 0.928494 0
0.0169543 0.97878 0
-0.0333312 0.928494 0
-0.0169543 0.97878 0
-0.0333312 0.928494 0
-0.0169543 0.97878 0
-0.0988585 0.896876 0
-0.0502854 0.945449 0
-0.0988585 0.896876 0
-0.0502854 0.945449 0
-0.161019 0.834715 0
-0.0819042 0.879921 0
-0.161019 0.834715 0
-0.0819042 0.879921 0
-0.217697 0.744129 0
-0.110734 0.784429 0
-0.217697 0.744129 0
-0.110734 0.784429 0
-0.266961 0.628202 0
-0.135793 0.662225 0
-0.266961 0.628202 0
-0.135793 0.662225 0
-0.307134 0.490883 0
-0.156227 0.517469 0
-0.307134 0.490883 0
-0.156227 0.517469 0
-0.336848 0.336848 0
-0.171341 0.355091 0
-0.336848 0.336848 0
-0.171341 0.355091 0
-0.355091 0.171341 0
-0.180621 0.180621 0
-0.355091 0.171341 0
-0.180621 0.180621 0
-0.361242 1.14195e-16 0
-0.18375 1.20379e-16 0
0.18375 0 0
1.22465e-16 0 0
0.180621 0.180621 0
1.20379e-16 0.18375 0
0.180621 0.180621 0
1.20379e-16 0.18375 0
0.171341 0.355091 0
1.14195e-16 0.361242 0
0.171341 0.355091 0
1.14195e-16 0.361242 0
0.156227 0.517469 0
1.04122e-16 0.526432 0
0.156227 0.517469 0
1.04122e-16 0.526432 0
0.135793 0.662225 0
9.05025e-17 0.673696 0
0.135793 0.662225 0
9.05025e-17 0.673696 0
0.110734 0.784429 0
7.38015e-17 0.798017 0
0.110734 0.784429 0
7.38015e-17 0.798017 0
0.0819042 0.879921 0
5.45872e-17 0.895163 0
0.0819042 0.879921 0
5.45872e-17 0.895163 0
0.0502854 0.945449 0
3.3514e-17 0.961826 0
0.0502854 0.945449 0
3.3514e-17 0.961826 0
0.0169543 0.97878 0
1.12996e-17 0.995734 0
0.0169543 0.97878 0
1.12996e-17 0.995734 0
-0.0169543 0.97878 0
-1.12996e-17 0.995734 0
-0.0169543 0.97878 0
-1.12996e-17 0.995734 0
-0.0502854 0.945449 0
-3.3514e-17 0.961826 0
-0.0502854 0.945449 0
-3.3514e-17 0.961826 0
-0.0819042 0.879921 0
-5.45872e-17 0.895163 0
-0.0819042 0.879921 0
-5.45872e-17 0.895163 0
-0.110734 0.784429 0
-7.38015e-17 0.798017 0
-0.110734 0.784429 0
-7.38015e-17 0.798017 0
-0.135793 0.662225 0
-9.05025e-17 0.673696 0
-0.135793 0.662225 0
-9.05025e-17 0.673696 0
-0.156227 0.517469 0
-1.04122e-16 0.526432 0
-0.156227 0.517469 0
-1.04122e-16 0.526432 0
-0.171341 0.355091 0
-1.14195e-16 0.361242 0
-0.171341 0.355091 0
-1.14195e-16 0.361242 0
-0.180621 0.180621 0
-1.20379e-16 0.18375 0
-0.180621 0.180621 0
-1.20379e-16 0.18375 0
-0.18375 1.20379e-16 0
-1.22465e-16 1.22465e-16 0
VECTORS velocity_error double
0 0 0
0 0 0
0 0 0
1.92307e-08 -3.76593e-08 0
0 0 0
1.92307e-08 -3.76593e-08 0
0 0 0
2.23364e-08 -6.56346e-08 0
0 0 0
2.23364e-08 -6.56346e-08 0
0 0 0
7.38026e-09 -5.24017e-08 0
0 0 0
7.38026e-09 -5.24017e-08 0
0 0 0
6.92724e-10 -2.62021e-08 0
0 0 0
6.92724e-10 -2.62021e-08 0
0 0 0
5.79212e-10 -9.29814e-09 0
0 0 0
5.79212e-10 -9.29814e-09 0
0 0 0
1.77447e-09 -4.1151e-09 0
0 0 0
1.77447e-09 -4.1151e-09 0
0 0 0
2.54951e-09 -6.64913e-09 0
0 0 0
2.54951e-09 -6.64913e-09 0
0 0 0
2.6095e-09 -1.23517e-08 0
0 0 0
2.6095e-09 -1.23517e-08 0
0 0 0
2.05066e-09 -1.78099e-08 0
0 0 0
2.05066e-09 -1.78099e-08 0
0 0 0
1.11578e-09 -2.1075e-08 0
0 0 0
1.11578e-09 -2.1075e-08 0
0 0 0
1.45846e-10 -2.13644e-08 0
0 0 0
1.45846e-10 -2.13644e-08 0
0 0 0
-3.85599e-10 -1.90095e-08 0
0 0 0
-3.85599e-10 -1.90095e-08 0
0 0 0
-3.61985e-10 -1.66606e-08 0
0 0 0
-3.61985e-10 -1.66606e-08 0
0 0 0
-3.158e-09 -1.98775e-08 0
0 0 0
-3.158e-09 -1.98775e-08 0
0 0 0
-1.69464e-08 -2.56207e-08 0
0 0 0
-1.69464e-08 -2.56207e-08 0
0 0 0
-2.48917e-08 -1.10039e-08 0
0 0 0
-2.48917e-08 -1.10039e-08 0
0 0 0
0 0 0
0 0 0
0 0 0
1.92307e-08 -3.76593e-08 0
3.61155e-08 -2.66705e-08 0
1.92307e-08 -3.76593e-08 0
3.61155e-08 -2.66705e-08 0
2.23364e-08 -6.56346e-08 0
5.89222e-09 -2.07508e-08 0
2.23364e-08 -6.56346e-08 0
5.89222e-09 -2.07508e-08 0
7.38026e-09 -5.24017e-08 0
1.06673e-08 -3.88179e-08 0
7.38026e-09 -5.24017e-08 0
1.06673e-08 -3.88179e-08 0
6.92724e-10 -2.62021e-08 0
2.07366e-08 -6.61321e-08 0
6.92724e-10 -2.62021e-08 0
2.07366e-08 -6.61321e-08 0
5.79212e-10 -9.29814e-09 0
1.44882e-08 -5.08426e-08 0
5.79212e-10 -9.29814e-09 0
1.44882e-08 -5.08426e-08 0
1.77447e-09 -4.1151e-09 0
7.88295e-09 -2.00139e-08 0
1.77447e-09 -4.1151e-09 0
7.88295e-09 -2.00139e-08 0
2.54951e-09 -6.64913e-09 0
5.95039e-09 -6.91663e-09 0
2.54951e-09 -6.64913e-09 0
5.95039e-09 -6.91663e-09 0
2.6095e-09 -1.23517e-08 0
5.27927e-09 -1.15102e-08 0
2.6095e-09 -1.23517e-08 0
5.27927e-09 -1.15102e-08 0
2.05066e-09 -1.78099e-08 0
3.77137e-09 -2.09913e-08 0
2.05066e-09 -1.78099e-08 0
3.77137e-09 -2.09913e-08 0
1.11578e-09 -2.1075e-08 0
1.3172e-09 -2.70561e-08 0
1.11578e-09 -2.1075e-08 0
1.3172e-09 -2.70561e-08 0
1.45846e-10 -2.13644e-08 0
-1.56508e-09 -2.77791e-08 0
1.45846e-10 -2.13644e-08 0
-1.56508e-09 -2.77791e-08 0
-3.85599e-10 -1.90095e-08 0
-4.89608e-09 -2.57686e-08 0
-3.85599e-10 -1.90095e-08 0
-4.89608e-09 -2.57686e-08 0
-3.61985e-10 -1.66606e-08 0
-9.81498e-09 -2.24057e-08 0
-3.61985e-10 -1.66606e-08 0
-9.81498e-09 -2.24057e-08 0
-3.158e-09 -1.98775e-08 0
-9.89469e-09 -7.41196e-09 0
-3.158e-09 -1.98775e-08 0
-9.89469e-09 -7.41196e-09 0
-1.69464e-08 -2.56207e-08 0
-8.978e-09 1.84222e-09 0
-1.69464e-08 -2.56207e-08 0
-8.978e-09 1.84222e-09 0
-2.48917e-08 -1.10039e-08 0
-4.87324e-08 -1.38106e-08 0
-2.48917e-08 -1.10039e-08 0
-4.87324e-08 -1.38106e-08 0
0 0 0
0 0 0
0 0 0
0 0 0
3.61155e-08 -2.66705e-08 0
2.79419e-08 -1.09611e-08 0
3.61155e-08 -2.66705e-08 0
2.79419e-08 -1.09611e-08 0
5.89222e-09 -2.07508e-08 0
1.92076e-08 -2.43776e-08 0
5.89222e-09 -2.07508e-08 0
1.92076e-08 -2.43776e-08 0
1.06673e-08 -3.88179e-08 0
2.65465e-08 -3.97915e-08 0
1.06673e-08 -3.88179e-08 0
2.65465e-08 -3.97915e-08 0
2.07366e-08 -6.61321e-08 0
1.98465e-08 -4.09196e-08 0
2.07366e-08 -6.61321e-08 0
1.98465e-08 -4.09196e-08 0
1.44882e-08 -5.08426e-08 0
2.67712e-08 -6.20627e-08 0
1.44882e-08 -5.08426e-08 0
2.67712e-08 -6.20627e-08 0
7.88295e-09 -2.00139e-08 0
1.79718e-08 -3.88009e-08 0
7.88295e-09 -2.00139e-08 0
1.79718e-08 -3.88009e-08 0
5.95039e-09 -6.91663e-09 0
1.03198e-08 -9.0451e-09 0
5.95039e-09 -6.91663e-09 0
1.03198e-08 -9.0451e-09 0
5.27927e-09 -1.15102e-08 0
8.24006e-09 -9.93715e-09 0
5.27927e-09 -1.15102e-08 0
8.24006e-09 -9.93715e-09 0
3.77137e-09 -2.09913e-08 0
5.76858e-09 -2.24743e-08 0
3.77137e-09 -2.09913e-08 0
5.76858e-09 -2.24743e-08 0
1.3172e-09 -2.70561e-08 0
1.6006e-09 -2.96124e-08 0
1.3172e-09 -2.70561e-08 0
1.6006e-09 -2.96124e-08 0
-1.56508e-09 -2.77791e-08 0
-3.45542e-09 -2.99789e-08 0
-1.56508e-09 -2.77791e-08 0
-3.45542e-09 -2.99789e-08 0
-4.89608e-09 -2.57686e-08 0
-9.9623e-09 -2.74081e-08 0
-4.89608e-09 -2.57686e-08 0
-9.9623e-09 -2.74081e-08 0
-9.81498e-09 -2.24057e-08 0
-1.32405e-08 -1.60759e-08 0
-9.81498e-09 -2.24057e-08 0
-1.32405e-08 -1.60759e-08 0
-9.89469e-09 -7.41196e-09 0
-2.27411e-08 -1.32139e-08 0
-9.89469e-09 -7.41196e-09 0
-2.27411e-08 -1.32139e-08 0
-8.978e-09 1.84222e-09 0
-2.13338e-08 8.83453e-10 0
-8.978e-09 1.84222e-09 0
-2.13338e-08 8.83453e-10 0
-4.87324e-08 -1.38106e-08 0
-4.03903e-08 -1.16839e-09 0
-4.87324e-08 -1.38106e-08 0
-4.03903e-08 -1.16839e-09 0
0 0 0
0 0 0
0 0 0
0 0 0
2.79419e-08 -1.09611e-08 0
2.32819e-08 -8.0873e-09 0
2.79419e-08 -1.09611e-08 0
2.32819e-08 -8.0873e-09 0
1.92076e-08 -2.43776e-08 0
3.47658e-08 -2.35551e-08 0
1.92076e-08 -2.43776e-08 0
3.47658e-08 -2.35551e-08 0
2.65465e-08 -3.97915e-08 0
2.98821e-08 -2.99316e-08 0
2.65465e-08 -3.97915e-08 0
2.98821e-08 -2.99316e-08 0
1.98465e-08 -4.09196e-08 0
3.26998e-08 -3.93771e-08 0
1.98465e-08 -4.09196e-08 0
3.26998e-08 -3.93771e-08 0
2.67712e-08 -6.20627e-08 0
2.85504e-08 -4.29617e-08 0
2.67712e-08 -6.20627e-08 0
2.85504e-08 -4.29617e-08 0
1.79718e-08 -3.88009e-08 0
2.85882e-08 -4.85968e-08 0
1.79718e-08 -3.88009e-08 0
2.85882e-08 -4.85968e-08 0
1.03198e-08 -9.0451e-09 0
1.59312e-08 -1.27271e-08 0
1.03198e-08 -9.0451e-09 0
1.59312e-08 -1.27271e-08 0
8.24006e-09 -9.93715e-09 0
1.13035e-08 -7.38363e-09 0
8.24006e-09 -9.93715e-09 0
1.13035e-08 -7.38363e-09 0
5.76858e-09 -2.24743e-08 0
7.89353e-09 -2.1462e-08 0
5.76858e-09 -2.24743e-08 0
7.89353e-09 -2.1462e-08 0
1.6006e-09 -2.96124e-08 0
1.97052e-09 -2.85782e-08 0
1.6006e-09 -2.96124e-08 0
1.97052e-09 -2.85782e-08 0
-3.45542e-09 -2.99789e-08 0
-5.48854e-09 -2.89325e-08 0
-3.45542e-09 -2.99789e-08 0
-5.48854e-09 -2.89325e-08 0
-9.9623e-09 -2.74081e-08 0
-1.2599e-08 -2.23733e-08 0
-9.9623e-09 -2.74081e-08 0
-1.2599e-08 -2.23733e-08 0
-1.32405e-08 -1.60759e-08 0
-2.12271e-08 -1.745e-08 0
-1.32405e-08 -1.60759e-08 0
-2.12271e-08 -1.745e-08 0
-2.27411e-08 -1.32139e-08 0
-2.28965e-08 -5.84121e-09 0
-2.27411e-08 -1.32139e-08 0
-2.28965e-08 -5.84121e-09 0
-2.13338e-08 8.83453e-10 0
-4.70255e-08 -7.96145e-09 0
-2.13338e-08 8.83453e-10 0
-4.70255e-08 -7.96145e-09 0
-4.03903e-08 -1.16839e-09 0
-1.90726e-08 5.26118e-09 0
-4.03903e-08 -1.16839e-09 0
-1.90726e-08 5.26118e-09 0
0 0 0
0 0 0
0 0 0
0 0 0
2.32819e-08 -8.0873e-09 0
2.44625e-08 -7.62516e-09 0
2.32819e-08 -8.0873e-09 0
2.44625e-08 -7.62516e-09 0
3.47658e-08 -2.35551e-08 0
3.59791e-08 -1.70002e-08 0
3.47658e-08 -2.35551e-08 0
3.59791e-08 -1.70002e-08 0
2.98821e-08 -2.99316e-08 0
4.1166e-08 -2.56109e-08 0
2.98821e-08 -2.99316e-08 0
4.1166e-08 -2.56109e-08 0
3.26998e-08 -3.93771e-08 0
3.78196e-08 -3.03302e-08 0
3.26998e-08 -3.93771e-08 0
3.78196e-08 -3.03302e-08 0
2.85504e-08 -4.29617e-08 0
3.34552e-08 -3.15805e-08 0
2.85504e-08 -4.29617e-08 0
3.34552e-08 -3.15805e-08 0
2.85882e-08 -4.85968e-08 0
3.48857e-08 -4.11907e-08 0
2.85882e-08 -4.85968e-08 0
3.48857e-08 -4.11907e-08 0
1.59312e-08 -1.27271e-08 0
2.22412e-08 -1.70471e-08 0
1.59312e-08 -1.27271e-08 0
2.22412e-08 -1.70471e-08 0
1.13035e-08 -7.38363e-09 0
1.46227e-08 -4.24374e-09 0
1.13035e-08 -7.38363e-09 0
1.46227e-08 -4.24374e-09 0
7.89353e-09 -2.1462e-08 0
9.92398e-09 -1.84009e-08 0
7.89353e-09 -2.1462e-08 0
9.92398e-09 -1.84009e-08 0
1.97052e-09 -2.85782e-08 0
2.57575e-09 -2.50613e-08 0
1.97052e-09 -2.85782e-08 0
2.57575e-09 -2.50613e-08 0
-5.48854e-09 -2.89325e-08 0
-7.18029e-09 -2.48264e-08 0
-5.48854e-09 -2.89325e-08 0
-7.18029e-09 -2.48264e-08 0
-1.2599e-08 -2.23733e-08 0
-1.39607e-08 -1.76273e-08 0
-1.2599e-08 -2.23733e-08 0
-1.39607e-08 -1.76273e-08 0
-2.12271e-08 -1.745e-08 0
-2.37972e-08 -1.21913e-08 0
-2.12271e-08 -1.745e-08 0
-2.37972e-08 -1.21913e-08 0
-2.28965e-08 -5.84121e-09 0
-4.22785e-08 -1.12115e-08 0
-2.28965e-08 -5.84121e-09 0
-4.22785e-08 -1.12115e-08 0
-4.70255e-08 -7.96145e-09 0
-3.78316e-08 -3.11549e-09 0
-4.70255e-08 -7.96145e-09 0
-3.78316e-08 -3.11549e-09 0
-1.90726e-08 5.26118e-09 0
-4.34031e-09 5.77669e-09 0
-1.90726e-08 5.26118e-09 0
-4.34031e-09 5.77669e-09 0
0 0 0
0 0 0
0 0 0
0 0 0
2.44625e-08 -7.62516e-09 0
2.5079e-08 -6.03606e-09 0
2.44625e-08 -7.62516e-09 0
2.5079e-08 -6.03606e-09 0
3.59791e-08 -1.70002e-08 0
3.56697e-08 -1.20035e-08 0
3.59791e-08 -1.70002e-08 0
3.56697e-08 -1.20035e-08 0
4.1166e-08 -2.56109e-08 0
4.11937e-08 -1.70424e-08 0
4.1166e-08 -2.56109e-08 0
4.11937e-08 -1.70424e-08 0
3.78196e-08 -3.03302e-08 0
4.30097e-08 -2.15141e-08 0
3.78196e-08 -3.03302e-08 0
4.30097e-08 -2.15141e-08 0
3.34552e-08 -3.15805e-08 0
4.13989e-08 -2.51612e-08 0
3.34552e-08 -3.15805e-08 0
4.13989e-08 -2.51612e-08 0
3.48857e-08 -4.11907e-08 0
3.39476e-08 -2.42833e-08 0
3.48857e-08 -4.11907e-08 0
3.39476e-08 -2.42833e-08 0
2.22412e-08 -1.70471e-08 0
2.9129e-08 -1.89484e-08 0
2.22412e-08 -1.70471e-08 0
2.9129e-08 -1.89484e-08 0
1.46227e-08 -4.24374e-09 0
1.7493e-08 -1.16609e-09 0
1.46227e-08 -4.24374e-09 0
1.7493e-08 -1.16609e-09 0
9.92398e-09 -1.84009e-08 0
1.19946e-08 -1.38695e-08 0
9.92398e-09 -1.84009e-08 0
1.19946e-08 -1.38695e-08 0
2.57575e-09 -2.50613e-08 0
3.26566e-09 -1.99785e-08 0
2.57575e-09 -2.50613e-08 0
3.26566e-09 -1.99785e-08 0
-7.18029e-09 -2.48264e-08 0
-6.14828e-09 -1.69079e-08 0
-7.18029e-09 -2.48264e-08 0
-6.14828e-09 -1.69079e-08 0
-1.39607e-08 -1.76273e-08 0
-2.07091e-08 -1.60918e-08 0
-1.39607e-08 -1.76273e-08 0
-2.07091e-08 -1.60918e-08 0
-2.37972e-08 -1.21913e-08 0
-3.05488e-08 -1.1648e-08 0
-2.37972e-08 -1.21913e-08 0
-3.05488e-08 -1.1648e-08 0
-4.22785e-08 -1.12115e-08 0
-2.66291e-08 -4.15132e-09 0
-4.22785e-08 -1.12115e-08 0
-2.66291e-08 -4.15132e-09 0
-3.78316e-08 -3.11549e-09 0
-1.30457e-08 2.57384e-09 0
-3.78316e-08 -3.11549e-09 0
-1.30457e-08 2.57384e-09 0
-4.34031e-09 5.77669e-09 0
2.60188e-10 4.64131e-09 0
-4.34031e-09 5.77669e-09 0
2.60188e-10 4.64131e-09 0
0 0 0
0 0 0
0 0 0
0 0 0
2.5079e-08 -6.03606e-09 0
2.26465e-08 -3.70645e-09 0
2.5079e-08 -6.03606e-09 0
2.26465e-08 -3.70645e-09 0
3.56697e-08 -1.20035e-08 0
3.20431e-08 -7.12672e-09 0
3.56697e-08 -1.20035e-08 0
3.20431e-08 -7.12672e-09 0
4.11937e-08 -1.70424e-08 0
3.77683e-08 -9.8969e-09 0
4.11937e-08 -1.70424e-08 0
3.77683e-08 -9.8969e-09 0
4.30097e-08 -2.15141e-08 0
3.94088e-08 -1.20869e-08 0
4.30097e-08 -2.15141e-08 0
3.94088e-08 -1.20869e-08 0
4.13989e-08 -2.51612e-08 0
3.80701e-08 -1.33727e-08 0
4.13989e-08 -2.51612e-08 0
3.80701e-08 -1.33727e-08 0
3.39476e-08 -2.42833e-08 0
3.49546e-08 -1.36266e-08 0
3.39476e-08 -2.42833e-08 0
3.49546e-08 -1.36266e-08 0
2.9129e-08 -1.89484e-08 0
3.10074e-08 -1.28801e-08 0
2.9129e-08 -1.89484e-08 0
3.10074e-08 -1.28801e-08 0
1.7493e-08 -1.16609e-09 0
1.86827e-08 9.99101e-10 0
1.7493e-08 -1.16609e-09 0
1.86827e-08 9.99101e-10 0
1.19946e-08 -1.38695e-08 0
1.33933e-08 -8.43514e-09 0
1.19946e-08 -1.38695e-08 0
1.33933e-08 -8.43514e-09 0
3.26566e-09 -1.99785e-08 0
4.14763e-09 -1.30035e-08 0
3.26566e-09 -1.99785e-08 0
4.14763e-09 -1.30035e-08 0
-6.14828e-09 -1.69079e-08 0
-4.66188e-09 -1.12192e-08 0
-6.14828e-09 -1.69079e-08 0
-4.66188e-09 -1.12192e-08 0
-2.07091e-08 -1.60918e-08 0
-7.22515e-09 -6.07363e-09 0
-2.07091e-08 -1.60918e-08 0
-7.22515e-09 -6.07363e-09 0
-3.05488e-08 -1.1648e-08 0
-6.0399e-09 -1.33643e-09 0
-3.05488e-08 -1.1648e-08 0
-6.0399e-09 -1.33643e-09 0
-2.66291e-08 -4.15132e-09 0
-3.9924e-09 2.31692e-09 0
-2.66291e-08 -4.15132e-09 0
-3.9924e-09 2.31692e-09 0
-1.30457e-08 2.57384e-09 0
-2.54831e-09 4.00934e-09 0
-1.30457e-08 2.57384e-09 0
-2.54831e-09 4.00934e-09 0
2.60188e-10 4.64131e-09 0
-2.56861e-09 3.47102e-09 0
2.60188e-10 4.64131e-09 0
-2.56861e-09 3.47102e-09 0
0 0 0
0 0 0
0 0 0
0 0 0
2.26465e-08 -3.70645e-09 0
1.72877e-08 -1.27274e-09 0
2.26465e-08 -3.70645e-09 0
1.72877e-08 -1.27274e-09 0
3.20431e-08 -7.12672e-09 0
2.26914e-08 -2.48556e-09 0
3.20431e-08 -7.12672e-09 0
2.26914e-08 -2.48556e-09 0
3.77683e-08 -9.8969e-09 0
2.6448e-08 -3.41401e-09 0
3.77683e-08 -9.8969e-09 0
2.6448e-08 -3.41401e-09 0
3.94088e-08 -1.20869e-08 0
2.74697e-08 -4.11524e-09 0
3.94088e-08 -1.20869e-08 0
2.74697e-08 -4.11524e-09 0
3.80701e-08 -1.33727e-08 0
2.603e-08 -4.60615e-09 0
3.80701e-08 -1.33727e-08 0
2.603e-08 -4.60615e-09 0
3.49546e-08 -1.36266e-08 0
2.25749e-08 -4.30722e-09 0
3.49546e-08 -1.36266e-08 0
2.25749e-08 -4.30722e-09 0
3.10074e-08 -1.28801e-08 0
1.74286e-08 -2.63319e-09 0
3.10074e-08 -1.28801e-08 0
1.74286e-08 -2.63319e-09 0
1.86827e-08 9.99101e-10 0
1.11473e-08 5.08817e-10 0
1.86827e-08 9.99101e-10 0
1.11473e-08 5.08817e-10 0
1.33933e-08 -8.43514e-09 0
5.04079e-09 -5.64133e-09 0
1.33933e-08 -8.43514e-09 0
5.04079e-09 -5.64133e-09 0
4.14763e-09 -1.30035e-08 0
2.55251e-09 -4.97927e-09 0
4.14763e-09 -1.30035e-08 0
2.55251e-09 -4.97927e-09 0
-4.66188e-09 -1.12192e-08 0
8.74876e-10 -1.7106e-09 0
-4.66188e-09 -1.12192e-08 0
8.74876e-10 -1.7106e-09 0
-7.22515e-09 -6.07363e-09 0
-1.39512e-09 8.95754e-10 0
-7.22515e-09 -6.07363e-09 0
-1.39512e-09 8.95754e-10 0
-6.0399e-09 -1.33643e-09 0
-4.02163e-09 2.85835e-09 0
-6.0399e-09 -1.33643e-09 0
-4.02163e-09 2.85835e-09 0
-3.9924e-09 2.31692e-09 0
-6.4008e-09 3.81487e-09 0
-3.9924e-09 2.31692e-09 0
-6.4008e-09 3.81487e-09 0
-2.54831e-09 4.00934e-09 0
-8.01037e-09 3.82417e-09 0
-2.54831e-09 4.00934e-09 0
-8.01037e-09 3.82417e-09 0
-2.56861e-09 3.47102e-09 0
-9.00445e-09 2.61606e-09 0
-2.56861e-09 3.47102e-09 0
-9.00445e-09 2.61606e-09 0
0 0 0
0 0 0
0 0 0
0 0 0
1.72877e-08 -1.27274e-09 0
1.0221e-08 8.54567e-10 0
1.72877e-08 -1.27274e-09 0
1.0221e-08 8.54567e-10 0
2.26914e-08 -2.48556e-09 0
1.05794e-08 1.29248e-09 0
2.26914e-08 -2.48556e-09 0
1.05794e-08 1.29248e-09 0
2.6448e-08 -3.41401e-09 0
1.00653e-08 1.39242e-09 0
2.6448e-08 -3.41401e-09 0
1.00653e-08 1.39242e-09 0
2.74697e-08 -4.11524e-09 0
8.29079e-09 1.25514e-09 0
2.74697e-08 -4.11524e-09 0
8.29079e-09 1.25514e-09 0
2.603e-08 -4.60615e-09 0
5.56533e-09 1.37861e-09 0
2.603e-08 -4.60615e-09 0
5.56533e-09 1.37861e-09 0
2.25749e-08 -4.30722e-09 0
2.65312e-09 1.41596e-09 0
2.25749e-08 -4.30722e-09 0
2.65312e-09 1.41596e-09 0
1.74286e-08 -2.63319e-09 0
1.0682e-09 1.42171e-09 0
1.74286e-08 -2.63319e-09 0
1.0682e-09 1.42171e-09 0
1.11473e-08 5.08817e-10 0
3.57317e-09 1.21374e-09 0
1.11473e-08 5.08817e-10 0
3.57317e-09 1.21374e-09 0
5.04079e-09 -5.64133e-09 0
4.29227e-09 -9.58805e-10 0
5.04079e-09 -5.64133e-09 0
4.29227e-09 -9.58805e-10 0
2.55251e-09 -4.97927e-09 0
-7.63884e-10 2.95716e-09 0
2.55251e-09 -4.97927e-09 0
-7.63884e-10 2.95716e-09 0
8.74876e-10 -1.7106e-09 0
-6.62864e-09 4.94744e-09 0
8.74876e-10 -1.7106e-09 0
-6.62864e-09 4.94744e-09 0
-1.39512e-09 8.95754e-10 0
-1.21332e-08 5.67995e-09 0
-1.39512e-09 8.95754e-10 0
-1.21332e-08 5.67995e-09 0
-4.02163e-09 2.85835e-09 0
-1.65288e-08 5.61859e-09 0
-4.02163e-09 2.85835e-09 0
-1.65288e-08 5.61859e-09 0
-6.4008e-09 3.81487e-09 0
-1.89574e-08 5.0652e-09 0
-6.4008e-09 3.81487e-09 0
-1.89574e-08 5.0652e-09 0
-8.01037e-09 3.82417e-09 0
-1.85797e-08 3.91156e-09 0
-8.01037e-09 3.82417e-09 0
-1.85797e-08 3.91156e-09 0
-9.00445e-09 2.61606e-09 0
-1.5837e-08 2.06359e-09 0
-9.00445e-09 2.61606e-09 0
-1.5837e-08 2.06359e-09 0
0 0 0
0 0 0
0 0 0
0 0 0
1.0221e-08 8.54567e-10 0
3.70385e-09 2.41539e-09 0
1.0221e-08 8.54567e-10 0
3.70385e-09 2.41539e-09 0
1.05794e-08 1.29248e-09 0
5.26051e-09 4.36775e-09 0
1.05794e-08 1.29248e-09 0
5.26051e-09 4.36775e-09 0
1.00653e-08 1.39242e-09 0
9.22196e-09 6.19478e-09 0
1.00653e-08 1.39242e-09 0
9.22196e-09 6.19478e-09 0
8.29079e-09 1.25514e-09 0
1.57977e-08 8.82734e-09 0
8.29079e-09 1.25514e-09 0
1.57977e-08 8.82734e-09 0
5.56533e-09 1.37861e-09 0
2.45637e-08 1.24413e-08 0
5.56533e-09 1.37861e-09 0
2.45637e-08 1.24413e-08 0
2.65312e-09 1.41596e-09 0
3.22142e-08 1.81273e-08 0
2.65312e-09 1.41596e-09 0
3.22142e-08 1.81273e-08 0
1.0682e-09 1.42171e-09 0
3.01959e-08 2.07313e-08 0
1.0682e-09 1.42171e-09 0
3.01959e-08 2.07313e-08 0
3.57317e-09 1.21374e-09 0
1.89837e-08 9.75734e-09 0
3.57317e-09 1.21374e-09 0
1.89837e-08 9.75734e-09 0
4.29227e-09 -9.58805e-10 0
1.22818e-08 -4.85211e-10 0
4.29227e-09 -9.58805e-10 0
1.22818e-08 -4.85211e-10 0
-7.63884e-10 2.95716e-09 0
-2.72734e-09 1.31682e-08 0
-7.63884e-10 2.95716e-09 0
-2.72734e-09 1.31682e-08 0
-6.62864e-09 4.94744e-09 0
-9.99478e-09 1.26385e-08 0
-6.62864e-09 4.94744e-09 0
-9.99478e-09 1.26385e-08 0
-1.21332e-08 5.67995e-09 0
-1.72943e-08 1.15206e-08 0
-1.21332e-08 5.67995e-09 0
-1.72943e-08 1.15206e-08 0
-1.65288e-08 5.61859e-09 0
-2.35149e-08 9.69723e-09 0
-1.65288e-08 5.61859e-09 0
-2.35149e-08 9.69723e-09 0
-1.89574e-08 5.0652e-09 0
-2.71452e-08 7.23605e-09 0
-1.89574e-08 5.0652e-09 0
-2.71452e-08 7.23605e-09 0
-1.85797e-08 3.91156e-09 0
-2.64981e-08 4.45066e-09 0
-1.85797e-08 3.91156e-09 0
-2.64981e-08 4.45066e-09 0
-1.5837e-08 2.06359e-09 0
-2.09906e-08 1.64082e-09 0
-1.5837e-08 2.06359e-09 0
-2.09906e-08 1.64082e-09 0
0 0 0
0 0 0
0 0 0
0 0 0
3.70385e-09 2.41539e-09 0
1.15237e-09 3.34183e-09 0
3.70385e-09 2.41539e-09 0
1.15237e-09 3.34183e-09 0
5.26051e-09 4.36775e-09 0
1.95955e-08 9.01186e-09 0
5.26051e-09 4.36775e-09 0
1.95955e-08 9.01186e-09 0
9.22196e-09 6.19478e-09 0
4.32054e-08 1.75886e-08 0
9.22196e-09 6.19478e-09 0
4.32054e-08 1.75886e-08 0
1.57977e-08 8.82734e-09 0
5.8876e-08 2.64438e-08 0
1.57977e-08 8.82734e-09 0
5.8876e-08 2.64438e-08 0
2.45637e-08 1.24413e-08 0
5.50244e-08 3.01971e-08 0
2.45637e-08 1.24413e-08 0
5.50244e-08 3.01971e-08 0
3.22142e-08 1.81273e-08 0
3.83462e-08 2.49127e-08 0
3.22142e-08 1.81273e-08 0
3.83462e-08 2.49127e-08 0
3.01959e-08 2.07313e-08 0
2.95308e-08 2.49709e-08 0
3.01959e-08 2.07313e-08 0
2.95308e-08 2.49709e-08 0
1.89837e-08 9.75734e-09 0
2.12492e-08 1.5334e-08 0
1.89837e-08 9.75734e-09 0
2.12492e-08 1.5334e-08 0
1.22818e-08 -4.85211e-10 0
1.43664e-08 6.12151e-10 0
1.22818e-08 -4.85211e-10 0
1.43664e-08 6.12151e-10 0
-2.72734e-09 1.31682e-08 0
-2.17456e-10 1.79277e-08 0
-2.72734e-09 1.31682e-08 0
-2.17456e-10 1.79277e-08 0
-9.99478e-09 1.26385e-08 0
-7.87301e-09 2.02112e-08 0
-9.99478e-09 1.26385e-08 0
-7.87301e-09 2.02112e-08 0
-1.72943e-08 1.15206e-08 0
-1.9561e-08 1.94488e-08 0
-1.72943e-08 1.15206e-08 0
-1.9561e-08 1.94488e-08 0
-2.35149e-08 9.69723e-09 0
-2.61518e-08 1.46998e-08 0
-2.35149e-08 9.69723e-09 0
-2.61518e-08 1.46998e-08 0
-2.71452e-08 7.23605e-09 0
-2.971e-08 9.69935e-09 0
-2.71452e-08 7.23605e-09 0
-2.971e-08 9.69935e-09 0
-2.64981e-08 4.45066e-09 0
-2.95752e-08 5.01852e-09 0
-2.64981e-08 4.45066e-09 0
-2.95752e-08 5.01852e-09 0
-2.09906e-08 1.64082e-09 0
-2.34182e-08 1.07271e-09 0
-2.09906e-08 1.64082e-09 0
-2.34182e-08 1.07271e-09 0
0 0 0
0 0 0
0 0 0
0 0 0
1.15237e-09 3.34183e-09 0
6.55955e-09 3.94985e-09 0
1.15237e-09 3.34183e-09 0
6.55955e-09 3.94985e-09 0
1.95955e-08 9.01186e-09 0
5.07262e-08 1.83797e-08 0
1.95955e-08 9.01186e-09 0
5.07262e-08 1.83797e-08 0
4.32054e-08 1.75886e-08 0
6.58741e-08 2.95646e-08 0
4.32054e-08 1.75886e-08 0
6.58741e-08 2.95646e-08 0
5.8876e-08 2.64438e-08 0
4.84843e-08 2.80884e-08 0
5.8876e-08 2.64438e-08 0
4.84843e-08 2.80884e-08 0
5.50244e-08 3.01971e-08 0
3.98956e-08 2.9796e-08 0
5.50244e-08 3.01971e-08 0
3.98956e-08 2.9796e-08 0
3.83462e-08 2.49127e-08 0
3.74296e-08 3.61336e-08 0
3.83462e-08 2.49127e-08 0
3.74296e-08 3.61336e-08 0
2.95308e-08 2.49709e-08 0
2.7469e-08 3.03031e-08 0
2.95308e-08 2.49709e-08 0
2.7469e-08 3.03031e-08 0
2.12492e-08 1.5334e-08 0
2.02101e-08 1.97623e-08 0
2.12492e-08 1.5334e-08 0
2.02101e-08 1.97623e-08 0
1.43664e-08 6.12151e-10 0
1.41398e-08 2.71671e-09 0
1.43664e-08 6.12151e-10 0
1.41398e-08 2.71671e-09 0
-2.17456e-10 1.79277e-08 0
3.72627e-09 1.47418e-08 0
-2.17456e-10 1.79277e-08 0
3.72627e-09 1.47418e-08 0
-7.87301e-09 2.02112e-08 0
-1.14032e-08 3.45428e-08 0
-7.87301e-09 2.02112e-08 0
-1.14032e-08 3.45428e-08 0
-1.9561e-08 1.94488e-08 0
-1.39681e-08 2.22757e-08 0
-1.9561e-08 1.94488e-08 0
-1.39681e-08 2.22757e-08 0
-2.61518e-08 1.46998e-08 0
-2.20573e-08 1.87337e-08 0
-2.61518e-08 1.46998e-08 0
-2.20573e-08 1.87337e-08 0
-2.971e-08 9.69935e-09 0
-3.01092e-08 1.33794e-08 0
-2.971e-08 9.69935e-09 0
-3.01092e-08 1.33794e-08 0
-2.95752e-08 5.01852e-09 0
-3.01437e-08 5.7606e-09 0
-2.95752e-08 5.01852e-09 0
-3.01437e-08 5.7606e-09 0
-2.34182e-08 1.07271e-09 0
-2.31957e-08 -3.26026e-11 0
-2.34182e-08 1.07271e-09 0
-2.31957e-08 -3.26026e-11 0
0 0 0
0 0 0
0 0 0
0 0 0
6.55955e-09 3.94985e-09 0
2.26789e-08 5.88607e-09 0
6.55955e-09 3.94985e-09 0
2.26789e-08 5.88607e-09 0
5.07262e-08 1.83797e-08 0
6.22286e-08 2.6383e-08 0
5.07262e-08 1.83797e-08 0
6.22286e-08 2.6383e-08 0
6.58741e-08 2.95646e-08 0
3.9126e-08 2.39178e-08 0
6.58741e-08 2.95646e-08 0
3.9126e-08 2.39178e-08 0
4.84843e-08 2.80884e-08 0
4.21749e-08 3.53655e-08 0
4.84843e-08 2.80884e-08 0
4.21749e-08 3.53655e-08 0
3.98956e-08 2.9796e-08 0
3.64649e-08 3.75036e-08 0
3.98956e-08 2.9796e-08 0
3.64649e-08 3.75036e-08 0
3.74296e-08 3.61336e-08 0
3.07253e-08 4.0229e-08 0
3.74296e-08 3.61336e-08 0
3.07253e-08 4.0229e-08 0
2.7469e-08 3.03031e-08 0
2.37547e-08 3.43455e-08 0
2.7469e-08 3.03031e-08 0
2.37547e-08 3.43455e-08 0
2.02101e-08 1.97623e-08 0
1.76274e-08 2.25365e-08 0
2.02101e-08 1.97623e-08 0
1.76274e-08 2.25365e-08 0
1.41398e-08 2.71671e-09 0
1.29067e-08 4.92879e-09 0
1.41398e-08 2.71671e-09 0
1.29067e-08 4.92879e-09 0
3.72627e-09 1.47418e-08 0
5.76741e-09 9.11054e-09 0
3.72627e-09 1.47418e-08 0
5.76741e-09 9.11054e-09 0
-1.14032e-08 3.45428e-08 0
-9.50357e-09 4.0828e-08 0
-1.14032e-08 3.45428e-08 0
-9.50357e-09 4.0828e-08 0
-1.39681e-08 2.22757e-08 0
-1.17293e-08 2.93198e-08 0
-1.39681e-08 2.22757e-08 0
-1.17293e-08 2.93198e-08 0
-2.20573e-08 1.87337e-08 0
-2.01156e-08 2.40249e-08 0
-2.20573e-08 1.87337e-08 0
-2.01156e-08 2.40249e-08 0
-3.01092e-08 1.33794e-08 0
-2.06416e-08 1.3029e-08 0
-3.01092e-08 1.33794e-08 0
-2.06416e-08 1.3029e-08 0
-3.01437e-08 5.7606e-09 0
-2.90332e-08 7.94803e-09 0
-3.01437e-08 5.7606e-09 0
-2.90332e-08 7.94803e-09 0
-2.31957e-08 -3.26026e-11 0
-2.27123e-08 -1.64944e-09 0
-2.31957e-08 -3.26026e-11 0
-2.27123e-08 -1.64944e-09 0
0 0 0
0 0 0
0 0 0
0 0 0
2.26789e-08 5.88607e-09 0
4.5605e-08 1.36554e-08 0
2.26789e-08 5.88607e-09 0
4.5605e-08 1.36554e-08 0
6.22286e-08 2.6383e-08 0
3.11516e-08 1.74649e-08 0
6.22286e-08 2.6383e-08 0
3.11516e-08 1.74649e-08 0
3.9126e-08 2.39178e-08 0
3.64963e-08 3.34502e-08 0
3.9126e-08 2.39178e-08 0
3.64963e-08 3.34502e-08 0
4.21749e-08 3.53655e-08 0
2.97201e-08 3.44478e-08 0
4.21749e-08 3.53655e-08 0
2.97201e-08 3.44478e-08 0
3.64649e-08 3.75036e-08 0
2.9028e-08 4.38671e-08 0
3.64649e-08 3.75036e-08 0
2.9028e-08 4.38671e-08 0
3.07253e-08 4.0229e-08 0
2.32864e-08 4.09248e-08 0
3.07253e-08 4.0229e-08 0
2.32864e-08 4.09248e-08 0
2.37547e-08 3.43455e-08 0
1.87335e-08 3.53012e-08 0
2.37547e-08 3.43455e-08 0
1.87335e-08 3.53012e-08 0
1.76274e-08 2.25365e-08 0
1.42478e-08 2.29311e-08 0
1.76274e-08 2.25365e-08 0
1.42478e-08 2.29311e-08 0
1.29067e-08 4.92879e-09 0
1.06625e-08 6.52891e-09 0
1.29067e-08 4.92879e-09 0
1.06625e-08 6.52891e-09 0
5.76741e-09 9.11054e-09 0
6.44193e-09 4.16927e-09 0
5.76741e-09 9.11054e-09 0
6.44193e-09 4.16927e-09 0
-9.50357e-09 4.0828e-08 0
-3.76813e-09 3.10335e-08 0
-9.50357e-09 4.0828e-08 0
-3.76813e-09 3.10335e-08 0
-1.17293e-08 2.93198e-08 0
-1.40049e-08 4.60899e-08 0
-1.17293e-08 2.93198e-08 0
-1.40049e-08 4.60899e-08 0
-2.01156e-08 2.40249e-08 0
-9.91253e-09 2.11029e-08 0
-2.01156e-08 2.40249e-08 0
-9.91253e-09 2.11029e-08 0
-2.06416e-08 1.3029e-08 0
-2.01176e-08 1.94459e-08 0
-2.06416e-08 1.3029e-08 0
-2.01176e-08 1.94459e-08 0
-2.90332e-08 7.94803e-09 0
-1.52605e-08 4.93671e-09 0
-2.90332e-08 7.94803e-09 0
-1.52605e-08 4.93671e-09 0
-2.27123e-08 -1.64944e-09 0
-2.67568e-08 -3.70635e-10 0
-2.27123e-08 -1.64944e-09 0
-2.67568e-08 -3.70635e-10 0
0 0 0
0 0 0
0 0 0
0 0 0
4.5605e-08 1.36554e-08 0
5.4072e-08 2.73807e-08 0
4.5605e-08 1.36554e-08 0
5.4072e-08 2.73807e-08 0
3.11516e-08 1.74649e-08 0
1.41282e-08 1.52003e-08 0
3.11516e-08 1.74649e-08 0
1.41282e-08 1.52003e-08 0
3.64963e-08 3.34502e-08 0
1.94197e-08 2.70562e-08 0
3.64963e-08 3.34502e-08 0
1.94197e-08 2.70562e-08 0
2.97201e-08 3.44478e-08 0
2.16881e-08 4.13933e-08 0
2.97201e-08 3.44478e-08 0
2.16881e-08 4.13933e-08 0
2.9028e-08 4.38671e-08 0
1.78647e-08 4.03542e-08 0
2.9028e-08 4.38671e-08 0
1.78647e-08 4.03542e-08 0
2.32864e-08 4.09248e-08 0
1.54569e-08 3.74658e-08 0
2.32864e-08 4.09248e-08 0
1.54569e-08 3.74658e-08 0
1.87335e-08 3.53012e-08 0
1.28946e-08 3.14851e-08 0
1.87335e-08 3.53012e-08 0
1.28946e-08 3.14851e-08 0
1.42478e-08 2.29311e-08 0
1.01685e-08 2.02798e-08 0
1.42478e-08 2.29311e-08 0
1.01685e-08 2.02798e-08 0
1.06625e-08 6.52891e-09 0
7.81096e-09 7.0796e-09 0
1.06625e-08 6.52891e-09 0
7.81096e-09 7.0796e-09 0
6.44193e-09 4.16927e-09 0
5.59199e-09 8.92192e-10 0
6.44193e-09 4.16927e-09 0
5.59199e-09 8.92192e-10 0
-3.76813e-09 3.10335e-08 0
1.44493e-09 1.26273e-08 0
-3.76813e-09 3.10335e-08 0
1.44493e-09 1.26273e-08 0
-1.40049e-08 4.60899e-08 0
-7.00696e-09 3.77153e-08 0
-1.40049e-08 4.60899e-08 0
-7.00696e-09 3.77153e-08 0
-9.91253e-09 2.11029e-08 0
-1.36079e-08 4.3122e-08 0
-9.91253e-09 2.11029e-08 0
-1.36079e-08 4.3122e-08 0
-2.01176e-08 1.94459e-08 0
-5.91407e-09 1.36675e-08 0
-2.01176e-08 1.94459e-08 0
-5.91407e-09 1.36675e-08 0
-1.52605e-08 4.93671e-09 0
-7.46589e-09 2.35541e-09 0
-1.52605e-08 4.93671e-09 0
-7.46589e-09 2.35541e-09 0
-2.67568e-08 -3.70635e-10 0
-3.07082e-08 1.07285e-08 0
-2.67568e-08 -3.70635e-10 0
-3.07082e-08 1.07285e-08 0
0 0 0
0 0 0
0 0 0
0 0 0
5.4072e-08 2.73807e-08 0
2.7209e-08 2.17314e-08 0
5.4072e-08 2.73807e-08 0
2.7209e-08 2.17314e-08 0
1.41282e-08 1.52003e-08 0
2.04526e-08 4.1203e-08 0
1.41282e-08 1.52003e-08 0
2.04526e-08 4.1203e-08 0
1.94197e-08 2.70562e-08 0
7.43248e-09 3.48211e-08 0
1.94197e-08 2.70562e-08 0
7.43248e-09 3.48211e-08 0
2.16881e-08 4.13933e-08 0
6.07588e-09 2.93335e-08 0
2.16881e-08 4.13933e-08 0
6.07588e-09 2.93335e-08 0
1.78647e-08 4.03542e-08 0
7.20696e-09 2.86487e-08 0
1.78647e-08 4.03542e-08 0
7.20696e-09 2.86487e-08 0
1.54569e-08 3.74658e-08 0
7.25461e-09 2.71328e-08 0
1.54569e-08 3.74658e-08 0
7.25461e-09 2.71328e-08 0
1.28946e-08 3.14851e-08 0
6.46305e-09 2.2562e-08 0
1.28946e-08 3.14851e-08 0
6.46305e-09 2.2562e-08 0
1.01685e-08 2.02798e-08 0
5.38698e-09 1.53149e-08 0
1.01685e-08 2.02798e-08 0
5.38698e-09 1.53149e-08 0
7.81096e-09 7.0796e-09 0
4.37099e-09 6.87369e-09 0
7.81096e-09 7.0796e-09 0
4.37099e-09 6.87369e-09 0
5.59199e-09 8.92192e-10 0
3.60515e-09 -3.76669e-10 0
5.59199e-09 8.92192e-10 0
3.60515e-09 -3.76669e-10 0
1.44493e-09 1.26273e-08 0
3.07395e-09 -3.22293e-09 0
1.44493e-09 1.26273e-08 0
3.07395e-09 -3.22293e-09 0
-7.00696e-09 3.77153e-08 0
2.40605e-09 1.60171e-09 0
-7.00696e-09 3.77153e-08 0
2.40605e-09 1.60171e-09 0
-1.36079e-08 4.3122e-08 0
6.78306e-11 1.55494e-08 0
-1.36079e-08 4.3122e-08 0
6.78306e-11 1.55494e-08 0
-5.91407e-09 1.36675e-08 0
-7.44349e-09 3.35937e-08 0
-5.91407e-09 1.36675e-08 0
-7.44349e-09 3.35937e-08 0
-7.46589e-09 2.35541e-09 0
-1.88549e-08 3.71698e-08 0
-7.46589e-09 2.35541e-09 0
-1.88549e-08 3.71698e-08 0
-3.07082e-08 1.07285e-08 0
-1.35046e-08 1.44414e-08 0
-3.07082e-08 1.07285e-08 0
-1.35046e-08 1.44414e-08 0
0 0 0
0 0 0
0 0 0
0 0 0
2.7209e-08 2.17314e-08 0
0 0 0
2.7209e-08 2.17314e-08 0
0 0 0
2.04526e-08 4.1203e-08 0
0 0 0
2.04526e-08 4.1203e-08 0
0 0 0
7.43248e-09 3.48211e-08 0
0 0 0
7.43248e-09 3.48211e-08 0
0 0 0
6.07588e-09 2.93335e-08 0
0 0 0
6.07588e-09 2.93335e-08 0
0 0 0
7.20696e-09 2.86487e-08 0
0 0 0
7.20696e-09 2.86487e-08 0
0 0 0
7.25461e-09 2.71328e-08 0
0 0 0
7.25461e-09 2.71328e-08 0
0 0 0
6.46305e-09 2.2562e-08 0
0 0 0
6.46305e-09 2.2562e-08 0
0 0 0
5.38698e-09 1.53149e-08 0
0 0 0
5.38698e-09 1.53149e-08 0
0 0 0
4.37099e-09 6.87369e-09 0
0 0 0
4.37099e-09 6.87369e-09 0
0 0 0
3.60515e-09 -3.76669e-10 0
0 0 0
3.60515e-09 -3.76669e-10 0
0 0 0
3.07395e-09 -3.22293e-09 0
0 0 0
3.07395e-09 -3.22293e-09 0
0 0 0
2.40605e-09 1.60171e-09 0
0 0 0
2.40605e-09 1.60171e-09 0
0 0 0
6.78306e-11 1.55494e-08 0
0 0 0
6.78306e-11 1.55494e-08 0
0 0 0
-7.44349e-09 3.35937e-08 0
0 0 0
-7.44349e-09 3.35937e-08 0
0 0 0
-1.88549e-08 3.71698e-08 0
0 0 0
-1.88549e-08 3.71698e-08 0
0 0 0
-1.35046e-08 1.44414e-08 0
0 0 0
-1.35046e-08 1.44414e-08 0
0 0 0
0 0 0
0 0 0
SCALARS pressure double 1
LOOKUP_TABLE default
2.10872e-07 -8.61251e-08 0.183749 0.180621 0.183749 0.180621 0.361241 0.35509 0.361241 0.35509 0.526431 0.517468 0.526431 0.517468 0.673695 0.662224 0.673695 0.662224 0.798016 0.784428 0.798016 0.784428 0.895162 0.87992 0.895162 0.87992 0.961824 0.945447 0.961824 0.945447 0.995733 0.978779 0.995733 0.978779 0.995733 0.978779 0.995733 0.978779 0.961824 0.945447 0.961824 0.945447 0.895162 0.87992 0.895162 0.87992 0.798016 0.784428 0.798016 0.784428 0.673695 0.662224 0.673695 0.662224 0.526431 0.517468 0.526431 0.517468 0.361241 0.35509 0.361241 0.35509 0.183749 0.180621 0.183749 0.180621 1.87583e-07 -7.99451e-08 -8.61251e-08 -4.2327e-08 0.180621 0.171341 0.180621 0.171341 0.35509 0.336847 0.35509 0.336847 0.517468 0.490883 0.517468 0.490883 0.662224 0.628202 0.662224 0.628202 0.784428 0.744128 0.784428 0.744128 0.87992 0.834714 0.87992 0.834714 0.945447 0.896874 0.945447 0.896874 0.978779 0.928493 0.978779 0.928493 0.978779 0.928493 0.978779 0.928493 0.945447 0.896874 0.945447 0.896874 0.87992 0.834714 0.87992 0.834714 0.784428 0.744128 0.784428 0.744128 0.662224 0.628202 0.662224 0.628202 0.517468 0.490883 0.517468 0.490883 0.35509 0.336847 0.35509 0.336847 0.180621 0.171341 0.180621 0.171341 -7.99451e-08 -4.09229e-08 -4.2327e-08 -3.66249e-08 0.171341 0.156227 0.171341 0.156227 0.336847 0.307133 0.336847 0.307133 0.490883 0.447581 0.490883 0.447581 0.628202 0.572787 0.628202 0.572787 0.744128 0.678487 0.744128 0.678487 0.834714 0.761082 0.834714 0.761082 0.896874 0.81776 0.896874 0.81776 0.928493 0.846589 0.928493 0.846589 0.928493 0.846589 0.928493 0.846589 0.896874 0.81776 0.896874 0.81776 0.834714 0.761082 0.834714 0.761082 0.744128 0.678487 0.744128 0.678487 0.628202 0.572787 0.628202 0.572787 0.490883 0.447581 0.490883 0.447581 0.336847 0.307133 0.336847 0.307133 0.171341 0.156227 0.171341 0.156227 -4.09229e-08 -3.70873e-08 -3.66249e-08 -2.85298e-08 0.156227 0.135792 0.156227 0.135792 0.307133 0.26696 0.307133 0.26696 0.447581 0.389038 0.447581 0.389038 0.572787 0.497866 0.572787 0.497866 0.678487 0.589741 0.678487 0.589741 0.761082 0.661533 0.761082 0.661533 0.81776 0.710797 0.81776 0.710797 0.846589 0.735855 0.846589 0.735855 0.846589 0.735855 0.846589 0.735855 0.81776 0.710797 0.81776 0.710797 0.761082 0.661533 0.761082 0.661533 0.678487 0.589741 0.678487 0.589741 0.572787 0.497866 0.572787 0.497866 0.447581 0.389038 0.447581 0.389038 0.307133 0.26696 0.307133 0.26696 0.156227 0.135792 0.156227 0.135792 -3.70873e-08 -2.94141e-08 -2.85298e-08 -2.25803e-08 0.135792 0.110734 0.135792 0.110734 0.26696 0.217696 0.26696 0.217696 0.389038 0.317246 0.389038 0.317246 0.497866 0.405992 0.497866 0.405992 0.589741 0.480912 0.589741 0.480912 0.661533 0.539456 0.661533 0.539456 0.710797 0.579629 0.710797 0.579629 0.735855 0.600063 0.735855 0.600063 0.735855 0.600063 0.735855 0.600063 0.710797 0.579629 0.710797 0.579629 0.661533 0.539456 0.661533 0.539456 0.589741 0.480912 0.589741 0.480912 0.497866 0.405992 0.497866 0.405992 0.389038 0.317246 0.389038 0.317246 0.26696 0.217696 0.26696 0.217696 0.135792 0.110734 0.135792 0.110734 -2.94141e-08 -2.32315e-08 -2.25803e-08 -1.62328e-08 0.110734 0.0819041 0.110734 0.0819041 0.217696 0.161019 0.217696 0.161019 0.317246 0.234651 0.317246 0.234651 0.405992 0.300292 0.405992 0.300292 0.480912 0.355706 0.480912 0.355706 0.539456 0.399008 0.539456 0.399008 0.579629 0.428722 0.579629 0.428722 0.600063 0.443836 0.600063 0.443836 0.600063 0.443836 0.600063 0.443836 0.579629 0.428722 0.579629 0.428722 0.539456 0.399008 0.539456 0.399008 0.480912 0.355706 0.480912 0.355706 0.405992 0.300292 0.405992 0.300292 0.317246 0.234651 0.317246 0.234651 0.217696 0.161019 0.217696 0.161019 0.110734 0.0819041 0.110734 0.0819041 -2.32315e-08 -1.67019e-08 -1.62328e-08 -9.18927e-09 0.0819041 0.0502854 0.0819041 0.0502854 0.161019 0.0988583 0.161019 0.0988583 0.234651 0.144065 0.234651 0.144065 0.300292 0.184365 0.300292 0.184365 0.355706 0.218387 0.355706 0.218387 0.399008 0.244973 0.399008 0.244973 0.428722 0.263216 0.428722 0.263216 0.443836 0.272495 0.443836 0.272495 0.443836 0.272495 0.443836 0.272495 0.428722 0.263216 0.428722 0.263216 0.399008 0.244973 0.399008 0.244973 0.355706 0.218387 0.355706 0.218387 0.300292 0.184365 0.300292 0.184365 0.234651 0.144065 0.234651 0.144065 0.161019 0.0988583 0.161019 0.0988583 0.0819041 0.0502854 0.0819041 0.0502854 -1.67019e-08 -9.54609e-09 -9.18927e-09 -1.53127e-09 0.0502854 0.0169542 0.0502854 0.0169542 0.0988583 0.0333311 0.0988583 0.0333311 0.144065 0.048573 0.144065 0.048573 0.184365 0.0621607 0.184365 0.0621607 0.218387 0.0736316 0.218387 0.0736316 0.244973 0.0825951 0.244973 0.0825951 0.263216 0.088746 0.263216 0.088746 0.272495 0.0918746 0.272495 0.0918746 0.272495 0.0918746 0.272495 0.0918746 0.263216 0.088746 0.263216 0.088746 0.244973 0.0825951 0.244973 0.0825951 0.218387 0.0736316 0.218387 0.0736316 0.184365 0.0621607 0.184365 0.0621607 0.144065 0.048573 0.144065 0.048573 0.0988583 0.0333311 0.0988583 0.0333311 0.0502854 0.0169542 0.0502854 0.0169542 -9.54609e-09 -1.82912e-09 -1.53127e-09 6.50484e-09 0.0169542 -0.0169542 0.0169542 -0.0169542 0.0333311 -0.0333311 0.0333311 -0.0333311 0.048573 -0.048573 0.048573 -0.048573 0.0621607 -0.0621607 0.0621607 -0.0621607 0.0736316 -0.0736316 0.0736316 -0.0736316 0.0825951 -0.0825951 0.0825951 -0.0825951 0.088746 -0.088746 0.088746 -0.088746 0.0918746 -0.0918746 0.0918746 -0.0918746 0.0918746 -0.0918746 0.0918746 -0.0918746 0.088746 -0.088746 0.088746 -0.088746 0.0825951 -0.0825951 0.0825951 -0.0825951 0.0736316 -0.0736316 0.0736316 -0.0736316 0.0621607 -0.0621607 0.0621607 -0.0621607 0.048573 -0.048573 0.048573 -0.048573 0.0333311 -0.0333311 0.0333311 -0.0333311 0.0169542 -0.0169542 0.0169542 -0.0169542 -1.82912e-09 6.2395e-09 6.50484e-09 1.46302e-08 -0.0169542 -0.0502854 -0.0169542 -0.0502854 -0.0333311 -0.0988583 -0.0333311 -0.0988583 -0.048573 -0.144065 -0.048573 -0.144065 -0.0621607 -0.184365 -0.0621607 -0.184365 -0.0736316 -0.218387 -0.0736316 -0.218387 -0.0825951 -0.244973 -0.0825951 -0.244973 -0.088746 -0.263216 -0.088746 -0.263216 -0.0918746 -0.272495 -0.0918746 -0.272495 -0.0918746 -0.272495 -0.0918746 -0.272495 -0.088746 -0.263216 -0.088746 -0.263216 -0.0825951 -0.244973 -0.0825951 -0.244973 -0.0736316 -0.218387 -0.0736316 -0.218387 -0.0621607 -0.184365 -0.0621607 -0.184365 -0.048573 -0.144065 -0.048573 -0.144065 -0.0333311 -0.0988583 -0.0333311 -0.0988583 -0.0169542 -0.0502854 -0.0169542 -0.0502854 6.2395e-09 1.43939e-08 1.46302e-08 2.25089e-08 -0.0502854 -0.0819041 -0.0502854 -0.0819041 -0.0988583 -0.161019 -0.0988583 -0.161019 -0.144065 -0.234651 -0.144065 -0.234651 -0.184365 -0.300292 -0.184365 -0.300292 -0.218387 -0.355706 -0.218387 -0.355706 -0.244973 -0.399008 -0.244973 -0.399008 -0.263216 -0.428722 -0.263216 -0.428722 -0.272495 -0.443836 -0.272495 -0.443836 -0.272495 -0.443836 -0.272495 -0.443836 -0.263216 -0.428722 -0.263216 -0.428722 -0.244973 -0.399008 -0.244973 -0.399008 -0.218387 -0.355706 -0.218387 -0.355706 -0.184365 -0.300292 -0.184365 -0.300292 -0.144065 -0.234651 -0.144065 -0.234651 -0.0988583 -0.161019 -0.0988583 -0.161019 -0.0502854 -0.0819041 -0.0502854 -0.0819041 1.43939e-08 2.23201e-08 2.25089e-08 2.97089e-08 -0.0819041 -0.110734 -0.0819041 -0.110734 -0.161019 -0.217696 -0.161019 -0.217696 -0.234651 -0.317246 -0.234651 -0.317246 -0.300292 -0.405992 -0.300292 -0.405992 -0.355706 -0.480912 -0.355706 -0.480912 -0.399008 -0.539456 -0.399008 -0.539456 -0.428722 -0.579629 -0.428722 -0.579629 -0.443836 -0.600063 -0.443836 -0.600063 -0.443836 -0.600063 -0.443836 -0.600063 -0.428722 -0.579629 -0.428722 -0.579629 -0.399008 -0.539456 -0.399008 -0.539456 -0.355706 -0.480912 -0.355706 -0.480912 -0.300292 -0.405992 -0.300292 -0.405992 -0.234651 -0.317246 -0.234651 -0.317246 -0.161019 -0.217696 -0.161019 -0.217696 -0.0819041 -0.110734 -0.0819041 -0.110734 2.23201e-08 2.96067e-08 2.97089e-08 3.53339e-08 -0.110734 -0.135792 -0.110734 -0.135792 -0.217696 -0.26696 -0.217696 -0.26696 -0.317246 -0.389038 -0.317246 -0.389038 -0.405992 -0.497866 -0.405992 -0.497866 -0.480912 -0.589741 -0.480912 -0.589741 -0.539456 -0.661533 -0.539456 -0.661533 -0.579629 -0.710797 -0.579629 -0.710797 -0.600063 -0.735855 -0.600063 -0.735855 -0.600063 -0.735855 -0.600063 -0.735855 -0.579629 -0.710797 -0.579629 -0.710797 -0.539456 -0.661533 -0.539456 -0.661533 -0.480912 -0.589741 -0.480912 -0.589741 -0.405992 -0.497866 -0.405992 -0.497866 -0.317246 -0.389038 -0.317246 -0.389038 -0.217696 -0.26696 -0.217696 -0.26696 -0.110734 -0.135792 -0.110734 -0.135792 2.96067e-08 3.5409e-08 3.53339e-08 3.80373e-08 -0.135792 -0.156227 -0.135792 -0.156227 -0.26696 -0.307133 -0.26696 -0.307133 -0.389038 -0.447581 -0.389038 -0.447581 -0.497866 -0.572787 -0.497866 -0.572787 -0.589741 -0.678487 -0.589741 -0.678487 -0.661533 -0.761082 -0.661533 -0.761082 -0.710797 -0.81776 -0.710797 -0.81776 -0.735855 -0.846589 -0.735855 -0.846589 -0.735855 -0.846589 -0.735855 -0.846589 -0.710797 -0.81776 -0.710797 -0.81776 -0.661533 -0.761082 -0.661533 -0.761082 -0.589741 -0.678487 -0.589741 -0.678487 -0.497866 -0.572787 -0.497866 -0.572787 -0.389038 -0.447581 -0.389038 -0.447581 -0.26696 -0.307133 -0.26696 -0.307133 -0.135792 -0.156227 -0.135792 -0.156227 3.5409e-08 3.8412e-08 3.80373e-08 3.47438e-08 -0.156227 -0.171341 -0.156227 -0.171341 -0.307133 -0.336847 -0.307133 -0.336847 -0.447581 -0.490883 -0.447581 -0.490883 -0.572787 -0.628202 -0.572787 -0.628202 -0.678487 -0.744128 -0.678487 -0.744128 -0.761082 -0.834714 -0.761082 -0.834714 -0.81776 -0.896874 -0.81776 -0.896874 -0.846589 -0.928493 -0.846589 -0.928493 -0.846589 -0.928493 -0.846589 -0.928493 -0.81776 -0.896874 -0.81776 -0.896874 -0.761082 -0.834714 -0.761082 -0.834714 -0.678487 -0.744128 -0.678487 -0.744128 -0.572787 -0.628202 -0.572787 -0.628202 -0.447581 -0.490883 -0.447581 -0.490883 -0.307133 -0.336847 -0.307133 -0.336847 -0.156227 -0.171341 -0.156227 -0.171341 3.8412e-08 3.44956e-08 3.47438e-08 4.93557e-08 -0.171341 -0.180621 -0.171341 -0.180621 -0.336847 -0.35509 -0.336847 -0.35509 -0.490883 -0.517468 -0.490883 -0.517468 -0.628202 -0.662224 -0.628202 -0.662224 -0.744128 -0.784428 -0.744128 -0.784428 -0.834714 -0.87992 -0.834714 -0.87992 -0.896874 -0.945447 -0.896874 -0.945447 -0.928493 -0.978779 -0.928493 -0.978779 -0.928493 -0.978779 -0.928493 -0.978779 -0.896874 -0.945447 -0.896874 -0.945447 -0.834714 -0.87992 -0.834714 -0.87992 -0.744128 -0.784428 -0.744128 -0.784428 -0.628202 -0.662224 -0.628202 -0.662224 -0.490883 -0.517468 -0.490883 -0.517468 -0.336847 -0.35509 -0.336847 -0.35509 -0.171341 -0.180621 -0.171341 -0.180621 3.44956e-08 5.35643e-08 4.93557e-08 -7.23429e-08 -0.180621 -0.183749 -0.180621 -0.183749 -0.35509 -0.361241 -0.35509 -0.361241 -0.517468 -0.526431 -0.517468 -0.526431 -0.662224 -0.673695 -0.662224 -0.673695 -0.784428 -0.798016 -0.784428 -0.798016 -0.87992 -0.895162 -0.87992 -0.895162 -0.945447 -0.961824 -0.945447 -0.961824 -0.978779 -0.995733 -0.978779 -0.995733 -0.978779 -0.995733 -0.978779 -0.995733 -0.945447 -0.961824 -0.945447 -0.961824 -0.87992 -0.895162 -0.87992 -0.895162 -0.784428 -0.798016 -0.784428 -0.798016 -0.662224 -0.673695 -0.662224 -0.673695 -0.517468 -0.526431 -0.517468 -0.526431 -0.35509 -0.361241 -0.35509 -0.361241 -0.180621 -0.183749 -0.180621 -0.183749 5.35643e-08 -9.56316e-08 
SCALARS pressure_error double 1
LOOKUP_TABLE default
-2.1011e-07 8.6887e-08 2.91301e-07 2.49932e-07 2.91301e-07 2.49932e-07 5.02878e-07 4.95749e-07 5.02878e-07 4.95749e-07 7.30651e-07 7.1483e-07 7.30651e-07 7.1483e-07 9.32036e-07 9.15547e-07 9.32036e-07 9.15547e-07 1.10444e-06 1.08585e-06 1.10444e-06 1.08585e-06 1.23973e-06 1.21903e-06 1.23973e-06 1.21903e-06 1.33272e-06 1.31045e-06 1.33272e-06 1.31045e-06 1.38008e-06 1.357e-06 1.38008e-06 1.357e-06 1.38015e-06 1.35709e-06 1.38015e-06 1.35709e-06 1.3329e-06 1.31075e-06 1.3329e-06 1.31075e-06 1.24001e-06 1.21964e-06 1.24001e-06 1.21964e-06 1.10478e-06 1.087e-06 1.10478e-06 1.087e-06 9.32325e-07 9.17493e-07 9.32325e-07 9.17493e-07 7.30766e-07 7.17068e-07 7.30766e-07 7.17068e-07 5.03716e-07 4.9636e-07 5.03716e-07 4.9636e-07 2.88065e-07 2.48921e-07 2.88065e-07 2.48921e-07 -1.86821e-07 8.0707e-08 8.6887e-08 4.30889e-08 2.49932e-07 2.35716e-07 2.49932e-07 2.35716e-07 4.95749e-07 4.67319e-07 4.95749e-07 4.67319e-07 7.1483e-07 6.82258e-07 7.1483e-07 6.82258e-07 9.15547e-07 8.711e-07 9.15547e-07 8.711e-07 1.08585e-06 1.03028e-06 1.08585e-06 1.03028e-06 1.21903e-06 1.15633e-06 1.21903e-06 1.15633e-06 1.31045e-06 1.24344e-06 1.31045e-06 1.24344e-06 1.357e-06 1.28786e-06 1.357e-06 1.28786e-06 1.35709e-06 1.28807e-06 1.35709e-06 1.28807e-06 1.31075e-06 1.2442e-06 1.31075e-06 1.2442e-06 1.21964e-06 1.15789e-06 1.21964e-06 1.15789e-06 1.087e-06 1.03218e-06 1.087e-06 1.03218e-06 9.17493e-07 8.71844e-07 9.17493e-07 8.71844e-07 7.17068e-07 6.82089e-07 7.17068e-07 6.82089e-07 4.9636e-07 4.67235e-07 4.9636e-07 4.67235e-07 2.48921e-07 2.34834e-07 2.48921e-07 2.34834e-07 8.0707e-08 4.16849e-08 4.30889e-08 3.73869e-08 2.35716e-07 2.10956e-07 2.35716e-07 2.10956e-07 4.67319e-07 4.28159e-07 4.67319e-07 4.28159e-07 6.82258e-07 6.21162e-07 6.82258e-07 6.21162e-07 8.711e-07 7.95272e-07 8.711e-07 7.95272e-07 1.03028e-06 9.40909e-07 1.03028e-06 9.40909e-07 1.15633e-06 1.05433e-06 1.15633e-06 1.05433e-06 1.24344e-06 1.13382e-06 1.24344e-06 1.13382e-06 1.28786e-06 1.17478e-06 1.28786e-06 1.17478e-06 1.28807e-06 1.17511e-06 1.28807e-06 1.17511e-06 1.2442e-06 1.1351e-06 1.2442e-06 1.1351e-06 1.15789e-06 1.05634e-06 1.15789e-06 1.05634e-06 1.03218e-06 9.4182e-07 1.03218e-06 9.4182e-07 8.71844e-07 7.95399e-07 8.71844e-07 7.95399e-07 6.82089e-07 6.21133e-07 6.82089e-07 6.21133e-07 4.67235e-07 4.27684e-07 4.67235e-07 4.27684e-07 2.34834e-07 2.09448e-07 2.34834e-07 2.09448e-07 4.16849e-08 3.78493e-08 3.73869e-08 2.92918e-08 2.10956e-07 1.82657e-07 2.10956e-07 1.82657e-07 4.28159e-07 3.7116e-07 4.28159e-07 3.7116e-07 6.21162e-07 5.40531e-07 6.21162e-07 5.40531e-07 7.95272e-07 6.90935e-07 7.95272e-07 6.90935e-07 9.40909e-07 8.18789e-07 9.40909e-07 8.18789e-07 1.05433e-06 9.16973e-07 1.05433e-06 9.16973e-07 1.13382e-06 9.85484e-07 1.13382e-06 9.85484e-07 1.17478e-06 1.02152e-06 1.17478e-06 1.02152e-06 1.17511e-06 1.02198e-06 1.17511e-06 1.02198e-06 1.1351e-06 9.87097e-07 1.1351e-06 9.87097e-07 1.05634e-06 9.18525e-07 1.05634e-06 9.18525e-07 9.4182e-07 8.18976e-07 9.4182e-07 8.18976e-07 7.95399e-07 6.90973e-07 7.95399e-07 6.90973e-07 6.21133e-07 5.40122e-07 6.21133e-07 5.40122e-07 4.27684e-07 3.70566e-07 4.27684e-07 3.70566e-07 2.09448e-07 1.8132e-07 2.09448e-07 1.8132e-07 3.78493e-08 3.0176e-08 2.92918e-08 2.33422e-08 1.82657e-07 1.48592e-07 1.82657e-07 1.48592e-07 3.7116e-07 3.02132e-07 3.7116e-07 3.02132e-07 5.40531e-07 4.40586e-07 5.40531e-07 4.40586e-07 6.90935e-07 5.64143e-07 6.90935e-07 5.64143e-07 8.18789e-07 6.67546e-07 8.18789e-07 6.67546e-07 9.16973e-07 7.48735e-07 9.16973e-07 7.48735e-07 9.85484e-07 8.03665e-07 9.85484e-07 8.03665e-07 1.02152e-06 8.3337e-07 1.02152e-06 8.3337e-07 1.02198e-06 8.3389e-07 1.02198e-06 8.3389e-07 9.87097e-07 8.05279e-07 9.87097e-07 8.05279e-07 9.18525e-07 7.49323e-07 9.18525e-07 7.49323e-07 8.18976e-07 6.67582e-07 8.18976e-07 6.67582e-07 6.90973e-07 5.63797e-07 6.90973e-07 5.63797e-07 5.40122e-07 4.39821e-07 5.40122e-07 4.39821e-07 3.70566e-07 3.0063e-07 3.70566e-07 3.0063e-07 1.8132e-07 1.4792e-07 1.8132e-07 1.4792e-07 3.0176e-08 2.39934e-08 2.33422e-08 1.69948e-08 1.48592e-07 1.09654e-07 1.48592e-07 1.09654e-07 3.02132e-07 2.23404e-07 3.02132e-07 2.23404e-07 4.40586e-07 3.25914e-07 4.40586e-07 3.25914e-07 5.64143e-07 4.17367e-07 5.64143e-07 4.17367e-07 6.67546e-07 4.94435e-07 6.67546e-07 4.94435e-07 7.48735e-07 5.54458e-07 7.48735e-07 5.54458e-07 8.03665e-07 5.94827e-07 8.03665e-07 5.94827e-07 8.3337e-07 6.1681e-07 8.3337e-07 6.1681e-07 8.3389e-07 6.17286e-07 8.3389e-07 6.17286e-07 8.05279e-07 5.95941e-07 8.05279e-07 5.95941e-07 7.49323e-07 5.54402e-07 7.49323e-07 5.54402e-07 6.67582e-07 4.93913e-07 6.67582e-07 4.93913e-07 5.63797e-07 4.16105e-07 5.63797e-07 4.16105e-07 4.39821e-07 3.24202e-07 4.39821e-07 3.24202e-07 3.0063e-07 2.22092e-07 3.0063e-07 2.22092e-07 1.4792e-07 1.09405e-07 1.4792e-07 1.09405e-07 2.39934e-08 1.74639e-08 1.69948e-08 9.95125e-09 1.09654e-07 6.70025e-08 1.09654e-07 6.70025e-08 2.23404e-07 1.37117e-07 2.23404e-07 1.37117e-07 3.25914e-07 2.00398e-07 3.25914e-07 2.00398e-07 4.17367e-07 2.56804e-07 4.17367e-07 2.56804e-07 4.94435e-07 3.04182e-07 4.94435e-07 3.04182e-07 5.54458e-07 3.41021e-07 5.54458e-07 3.41021e-07 5.94827e-07 3.66254e-07 5.94827e-07 3.66254e-07 6.1681e-07 3.7933e-07 6.1681e-07 3.7933e-07 6.17286e-07 3.79663e-07 6.17286e-07 3.79663e-07 5.95941e-07 3.6638e-07 5.95941e-07 3.6638e-07 5.54402e-07 3.40285e-07 5.54402e-07 3.40285e-07 4.93913e-07 3.02808e-07 4.93913e-07 3.02808e-07 4.16105e-07 2.55289e-07 4.16105e-07 2.55289e-07 3.24202e-07 1.99155e-07 3.24202e-07 1.99155e-07 2.22092e-07 1.36451e-07 2.22092e-07 1.36451e-07 1.09405e-07 6.69558e-08 1.09405e-07 6.69558e-08 1.74639e-08 1.03081e-08 9.95125e-09 2.29325e-09 6.70025e-08 2.19434e-08 6.70025e-08 2.19434e-08 1.37117e-07 4.60909e-08 1.37117e-07 4.60909e-08 2.00398e-07 6.79195e-08 2.00398e-07 6.79195e-08 2.56804e-07 8.7356e-08 2.56804e-07 8.7356e-08 3.04182e-07 1.03615e-07 3.04182e-07 1.03615e-07 3.41021e-07 1.16191e-07 3.41021e-07 1.16191e-07 3.66254e-07 1.24734e-07 3.66254e-07 1.24734e-07 3.7933e-07 1.28994e-07 3.7933e-07 1.28994e-07 3.79663e-07 1.29e-07 3.79663e-07 1.29e-07 3.6638e-07 1.24119e-07 3.6638e-07 1.24119e-07 3.40285e-07 1.15341e-07 3.40285e-07 1.15341e-07 3.02808e-07 1.02754e-07 3.02808e-07 1.02754e-07 2.55289e-07 8.66428e-08 2.55289e-07 8.66428e-08 1.99155e-07 6.74613e-08 1.99155e-07 6.74613e-08 1.36451e-07 4.58944e-08 1.36451e-07 4.58944e-08 6.69558e-08 2.20023e-08 6.69558e-08 2.20023e-08 1.03081e-08 2.5911e-09 2.29325e-09 -5.74287e-09 2.19434e-08 -2.40686e-08 2.19434e-08 -2.40686e-08 4.60909e-08 -4.67218e-08 4.60909e-08 -4.67218e-08 6.79195e-08 -6.72439e-08 6.79195e-08 -6.72439e-08 8.7356e-08 -8.57681e-08 8.7356e-08 -8.57681e-08 1.03615e-07 -1.01528e-07 1.03615e-07 -1.01528e-07 1.16191e-07 -1.13949e-07 1.16191e-07 -1.13949e-07 1.24734e-07 -1.22587e-07 1.24734e-07 -1.22587e-07 1.28994e-07 -1.27072e-07 1.28994e-07 -1.27072e-07 1.29e-07 -1.27065e-07 1.29e-07 -1.27065e-07 1.24119e-07 -1.22473e-07 1.24119e-07 -1.22473e-07 1.15341e-07 -1.13765e-07 1.15341e-07 -1.13765e-07 1.02754e-07 -1.01278e-07 1.02754e-07 -1.01278e-07 8.66428e-08 -8.5509e-08 8.66428e-08 -8.5509e-08 6.74613e-08 -6.70257e-08 6.74613e-08 -6.70257e-08 4.58944e-08 -4.65354e-08 4.58944e-08 -4.65354e-08 2.20023e-08 -2.39247e-08 2.20023e-08 -2.39247e-08 2.5911e-09 -5.47752e-09 -5.74287e-09 -1.38682e-08 -2.40686e-08 -6.94973e-08 -2.40686e-08 -6.94973e-08 -4.67218e-08 -1.38312e-07 -4.67218e-08 -1.38312e-07 -6.72439e-08 -2.00814e-07 -6.72439e-08 -2.00814e-07 -8.57681e-08 -2.56919e-07 -8.57681e-08 -2.56919e-07 -1.01528e-07 -3.04239e-07 -1.01528e-07 -3.04239e-07 -1.13949e-07 -3.40834e-07 -1.13949e-07 -3.40834e-07 -1.22587e-07 -3.65107e-07 -1.22587e-07 -3.65107e-07 -1.27072e-07 -3.77402e-07 -1.27072e-07 -3.77402e-07 -1.27065e-07 -3.77798e-07 -1.27065e-07 -3.77798e-07 -1.22473e-07 -3.6498e-07 -1.22473e-07 -3.6498e-07 -1.13765e-07 -3.39445e-07 -1.13765e-07 -3.39445e-07 -1.01278e-07 -3.02354e-07 -1.01278e-07 -3.02354e-07 -8.5509e-08 -2.55162e-07 -8.5509e-08 -2.55162e-07 -6.70257e-08 -1.99498e-07 -6.70257e-08 -1.99498e-07 -4.65354e-08 -1.37572e-07 -4.65354e-08 -1.37572e-07 -2.39247e-08 -6.92333e-08 -2.39247e-08 -6.92333e-08 -5.47752e-09 -1.36319e-08 -1.38682e-08 -2.17469e-08 -6.94973e-08 -1.12797e-07 -6.94973e-08 -1.12797e-07 -1.38312e-07 -2.2552e-07 -1.38312e-07 -2.2552e-07 -2.00814e-07 -3.27373e-07 -2.00814e-07 -3.27373e-07 -2.56919e-07 -4.1787e-07 -2.56919e-07 -4.1787e-07 -3.04239e-07 -4.9359e-07 -3.04239e-07 -4.9359e-07 -3.40834e-07 -5.53149e-07 -3.40834e-07 -5.53149e-07 -3.65107e-07 -5.94365e-07 -3.65107e-07 -5.94365e-07 -3.77402e-07 -6.14861e-07 -3.77402e-07 -6.14861e-07 -3.77798e-07 -6.15417e-07 -3.77798e-07 -6.15417e-07 -3.6498e-07 -5.95376e-07 -3.6498e-07 -5.95376e-07 -3.39445e-07 -5.53205e-07 -3.39445e-07 -5.53205e-07 -3.02354e-07 -4.92976e-07 -3.02354e-07 -4.92976e-07 -2.55162e-07 -4.16198e-07 -2.55162e-07 -4.16198e-07 -1.99498e-07 -3.25289e-07 -1.99498e-07 -3.25289e-07 -1.37572e-07 -2.24004e-07 -1.37572e-07 -2.24004e-07 -6.92333e-08 -1.12311e-07 -6.92333e-08 -1.12311e-07 -1.36319e-08 -2.15582e-08 -2.17469e-08 -2.89469e-08 -1.12797e-07 -1.52478e-07 -1.12797e-07 -1.52478e-07 -2.2552e-07 -3.04521e-07 -2.2552e-07 -3.04521e-07 -3.27373e-07 -4.40547e-07 -3.27373e-07 -4.40547e-07 -4.1787e-07 -5.62786e-07 -4.1787e-07 -5.62786e-07 -4.9359e-07 -6.67203e-07 -4.9359e-07 -6.67203e-07 -5.53149e-07 -7.47864e-07 -5.53149e-07 -7.47864e-07 -5.94365e-07 -8.03451e-07 -5.94365e-07 -8.03451e-07 -6.14861e-07 -8.31553e-07 -6.14861e-07 -8.31553e-07 -6.15417e-07 -8.32144e-07 -6.15417e-07 -8.32144e-07 -5.95376e-07 -8.05096e-07 -5.95376e-07 -8.05096e-07 -5.53205e-07 -7.48411e-07 -5.53205e-07 -7.48411e-07 -4.92976e-07 -6.67168e-07 -4.92976e-07 -6.67168e-07 -4.16198e-07 -5.62676e-07 -4.16198e-07 -5.62676e-07 -3.25289e-07 -4.39761e-07 -3.25289e-07 -4.39761e-07 -2.24004e-07 -3.02787e-07 -2.24004e-07 -3.02787e-07 -1.12311e-07 -1.5157e-07 -1.12311e-07 -1.5157e-07 -2.15582e-08 -2.88447e-08 -2.89469e-08 -3.45719e-08 -1.52478e-07 -1.87091e-07 -1.52478e-07 -1.87091e-07 -3.04521e-07 -3.71205e-07 -3.04521e-07 -3.71205e-07 -4.40547e-07 -5.39109e-07 -4.40547e-07 -5.39109e-07 -5.62786e-07 -6.90744e-07 -5.62786e-07 -6.90744e-07 -6.67203e-07 -8.17509e-07 -6.67203e-07 -8.17509e-07 -7.47864e-07 -9.17356e-07 -7.47864e-07 -9.17356e-07 -8.03451e-07 -9.85455e-07 -8.03451e-07 -9.85455e-07 -8.31553e-07 -1.02014e-06 -8.31553e-07 -1.02014e-06 -8.32144e-07 -1.02065e-06 -8.32144e-07 -1.02065e-06 -8.05096e-07 -9.87114e-07 -8.05096e-07 -9.87114e-07 -7.48411e-07 -9.18738e-07 -7.48411e-07 -9.18738e-07 -6.67168e-07 -8.17778e-07 -6.67168e-07 -8.17778e-07 -5.62676e-07 -6.90707e-07 -5.62676e-07 -6.90707e-07 -4.39761e-07 -5.39096e-07 -4.39761e-07 -5.39096e-07 -3.02787e-07 -3.70756e-07 -3.02787e-07 -3.70756e-07 -1.5157e-07 -1.85552e-07 -1.5157e-07 -1.85552e-07 -2.88447e-08 -3.4647e-08 -3.45719e-08 -3.72753e-08 -1.87091e-07 -2.14311e-07 -1.87091e-07 -2.14311e-07 -3.71205e-07 -4.25402e-07 -3.71205e-07 -4.25402e-07 -5.39109e-07 -6.20727e-07 -5.39109e-07 -6.20727e-07 -6.90744e-07 -7.93964e-07 -6.90744e-07 -7.93964e-07 -8.17509e-07 -9.40994e-07 -8.17509e-07 -9.40994e-07 -9.17356e-07 -1.05571e-06 -9.17356e-07 -1.05571e-06 -9.85455e-07 -1.1342e-06 -9.85455e-07 -1.1342e-06 -1.02014e-06 -1.17422e-06 -1.02014e-06 -1.17422e-06 -1.02065e-06 -1.17456e-06 -1.02065e-06 -1.17456e-06 -9.87114e-07 -1.13548e-06 -9.87114e-07 -1.13548e-06 -9.18738e-07 -1.0575e-06 -9.18738e-07 -1.0575e-06 -8.17778e-07 -9.41636e-07 -8.17778e-07 -9.41636e-07 -6.90707e-07 -7.94259e-07 -6.90707e-07 -7.94259e-07 -5.39096e-07 -6.20756e-07 -5.39096e-07 -6.20756e-07 -3.70756e-07 -4.25762e-07 -3.70756e-07 -4.25762e-07 -1.85552e-07 -2.12665e-07 -1.85552e-07 -2.12665e-07 -3.4647e-08 -3.765e-08 -3.72753e-08 -3.39818e-08 -2.14311e-07 -2.30457e-07 -2.14311e-07 -2.30457e-07 -4.25402e-07 -4.68601e-07 -4.25402e-07 -4.68601e-07 -6.20727e-07 -6.79693e-07 -6.20727e-07 -6.79693e-07 -7.93964e-07 -8.71441e-07 -7.93964e-07 -8.71441e-07 -9.40994e-07 -1.03284e-06 -9.40994e-07 -1.03284e-06 -1.05571e-06 -1.15849e-06 -1.05571e-06 -1.15849e-06 -1.1342e-06 -1.24466e-06 -1.1342e-06 -1.24466e-06 -1.17422e-06 -1.28851e-06 -1.17422e-06 -1.28851e-06 -1.17456e-06 -1.28869e-06 -1.17456e-06 -1.28869e-06 -1.13548e-06 -1.2453e-06 -1.13548e-06 -1.2453e-06 -1.0575e-06 -1.15975e-06 -1.0575e-06 -1.15975e-06 -9.41636e-07 -1.03417e-06 -9.41636e-07 -1.03417e-06 -7.94259e-07 -8.7174e-07 -7.94259e-07 -8.7174e-07 -6.20756e-07 -6.79976e-07 -6.20756e-07 -6.79976e-07 -4.25762e-07 -4.68685e-07 -4.25762e-07 -4.68685e-07 -2.12665e-07 -2.30352e-07 -2.12665e-07 -2.30352e-07 -3.765e-08 -3.37336e-08 -3.39818e-08 -4.85937e-08 -2.30457e-07 -2.34819e-07 -2.30457e-07 -2.34819e-07 -4.68601e-07 -4.90997e-07 -4.68601e-07 -4.90997e-07 -6.79693e-07 -7.18777e-07 -6.79693e-07 -7.18777e-07 -8.71441e-07 -9.20389e-07 -8.71441e-07 -9.20389e-07 -1.03284e-06 -1.08997e-06 -1.03284e-06 -1.08997e-06 -1.15849e-06 -1.2223e-06 -1.15849e-06 -1.2223e-06 -1.24466e-06 -1.31298e-06 -1.24466e-06 -1.31298e-06 -1.28851e-06 -1.35907e-06 -1.28851e-06 -1.35907e-06 -1.28869e-06 -1.35907e-06 -1.28869e-06 -1.35907e-06 -1.2453e-06 -1.313e-06 -1.2453e-06 -1.313e-06 -1.15975e-06 -1.22243e-06 -1.15975e-06 -1.22243e-06 -1.03417e-06 -1.09041e-06 -1.03417e-06 -1.09041e-06 -8.7174e-07 -9.21318e-07 -8.7174e-07 -9.21318e-07 -6.79976e-07 -7.19693e-07 -6.79976e-07 -7.19693e-07 -4.68685e-07 -4.91372e-07 -4.68685e-07 -4.91372e-07 -2.30352e-07 -2.3583e-07 -2.30352e-07 -2.3583e-07 -3.37336e-08 -5.28023e-08 -4.85937e-08 7.31049e-08 -2.34819e-07 -2.5398e-07 -2.34819e-07 -2.5398e-07 -4.90997e-07 -4.9436e-07 -4.90997e-07 -4.9436e-07 -7.18777e-07 -7.31029e-07 -7.18777e-07 -7.31029e-07 -9.20389e-07 -9.3768e-07 -9.20389e-07 -9.3768e-07 -1.08997e-06 -1.11028e-06 -1.08997e-06 -1.11028e-06 -1.2223e-06 -1.24457e-06 -1.2223e-06 -1.24457e-06 -1.31298e-06 -1.33658e-06 -1.31298e-06 -1.33658e-06 -1.35907e-06 -1.38333e-06 -1.35907e-06 -1.38333e-06 -1.35907e-06 -1.38324e-06 -1.35907e-06 -1.38324e-06 -1.313e-06 -1.33628e-06 -1.313e-06 -1.33628e-06 -1.22243e-06 -1.24401e-06 -1.22243e-06 -1.24401e-06 -1.09041e-06 -1.10939e-06 -1.09041e-06 -1.10939e-06 -9.21318e-07 -9.36432e-07 -9.21318e-07 -9.36432e-07 -7.19693e-07 -7.30077e-07 -7.19693e-07 -7.30077e-07 -4.91372e-07 -4.95175e-07 -4.91372e-07 -4.95175e-07 -2.3583e-07 -2.59187e-07 -2.3583e-07 -2.59187e-07 -5.28023e-08 9.63936e-08 
SCALARS temperature double 1
LOOKUP_TABLE default
0 0 0.18375 0.171341 0.18375 0.171341 0.361242 0.336848 0.361242 0.336848 0.526432 0.490883 0.526432 0.490883 0.673696 0.628202 0.673696 0.628202 0.798017 0.744129 0.798017 0.744129 0.895163 0.834715 0.895163 0.834715 0.961826 0.896876 0.961826 0.896876 0.995734 0.928494 0.995734 0.928494 0.995734 0.928494 0.995734 0.928494 0.961826 0.896876 0.961826 0.896876 0.895163 0.834715 0.895163 0.834715 0.798017 0.744129 0.798017 0.744129 0.673696 0.628202 0.673696 0.628202 0.526432 0.490883 0.526432 0.490883 0.361242 0.336848 0.361242 0.336848 0.18375 0.171341 0.18375 0.171341 1.22465e-16 1.14195e-16 0 0 0.171341 0.135793 0.171341 0.135793 0.336848 0.266961 0.336848 0.266961 0.490883 0.389038 0.490883 0.389038 0.628202 0.497867 0.628202 0.497867 0.744129 0.589742 0.744129 0.589742 0.834715 0.661534 0.834715 0.661534 0.896876 0.710798 0.896876 0.710798 0.928494 0.735856 0.928494 0.735856 0.928494 0.735856 0.928494 0.735856 0.896876 0.710798 0.896876 0.710798 0.834715 0.661534 0.834715 0.661534 0.744129 0.589742 0.744129 0.589742 0.628202 0.497867 0.628202 0.497867 0.490883 0.389038 0.490883 0.389038 0.336848 0.266961 0.336848 0.266961 0.171341 0.135793 0.171341 0.135793 1.14195e-16 9.05025e-17 0 0 0.135793 0.0819042 0.135793 0.0819042 0.266961 0.161019 0.266961 0.161019 0.389038 0.234651 0.389038 0.234651 0.497867 0.300292 0.497867 0.300292 0.589742 0.355707 0.589742 0.355707 0.661534 0.399009 0.661534 0.399009 0.710798 0.428723 0.710798 0.428723 0.735856 0.443837 0.735856 0.443837 0.735856 0.443837 0.735856 0.443837 0.710798 0.428723 0.710798 0.428723 0.661534 0.399009 0.661534 0.399009 0.589742 0.355707 0.589742 0.355707 0.497867 0.300292 0.497867 0.300292 0.389038 0.234651 0.389038 0.234651 0.266961 0.161019 0.266961 0.161019 0.135793 0.0819042 0.135793 0.0819042 9.05025e-17 5.45872e-17 0 0 0.0819042 0.0169543 0.0819042 0.0169543 0.161019 0.0333312 0.161019 0.0333312 0.234651 0.048573 0.234651 0.048573 0.300292 0.0621608 0.300292 0.0621608 0.355707 0.0736317 0.355707 0.0736317 0.399009 0.0825953 0.399009 0.0825953 0.428723 0.0887461 0.428723 0.0887461 0.443837 0.0918748 0.443837 0.0918748 0.443837 0.0918748 0.443837 0.0918748 0.428723 0.0887461 0.428723 0.0887461 0.399009 0.0825953 0.399009 0.0825953 0.355707 0.0736317 0.355707 0.0736317 0.300292 0.0621608 0.300292 0.0621608 0.234651 0.048573 0.234651 0.048573 0.161019 0.0333312 0.161019 0.0333312 0.0819042 0.0169543 0.0819042 0.0169543 5.45872e-17 1.12996e-17 0 0 0.0169543 -0.0502854 0.0169543 -0.0502854 0.0333312 -0.0988585 0.0333312 -0.0988585 0.048573 -0.144065 0.048573 -0.144065 0.0621608 -0.184366 0.0621608 -0.184366 0.0736317 -0.218388 0.0736317 -0.218388 0.0825953 -0.244973 0.0825953 -0.244973 0.0887461 -0.263216 0.0887461 -0.263216 0.0918748 -0.272496 0.0918748 -0.272496 0.0918748 -0.272496 0.0918748 -0.272496 0.0887461 -0.263216 0.0887461 -0.263216 0.0825953 -0.244973 0.0825953 -0.244973 0.0736317 -0.218388 0.0736317 -0.218388 0.0621608 -0.184366 0.0621608 -0.184366 0.048573 -0.144065 0.048573 -0.144065 0.0333312 -0.0988585 0.0333312 -0.0988585 0.0169543 -0.0502854 0.0169543 -0.0502854 1.12996e-17 -3.3514e-17 0 0 -0.0502854 -0.110734 -0.0502854 -0.110734 -0.0988585 -0.217697 -0.0988585 -0.217697 -0.144065 -0.317246 -0.144065 -0.317246 -0.184366 -0.405992 -0.184366 -0.405992 -0.218388 -0.480913 -0.218388 -0.480913 -0.244973 -0.539456 -0.244973 -0.539456 -0.263216 -0.579629 -0.263216 -0.579629 -0.272496 -0.600064 -0.272496 -0.600064 -0.272496 -0.600064 -0.272496 -0.600064 -0.263216 -0.579629 -0.263216 -0.579629 -0.244973 -0.539456 -0.244973 -0.539456 -0.218388 -0.480913 -0.218388 -0.480913 -0.184366 -0.405992 -0.184366 -0.405992 -0.144065 -0.317246 -0.144065 -0.317246 -0.0988585 -0.217697 -0.0988585 -0.217697 -0.0502854 -0.110734 -0.0502854 -0.110734 -3.3514e-17 -7.38015e-17 0 0 -0.110734 -0.156227 -0.110734 -0.156227 -0.217697 -0.307134 -0.217697 -0.307134 -0.317246 -0.447582 -0.317246 -0.447582 -0.405992 -0.572788 -0.405992 -0.572788 -0.480913 -0.678488 -0.480913 -0.678488 -0.539456 -0.761083 -0.539456 -0.761083 -0.579629 -0.817761 -0.579629 -0.817761 -0.600064 -0.84659 -0.600064 -0.84659 -0.600064 -0.84659 -0.600064 -0.84659 -0.579629 -0.817761 -0.579629 -0.817761 -0.539456 -0.761083 -0.539456 -0.761083 -0.480913 -0.678488 -0.480913 -0.678488 -0.405992 -0.572788 -0.405992 -0.572788 -0.317246 -0.447582 -0.317246 -0.447582 -0.217697 -0.307134 -0.217697 -0.307134 -0.110734 -0.156227 -0.110734 -0.156227 -7.38015e-17 -1.04122e-16 0 0 -0.156227 -0.180621 -0.156227 -0.180621 -0.307134 -0.355091 -0.307134 -0.355091 -0.447582 -0.517469 -0.447582 -0.517469 -0.572788 -0.662225 -0.572788 -0.662225 -0.678488 -0.784429 -0.678488 -0.784429 -0.761083 -0.879921 -0.761083 -0.879921 -0.817761 -0.945449 -0.817761 -0.945449 -0.84659 -0.97878 -0.84659 -0.97878 -0.84659 -0.97878 -0.84659 -0.97878 -0.817761 -0.945449 -0.817761 -0.945449 -0.761083 -0.879921 -0.761083 -0.879921 -0.678488 -0.784429 -0.678488 -0.784429 -0.572788 -0.662225 -0.572788 -0.662225 -0.447582 -0.517469 -0.447582 -0.517469 -0.307134 -0.355091 -0.307134 -0.355091 -0.156227 -0.180621 -0.156227 -0.180621 -1.04122e-16 -1.20379e-16 0 0 -0.180621 -0.180621 -0.180621 -0.180621 -0.355091 -0.355091 -0.355091 -0.355091 -0.517469 -0.517469 -0.517469 -0.517469 -0.662225 -0.662225 -0.662225 -0.662225 -0.784429 -0.784429 -0.784429 -0.784429 -0.879921 -0.879921 -0.879921 -0.879921 -0.945449 -0.945449 -0.945449 -0.945449 -0.97878 -0.97878 -0.97878 -0.97878 -0.97878 -0.97878 -0.97878 -0.97878 -0.945449 -0.945449 -0.945449 -0.945449 -0.879921 -0.879921 -0.879921 -0.879921 -0.784429 -0.784429 -0.784429 -0.784429 -0.662225 -0.662225 -0.662225 -0.662225 -0.517469 -0.517469 -0.517469 -0.517469 -0.355091 -0.355091 -0.355091 -0.355091 -0.180621 -0.180621 -0.180621 -0.180621 -1.20379e-16 -1.20379e-16 0 0 -0.180621 -0.156227 -0.180621 -0.156227 -0.355091 -0.307134 -0.355091 -0.307134 -0.517469 -0.447582 -0.517469 -0.447582 -0.662225 -0.572788 -0.662225 -0.572788 -0.784429 -0.678488 -0.784429 -0.678488 -0.879921 -0.761083 -0.879921 -0.761083 -0.945449 -0.817761 -0.945449 -0.817761 -0.97878 -0.84659 -0.97878 -0.84659 -0.97878 -0.84659 -0.97878 -0.84659 -0.945449 -0.817761 -0.945449 -0.817761 -0.879921 -0.761083 -0.879921 -0.761083 -0.784429 -0.678488 -0.784429 -0.678488 -0.662225 -0.572788 -0.662225 -0.572788 -0.517469 -0.447582 -0.517469 -0.447582 -0.355091 -0.307134 -0.355091 -0.307134 -0.180621 -0.156227 -0.180621 -0.156227 -1.20379e-16 -1.04122e-16 0 0 -0.156227 -0.110734 -0.156227 -0.110734 -0.307134 -0.217697 -0.307134 -0.217697 -0.447582 -0.317246 -0.447582 -0.317246 -0.572788 -0.405992 -0.572788 -0.405992 -0.678488 -0.480913 -0.678488 -0.480913 -0.761083 -0.539456 -0.761083 -0.539456 -0.817761 -0.579629 -0.817761 -0.579629 -0.84659 -0.600064 -0.84659 -0.600064 -0.84659 -0.600064 -0.84659 -0.600064 -0.817761 -0.579629 -0.817761 -0.579629 -0.761083 -0.539456 -0.761083 -0.539456 -0.678488 -0.480913 -0.678488 -0.480913 -0.572788 -0.405992 -0.572788 -0.405992 -0.447582 -0.317246 -0.447582 -0.317246 -0.307134 -0.217697 -0.307134 -0.217697 -0.156227 -0.110734 -0.156227 -0.110734 -1.04122e-16 -7.38015e-17 0 0 -0.110734 -0.0502854 -0.110734 -0.0502854 -0.217697 -0.0988585 -0.217697 -0.0988585 -0.317246 -0.144065 -0.317246 -0.144065 -0.405992 -0.184366 -0.405992 -0.184366 -0.480913 -0.218388 -0.480913 -0.218388 -0.539456 -0.244973 -0.539456 -0.244973 -0.579629 -0.263216 -0.579629 -0.263216 -0.600064 -0.272496 -0.600064 -0.272496 -0.600064 -0.272496 -0.600064 -0.272496 -0.579629 -0.263216 -0.579629 -0.263216 -0.539456 -0.244973 -0.539456 -0.244973 -0.480913 -0.218388 -0.480913 -0.218388 -0.405992 -0.184366 -0.405992 -0.184366 -0.317246 -0.144065 -0.317246 -0.144065 -0.217697 -0.0988585 -0.217697 -0.0988585 -0.110734 -0.0502854 -0.110734 -0.0502854 -7.38015e-17 -3.3514e-17 0 0 -0.0502854 0.0169543 -0.0502854 0.0169543 -0.0988585 0.0333312 -0.0988585 0.0333312 -0.144065 0.048573 -0.144065 0.048573 -0.184366 0.0621608 -0.184366 0.0621608 -0.218388 0.0736317 -0.218388 0.0736317 -0.244973 0.0825953 -0.244973 0.0825953 -0.263216 0.0887461 -0.263216 0.0887461 -0.272496 0.0918748 -0.272496 0.0918748 -0.272496 0.0918748 -0.272496 0.0918748 -0.263216 0.0887461 -0.263216 0.0887461 -0.244973 0.0825953 -0.244973 0.0825953 -0.218388 0.0736317 -0.218388 0.0736317 -0.184366 0.0621608 -0.184366 0.0621608 -0.144065 0.048573 -0.144065 0.048573 -0.0988585 0.0333312 -0.0988585 0.0333312 -0.0502854 0.0169543 -0.0502854 0.0169543 -3.3514e-17 1.12996e-17 0 0 0.0169543 0.0819042 0.0169543 0.0819042 0.0333312 0.161019 0.0333312 0.161019 0.048573 0.234651 0.048573 0.234651 0.0621608 0.300292 0.0621608 0.300292 0.0736317 0.355707 0.0736317 0.355707 0.0825953 0.399009 0.0825953 0.399009 0.0887461 0.428723 0.0887461 0.428723 0.0918748 0.443837 0.0918748 0.443837 0.0918748 0.443837 0.0918748 0.443837 0.0887461 0.428723 0.0887461 0.428723 0.0825953 0.399009 0.0825953 0.399009 0.0736317 0.355707 0.0736317 0.355707 0.0621608 0.300292 0.0621608 0.300292 0.048573 0.234651 0.048573 0.234651 0.0333312 0.161019 0.0333312 0.161019 0.0169543 0.0819042 0.0169543 0.0819042 1.12996e-17 5.45872e-17 0 0 0.0819042 0.135793 0.0819042 0.135793 0.161019 0.266961 0.161019 0.266961 0.234651 0.389038 0.234651 0.389038 0.300292 0.497867 0.300292 0.497867 0.355707 0.589742 0.355707 0.589742 0.399009 0.661534 0.399009 0.661534 0.428723 0.710798 0.428723 0.710798 0.443837 0.735856 0.443837 0.735856 0.443837 0.735856 0.443837 0.735856 0.428723 0.710798 0.428723 0.710798 0.399009 0.661534 0.399009 0.661534 0.355707 0.589742 0.355707 0.589742 0.300292 0.497867 0.300292 0.497867 0.234651 0.389038 0.234651 0.389038 0.161019 0.266961 0.161019 0.266961 0.0819042 0.135793 0.0819042 0.135793 5.45872e-17 9.05025e-17 0 0 0.135793 0.171341 0.135793 0.171341 0.266961 0.336848 0.266961 0.336848 0.389038 0.490883 0.389038 0.490883 0.497867 0.628202 0.497867 0.628202 0.589742 0.744129 0.589742 0.744129 0.661534 0.834715 0.661534 0.834715 0.710798 0.896876 0.710798 0.896876 0.735856 0.928494 0.735856 0.928494 0.735856 0.928494 0.735856 0.928494 0.710798 0.896876 0.710798 0.896876 0.661534 0.834715 0.661534 0.834715 0.589742 0.744129 0.589742 0.744129 0.497867 0.628202 0.497867 0.628202 0.389038 0.490883 0.389038 0.490883 0.266961 0.336848 0.266961 0.336848 0.135793 0.171341 0.135793 0.171341 9.05025e-17 1.14195e-16 0 0 0.171341 0.18375 0.171341 0.18375 0.336848 0.361242 0.336848 0.361242 0.490883 0.526432 0.490883 0.526432 0.628202 0.673696 0.628202 0.673696 0.744129 0.798017 0.744129 0.798017 0.834715 0.895163 0.834715 0.895163 0.896876 0.961826 0.896876 0.961826 0.928494 0.995734 0.928494 0.995734 0.928494 0.995734 0.928494 0.995734 0.896876 0.961826 0.896876 0.961826 0.834715 0.895163 0.834715 0.895163 0.744129 0.798017 0.744129 0.798017 0.628202 0.673696 0.628202 0.673696 0.490883 0.526432 0.490883 0.526432 0.336848 0.361242 0.336848 0.361242 0.171341 0.18375 0.171341 0.18375 1.14195e-16 1.22465e-16 
SCALARS temperature_error double 1
LOOKUP_TABLE default
0 0 0 6.37752e-11 0 6.37752e-11 0 7.68718e-11 0 7.68718e-11 0 2.15047e-11 0 2.15047e-11 0 -2.27317e-11 0 -2.27317e-11 0 -3.43272e-11 0 -3.43272e-11 0 -2.86087e-11 0 -2.86087e-11 0 -1.63333e-11 0 -1.63333e-11 0 -2.22922e-12 0 -2.22922e-12 0 1.12801e-11 0 1.12801e-11 0 2.25377e-11 0 2.25377e-11 0 3.01275e-11 0 3.01275e-11 0 3.2447e-11 0 3.2447e-11 0 2.58735e-11 0 2.58735e-11 0 8.77021e-13 0 8.77021e-13 0 -3.86687e-11 0 -3.86687e-11 0 -3.42013e-11 0 -3.42013e-11 0 0 0 0 6.37752e-11 3.04427e-11 6.37752e-11 3.04427e-11 7.68718e-11 -2.2562e-11 7.68718e-11 -2.2562e-11 2.15047e-11 -5.49714e-11 2.15047e-11 -5.49714e-11 -2.27317e-11 -5.22912e-11 -2.27317e-11 -5.22912e-11 -3.43272e-11 -5.56161e-11 -3.43272e-11 -5.56161e-11 -2.86087e-11 -4.86979e-11 -2.86087e-11 -4.86979e-11 -1.63333e-11 -2.85431e-11 -1.63333e-11 -2.85431e-11 -2.22922e-12 -3.28482e-12 -2.22922e-12 -3.28482e-12 1.12801e-11 2.14205e-11 1.12801e-11 2.14205e-11 2.25377e-11 4.26672e-11 2.25377e-11 4.26672e-11 3.01275e-11 5.85419e-11 3.01275e-11 5.85419e-11 3.2447e-11 6.67679e-11 3.2447e-11 6.67679e-11 2.58735e-11 6.47308e-11 2.58735e-11 6.47308e-11 8.77021e-13 5.75536e-11 8.77021e-13 5.75536e-11 -3.86687e-11 2.67976e-11 -3.86687e-11 2.67976e-11 -3.42013e-11 -2.66166e-11 -3.42013e-11 -2.66166e-11 0 0 0 0 3.04427e-11 -1.45993e-11 3.04427e-11 -1.45993e-11 -2.2562e-11 -5.24292e-11 -2.2562e-11 -5.24292e-11 -5.49714e-11 -6.68495e-11 -5.49714e-11 -6.68495e-11 -5.22912e-11 -8.21908e-11 -5.22912e-11 -8.21908e-11 -5.56161e-11 -7.01132e-11 -5.56161e-11 -7.01132e-11 -4.86979e-11 -5.86255e-11 -4.86979e-11 -5.86255e-11 -2.85431e-11 -3.70147e-11 -2.85431e-11 -3.70147e-11 -3.28482e-12 -6.182e-12 -3.28482e-12 -6.182e-12 2.14205e-11 2.4757e-11 2.14205e-11 2.4757e-11 4.26672e-11 5.11722e-11 4.26672e-11 5.11722e-11 5.85419e-11 7.03624e-11 5.85419e-11 7.03624e-11 6.67679e-11 7.94113e-11 6.67679e-11 7.94113e-11 6.47308e-11 8.02056e-11 6.47308e-11 8.02056e-11 5.75536e-11 6.3766e-11 5.75536e-11 6.3766e-11 2.67976e-11 4.94789e-11 2.67976e-11 4.94789e-11 -2.66166e-11 9.18657e-12 -2.66166e-11 9.18657e-12 0 0 0 0 -1.45993e-11 -1.80554e-11 -1.45993e-11 -1.80554e-11 -5.24292e-11 -4.06145e-11 -5.24292e-11 -4.06145e-11 -6.68495e-11 -6.426e-11 -6.68495e-11 -6.426e-11 -8.21908e-11 -7.25687e-11 -8.21908e-11 -7.25687e-11 -7.01132e-11 -7.30185e-11 -7.01132e-11 -7.30185e-11 -5.86255e-11 -5.577e-11 -5.86255e-11 -5.577e-11 -3.70147e-11 -3.73285e-11 -3.70147e-11 -3.73285e-11 -6.182e-12 -8.17321e-12 -6.182e-12 -8.17321e-12 2.4757e-11 2.25184e-11 2.4757e-11 2.25184e-11 5.11722e-11 4.8166e-11 5.11722e-11 4.8166e-11 7.03624e-11 6.53091e-11 7.03624e-11 6.53091e-11 7.94113e-11 7.26594e-11 7.94113e-11 7.26594e-11 8.02056e-11 6.72959e-11 8.02056e-11 6.72959e-11 6.3766e-11 5.67133e-11 6.3766e-11 5.67133e-11 4.94789e-11 2.98807e-11 4.94789e-11 2.98807e-11 9.18657e-12 1.87543e-11 9.18657e-12 1.87543e-11 0 0 0 0 -1.80554e-11 -8.2204e-12 -1.80554e-11 -8.2204e-12 -4.06145e-11 -2.45283e-11 -4.06145e-11 -2.45283e-11 -6.426e-11 -4.18066e-11 -6.426e-11 -4.18066e-11 -7.25687e-11 -5.52447e-11 -7.25687e-11 -5.52447e-11 -7.30185e-11 -5.76487e-11 -7.30185e-11 -5.76487e-11 -5.577e-11 -4.6385e-11 -5.577e-11 -4.6385e-11 -3.73285e-11 -3.07452e-11 -3.73285e-11 -3.07452e-11 -8.17321e-12 -8.49398e-12 -8.17321e-12 -8.49398e-12 2.25184e-11 1.68529e-11 2.25184e-11 1.68529e-11 4.8166e-11 3.7491e-11 4.8166e-11 3.7491e-11 6.53091e-11 4.97878e-11 6.53091e-11 4.97878e-11 7.26594e-11 5.37142e-11 7.26594e-11 5.37142e-11 6.72959e-11 4.7136e-11 6.72959e-11 4.7136e-11 5.67133e-11 3.0028e-11 5.67133e-11 3.0028e-11 2.98807e-11 1.74156e-11 2.98807e-11 1.74156e-11 1.87543e-11 1.09027e-11 1.87543e-11 1.09027e-11 0 0 0 0 -8.2204e-12 -8.98975e-13 -8.2204e-12 -8.98975e-13 -2.45283e-11 -1.0382e-11 -2.45283e-11 -1.0382e-11 -4.18066e-11 -2.33407e-11 -4.18066e-11 -2.33407e-11 -5.52447e-11 -3.38534e-11 -5.52447e-11 -3.38534e-11 -5.76487e-11 -3.77611e-11 -5.76487e-11 -3.77611e-11 -4.6385e-11 -3.43739e-11 -4.6385e-11 -3.43739e-11 -3.07452e-11 -2.14443e-11 -3.07452e-11 -2.14443e-11 -8.49398e-12 -7.45515e-12 -8.49398e-12 -7.45515e-12 1.68529e-11 1.02215e-11 1.68529e-11 1.02215e-11 3.7491e-11 2.41657e-11 3.7491e-11 2.41657e-11 4.97878e-11 3.21901e-11 4.97878e-11 3.21901e-11 5.37142e-11 3.11263e-11 5.37142e-11 3.11263e-11 4.7136e-11 2.43859e-11 4.7136e-11 2.43859e-11 3.0028e-11 1.63541e-11 3.0028e-11 1.63541e-11 1.74156e-11 8.52901e-12 1.74156e-11 8.52901e-12 1.09027e-11 2.44976e-12 1.09027e-11 2.44976e-12 0 0 0 0 -8.98975e-13 1.61651e-12 -8.98975e-13 1.61651e-12 -1.0382e-11 -2.95042e-12 -1.0382e-11 -2.95042e-12 -2.33407e-11 -1.09609e-11 -2.33407e-11 -1.09609e-11 -3.38534e-11 -1.85103e-11 -3.38534e-11 -1.85103e-11 -3.77611e-11 -2.22481e-11 -3.77611e-11 -2.22481e-11 -3.43739e-11 -2.05552e-11 -3.43739e-11 -2.05552e-11 -2.14443e-11 -1.38564e-11 -2.14443e-11 -1.38564e-11 -7.45515e-12 -5.72353e-12 -7.45515e-12 -5.72353e-12 1.02215e-11 4.2566e-12 1.02215e-11 4.2566e-12 2.41657e-11 1.19603e-11 2.41657e-11 1.19603e-11 3.21901e-11 1.5872e-11 3.21901e-11 1.5872e-11 3.11263e-11 1.63007e-11 3.11263e-11 1.63007e-11 2.43859e-11 1.30355e-11 2.43859e-11 1.30355e-11 1.63541e-11 7.24221e-12 1.63541e-11 7.24221e-12 8.52901e-12 1.48342e-12 8.52901e-12 1.48342e-12 2.44976e-12 -1.51337e-12 2.44976e-12 -1.51337e-12 0 0 0 0 1.61651e-12 7.57533e-13 1.61651e-12 7.57533e-13 -2.95042e-12 -1.0873e-12 -2.95042e-12 -1.0873e-12 -1.09609e-11 -4.56957e-12 -1.09609e-11 -4.56957e-12 -1.85103e-11 -7.92733e-12 -1.85103e-11 -7.92733e-12 -2.22481e-11 -9.72655e-12 -2.22481e-11 -9.72655e-12 -2.05552e-11 -9.33886e-12 -2.05552e-11 -9.33886e-12 -1.38564e-11 -7.05158e-12 -1.38564e-11 -7.05158e-12 -5.72353e-12 -3.61411e-12 -5.72353e-12 -3.61411e-12 4.2566e-12 -5.16587e-13 4.2566e-12 -5.16587e-13 1.19603e-11 2.34002e-12 1.19603e-11 2.34002e-12 1.5872e-11 3.66362e-12 1.5872e-11 3.66362e-12 1.63007e-11 3.31912e-12 1.63007e-11 3.31912e-12 1.30355e-11 1.78602e-12 1.30355e-11 1.78602e-12 7.24221e-12 -8.10463e-14 7.24221e-12 -8.10463e-14 1.48342e-12 -1.38128e-12 1.48342e-12 -1.38128e-12 -1.51337e-12 -1.51335e-12 -1.51337e-12 -1.51335e-12 0 0 0 0 7.57533e-13 -1.05196e-12 7.57533e-13 -1.05196e-12 -1.0873e-12 -6.1734e-13 -1.0873e-12 -6.1734e-13 -4.56957e-12 7.75491e-13 -4.56957e-12 7.75491e-13 -7.92733e-12 2.59481e-12 -7.92733e-12 2.59481e-12 -9.72655e-12 4.09794e-12 -9.72655e-12 4.09794e-12 -9.33886e-12 4.55902e-12 -9.33886e-12 4.55902e-12 -7.05158e-12 3.49654e-12 -7.05158e-12 3.49654e-12 -3.61411e-12 7.59726e-13 -3.61411e-12 7.59726e-13 -5.16587e-13 -2.33713e-12 -5.16587e-13 -2.33713e-12 2.34002e-12 -5.5187e-12 2.34002e-12 -5.5187e-12 3.66362e-12 -7.67431e-12 3.66362e-12 -7.67431e-12 3.31912e-12 -8.24063e-12 3.31912e-12 -8.24063e-12 1.78602e-12 -6.98464e-12 1.78602e-12 -6.98464e-12 -8.10463e-14 -4.37672e-12 -8.10463e-14 -4.37672e-12 -1.38128e-12 -1.51756e-12 -1.38128e-12 -1.51756e-12 -1.51335e-12 2.06252e-13 -1.51335e-12 2.06252e-13 0 0 0 0 -1.05196e-12 -1.07628e-12 -1.05196e-12 -1.07628e-12 -6.1734e-13 2.74958e-12 -6.1734e-13 2.74958e-12 7.75491e-13 9.31283e-12 7.75491e-13 9.31283e-12 2.59481e-12 1.53995e-11 2.59481e-12 1.53995e-11 4.09794e-12 1.80183e-11 4.09794e-12 1.80183e-11 4.55902e-12 1.59822e-11 4.55902e-12 1.59822e-11 3.49654e-12 1.07688e-11 3.49654e-12 1.07688e-11 7.59726e-13 3.59468e-12 7.59726e-13 3.59468e-12 -2.33713e-12 -5.68157e-12 -2.33713e-12 -5.68157e-12 -5.5187e-12 -1.28373e-11 -5.5187e-12 -1.28373e-11 -7.67431e-12 -1.86261e-11 -7.67431e-12 -1.86261e-11 -8.24063e-12 -1.98548e-11 -8.24063e-12 -1.98548e-11 -6.98464e-12 -1.63807e-11 -6.98464e-12 -1.63807e-11 -4.37672e-12 -9.7593e-12 -4.37672e-12 -9.7593e-12 -1.51756e-12 -2.8556e-12 -1.51756e-12 -2.8556e-12 2.06252e-13 1.14911e-12 2.06252e-13 1.14911e-12 0 0 0 0 -1.07628e-12 3.10868e-12 -1.07628e-12 3.10868e-12 2.74958e-12 1.025e-11 2.74958e-12 1.025e-11 9.31283e-12 1.78293e-11 9.31283e-12 1.78293e-11 1.53995e-11 2.38556e-11 1.53995e-11 2.38556e-11 1.80183e-11 2.88315e-11 1.80183e-11 2.88315e-11 1.59822e-11 3.00684e-11 1.59822e-11 3.00684e-11 1.07688e-11 2.15076e-11 1.07688e-11 2.15076e-11 3.59468e-12 7.41318e-12 3.59468e-12 7.41318e-12 -5.68157e-12 -9.23717e-12 -5.68157e-12 -9.23717e-12 -1.28373e-11 -2.14051e-11 -1.28373e-11 -2.14051e-11 -1.86261e-11 -3.25775e-11 -1.86261e-11 -3.25775e-11 -1.98548e-11 -3.4509e-11 -1.98548e-11 -3.4509e-11 -1.63807e-11 -3.01645e-11 -1.63807e-11 -3.01645e-11 -9.7593e-12 -2.04686e-11 -9.7593e-12 -2.04686e-11 -2.8556e-12 -9.05903e-12 -2.8556e-12 -9.05903e-12 1.14911e-12 -8.11101e-13 1.14911e-12 -8.11101e-13 0 0 0 0 3.10868e-12 1.21361e-11 3.10868e-12 1.21361e-11 1.025e-11 1.86567e-11 1.025e-11 1.86567e-11 1.78293e-11 2.93348e-11 1.78293e-11 2.93348e-11 2.38556e-11 4.64618e-11 2.38556e-11 4.64618e-11 2.88315e-11 5.23057e-11 2.88315e-11 5.23057e-11 3.00684e-11 4.57044e-11 3.00684e-11 4.57044e-11 2.15076e-11 3.27194e-11 2.15076e-11 3.27194e-11 7.41318e-12 1.17944e-11 7.41318e-12 1.17944e-11 -9.23717e-12 -1.22982e-11 -9.23717e-12 -1.22982e-11 -2.14051e-11 -3.19202e-11 -2.14051e-11 -3.19202e-11 -3.25775e-11 -4.48919e-11 -3.25775e-11 -4.48919e-11 -3.4509e-11 -5.3302e-11 -3.4509e-11 -5.3302e-11 -3.01645e-11 -4.96559e-11 -3.01645e-11 -4.96559e-11 -2.04686e-11 -3.65583e-11 -2.04686e-11 -3.65583e-11 -9.05903e-12 -2.09599e-11 -9.05903e-12 -2.09599e-11 -8.11101e-13 -6.74372e-12 -8.11101e-13 -6.74372e-12 0 0 0 0 1.21361e-11 2.0714e-11 1.21361e-11 2.0714e-11 1.86567e-11 3.01372e-11 1.86567e-11 3.01372e-11 2.93348e-11 5.79979e-11 2.93348e-11 5.79979e-11 4.64618e-11 6.65361e-11 4.64618e-11 6.65361e-11 5.23057e-11 6.9618e-11 5.23057e-11 6.9618e-11 4.57044e-11 6.01211e-11 4.57044e-11 6.01211e-11 3.27194e-11 4.13631e-11 3.27194e-11 4.13631e-11 1.17944e-11 1.52407e-11 1.17944e-11 1.52407e-11 -1.22982e-11 -1.41697e-11 -1.22982e-11 -1.41697e-11 -3.19202e-11 -4.02337e-11 -3.19202e-11 -4.02337e-11 -4.48919e-11 -5.50126e-11 -4.48919e-11 -5.50126e-11 -5.3302e-11 -6.88489e-11 -5.3302e-11 -6.88489e-11 -4.96559e-11 -6.54533e-11 -4.96559e-11 -6.54533e-11 -3.65583e-11 -5.65134e-11 -3.65583e-11 -5.65134e-11 -2.09599e-11 -3.44853e-11 -2.09599e-11 -3.44853e-11 -6.74372e-12 -1.42915e-11 -6.74372e-12 -1.42915e-11 0 0 0 0 2.0714e-11 1.06867e-11 2.0714e-11 1.06867e-11 3.01372e-11 5.13652e-11 3.01372e-11 5.13652e-11 5.79979e-11 6.44105e-11 5.79979e-11 6.44105e-11 6.65361e-11 7.93719e-11 6.65361e-11 7.93719e-11 6.9618e-11 7.55596e-11 6.9618e-11 7.55596e-11 6.01211e-11 6.42766e-11 6.01211e-11 6.42766e-11 4.13631e-11 4.30868e-11 4.13631e-11 4.30868e-11 1.52407e-11 1.59739e-11 1.52407e-11 1.59739e-11 -1.41697e-11 -1.39682e-11 -1.41697e-11 -1.39682e-11 -4.02337e-11 -4.18918e-11 -4.02337e-11 -4.18918e-11 -5.50126e-11 -5.945e-11 -5.50126e-11 -5.945e-11 -6.88489e-11 -6.77248e-11 -6.88489e-11 -6.77248e-11 -6.54533e-11 -7.60943e-11 -6.54533e-11 -7.60943e-11 -5.65134e-11 -5.90756e-11 -5.65134e-11 -5.90756e-11 -3.44853e-11 -4.46721e-11 -3.44853e-11 -4.46721e-11 -1.42915e-11 -1.03241e-11 -1.42915e-11 -1.03241e-11 0 0 0 0 1.06867e-11 -2.83212e-11 1.06867e-11 -2.83212e-11 5.13652e-11 2.88262e-11 5.13652e-11 2.88262e-11 6.44105e-11 5.78784e-11 6.44105e-11 5.78784e-11 7.93719e-11 6.2836e-11 7.93719e-11 6.2836e-11 7.55596e-11 6.31324e-11 7.55596e-11 6.31324e-11 6.42766e-11 5.26412e-11 6.42766e-11 5.26412e-11 4.30868e-11 3.49966e-11 4.30868e-11 3.49966e-11 1.59739e-11 1.29426e-11 1.59739e-11 1.29426e-11 -1.39682e-11 -1.12774e-11 -1.39682e-11 -1.12774e-11 -4.18918e-11 -3.45248e-11 -4.18918e-11 -3.45248e-11 -5.945e-11 -5.13869e-11 -5.945e-11 -5.13869e-11 -6.77248e-11 -5.53867e-11 -6.77248e-11 -5.53867e-11 -7.60943e-11 -5.13822e-11 -7.60943e-11 -5.13822e-11 -5.90756e-11 -5.16091e-11 -5.90756e-11 -5.16091e-11 -4.46721e-11 -1.83745e-11 -4.46721e-11 -1.83745e-11 -1.03241e-11 2.3602e-11 -1.03241e-11 2.3602e-11 0 0 0 0 -2.83212e-11 -3.74594e-11 -2.83212e-11 -3.74594e-11 2.88262e-11 -4.19223e-11 2.88262e-11 -4.19223e-11 5.78784e-11 8.16569e-14 5.78784e-11 8.16569e-14 6.2836e-11 2.50194e-11 6.2836e-11 2.50194e-11 6.31324e-11 3.02769e-11 6.31324e-11 3.02769e-11 5.26412e-11 2.65774e-11 5.26412e-11 2.65774e-11 3.49966e-11 1.78425e-11 3.49966e-11 1.78425e-11 1.29426e-11 5.89295e-12 1.29426e-11 5.89295e-12 -1.12774e-11 -7.62157e-12 -1.12774e-11 -7.62157e-12 -3.45248e-11 -2.08477e-11 -3.45248e-11 -2.08477e-11 -5.13869e-11 -3.13019e-11 -5.13869e-11 -3.13019e-11 -5.53867e-11 -3.46515e-11 -5.53867e-11 -3.46515e-11 -5.13822e-11 -2.22533e-11 -5.13822e-11 -2.22533e-11 -5.16091e-11 1.52584e-11 -5.16091e-11 1.52584e-11 -1.83745e-11 5.46732e-11 -1.83745e-11 5.46732e-11 2.3602e-11 4.06135e-11 2.3602e-11 4.06135e-11 0 0 0 0 -3.74594e-11 0 -3.74594e-11 0 -4.19223e-11 0 -4.19223e-11 0 8.16569e-14 0 8.16569e-14 0 2.50194e-11 0 2.50194e-11 0 3.02769e-11 0 3.02769e-11 0 2.65774e-11 0 2.65774e-11 0 1.78425e-11 0 1.78425e-11 0 5.89295e-12 0 5.89295e-12 0 -7.62157e-12 0 -7.62157e-12 0 -2.08477e-11 0 -2.08477e-11 0 -3.13019e-11 0 -3.13019e-11 0 -3.46515e-11 0 -3.46515e-11 0 -2.22533e-11 0 -2.22533e-11 0 1.52584e-11 0 1.52584e-11 0 5.46732e-11 0 5.46732e-11 0 4.06135e-11 0 4.06135e-11 0 0 0 
