# vtk DataFile Version 3.0
#This file was generated by the deal.II library on 2026/9/23 at 11:15:51
ASCII
DATASET UNSTRUCTURED_GRID

POINTS 1156 double
0 0 0
0.0588235 0 0
0 0.0588235 0
0.0588235 0.0588235 0
0 0.0588235 0
0.0588235 0.0588235 0
0 0.117647 0
0.0588235 0.117647 0
0 0.117647 0
0.0588235 0.117647 0
0 0.176471 0
0.0588235 0.176471 0
0 0.176471 0
0.0588235 0.176471 0
0 0.235294 0
0.0588235 0.235294 0
0 0.235294 0
0.0588235 0.235294 0
0 0.294118 0
0.0588235 0.294118 0
0 0.294118 0
0.0588235 0.294118 0
0 0.352941 0
0.0588235 0.352941 0
0 0.352941 0
0.0588235 0.352941 0
0 0.411765 0
0.0588235 0.411765 0
0 0.411765 0
0.0588235 0.411765 0
0 0.470588 0
0.0588235 0.470588 0
0 0.470588 0
0.0588235 0.470588 0
0 0.529412 0
0.0588235 0.529412 0
0 0.529412 0
0.0588235 0.529412 0
0 0.588235 0
0.0588235 0.588235 0
0 0.588235 0
0.0588235 0.588235 0
0 0.647059 0
0.0588235 0.647059 0
0 0.647059 0
0.0588235 0.647059 0
0 0.705882 0
0.0588235 0.705882 0
0 0.705882 0
0.0588235 0.705882 0
0 0.764706 0
0.0588235 0.764706 0
0 0.764706 0
0.0588235 0.764706 0
0 0.823529 0
0.0588235 0.823529 0
0 0.823529 0
0.0588235 0.823529 0
0 0.882353 0
0.0588235 0.882353 0
0 0.882353 0
0.0588235 0.882353 0
0 0.941176 0
0.0588235 0.941176 0
0 0.941176 0
0.0588235 0.941176 0
0 1 0
0.0588235 1 0
0.0588235 0 0
0.117647 0 0
0.0588235 0.0588235 0
0.117647 0.0588235 0
0.0588235 0.0588235 0
0.117647 0.0588235 0
0.0588235 0.117647 0
0.117647 0.117647 0
0.0588235 0.117647 0
0.117647 0.117647 0
0.0588235 0.176471 0
0.117647 0.176471 0
0.0588235 0.176471 0
0.117647 0.176471 0
0.0588235 0.235294 0
0.117647 0.235294 0
0.0588235 0.235294 0
0.117647 0.235294 0
0.0588235 0.294118 0
0.117647 0.294118 0
0.0588235 0.294118 0
0.117647 0.294118 0
0.0588235 0.352941 0
0.117647 0.352941 0
0.0588235 0.352941 0
0.117647 0.352941 0
0.0588235 0.411765 0
0.117647 0.411765 0
0.0588235 0.411765 0
0.117647 0.411765 0
0.0588235 0.470588 0
0.117647 0.470588 0
0.0588235 0.470588 0
0.117647 0.470588 0
0.0588235 0.529412 0
0.117647 0.529412 0
0.0588235 0.529412 0
0.117647 0.529412 0
0.0588235 0.588235 0
0.117647 0.588235 0
0.0588235 0.588235 0
0.117647 0.588235 0
0.0588235 0.647059 0
0.117647 0.647059 0
0.0588235 0.647059 0
0.117647 0.647059 0
0.0588235 0.705882 0
0.117647 0.705882 0
0.0588235 0.705882 0
0.117647 0.705882 0
0.0588235 0.764706 0
0.117647 0.764706 0
0.0588235 0.764706 0
0.117647 0.764706 0
0.0588235 0.823529 0
0.117647 0.823529 0
0.0588235 0.823529 0
0.117647 0.823529 0
0.0588235 0.882353 0
0.117647 0.882353 0
0.0588235 0.882353 0
0.117647 0.882353 0
0.0588235 0.941176 0
0.117647 0.941176 0
0.0588235 0.941176 0
0.117647 0.941176 0
0.0588235 1 0
0.117647 1 0
0.117647 0 0
0.176471 0 0
0.117647 0.0588235 0
0.176471 0.0588235 0
0.117647 0.0588235 0
0.176471 0.0588235 0
0.117647 0.117647 0
0.176471 0.117647 0
0.117647 0.117647 0
0.176471 0.117647 0
0.117647 0.176471 0
0.176471 0.176471 0
0.117647 0.176471 0
0.176471 0.176471 0
0.117647 0.235294 0
0.176471 0.235294 0
0.117647 0.235294 0
0.176471 0.235294 0
0.117647 0.294118 0
0.176471 0.294118 0
0.117647 0.294118 0
0.176471 0.294118 0
0.117647 0.352941 0
0.176471 0.352941 0
0.117647 0.352941 0
0.176471 0.352941 0
0.117647 0.411765 0
0.176471 0.411765 0
0.117647 0.411765 0
0.176471 0.411765 0
0.117647 0.470588 0
0.176471 0.470588 0
0.117647 0.470588 0
0.176471 0.470588 0
0.117647 0.529412 0
0.176471 0.529412 0
0.117647 0.529412 0
0.176471 0.529412 0
0.117647 0.588235 0
0.176471 0.588235 0
0.117647 0.588235 0
0.176471 0.588235 0
0.117647 0.647059 0
0.176471 0.647059 0
0.117647 0.647059 0
0.176471 0.647059 0
0.117647 0.705882 0
0.176471 0.705882 0
0.117647 0.705882 0
0.176471 0.705882 0
0.117647 0.764706 0
0.176471 0.764706 0
0.117647 0.764706 0
0.176471 0.764706 0
0.117647 0.823529 0
0.176471 0.823529 0
0.117647 0.823529 0
0.176471 0.823529 0
0.117647 0.882353 0
0.176471 0.882353 0
0.117647 0.882353 0
0.176471 0.882353 0
0.117647 0.941176 0
0.176471 0.941176 0
0.117647 0.941176 0
0.176471 0.941176 0
0.117647 1 0
0.176471 1 0
0.176471 0 0
0.235294 0 0
0.176471 0.0588235 0
0.235294 0.0588235 0
0.176471 0.0588235 0
0.235294 0.0588235 0
0.176471 0.117647 0
0.235294 0.117647 0
0.176471 0.117647 0
0.235294 0.117647 0
0.176471 0.176471 0
0.235294 0.176471 0
0.176471 0.176471 0
0.235294 0.176471 0
0.176471 0.235294 0
0.235294 0.235294 0
0.176471 0.235294 0
0.235294 0.235294 0
0.176471 0.294118 0
0.235294 0.294118 0
0.176471 0.294118 0
0.235294 0.294118 0
0.176471 0.352941 0
0.235294 0.352941 0
0.176471 0.352941 0
0.235294 0.352941 0
0.176471 0.411765 0
0.235294 0.411765 0
0.176471 0.411765 0
0.235294 0.411765 0
0.176471 0.470588 0
0.235294 0.470588 0
0.176471 0.470588 0
0.235294 0.470588 0
0.176471 0.529412 0
0.235294 0.529412 0
0.176471 0.529412 0
0.235294 0.529412 0
0.176471 0.588235 0
0.235294 0.588235 0
0.176471 0.588235 0
0.235294 0.588235 0
0.176471 0.647059 0
0.235294 0.647059 0
0.176471 0.647059 0
0.235294 0.647059 0
0.176471 0.705882 0
0.235294 0.705882 0
0.176471 0.705882 0
0.235294 0.705882 0
0.176471 0.764706 0
0.235294 0.764706 0
0.176471 0.764706 0
0.235294 0.764706 0
0.176471 0.823529 0
0.235294 0.823529 0
0.176471 0.823529 0
0.235294 0.823529 0
0.176471 0.882353 0
0.235294 0.882353 0
0.176471 0.882353 0
0.235294 0.882353 0
0.176471 0.941176 0
0.235294 0.941176 0
0.176471 0.941176 0
0.235294 0.941176 0
0.176471 1 0
0.235294 1 0
0.235294 0 0
0.294118 0 0
0.235294 0.0588235 0
0.294118 0.0588235 0
0.235294 0.0588235 0
0.294118 0.0588235 0
0.235294 0.117647 0
0.294118 0.117647 0
0.235294 0.117647 0
0.294118 0.117647 0
0.235294 0.176471 0
0.294118 0.176471 0
0.235294 0.176471 0
0.294118 0.176471 0
0.235294 0.235294 0
0.294118 0.235294 0
0.235294 0.235294 0
0.294118 0.235294 0
0.235294 0.294118 0
0.294118 0.294118 0
0.235294 0.294118 0
0.294118 0.294118 0
0.235294 0.352941 0
0.294118 0.352941 0
0.235294 0.352941 0
0.294118 0.352941 0
0.235294 0.411765 0
0.294118 0.411765 0
0.235294 0.411765 0
0.294118 0.411765 0
0.235294 0.470588 0
0.294118 0.470588 0
0.235294 0.470588 0
0.294118 0.470588 0
0.235294 0.529412 0
0.294118 0.529412 0
0.235294 0.529412 0
0.294118 0.529412 0
0.235294 0.588235 0
0.294118 0.588235 0
0.235294 0.588235 0
0.294118 0.588235 0
0.235294 0.647059 0
0.294118 0.647059 0
0.235294 0.647059 0
0.294118 0.647059 0
0.235294 0.705882 0
0.294118 0.705882 0
0.235294 0.705882 0
0.294118 0.705882 0
0.235294 0.764706 0
0.294118 0.764706 0
0.235294 0.764706 0
0.294118 0.764706 0
0.235294 0.823529 0
0.294118 0.823529 0
0.235294 0.823529 0
0.294118 0.823529 0
0.235294 0.882353 0
0.294118 0.882353 0
0.235294 0.882353 0
0.294118 0.882353 0
0.235294 0.941176 0
0.294118 0.941176 0
0.235294 0.941176 0
0.294118 0.941176 0
0.235294 1 0
0.294118 1 0
0.294118 0 0
0.352941 0 0
0.294118 0.0588235 0
0.352941 0.0588235 0
0.294118 0.0588235 0
0.352941 0.0588235 0
0.294118 0.117647 0
0.352941 0.117647 0
0.294118 0.117647 0
0.352941 0.117647 0
0.294118 0.176471 0
0.352941 0.176471 0
0.294118 0.176471 0
0.352941 0.176471 0
0.294118 0.235294 0
0.352941 0.235294 0
0.294118 0.235294 0
0.352941 0.235294 0
0.294118 0.294118 0
0.352941 0.294118 0
0.294118 0.294118 0
0.352941 0.294118 0
0.294118 0.352941 0
0.352941 0.352941 0
0.294118 0.352941 0
0.352941 0.352941 0
0.294118 0.411765 0
0.352941 0.411765 0
0.294118 0.411765 0
0.352941 0.411765 0
0.294118 0.470588 0
0.352941 0.470588 0
0.294118 0.470588 0
0.352941 0.470588 0
0.294118 0.529412 0
0.352941 0.529412 0
0.294118 0.529412 0
0.352941 0.529412 0
0.294118 0.588235 0
0.352941 0.588235 0
0.294118 0.588235 0
0.352941 0.588235 0
0.294118 0.647059 0
0.352941 0.647059 0
0.294118 0.647059 0
0.352941 0.647059 0
0.294118 0.705882 0
0.352941 0.705882 0
0.294118 0.705882 0
0.352941 0.705882 0
0.294118 0.764706 0
0.352941 0.764706 0
0.294118 0.764706 0
0.352941 0.764706 0
0.294118 0.823529 0
0.352941 0.823529 0
0.294118 0.823529 0
0.352941 0.823529 0
0.294118 0.882353 0
0.352941 0.882353 0
0.294118 0.882353 0
0.352941 0.882353 0
0.294118 0.941176 0
0.352941 0.941176 0
0.294118 0.941176 0
0.352941 0.941176 0
0.294118 1 0
0.352941 1 0
0.352941 0 0
0.411765 0 0
0.352941 0.0588235 0
0.411765 0.0588235 0
0.352941 0.0588235 0
0.411765 0.0588235 0
0.352941 0.117647 0
0.411765 0.117647 0
0.352941 0.117647 0
0.411765 0.117647 0
0.352941 0.176471 0
0.411765 0.176471 0
0.352941 0.176471 0
0.411765 0.176471 0
0.352941 0.235294 0
0.411765 0.235294 0
0.352941 0.235294 0
0.411765 0.235294 0
0.352941 0.294118 0
0.411765 0.294118 0
0.352941 0.294118 0
0.411765 0.294118 0
0.352941 0.352941 0
0.411765 0.352941 0
0.352941 0.352941 0
0.411765 0.352941 0
0.352941 0.411765 0
0.411765 0.411765 0
0.352941 0.411765 0
0.411765 0.411765 0
0.352941 0.470588 0
0.411765 0.470588 0
0.352941 0.470588 0
0.411765 0.470588 0
0.352941 0.529412 0
0.411765 0.529412 0
0.352941 0.529412 0
0.411765 0.529412 0
0.352941 0.588235 0
0.411765 0.588235 0
0.352941 0.588235 0
0.411765 0.588235 0
0.352941 0.647059 0
0.411765 0.647059 0
0.352941 0.647059 0
0.411765 0.647059 0
0.352941 0.705882 0
0.411765 0.705882 0
0.352941 0.705882 0
0.411765 0.705882 0
0.352941 0.764706 0
0.411765 0.764706 0
0.352941 0.764706 0
0.411765 0.764706 0
0.352941 0.823529 0
0.411765 0.823529 0
0.352941 0.823529 0
0.411765 0.823529 0
0.352941 0.882353 0
0.411765 0.882353 0
0.352941 0.882353 0
0.411765 0.882353 0
0.352941 0.941176 0
0.411765 0.941176 0
0.352941 0.941176 0
0.411765 0.941176 0
0.352941 1 0
0.411765 1 0
0.411765 0 0
0.470588 0 0
0.411765 0.0588235 0
0.470588 0.0588235 0
0.411765 0.0588235 0
0.470588 0.0588235 0
0.411765 0.117647 0
0.470588 0.117647 0
0.411765 0.117647 0
0.470588 0.117647 0
0.411765 0.176471 0
0.470588 0.176471 0
0.411765 0.176471 0
0.470588 0.176471 0
0.411765 0.235294 0
0.470588 0.235294 0
0.411765 0.235294 0
0.470588 0.235294 0
0.411765 0.294118 0
0.470588 0.294118 0
0.411765 0.294118 0
0.470588 0.294118 0
0.411765 0.352941 0
0.470588 0.352941 0
0.411765 0.352941 0
0.470588 0.352941 0
0.411765 0.411765 0
0.470588 0.411765 0
0.411765 0.411765 0
0.470588 0.411765 0
0.411765 0.470588 0
0.470588 0.470588 0
0.411765 0.470588 0
0.470588 0.470588 0
0.411765 0.529412 0
0.470588 0.529412 0
0.411765 0.529412 0
0.470588 0.529412 0
0.411765 0.588235 0
0.470588 0.588235 0
0.411765 0.588235 0
0.470588 0.588235 0
0.411765 0.647059 0
0.470588 0.647059 0
0.411765 0.647059 0
0.470588 0.647059 0
0.411765 0.705882 0
0.470588 0.705882 0
0.411765 0.705882 0
0.470588 0.705882 0
0.411765 0.764706 0
0.470588 0.764706 0
0.411765 0.764706 0
0.470588 0.764706 0
0.411765 0.823529 0
0.470588 0.823529 0
0.411765 0.823529 0
0.470588 0.823529 0
0.411765 0.882353 0
0.470588 0.882353 0
0.411765 0.882353 0
0.470588 0.882353 0
0.411765 0.941176 0
0.470588 0.941176 0
0.411765 0.941176 0
0.470588 0.941176 0
0.411765 1 0
0.470588 1 0
0.470588 0 0
0.529412 0 0
0.470588 0.0588235 0
0.529412 0.0588235 0
0.470588 0.0588235 0
0.529412 0.0588235 0
0.470588 0.117647 0
0.529412 0.117647 0
0.470588 0.117647 0
0.529412 0.117647 0
0.470588 0.176471 0
0.529412 0.176471 0
0.470588 0.176471 0
0.529412 0.176471 0
0.470588 0.235294 0
0.529412 0.235294 0
0.470588 0.235294 0
0.529412 0.235294 0
0.470588 0.294118 0
0.529412 0.294118 0
0.470588 0.294118 0
0.529412 0.294118 0
0.470588 0.352941 0
0.529412 0.352941 0
0.470588 0.352941 0
0.529412 0.352941 0
0.470588 0.411765 0
0.529412 0.411765 0
0.470588 0.411765 0
0.529412 0.411765 0
0.470588 0.470588 0
0.529412 0.470588 0
0.470588 0.470588 0
0.529412 0.470588 0
0.470588 0.529412 0
0.529412 0.529412 0
0.470588 0.529412 0
0.529412 0.529412 0
0.470588 0.588235 0
0.529412 0.588235 0
0.470588 0.588235 0
0.529412 0.588235 0
0.470588 0.647059 0
0.529412 0.647059 0
0.470588 0.647059 0
0.529412 0.647059 0
0.470588 0.705882 0
0.529412 0.705882 0
0.470588 0.705882 0
0.529412 0.705882 0
0.470588 0.764706 0
0.529412 0.764706 0
0.470588 0.764706 0
0.529412 0.764706 0
0.470588 0.823529 0
0.529412 0.823529 0
0.470588 0.823529 0
0.529412 0.823529 0
0.470588 0.882353 0
0.529412 0.882353 0
0.470588 0.882353 0
0.529412 0.882353 0
0.470588 0.941176 0
0.529412 0.941176 0
0.470588 0.941176 0
0.529412 0.941176 0
0.470588 1 0
0.529412 1 0
0.529412 0 0
0.588235 0 0
0.529412 0.0588235 0
0.588235 0.0588235 0
0.529412 0.0588235 0
0.588235 0.0588235 0
0.529412 0.117647 0
0.588235 0.117647 0
0.529412 0.117647 0
0.588235 0.117647 0
0.529412 0.176471 0
0.588235 0.176471 0
0.529412 0.176471 0
0.588235 0.176471 0
0.529412 0.235294 0
0.588235 0.235294 0
0.529412 0.235294 0
0.588235 0.235294 0
0.529412 0.294118 0
0.588235 0.294118 0
0.529412 0.294118 0
0.588235 0.294118 0
0.529412 0.352941 0
0.588235 0.352941 0
0.529412 0.352941 0
0.588235 0.352941 0
0.529412 0.411765 0
0.588235 0.411765 0
0.529412 0.411765 0
0.588235 0.411765 0
0.529412 0.470588 0
0.588235 0.470588 0
0.529412 0.470588 0
0.588235 0.470588 0
0.529412 0.529412 0
0.588235 0.529412 0
0.529412 0.529412 0
0.588235 0.529412 0
0.529412 0.588235 0
0.588235 0.588235 0
0.529412 0.588235 0
0.588235 0.588235 0
0.529412 0.647059 0
0.588235 0.647059 0
0.529412 0.647059 0
0.588235 0.647059 0
0.529412 0.705882 0
0.588235 0.705882 0
0.529412 0.705882 0
0.588235 0.705882 0
0.529412 0.764706 0
0.588235 0.764706 0
0.529412 0.764706 0
0.588235 0.764706 0
0.529412 0.823529 0
0.588235 0.823529 0
0.529412 0.823529 0
0.588235 0.823529 0
0.529412 0.882353 0
0.588235 0.882353 0
0.529412 0.882353 0
0.588235 0.882353 0
0.529412 0.941176 0
0.588235 0.941176 0
0.529412 0.941176 0
0.588235 0.941176 0
0.529412 1 0
0.588235 1 0
0.588235 0 0
0.647059 0 0
0.588235 0.0588235 0
0.647059 0.0588235 0
0.588235 0.0588235 0
0.647059 0.0588235 0
0.588235 0.117647 0
0.647059 0.117647 0
0.588235 0.117647 0
0.647059 0.117647 0
0.588235 0.176471 0
0.647059 0.176471 0
0.588235 0.176471 0
0.647059 0.176471 0
0.588235 0.235294 0
0.647059 0.235294 0
0.588235 0.235294 0
0.647059 0.235294 0
0.588235 0.294118 0
0.647059 0.294118 0
0.588235 0.294118 0
0.647059 0.294118 0
0.588235 0.352941 0
0.647059 0.352941 0
0.588235 0.352941 0
0.647059 0.352941 0
0.588235 0.411765 0
0.647059 0.411765 0
0.588235 0.411765 0
0.647059 0.411765 0
0.588235 0.470588 0
0.647059 0.470588 0
0.588235 0.470588 0
0.647059 0.470588 0
0.588235 0.529412 0
0.647059 0.529412 0
0.588235 0.529412 0
0.647059 0.529412 0
0.588235 0.588235 0
0.647059 0.588235 0
0.588235 0.588235 0
0.647059 0.588235 0
0.588235 0.647059 0
0.647059 0.647059 0
0.588235 0.647059 0
0.647059 0.647059 0
0.588235 0.705882 0
0.647059 0.705882 0
0.588235 0.705882 0
0.647059 0.705882 0
0.588235 0.764706 0
0.647059 0.764706 0
0.588235 0.764706 0
0.647059 0.764706 0
0.588235 0.823529 0
0.647059 0.823529 0
0.588235 0.823529 0
0.647059 0.823529 0
0.588235 0.882353 0
0.647059 0.882353 0
0.588235 0.882353 0
0.647059 0.882353 0
0.588235 0.941176 0
0.647059 0.941176 0
0.588235 0.941176 0
0.647059 0.941176 0
0.588235 1 0
0.647059 1 0
0.647059 0 0
0.705882 0 0
0.647059 0.0588235 0
0.705882 0.0588235 0
0.647059 0.0588235 0
0.705882 0.0588235 0
0.647059 0.117647 0
0.705882 0.117647 0
0.647059 0.117647 0
0.705882 0.117647 0
0.647059 0.176471 0
0.705882 0.176471 0
0.647059 0.176471 0
0.705882 0.176471 0
0.647059 0.235294 0
0.705882 0.235294 0
0.647059 0.235294 0
0.705882 0.235294 0
0.647059 0.294118 0
0.705882 0.294118 0
0.647059 0.294118 0
0.705882 0.294118 0
0.647059 0.352941 0
0.705882 0.352941 0
0.647059 0.352941 0
0.705882 0.352941 0
0.647059 0.411765 0
0.705882 0.411765 0
0.647059 0.411765 0
0.705882 0.411765 0
0.647059 0.470588 0
0.705882 0.470588 0
0.647059 0.470588 0
0.705882 0.470588 0
0.647059 0.529412 0
0.705882 0.529412 0
0.647059 0.529412 0
0.705882 0.529412 0
0.647059 0.588235 0
0.705882 0.588235 0
0.647059 0.588235 0
0.705882 0.588235 0
0.647059 0.647059 0
0.705882 0.647059 0
0.647059 0.647059 0
0.705882 0.647059 0
0.647059 0.705882 0
0.705882 0.705882 0
0.647059 0.705882 0
0.705882 0.705882 0
0.647059 0.764706 0
0.705882 0.764706 0
0.647059 0.764706 0
0.705882 0.764706 0
0.647059 0.823529 0
0.705882 0.823529 0
0.647059 0.823529 0
0.705882 0.823529 0
0.647059 0.882353 0
0.705882 0.882353 0
0.647059 0.882353 0
0.705882 0.882353 0
0.647059 0.941176 0
0.705882 0.941176 0
0.647059 0.941176 0
0.705882 0.941176 0
0.647059 1 0
0.705882 1 0
0.705882 0 0
0.764706 0 0
0.705882 0.0588235 0
0.764706 0.0588235 0
0.705882 0.0588235 0
0.764706 0.0588235 0
0.705882 0.117647 0
0.764706 0.117647 0
0.705882 0.117647 0
0.764706 0.117647 0
0.705882 0.176471 0
0.764706 0.176471 0
0.705882 0.176471 0
0.764706 0.176471 0
0.705882 0.235294 0
0.764706 0.235294 0
0.705882 0.235294 0
0.764706 0.235294 0
0.705882 0.294118 0
0.764706 0.294118 0
0.705882 0.294118 0
0.764706 0.294118 0
0.705882 0.352941 0
0.764706 0.352941 0
0.705882 0.352941 0
0.764706 0.352941 0
0.705882 0.411765 0
0.764706 0.411765 0
0.705882 0.411765 0
0.764706 0.411765 0
0.705882 0.470588 0
0.764706 0.470588 0
0.705882 0.470588 0
0.764706 0.470588 0
0.705882 0.529412 0
0.764706 0.529412 0
0.705882 0.529412 0
0.764706 0.529412 0
0.705882 0.588235 0
0.764706 0.588235 0
0.705882 0.588235 0
0.764706 0.588235 0
0.705882 0.647059 0
0.764706 0.647059 0
0.705882 0.647059 0
0.764706 0.647059 0
0.705882 0.705882 0
0.764706 0.705882 0
0.705882 0.705882 0
0.764706 0.705882 0
0.705882 0.764706 0
0.764706 0.764706 0
0.705882 0.764706 0
0.764706 0.764706 0
0.705882 0.823529 0
0.764706 0.823529 0
0.705882 0.823529 0
0.764706 0.823529 0
0.705882 0.882353 0
0.764706 0.882353 0
0.705882 0.882353 0
0.764706 0.882353 0
0.705882 0.941176 0
0.764706 0.941176 0
0.705882 0.941176 0
0.764706 0.941176 0
0.705882 1 0
0.764706 1 0
0.764706 0 0
0.823529 0 0
0.764706 0.0588235 0
0.823529 0.0588235 0
0.764706 0.0588235 0
0.823529 0.0588235 0
0.764706 0.117647 0
0.823529 0.117647 0
0.764706 0.117647 0
0.823529 0.117647 0
0.764706 0.176471 0
0.823529 0.176471 0
0.764706 0.176471 0
0.823529 0.176471 0
0.764706 0.235294 0
0.823529 0.235294 0
0.764706 0.235294 0
0.823529 0.235294 0
0.764706 0.294118 0
0.823529 0.294118 0
0.764706 0.294118 0
0.823529 0.294118 0
0.764706 0.352941 0
0.823529 0.352941 0
0.764706 0.352941 0
0.823529 0.352941 0
0.764706 0.411765 0
0.823529 0.411765 0
0.764706 0.411765 0
0.823529 0.411765 0
0.764706 0.470588 0
0.823529 0.470588 0
0.764706 0.470588 0
0.823529 0.470588 0
0.764706 0.529412 0
0.823529 0.529412 0
0.764706 0.529412 0
0.823529 0.529412 0
0.764706 0.588235 0
0.823529 0.588235 0
0.764706 0.588235 0
0.823529 0.588235 0
0.764706 0.647059 0
0.823529 0.647059 0
0.764706 0.647059 0
0.823529 0.647059 0
0.764706 0.705882 0
0.823529 0.705882 0
0.764706 0.705882 0
0.823529 0.705882 0
0.764706 0.764706 0
0.823529 0.764706 0
0.764706 0.764706 0
0.823529 0.764706 0
0.764706 0.823529 0
0.823529 0.823529 0
0.764706 0.823529 0
0.823529 0.823529 0
0.764706 0.882353 0
0.823529 0.882353 0
0.764706 0.882353 0
0.823529 0.882353 0
0.764706 0.941176 0
0.823529 0.941176 0
0.764706 0.941176 0
0.823529 0.941176 0
0.764706 1 0
0.823529 1 0
0.823529 0 0
0.882353 0 0
0.823529 0.0588235 0
0.882353 0.0588235 0
0.823529 0.0588235 0
0.882353 0.0588235 0
0.823529 0.117647 0
0.882353 0.117647 0
0.823529 0.117647 0
0.882353 0.117647 0
0.823529 0.176471 0
0.882353 0.176471 0
0.823529 0.176471 0
0.882353 0.176471 0
0.823529 0.235294 0
0.882353 0.235294 0
0.823529 0.235294 0
0.882353 0.235294 0
0.823529 0.294118 0
0.882353 0.294118 0
0.823529 0.294118 0
0.882353 0.294118 0
0.823529 0.352941 0
0.882353 0.352941 0
0.823529 0.352941 0
0.882353 0.352941 0
0.823529 0.411765 0
0.882353 0.411765 0
0.823529 0.411765 0
0.882353 0.411765 0
0.823529 0.470588 0
0.882353 0.470588 0
0.823529 0.470588 0
0.882353 0.470588 0
0.823529 0.529412 0
0.882353 0.529412 0
0.823529 0.529412 0
0.882353 0.529412 0
0.823529 0.588235 0
0.882353 0.588235 0
0.823529 0.588235 0
0.882353 0.588235 0
0.823529 0.647059 0
0.882353 0.647059 0
0.823529 0.647059 0
0.882353 0.647059 0
0.823529 0.705882 0
0.882353 0.705882 0
0.823529 0.705882 0
0.882353 0.705882 0
0.823529 0.764706 0
0.882353 0.764706 0
0.823529 0.764706 0
0.882353 0.764706 0
0.823529 0.823529 0
0.882353 0.823529 0
0.823529 0.823529 0
0.882353 0.823529 0
0.823529 0.882353 0
0.882353 0.882353 0
0.823529 0.882353 0
0.882353 0.882353 0
0.823529 0.941176 0
0.882353 0.941176 0
0.823529 0.941176 0
0.882353 0.941176 0
0.823529 1 0
0.882353 1 0
0.882353 0 0
0.941176 0 0
0.882353 0.0588235 0
0.941176 0.0588235 0
0.882353 0.0588235 0
0.941176 0.0588235 0
0.882353 0.117647 0
0.941176 0.117647 0
0.882353 0.117647 0
0.941176 0.117647 0
0.882353 0.176471 0
0.941176 0.176471 0
0.882353 0.176471 0
0.941176 0.176471 0
0.882353 0.235294 0
0.941176 0.235294 0
0.882353 0.235294 0
0.941176 0.235294 0
0.882353 0.294118 0
0.941176 0.294118 0
0.882353 0.294118 0
0.941176 0.294118 0
0.882353 0.352941 0
0.941176 0.352941 0
0.882353 0.352941 0
0.941176 0.352941 0
0.882353 0.411765 0
0.941176 0.411765 0
0.882353 0.411765 0
0.941176 0.411765 0
0.882353 0.470588 0
0.941176 0.470588 0
0.882353 0.470588 0
0.941176 0.470588 0
0.882353 0.529412 0
0.941176 0.529412 0
0.882353 0.529412 0
0.941176 0.529412 0
0.882353 0.588235 0
0.941176 0.588235 0
0.882353 0.588235 0
0.941176 0.588235 0
0.882353 0.647059 0
0.941176 0.647059 0
0.882353 0.647059 0
0.941176 0.647059 0
0.882353 0.705882 0
0.941176 0.705882 0
0.882353 0.705882 0
0.941176 0.705882 0
0.882353 0.764706 0
0.941176 0.764706 0
0.882353 0.764706 0
0.941176 0.764706 0
0.882353 0.823529 0
0.941176 0.823529 0
0.882353 0.823529 0
0.941176 0.823529 0
0.882353 0.882353 0
0.941176 0.882353 0
0.882353 0.882353 0
0.941176 0.882353 0
0.882353 0.941176 0
0.941176 0.941176 0
0.882353 0.941176 0
0.941176 0.941176 0
0.882353 1 0
0.941176 1 0
0.941176 0 0
1 0 0
0.941176 0.0588235 0
1 0.0588235 0
0.941176 0.0588235 0
1 0.0588235 0
0.941176 0.117647 0
1 0.117647 0
0.941176 0.117647 0
1 0.117647 0
0.941176 0.176471 0
1 0.176471 0
0.941176 0.176471 0
1 0.176471 0
0.941176 0.235294 0
1 0.235294 0
0.941176 0.235294 0
1 0.235294 0
0.941176 0.294118 0
1 0.294118 0
0.941176 0.294118 0
1 0.294118 0
0.941176 0.352941 0
1 0.352941 0
0.941176 0.352941 0
1 0.352941 0
0.941176 0.411765 0
1 0.411765 0
0.941176 0.411765 0
1 0.411765 0
0.941176 0.470588 0
1 0.470588 0
0.941176 0.470588 0
1 0.470588 0
0.941176 0.529412 0
1 0.529412 0
0.941176 0.529412 0
1 0.529412 0
0.941176 0.588235 0
1 0.588235 0
0.941176 0.588235 0
1 0.588235 0
0.941176 0.647059 0
1 0.647059 0
0.941176 0.647059 0
1 0.647059 0
0.941176 0.705882 0
1 0.705882 0
0.941176 0.705882 0
1 0.705882 0
0.941176 0.764706 0
1 0.764706 0
0.941176 0.764706 0
1 0.764706 0
0.941176 0.823529 0
1 0.823529 0
0.941176 0.823529 0
1 0.823529 0
0.941176 0.882353 0
1 0.882353 0
0.941176 0.882353 0
1 0.882353 0
0.941176 0.941176 0
1 0.941176 0
0.941176 0.941176 0
1 0.941176 0
0.941176 1 0
1 1 0

CELLS 289 1445
4	0	1	3	2
4	4	5	7	6
4	8	9	11	10
4	12	13	15	14
4	16	17	19	18
4	20	21	23	22
4	24	25	27	26
4	28	29	31	30
4	32	33	35	34
4	36	37	39	38
4	40	41	43	42
4	44	45	47	46
4	48	49	51	50
4	52	53	55	54
4	56	57	59	58
4	60	61	63	62
4	64	65	67	66
4	68	69	71	70
4	72	73	75	74
4	76	77	79	78
4	80	81	83	82
4	84	85	87	86
4	88	89	91	90
4	92	93	95	94
4	96	97	99	98
4	100	101	103	102
4	104	105	107	106
4	108	109	111	110
4	112	113	115	114
4	116	117	119	118
4	120	121	123	122
4	124	125	127	126
4	128	129	131	130
4	132	133	135	134
4	136	137	139	138
4	140	141	143	142
4	144	145	147	146
4	148	149	151	150
4	152	153	155	154
4	156	157	159	158
4	160	161	163	162
4	164	165	167	166
4	168	169	171	170
4	172	173	175	174
4	176	177	179	178
4	180	181	183	182
4	184	185	187	186
4	188	189	191	190
4	192	193	195	194
4	196	197	199	198
4	200	201	203	202
4	204	205	207	206
4	208	209	211	210
4	212	213	215	214
4	216	217	219	218
4	220	221	223	222
4	224	225	227	226
4	228	229	231	230
4	232	233	235	234
4	236	237	239	238
4	240	241	243	242
4	244	245	247	246
4	248	249	251	250
4	252	253	255	254
4	256	257	259	258
4	260	261	263	262
4	264	265	267	266
4	268	269	271	270
4	272	273	275	274
4	276	277	279	278
4	280	281	283	282
4	284	285	287	286
4	288	289	291	290
4	292	293	295	294
4	296	297	299	298
4	300	301	303	302
4	304	305	307	306
4	308	309	311	310
4	312	313	315	314
4	316	317	319	318
4	320	321	323	322
4	324	325	327	326
4	328	329	331	330
4	332	333	335	334
4	336	337	339	338
4	340	341	343	342
4	344	345	347	346
4	348	349	351	350
4	352	353	355	354
4	356	357	359	358
4	360	361	363	362
4	364	365	367	366
4	368	369	371	370
4	372	373	375	374
4	376	377	379	378
4	380	381	383	382
4	384	385	387	386
4	388	389	391	390
4	392	393	395	394
4	396	397	399	398
4	400	401	403	402
4	404	405	407	406
4	408	409	411	410
4	412	413	415	414
4	416	417	419	418
4	420	421	423	422
4	424	425	427	426
4	428	429	431	430
4	432	433	435	434
4	436	437	439	438
4	440	441	443	442
4	444	445	447	446
4	448	449	451	450
4	452	453	455	454
4	456	457	459	458
4	460	461	463	462
4	464	465	467	466
4	468	469	471	470
4	472	473	475	474
4	476	477	479	478
4	480	481	483	482
4	484	485	487	486
4	488	489	491	490
4	492	493	495	494
4	496	497	499	498
4	500	501	503	502
4	504	505	507	506
4	508	509	511	510
4	512	513	515	514
4	516	517	519	518
4	520	521	523	522
4	524	525	527	526
4	528	529	531	530
4	532	533	535	534
4	536	537	539	538
4	540	541	543	542
4	544	545	547	546
4	548	549	551	550
4	552	553	555	554
4	556	557	559	558
4	560	561	563	562
4	564	565	567	566
4	568	569	571	570
4	572	573	575	574
4	576	577	579	578
4	580	581	583	582
4	584	585	587	586
4	588	589	591	590
4	592	593	595	594
4	596	597	599	598
4	600	601	603	602
4	604	605	607	606
4	608	609	611	610
4	612	613	615	614
4	616	617	619	618
4	620	621	623	622
4	624	625	627	626
4	628	629	631	630
4	632	633	635	634
4	636	637	639	638
4	640	641	643	642
4	644	645	647	646
4	648	649	651	650
4	652	653	655	654
4	656	657	659	658
4	660	661	663	662
4	664	665	667	666
4	668	669	671	670
4	672	673	675	674
4	676	677	679	678
4	680	681	683	682
4	684	685	687	686
4	688	689	691	690
4	692	693	695	694
4	696	697	699	698
4	700	701	703	702
4	704	705	707	706
4	708	709	711	710
4	712	713	715	714
4	716	717	719	718
4	720	721	723	722
4	724	725	727	726
4	728	729	731	730
4	732	733	735	734
4	736	737	739	738
4	740	741	743	742
4	744	745	747	746
4	748	749	751	750
4	752	753	755	754
4	756	757	759	758
4	760	761	763	762
4	764	765	767	766
4	768	769	771	770
4	772	773	775	774
4	776	777	779	778
4	780	781	783	782
4	784	785	787	786
4	788	789	791	790
4	792	793	795	794
4	796	797	799	798
4	800	801	803	802
4	804	805	807	806
4	808	809	811	810
4	812	813	815	814
4	816	817	819	818
4	820	821	823	822
4	824	825	827	826
4	828	829	831	830
4	832	833	835	834
4	836	837	839	838
4	840	841	843	842
4	844	845	847	846
4	848	849	851	850
4	852	853	855	854
4	856	857	859	858
4	860	861	863	862
4	864	865	867	866
4	868	869	871	870
4	872	873	875	874
4	876	877	879	878
4	880	881	883	882
4	884	885	887	886
4	888	889	891	890
4	892	893	895	894
4	896	897	899	898
4	900	901	903	902
4	904	905	907	906
4	908	909	911	910
4	912	913	915	914
4	916	917	919	918
4	920	921	923	922
4	924	925	927	926
4	928	929	931	930
4	932	933	935	934
4	936	937	939	938
4	940	941	943	942
4	944	945	947	946
4	948	949	951	950
4	952	953	955	954
4	956	957	959	958
4	960	961	963	962
4	964	965	967	966
4	968	969	971	970
4	972	973	975	974
4	976	977	979	978
4	980	981	983	982
4	984	985	987	986
4	988	989	991	990
4	992	993	995	994
4	996	997	999	998
4	1000	1001	1003	1002
4	1004	1005	1007	1006
4	1008	1009	1011	1010
4	1012	1013	1015	1014
4	1016	1017	1019	1018
4	1020	1021	1023	1022
4	1024	1025	1027	1026
4	1028	1029	1031	1030
4	1032	1033	1035	1034
4	1036	1037	1039	1038
4	1040	1041	1043	1042
4	1044	1045	1047	1046
4	1048	1049	1051	1050
4	1052	1053	1055	1054
4	1056	1057	1059	1058
4	1060	1061	1063	1062
4	1064	1065	1067	1066
4	1068	1069	1071	1070
4	1072	1073	1075	1074
4	1076	1077	1079	1078
4	1080	1081	1083	1082
4	1084	1085	1087	1086
4	1088	1089	1091	1090
4	1092	1093	1095	1094
4	1096	1097	1099	1098
4	1100	1101	1103	1102
4	1104	1105	1107	1106
4	1108	1109	1111	1110
4	1112	1113	1115	1114
4	1116	1117	1119	1118
4	1120	1121	1123	1122
4	1124	1125	1127	1126
4	1128	1129	1131	1130
4	1132	1133	1135	1134
4	1136	1137	1139	1138
4	1140	1141	1143	1142
4	1144	1145	1147	1146
4	1148	1149	1151	1150
4	1152	1153	1155	1154

CELL_TYPES 289
 9 9 9 9 9 9 9 9 9 9 9 9 9 9 9 9 9 9 9 9 9 9 9 9 9 9 9 9 9 9 9 9 9 9 9 9 9 9 9 9 9 9 9 9 9 9 9 9 9 9 9 9 9 9 9 9 9 9 9 9 9 9 9 9 9 9 9 9 9 9 9 9 9 9 9 9 9 9 9 9 9 9 9 9 9 9 9 9 9 9 9 9 9 9 9 9 9 9 9 9 9 9 9 9 9 9 9 9 9 9 9 9 9 9 9 9 9 9 9 9 9 9 9 9 9 9 9 9 9 9 9 9 9 9 9 9 9 9 9 9 9 9 9 9 9 9 9 9 9 9 9 9 9 9 9 9 9 9 9 9 9 9 9 9 9 9 9 9 9 9 9 9 9 9 9 9 9 9 9 9 9 9 9 9 9 9 9 9 9 9 9 9 9 9 9 9 9 9 9 9 9 9 9 9 9 9 9 9 9 9 9 9 9 9 9 9 9 9 9 9 9 9 9 9 9 9 9 9 9 9 9 9 9 9 9 9 9 9 9 9 9 9 9 9 9 9 9 9 9 9 9 9 9 9 9 9 9 9 9 9 9 9 9 9 9 9 9 9 9 9 9 9 9 9 9 9 9 9 9 9 9 9 9 9 9 9 9 9 9
POINT_DATA 1156
VECTORS velocity double
0 0 0
0.18375 0 0
0 -0.18375 0
0.180203 -0.180718 0
0 -0.18375 0
0.180203 -0.180718 0
0 -0.361242 0
0.171131 -0.35527 0
0 -0.361242 0
0.171131 -0.35527 0
0 -0.526432 0
0.156154 -0.517811 0
0 -0.526432 0
0.156154 -0.517811 0
0 -0.673696 0
0.135792 -0.662646 0
0 -0.673696 0
0.135792 -0.662646 0
0 -0.798017 0
0.110797 -0.784788 0
0 -0.798017 0
0.110797 -0.784788 0
0 -0.895163 0
0.082024 -0.880097 0
0 -0.895163 0
0.082024 -0.880097 0
0 -0.961826 0
0.0504554 -0.945374 0
0 -0.961826 0
0.0504554 -0.945374 0
0 -0.995734 0
0.0171654 -0.97844 0
0 -0.995734 0
0.0171654 -0.97844 0
0 -0.995734 0
-0.0167127 -0.978202 0
0 -0.995734 0
-0.0167127 -0.978202 0
0 -0.961826 0
-0.0500271 -0.944686 0
0 -0.961826 0
-0.0500271 -0.944686 0
0 -0.895163 0
-0.081647 -0.879041 0
0 -0.895163 0
-0.081647 -0.879041 0
0 -0.798017 0
-0.110501 -0.7835 0
0 -0.798017 0
-0.110501 -0.7835 0
0 -0.673696 0
-0.135609 -0.661307 0
0 -0.673696 0
-0.135609 -0.661307 0
0 -0.526432 0
-0.156114 -0.516619 0
0 -0.526432 0
-0.156114 -0.516619 0
0 -0.361242 0
-0.171296 -0.35439 0
0 -0.361242 0
-0.171296 -0.35439 0
0 -0.18375 0
-0.180629 -0.180213 0
0 -0.18375 0
-0.180629 -0.180213 0
0 -1.22465e-16 0
-0.18375 -1.20379e-16 0
0.18375 0 0
0.361242 0 0
0.180203 -0.180718 0
0.354413 -0.171468 0
0.180203 -0.180718 0
0.354413 -0.171468 0
0.171131 -0.35527 0
0.33659 -0.337104 0
0.171131 -0.35527 0
0.33659 -0.337104 0
0.156154 -0.517811 0
0.30702 -0.49118 0
0.156154 -0.517811 0
0.30702 -0.49118 0
0.135792 -0.662646 0
0.266911 -0.628423 0
0.135792 -0.662646 0
0.266911 -0.628423 0
0.110797 -0.784788 0
0.21773 -0.744222 0
0.110797 -0.784788 0
0.21773 -0.744222 0
0.082024 -0.880097 0
0.161152 -0.834661 0
0.082024 -0.880097 0
0.161152 -0.834661 0
0.0504554 -0.945374 0
0.0990982 -0.896665 0
0.0504554 -0.945374 0
0.0990982 -0.896665 0
0.0171654 -0.97844 0
0.0336721 -0.928121 0
0.0171654 -0.97844 0
0.0336721 -0.928121 0
-0.0167127 -0.978202 0
-0.0329059 -0.927968 0
-0.0167127 -0.978202 0
-0.0329059 -0.927968 0
-0.0500271 -0.944686 0
-0.0983755 -0.896225 0
-0.0500271 -0.944686 0
-0.0983755 -0.896225 0
-0.081647 -0.879041 0
-0.160515 -0.833987 0
-0.081647 -0.879041 0
-0.160515 -0.833987 0
-0.110501 -0.7835 0
-0.21722 -0.743387 0
-0.110501 -0.7835 0
-0.21722 -0.743387 0
-0.135609 -0.661307 0
-0.266567 -0.627517 0
-0.135609 -0.661307 0
-0.266567 -0.627517 0
-0.156114 -0.516619 0
-0.30688 -0.490312 0
-0.156114 -0.516619 0
-0.30688 -0.490312 0
-0.171296 -0.35439 0
-0.336752 -0.336411 0
-0.171296 -0.35439 0
-0.336752 -0.336411 0
-0.180629 -0.180213 0
-0.355077 -0.17106 0
-0.180629 -0.180213 0
-0.355077 -0.17106 0
-0.18375 -1.20379e-16 0
-0.361242 -1.14195e-16 0
0.361242 0 0
0.526432 0 0
0.354413 -0.171468 0
0.516715 -0.156318 0
0.354413 -0.171468 0
0.516715 -0.156318 0
0.33659 -0.337104 0
0.490566 -0.307263 0
0.33659 -0.337104 0
0.490566 -0.307263 0
0.30702 -0.49118 0
0.447348 -0.447637 0
0.30702 -0.49118 0
0.447348 -0.447637 0
0.266911 -0.628423 0
0.388906 -0.57274 0
0.266911 -0.628423 0
0.388906 -0.57274 0
0.21773 -0.744222 0
0.317254 -0.678341 0
0.21773 -0.744222 0
0.317254 -0.678341 0
0.161152 -0.834661 0
0.234814 -0.760829 0
0.161152 -0.834661 0
0.234814 -0.760829 0
0.0990982 -0.896665 0
0.144384 -0.817393 0
0.0990982 -0.896665 0
0.144384 -0.817393 0
0.0336721 -0.928121 0
0.0490365 -0.84611 0
0.0336721 -0.928121 0
0.0490365 -0.84611 0
-0.0329059 -0.927968 0
-0.0479885 -0.846008 0
-0.0329059 -0.927968 0
-0.0479885 -0.846008 0
-0.0983755 -0.896225 0
-0.143393 -0.8171 0
-0.0983755 -0.896225 0
-0.143393 -0.8171 0
-0.160515 -0.833987 0
-0.233936 -0.760381 0
-0.160515 -0.833987 0
-0.233936 -0.760381 0
-0.21722 -0.743387 0
-0.31655 -0.677792 0
-0.21722 -0.743387 0
-0.31655 -0.677792 0
-0.266567 -0.627517 0
-0.388436 -0.572153 0
-0.266567 -0.627517 0
-0.388436 -0.572153 0
-0.30688 -0.490312 0
-0.447158 -0.447068 0
-0.30688 -0.490312 0
-0.447158 -0.447068 0
-0.336752 -0.336411 0
-0.490709 -0.306788 0
-0.336752 -0.336411 0
-0.490709 -0.306788 0
-0.355077 -0.17106 0
-0.517499 -0.156035 0
-0.355077 -0.17106 0
-0.517499 -0.156035 0
-0.361242 -1.14195e-16 0
-0.526432 -1.04122e-16 0
0.526432 0 0
0.673696 0 0
0.516715 -0.156318 0
0.661473 -0.135809 0
0.516715 -0.156318 0
0.661473 -0.135809 0
0.490566 -0.307263 0
0.627799 -0.266928 0
0.490566 -0.307263 0
0.627799 -0.266928 0
0.447348 -0.447637 0
0.572464 -0.388897 0
0.447348 -0.447637 0
0.572464 -0.388897 0
0.388906 -0.57274 0
0.497695 -0.497633 0
0.388906 -0.57274 0
0.497695 -0.497633 0
0.317254 -0.678341 0
0.405998 -0.589429 0
0.317254 -0.678341 0
0.405998 -0.589429 0
0.234814 -0.760829 0
0.300492 -0.661158 0
0.234814 -0.760829 0
0.300492 -0.661158 0
0.144384 -0.817393 0
0.184758 -0.710371 0
0.144384 -0.817393 0
0.184758 -0.710371 0
0.0490365 -0.84611 0
0.0627254 -0.735381 0
0.0490365 -0.84611 0
0.0627254 -0.735381 0
-0.0479885 -0.846008 0
-0.0614541 -0.735329 0
-0.0479885 -0.846008 0
-0.0614541 -0.735329 0
-0.143393 -0.8171 0
-0.183554 -0.710222 0
-0.143393 -0.8171 0
-0.183554 -0.710222 0
-0.233936 -0.760381 0
-0.299422 -0.66093 0
-0.233936 -0.760381 0
-0.299422 -0.66093 0
-0.31655 -0.677792 0
-0.405129 -0.589147 0
-0.31655 -0.677792 0
-0.405129 -0.589147 0
-0.388436 -0.572153 0
-0.497098 -0.497331 0
-0.388436 -0.572153 0
-0.497098 -0.497331 0
-0.447158 -0.447068 0
-0.572213 -0.388604 0
-0.447158 -0.447068 0
-0.572213 -0.388604 0
-0.490709 -0.306788 0
-0.627913 -0.26667 0
-0.490709 -0.306788 0
-0.627913 -0.26667 0
-0.517499 -0.156035 0
-0.662255 -0.135654 0
-0.517499 -0.156035 0
-0.662255 -0.135654 0
-0.526432 -1.04122e-16 0
-0.673696 -9.05025e-17 0
0.673696 0 0
0.798017 0 0
0.661473 -0.135809 0
0.78371 -0.11068 0
0.661473 -0.135809 0
0.78371 -0.11068 0
0.627799 -0.266928 0
0.743677 -0.217544 0
0.627799 -0.266928 0
0.743677 -0.217544 0
0.572464 -0.388897 0
0.67814 -0.316982 0
0.572464 -0.388897 0
0.67814 -0.316982 0
0.497695 -0.497633 0
0.589568 -0.405646 0
0.497695 -0.497633 0
0.589568 -0.405646 0
0.405998 -0.589429 0
0.480943 -0.480518 0
0.405998 -0.589429 0
0.480943 -0.480518 0
0.300492 -0.661158 0
0.355962 -0.539049 0
0.300492 -0.661158 0
0.355962 -0.539049 0
0.184758 -0.710371 0
0.21885 -0.579225 0
0.184758 -0.710371 0
0.21885 -0.579225 0
0.0627254 -0.735381 0
0.0742711 -0.599663 0
0.0627254 -0.735381 0
0.0742711 -0.599663 0
-0.0614541 -0.735329 0
-0.0728512 -0.599656 0
-0.0614541 -0.735329 0
-0.0728512 -0.599656 0
-0.183554 -0.710222 0
-0.217502 -0.579205 0
-0.183554 -0.710222 0
-0.217502 -0.579205 0
-0.299422 -0.66093 0
-0.354756 -0.539016 0
-0.299422 -0.66093 0
-0.354756 -0.539016 0
-0.405129 -0.589147 0
-0.479952 -0.480472 0
-0.405129 -0.589147 0
-0.479952 -0.480472 0
-0.497098 -0.497331 0
-0.588855 -0.405589 0
-0.497098 -0.497331 0
-0.588855 -0.405589 0
-0.572213 -0.388604 0
-0.677792 -0.316923 0
-0.572213 -0.388604 0
-0.677792 -0.316923 0
-0.627913 -0.26667 0
-0.743724 -0.217481 0
-0.627913 -0.26667 0
-0.743724 -0.217481 0
-0.662255 -0.135654 0
-0.784381 -0.11065 0
-0.662255 -0.135654 0
-0.784381 -0.11065 0
-0.673696 -9.05025e-17 0
-0.798017 -7.38015e-17 0
0.798017 0 0
0.895163 0 0
0.78371 -0.11068 0
0.879267 -0.081804 0
0.78371 -0.11068 0
0.879267 -0.081804 0
0.743677 -0.217544 0
0.834279 -0.160801 0
0.743677 -0.217544 0
0.834279 -0.160801 0
0.67814 -0.316982 0
0.760764 -0.234329 0
0.67814 -0.316982 0
0.760764 -0.234329 0
0.589568 -0.405646 0
0.661393 -0.299904 0
0.589568 -0.405646 0
0.661393 -0.299904 0
0.480943 -0.480518 0
0.539538 -0.355298 0
0.480943 -0.480518 0
0.539538 -0.355298 0
0.355962 -0.539049 0
0.399322 -0.398619 0
0.355962 -0.539049 0
0.399322 -0.398619 0
0.21885 -0.579225 0
0.245489 -0.428373 0
0.21885 -0.579225 0
0.245489 -0.428373 0
0.0742711 -0.599663 0
0.0832747 -0.443529 0
0.0742711 -0.599663 0
0.0832747 -0.443529 0
-0.0728512 -0.599656 0
-0.0817904 -0.443559 0
-0.0728512 -0.599656 0
-0.0817904 -0.443559 0
-0.217502 -0.579205 0
-0.244073 -0.428458 0
-0.217502 -0.579205 0
-0.244073 -0.428458 0
-0.354756 -0.539016 0
-0.398043 -0.398747 0
-0.354756 -0.539016 0
-0.398043 -0.398747 0
-0.479952 -0.480472 0
-0.538465 -0.355448 0
-0.479952 -0.480472 0
-0.538465 -0.355448 0
-0.588855 -0.405589 0
-0.660585 -0.300051 0
-0.588855 -0.405589 0
-0.660585 -0.300051 0
-0.677792 -0.316923 0
-0.760291 -0.234458 0
-0.677792 -0.316923 0
-0.760291 -0.234458 0
-0.743724 -0.217481 0
-0.834204 -0.160894 0
-0.743724 -0.217481 0
-0.834204 -0.160894 0
-0.784381 -0.11065 0
-0.87973 -0.0818726 0
-0.784381 -0.11065 0
-0.87973 -0.0818726 0
-0.798017 -7.38015e-17 0
-0.895163 -5.45872e-17 0
0.895163 0 0
0.961826 0 0
0.879267 -0.081804 0
0.944904 -0.0501616 0
0.879267 -0.081804 0
0.944904 -0.0501616 0
0.834279 -0.160801 0
0.896517 -0.0986217 0
0.834279 -0.160801 0
0.896517 -0.0986217 0
0.760764 -0.234329 0
0.817509 -0.14374 0
0.760764 -0.234329 0
0.817509 -0.14374 0
0.661393 -0.299904 0
0.710716 -0.18399 0
0.661393 -0.299904 0
0.710716 -0.18399 0
0.539538 -0.355298 0
0.57977 -0.218008 0
0.539538 -0.355298 0
0.57977 -0.218008 0
0.399322 -0.398619 0
0.429079 -0.244628 0
0.399322 -0.398619 0
0.429079 -0.244628 0
0.245489 -0.428373 0
0.263757 -0.26293 0
0.245489 -0.428373 0
0.263757 -0.26293 0
0.0832747 -0.443529 0
0.0894264 -0.272277 0
0.0832747 -0.443529 0
0.0894264 -0.272277 0
-0.0817904 -0.443559 0
-0.0879634 -0.272336 0
-0.0817904 -0.443559 0
-0.0879634 -0.272336 0
-0.244073 -0.428458 0
-0.262353 -0.263097 0
-0.244073 -0.428458 0
-0.262353 -0.263097 0
-0.398043 -0.398747 0
-0.427791 -0.244877 0
-0.398043 -0.398747 0
-0.427791 -0.244877 0
-0.538465 -0.355448 0
-0.578654 -0.218304 0
-0.538465 -0.355448 0
-0.578654 -0.218304 0
-0.660585 -0.300051 0
-0.709832 -0.184293 0
-0.660585 -0.300051 0
-0.709832 -0.184293 0
-0.760291 -0.234458 0
-0.8169 -0.144012 0
-0.760291 -0.234458 0
-0.8169 -0.144012 0
-0.834204 -0.160894 0
-0.896268 -0.0988337 0
-0.834204 -0.160894 0
-0.896268 -0.0988337 0
-0.87973 -0.0818726 0
-0.945081 -0.0503036 0
-0.87973 -0.0818726 0
-0.945081 -0.0503036 0
-0.895163 -5.45872e-17 0
-0.961826 -3.3514e-17 0
0.961826 0 0
0.995734 0 0
0.944904 -0.0501616 0
0.978394 -0.0168257 0
0.944904 -0.0501616 0
0.978394 -0.0168257 0
0.896517 -0.0986217 0
0.928257 -0.0331119 0
0.896517 -0.0986217 0
0.928257 -0.0331119 0
0.817509 -0.14374 0
0.84643 -0.0482865 0
0.817509 -0.14374 0
0.84643 -0.0482865 0
0.710716 -0.18399 0
0.735843 -0.0618384 0
0.710716 -0.18399 0
0.735843 -0.0618384 0
0.57977 -0.218008 0
0.600248 -0.0733113 0
0.57977 -0.218008 0
0.600248 -0.0733113 0
0.429079 -0.244628 0
0.444209 -0.0823112 0
0.429079 -0.244628 0
0.444209 -0.0823112 0
0.263757 -0.26293 0
0.273024 -0.0885247 0
0.263757 -0.26293 0
0.273024 -0.0885247 0
0.0894264 -0.272277 0
0.0925157 -0.0917297 0
0.0894264 -0.272277 0
0.0925157 -0.0917297 0
-0.0879634 -0.272336 0
-0.0911524 -0.0918057 0
-0.0879634 -0.272336 0
-0.0911524 -0.0918057 0
-0.262353 -0.263097 0
-0.271702 -0.0887426 0
-0.262353 -0.263097 0
-0.271702 -0.0887426 0
-0.427791 -0.244877 0
-0.442971 -0.0826399 0
-0.427791 -0.244877 0
-0.442971 -0.0826399 0
-0.578654 -0.218304 0
-0.599132 -0.0737046 0
-0.578654 -0.218304 0
-0.599132 -0.0737046 0
-0.709832 -0.184293 0
-0.7349 -0.0622446 0
-0.709832 -0.184293 0
-0.7349 -0.0622446 0
-0.8169 -0.144012 0
-0.845687 -0.0486554 0
-0.8169 -0.144012 0
-0.845687 -0.0486554 0
-0.896268 -0.0988337 0
-0.927802 -0.0334044 0
-0.896268 -0.0988337 0
-0.927802 -0.0334044 0
-0.945081 -0.0503036 0
-0.978236 -0.0170166 0
-0.945081 -0.0503036 0
-0.978236 -0.0170166 0
-0.961826 -3.3514e-17 0
-0.995734 -1.12996e-17 0
0.995734 0 0
0.995734 0 0
0.978394 -0.0168257 0
0.97859 0.0170727 0
0.978394 -0.0168257 0
0.97859 0.0170727 0
0.928257 -0.0331119 0
0.928401 0.0335062 0
0.928257 -0.0331119 0
0.928401 0.0335062 0
0.84643 -0.0482865 0
0.846531 0.0487887 0
0.84643 -0.0482865 0
0.846531 0.0487887 0
0.735843 -0.0618384 0
0.735901 0.062396 0
0.735843 -0.0618384 0
0.735901 0.062396 0
0.600248 -0.0733113 0
0.600263 0.0738626 0
0.600248 -0.0733113 0
0.600263 0.0738626 0
0.444209 -0.0823112 0
0.444187 0.0827964 0
0.444209 -0.0823112 0
0.444187 0.0827964 0
0.273024 -0.0885247 0
0.272972 0.0888932 0
0.273024 -0.0885247 0
0.272972 0.0888932 0
0.0925157 -0.0917297 0
0.0924413 0.0919486 0
0.0925157 -0.0917297 0
0.0924413 0.0919486 0
-0.0911524 -0.0918057 0
-0.0912385 0.0918641 0
-0.0911524 -0.0918057 0
-0.0912385 0.0918641 0
-0.271702 -0.0887426 0
-0.271789 0.0886525 0
-0.271702 -0.0887426 0
-0.271789 0.0886525 0
-0.442971 -0.0826399 0
-0.443048 0.082433 0
-0.442971 -0.0826399 0
-0.443048 0.082433 0
-0.599132 -0.0737046 0
-0.599188 0.0734251 0
-0.599132 -0.0737046 0
-0.599188 0.0734251 0
-0.7349 -0.0622446 0
-0.734923 0.0619399 0
-0.7349 -0.0622446 0
-0.734923 0.0619399 0
-0.845687 -0.0486554 0
-0.845669 0.0483705 0
-0.845687 -0.0486554 0
-0.845669 0.0483705 0
-0.927802 -0.0334044 0
-0.927734 0.0331713 0
-0.927802 -0.0334044 0
-0.927734 0.0331713 0
-0.978236 -0.0170166 0
-0.978088 0.0168553 0
-0.978236 -0.0170166 0
-0.978088 0.0168553 0
-0.995734 -1.12996e-17 0
-0.995734 1.12996e-17 0
0.995734 0 0
0.961826 0 0
0.97859 0.0170727 0
0.945471 0.0503823 0
0.97859 0.0170727 0
0.945471 0.0503823 0
0.928401 0.0335062 0
0.896929 0.0989718 0
0.928401 0.0335062 0
0.896929 0.0989718 0
0.846531 0.0487887 0
0.817797 0.144186 0
0.846531 0.0487887 0
0.817797 0.144186 0
0.735901 0.062396 0
0.710881 0.184486 0
0.735901 0.062396 0
0.710881 0.184486 0
0.600263 0.0738626 0
0.579814 0.218498 0
0.600263 0.0738626 0
0.579814 0.218498 0
0.444187 0.0827964 0
0.429017 0.245061 0
0.444187 0.0827964 0
0.429017 0.245061 0
0.272972 0.0888932 0
0.263607 0.263262 0
0.272972 0.0888932 0
0.263607 0.263262 0
0.0924413 0.0919486 0
0.0892138 0.272478 0
0.0924413 0.0919486 0
0.0892138 0.272478 0
-0.0912385 0.0918641 0
-0.0882094 0.272397 0
-0.0912385 0.0918641 0
-0.0882094 0.272397 0
-0.271789 0.0886525 0
-0.262602 0.263029 0
-0.271789 0.0886525 0
-0.262602 0.263029 0
-0.443048 0.082433 0
-0.428011 0.244706 0
-0.443048 0.082433 0
-0.428011 0.244706 0
-0.599188 0.0734251 0
-0.578814 0.218068 0
-0.599188 0.0734251 0
-0.578814 0.218068 0
-0.734923 0.0619399 0
-0.7099 0.184033 0
-0.734923 0.0619399 0
-0.7099 0.184033 0
-0.845669 0.0483705 0
-0.816848 0.143766 0
-0.845669 0.0483705 0
-0.816848 0.143766 0
-0.927734 0.0331713 0
-0.896075 0.098632 0
-0.927734 0.0331713 0
-0.896075 0.098632 0
-0.978088 0.0168553 0
-0.944654 0.0501603 0
-0.978088 0.0168553 0
-0.944654 0.0501603 0
-0.995734 1.12996e-17 0
-0.961826 3.3514e-17 0
0.961826 0 0
0.895163 0 0
0.945471 0.0503823 0
0.880136 0.0819705 0
0.945471 0.0503823 0
0.880136 0.0819705 0
0.896929 0.0989718 0
0.834902 0.161064 0
0.896929 0.0989718 0
0.834902 0.161064 0
0.817797 0.144186 0
0.761201 0.234666 0
0.817797 0.144186 0
0.761201 0.234666 0
0.710881 0.184486 0
0.661638 0.300278 0
0.710881 0.184486 0
0.661638 0.300278 0
0.579814 0.218498 0
0.539602 0.355669 0
0.579814 0.218498 0
0.539602 0.355669 0
0.429017 0.245061 0
0.399224 0.39895 0
0.429017 0.245061 0
0.399224 0.39895 0
0.263607 0.263262 0
0.245261 0.428633 0
0.263607 0.263262 0
0.245261 0.428633 0
0.0892138 0.272478 0
0.0829539 0.443697 0
0.0892138 0.272478 0
0.0829539 0.443697 0
-0.0882094 0.272397 0
-0.0821616 0.443629 0
-0.0882094 0.272397 0
-0.0821616 0.443629 0
-0.262602 0.263029 0
-0.244449 0.428435 0
-0.262602 0.263029 0
-0.244449 0.428435 0
-0.428011 0.244706 0
-0.398375 0.398647 0
-0.428011 0.244706 0
-0.398375 0.398647 0
-0.578814 0.218068 0
-0.538707 0.355298 0
-0.578814 0.218068 0
-0.538707 0.355298 0
-0.7099 0.184033 0
-0.66069 0.299879 0
-0.7099 0.184033 0
-0.66069 0.299879 0
-0.816848 0.143766 0
-0.760213 0.234289 0
-0.816848 0.143766 0
-0.760213 0.234289 0
-0.896075 0.098632 0
-0.833913 0.160755 0
-0.896075 0.098632 0
-0.833913 0.160755 0
-0.944654 0.0501603 0
-0.879079 0.0817665 0
-0.944654 0.0501603 0
-0.879079 0.0817665 0
-0.961826 3.3514e-17 0
-0.895163 5.45872e-17 0
0.895163 0 0
0.798017 0 0
0.880136 0.0819705 0
0.784773 0.110764 0
0.880136 0.0819705 0
0.784773 0.110764 0
0.834902 0.161064 0
0.744425 0.217678 0
0.834902 0.161064 0
0.744425 0.217678 0
0.761201 0.234666 0
0.678666 0.317156 0
0.761201 0.234666 0
0.678666 0.317156 0
0.661638 0.300278 0
0.589856 0.405841 0
0.661638 0.300278 0
0.589856 0.405841 0
0.539602 0.355669 0
0.481015 0.480716 0
0.539602 0.355669 0
0.481015 0.480716 0
0.399224 0.39895 0
0.35584 0.53923 0
0.399224 0.39895 0
0.35584 0.53923 0
0.245261 0.428633 0
0.218574 0.579378 0
0.245261 0.428633 0
0.218574 0.579378 0
0.0829539 0.443697 0
0.0738853 0.59978 0
0.0829539 0.443697 0
0.0738853 0.59978 0
-0.0821616 0.443629 0
-0.0732962 0.599733 0
-0.0821616 0.443629 0
-0.0732962 0.599733 0
-0.244449 0.428435 0
-0.217952 0.579243 0
-0.244449 0.428435 0
-0.217952 0.579243 0
-0.398375 0.398647 0
-0.355156 0.539019 0
-0.398375 0.398647 0
-0.355156 0.539019 0
-0.538707 0.355298 0
-0.480244 0.480448 0
-0.538707 0.355298 0
-0.480244 0.480448 0
-0.66069 0.299879 0
-0.588983 0.405545 0
-0.66069 0.299879 0
-0.588983 0.405545 0
-0.760213 0.234289 0
-0.677699 0.316869 0
-0.760213 0.234289 0
-0.677699 0.316869 0
-0.833913 0.160755 0
-0.743374 0.21743 0
-0.833913 0.160755 0
-0.743374 0.21743 0
-0.879079 0.0817665 0
-0.783594 0.110601 0
-0.879079 0.0817665 0
-0.783594 0.110601 0
-0.895163 5.45872e-17 0
-0.798017 7.38015e-17 0
0.798017 0 0
0.673696 0 0
0.784773 0.110764 0
0.662598 0.13578 0
0.784773 0.110764 0
0.662598 0.13578 0
0.744425 0.217678 0
0.62857 0.266892 0
0.744425 0.217678 0
0.62857 0.266892 0
0.678666 0.317156 0
0.573008 0.388859 0
0.678666 0.317156 0
0.573008 0.388859 0
0.589856 0.405841 0
0.497986 0.497596 0
0.589856 0.405841 0
0.497986 0.497596 0
0.481015 0.480716 0
0.406062 0.589404 0
0.481015 0.480716 0
0.406062 0.589404 0
0.35584 0.53923 0
0.30036 0.661153 0
0.35584 0.53923 0
0.30036 0.661153 0
0.218574 0.579378 0
0.184468 0.710394 0
0.218574 0.579378 0
0.184468 0.710394 0
0.0738853 0.59978 0
0.0623242 0.735437 0
0.0738853 0.59978 0
0.0623242 0.735437 0
-0.0732962 0.599733 0
-0.0619153 0.73542 0
-0.0732962 0.599733 0
-0.0619153 0.73542 0
-0.217952 0.579243 0
-0.18402 0.710342 0
-0.217952 0.579243 0
-0.18402 0.710342 0
-0.355156 0.539019 0
-0.299836 0.661065 0
-0.355156 0.539019 0
-0.299836 0.661065 0
-0.480244 0.480448 0
-0.405432 0.589281 0
-0.480244 0.480448 0
-0.405432 0.589281 0
-0.588983 0.405545 0
-0.497231 0.497451 0
-0.588983 0.405545 0
-0.497231 0.497451 0
-0.677699 0.316869 0
-0.572122 0.388704 0
-0.677699 0.316869 0
-0.572122 0.388704 0
-0.743374 0.21743 0
-0.627539 0.266734 0
-0.743374 0.21743 0
-0.627539 0.266734 0
-0.783594 0.110601 0
-0.661447 0.135681 0
-0.783594 0.110601 0
-0.661447 0.135681 0
-0.798017 7.38015e-17 0
-0.673696 9.05025e-17 0
0.673696 0 0
0.526432 0 0
0.662598 0.13578 0
0.51776 0.156164 0
0.662598 0.13578 0
0.51776 0.156164 0
0.62857 0.266892 0
0.491256 0.307026 0
0.62857 0.266892 0
0.491256 0.307026 0
0.573008 0.388859 0
0.447829 0.447353 0
0.573008 0.388859 0
0.447829 0.447353 0
0.497986 0.497596 0
0.389164 0.572434 0
0.497986 0.497596 0
0.389164 0.572434 0
0.406062 0.589404 0
0.317301 0.678047 0
0.406062 0.589404 0
0.317301 0.678047 0
0.30036 0.661153 0
0.234682 0.760595 0
0.30036 0.661153 0
0.234682 0.760595 0
0.184468 0.710394 0
0.144113 0.817257 0
0.184468 0.710394 0
0.144113 0.817257 0
0.0623242 0.735437 0
0.0486685 0.846091 0
0.0623242 0.735437 0
0.0486685 0.846091 0
-0.0619153 0.73542 0
-0.0484076 0.846108 0
-0.0619153 0.73542 0
-0.0484076 0.846108 0
-0.18402 0.710342 0
-0.143815 0.817305 0
-0.18402 0.710342 0
-0.143815 0.817305 0
-0.299836 0.661065 0
-0.234311 0.760663 0
-0.299836 0.661065 0
-0.234311 0.760663 0
-0.405432 0.589281 0
-0.316824 0.678117 0
-0.405432 0.589281 0
-0.316824 0.678117 0
-0.497231 0.497451 0
-0.388558 0.57248 0
-0.497231 0.497451 0
-0.388558 0.57248 0
-0.572122 0.388704 0
-0.447073 0.447351 0
-0.572122 0.388704 0
-0.447073 0.447351 0
-0.627539 0.266734 0
-0.490344 0.30698 0
-0.627539 0.266734 0
-0.490344 0.30698 0
-0.661447 0.135681 0
-0.516796 0.15615 0
-0.661447 0.135681 0
-0.516796 0.15615 0
-0.673696 9.05025e-17 0
-0.526432 1.04122e-16 0
0.526432 0 0
0.361242 0 0
0.51776 0.156164 0
0.355246 0.171179 0
0.51776 0.156164 0
0.355246 0.171179 0
0.491256 0.307026 0
0.337124 0.336627 0
0.491256 0.307026 0
0.337124 0.336627 0
0.447829 0.447353 0
0.307364 0.490599 0
0.447829 0.447353 0
0.307364 0.490599 0
0.389164 0.572434 0
0.267094 0.627822 0
0.389164 0.572434 0
0.267094 0.627822 0
0.317301 0.678047 0
0.217755 0.743664 0
0.317301 0.678047 0
0.217755 0.743664 0
0.234682 0.760595 0
0.16104 0.834206 0
0.234682 0.760595 0
0.16104 0.834206 0
0.144113 0.817257 0
0.0988781 0.896367 0
0.144113 0.817257 0
0.0988781 0.896367 0
0.0486685 0.846091 0
0.0333773 0.928022 0
0.0486685 0.846091 0
0.0333773 0.928022 0
-0.0484076 0.846108 0
-0.0332385 0.928082 0
-0.0484076 0.846108 0
-0.0332385 0.928082 0
-0.143815 0.817305 0
-0.0987074 0.896533 0
-0.143815 0.817305 0
-0.0987074 0.896533 0
-0.234311 0.760663 0
-0.160807 0.834444 0
-0.234311 0.760663 0
-0.160807 0.834444 0
-0.316824 0.678117 0
-0.217429 0.743927 0
-0.316824 0.678117 0
-0.217429 0.743927 0
-0.388558 0.57248 0
-0.266651 0.62806 0
-0.388558 0.57248 0
-0.266651 0.62806 0
-0.447073 0.447351 0
-0.306794 0.490785 0
-0.447073 0.447351 0
-0.306794 0.490785 0
-0.490344 0.30698 0
-0.336448 0.336772 0
-0.490344 0.30698 0
-0.336448 0.336772 0
-0.516796 0.15615 0
-0.354582 0.171299 0
-0.516796 0.15615 0
-0.354582 0.171299 0
-0.526432 1.04122e-16 0
-0.361242 1.14195e-16 0
0.361242 0 0
0.18375 0 0
0.355246 0.171179 0
0.1807 0.18034 0
0.355246 0.171179 0
0.1807 0.18034 0
0.337124 0.336627 0
0.171472 0.354605 0
0.337124 0.336627 0
0.171472 0.354605 0
0.307364 0.490599 0
0.156355 0.516892 0
0.307364 0.490599 0
0.156355 0.516892 0
0.267094 0.627822 0
0.135881 0.661614 0
0.267094 0.627822 0
0.135881 0.661614 0
0.217755 0.743664 0
0.11078 0.783805 0
0.217755 0.743664 0
0.11078 0.783805 0
0.16104 0.834206 0
0.0819235 0.879305 0
0.16104 0.834206 0
0.0819235 0.879305 0
0.0988781 0.896367 0
0.0502948 0.944872 0
0.0988781 0.896367 0
0.0502948 0.944872 0
0.0333773 0.928022 0
0.0169684 0.978279 0
0.0333773 0.928022 0
0.0169684 0.978279 0
-0.0332385 0.928082 0
-0.0169238 0.978386 0
-0.0332385 0.928082 0
-0.0169238 0.978386 0
-0.0987074 0.896533 0
-0.0502304 0.945178 0
-0.0987074 0.896533 0
-0.0502304 0.945178 0
-0.160807 0.834444 0
-0.0818191 0.879769 0
-0.160807 0.834444 0
-0.0818191 0.879769 0
-0.217429 0.743927 0
-0.110617 0.784367 0
-0.217429 0.743927 0
-0.110617 0.784367 0
-0.266651 0.62806 0
-0.135642 0.662206 0
-0.266651 0.62806 0
-0.135642 0.662206 0
-0.306794 0.490785 0
-0.156044 0.517448 0
-0.306794 0.490785 0
-0.156044 0.517448 0
-0.336448 0.336772 0
-0.171108 0.355053 0
-0.336448 0.336772 0
-0.171108 0.355053 0
-0.354582 0.171299 0
-0.18035 0.180611 0
-0.354582 0.171299 0
-0.18035 0.180611 0
-0.361242 1.14195e-16 0
-0.18375 1.20379e-16 0
0.18375 0 0
1.22465e-16 0 0
0.1807 0.18034 0
1.20379e-16 0.18375 0
0.1807 0.18034 0
1.20379e-16 0.18375 0
0.171472 0.354605 0
1.14195e-16 0.361242 0
0.171472 0.354605 0
1.14195e-16 0.361242 0
0.156355 0.516892 0
1.04122e-16 0.526432 0
0.156355 0.516892 0
1.04122e-16 0.526432 0
0.135881 0.661614 0
9.05025e-17 0.673696 0
0.135881 0.661614 0
9.05025e-17 0.673696 0
0.11078 0.783805 0
7.38015e-17 0.798017 0
0.11078 0.783805 0
7.38015e-17 0.798017 0
0.0819235 0.879305 0
5.45872e-17 0.895163 0
0.0819235 0.879305 0
5.45872e-17 0.895163 0
0.0502948 0.944872 0
3.3514e-17 0.961826 0
0.0502948 0.944872 0
3.3514e-17 0.961826 0
0.0169684 0.978279 0
1.12996e-17 0.995734 0
0.0169684 0.978279 0
1.12996e-17 0.995734 0
-0.0169238 0.978386 0
-1.12996e-17 0.995734 0
-0.0169238 0.978386 0
-1.12996e-17 0.995734 0
-0.0502304 0.945178 0
-3.3514e-17 0.961826 0
-0.0502304 0.945178 0
-3.3514e-17 0.961826 0
-0.0818191 0.879769 0
-5.45872e-17 0.895163 0
-0.0818191 0.879769 0
-5.45872e-17 0.895163 0
-0.110617 0.784367 0
-7.38015e-17 0.798017 0
-0.110617 0.784367 0
-7.38015e-17 0.798017 0
-0.135642 0.662206 0
-9.05025e-17 0.673696 0
-0.135642 0.662206 0
-9.05025e-17 0.673696 0
-0.156044 0.517448 0
-1.04122e-16 0.526432 0
-0.156044 0.517448 0
-1.04122e-16 0.526432 0
-0.171108 0.355053 0
-1.14195e-16 0.361242 0
-0.171108 0.355053 0
-1.14195e-16 0.361242 0
-0.18035 0.180611 0
-1.20379e-16 0.18375 0
-0.18035 0.180611 0
-1.20379e-16 0.18375 0
-0.18375 1.20379e-16 0
-1.22465e-16 1.22465e-16 0
VECTORS velocity_error double
0 0 0
0 0 0
0 0 0
0.000418139 9.67143e-05 0
0 0 0
0.000418139 9.67143e-05 0
0 0 0
0.000210678 0.00017905 0
0 0 0
0.000210678 0.00017905 0
0 0 0
7.25397e-05 0.000342167 0
0 0 0
7.25397e-05 0.000342167 0
0 0 0
4.46394e-07 0.000421711 0
0 0 0
4.46394e-07 0.000421711 0
0 0 0
-6.32556e-05 0.000358145 0
0 0 0
-6.32556e-05 0.000358145 0
0 0 0
-0.000119775 0.000175277 0
0 0 0
-0.000119775 0.000175277 0
0 0 0
-0.00016996 -7.47155e-05 0
0 0 0
-0.00016996 -7.47155e-05 0
0 0 0
-0.000211182 -0.000339419 0
0 0 0
-0.000211182 -0.000339419 0
0 0 0
-0.000241604 -0.000577719 0
0 0 0
-0.000241604 -0.000577719 0
0 0 0
-0.000258315 -0.000762449 0
0 0 0
-0.000258315 -0.000762449 0
0 0 0
-0.000257197 -0.000880209 0
0 0 0
-0.000257197 -0.000880209 0
0 0 0
-0.000233223 -0.000929798 0
0 0 0
-0.000233223 -0.000929798 0
0 0 0
-0.000183288 -0.000918197 0
0 0 0
-0.000183288 -0.000918197 0
0 0 0
-0.000113201 -0.000849804 0
0 0 0
-0.000113201 -0.000849804 0
0 0 0
-4.50813e-05 -0.000700466 0
0 0 0
-4.50813e-05 -0.000700466 0
0 0 0
7.67054e-06 -0.000408193 0
0 0 0
7.67054e-06 -0.000408193 0
0 0 0
0 0 0
0 0 0
0 0 0
0.000418139 9.67143e-05 0
0.000678253 0.000127052 0
0.000418139 9.67143e-05 0
0.000678253 0.000127052 0
0.000210678 0.00017905 0
0.000257309 0.000256005 0
0.000210678 0.00017905 0
0.000257309 0.000256005 0
7.25397e-05 0.000342167 0
0.000113494 0.000296991 0
7.25397e-05 0.000342167 0
0.000113494 0.000296991 0
4.46394e-07 0.000421711 0
4.99922e-05 0.000220429 0
4.46394e-07 0.000421711 0
4.99922e-05 0.000220429 0
-6.32556e-05 0.000358145 0
-3.36781e-05 9.2759e-05 0
-6.32556e-05 0.000358145 0
-3.36781e-05 9.2759e-05 0
-0.000119775 0.000175277 0
-0.000132653 -5.36549e-05 0
-0.000119775 0.000175277 0
-0.000132653 -5.36549e-05 0
-0.00016996 -7.47155e-05 0
-0.000239683 -0.000211076 0
-0.00016996 -7.47155e-05 0
-0.000239683 -0.000211076 0
-0.000211182 -0.000339419 0
-0.000340949 -0.000373071 0
-0.000211182 -0.000339419 0
-0.000340949 -0.000373071 0
-0.000241604 -0.000577719 0
-0.000425303 -0.000526124 0
-0.000241604 -0.000577719 0
-0.000425303 -0.000526124 0
-0.000258315 -0.000762449 0
-0.000483011 -0.000651115 0
-0.000258315 -0.000762449 0
-0.000483011 -0.000651115 0
-0.000257197 -0.000880209 0
-0.000503832 -0.000728164 0
-0.000257197 -0.000880209 0
-0.000503832 -0.000728164 0
-0.000233223 -0.000929798 0
-0.000476986 -0.000741693 0
-0.000233223 -0.000929798 0
-0.000476986 -0.000741693 0
-0.000183288 -0.000918197 0
-0.000393331 -0.000685577 0
-0.000183288 -0.000918197 0
-0.000393331 -0.000685577 0
-0.000113201 -0.000849804 0
-0.000253988 -0.000571605 0
-0.000113201 -0.000849804 0
-0.000253988 -0.000571605 0
-4.50813e-05 -0.000700466 0
-9.62608e-05 -0.000436593 0
-4.50813e-05 -0.000700466 0
-9.62608e-05 -0.000436593 0
7.67054e-06 -0.000408193 0
-1.40529e-05 -0.000281258 0
7.67054e-06 -0.000408193 0
-1.40529e-05 -0.000281258 0
0 0 0
0 0 0
0 0 0
0 0 0
0.000678253 0.000127052 0
0.000753858 9.09986e-05 0
0.000678253 0.000127052 0
0.000753858 9.09986e-05 0
0.000257309 0.000256005 0
0.000317153 0.00012944 0
0.000257309 0.000256005 0
0.000317153 0.00012944 0
0.000113494 0.000296991 0
0.000233226 5.49936e-05 0
0.000113494 0.000296991 0
0.000233226 5.49936e-05 0
4.99922e-05 0.000220429 0
0.000132221 -4.72743e-05 0
4.99922e-05 0.000220429 0
0.000132221 -4.72743e-05 0
-3.36781e-05 9.2759e-05 0
-7.70874e-06 -0.00014705 0
-3.36781e-05 9.2759e-05 0
-7.70874e-06 -0.00014705 0
-0.000132653 -5.36549e-05 0
-0.000162577 -0.000254193 0
-0.000132653 -5.36549e-05 0
-0.000162577 -0.000254193 0
-0.000239683 -0.000211076 0
-0.000319247 -0.000368102 0
-0.000239683 -0.000211076 0
-0.000319247 -0.000368102 0
-0.000340949 -0.000373071 0
-0.000463427 -0.00048063 0
-0.000340949 -0.000373071 0
-0.000463427 -0.00048063 0
-0.000425303 -0.000526124 0
-0.000584514 -0.000581875 0
-0.000425303 -0.000526124 0
-0.000584514 -0.000581875 0
-0.000483011 -0.000651115 0
-0.000672478 -0.000660158 0
-0.000483011 -0.000651115 0
-0.000672478 -0.000660158 0
-0.000503832 -0.000728164 0
-0.000714912 -0.000702147 0
-0.000503832 -0.000728164 0
-0.000714912 -0.000702147 0
-0.000476986 -0.000741693 0
-0.000696357 -0.000696026 0
-0.000476986 -0.000741693 0
-0.000696357 -0.000696026 0
-0.000393331 -0.000685577 0
-0.000601797 -0.000634482 0
-0.000393331 -0.000685577 0
-0.000601797 -0.000634482 0
-0.000253988 -0.000571605 0
-0.000423594 -0.00051336 0
-0.000253988 -0.000571605 0
-0.000423594 -0.00051336 0
-9.62608e-05 -0.000436593 0
-0.000174055 -0.000346078 0
-9.62608e-05 -0.000436593 0
-0.000174055 -0.000346078 0
-1.40529e-05 -0.000281258 0
2.99377e-05 -0.000192388 0
-1.40529e-05 -0.000281258 0
2.99377e-05 -0.000192388 0
0 0 0
0 0 0
0 0 0
0 0 0
0.000753858 9.09986e-05 0
0.000751494 1.5994e-05 0
0.000753858 9.09986e-05 0
0.000751494 1.5994e-05 0
0.000317153 0.00012944 0
0.000403253 -3.32588e-05 0
0.000317153 0.00012944 0
0.000403253 -3.32588e-05 0
0.000233226 5.49936e-05 0
0.000323133 -0.000141542 0
0.000233226 5.49936e-05 0
0.000323133 -0.000141542 0
0.000132221 -4.72743e-05 0
0.000171649 -0.000234241 0
0.000132221 -4.72743e-05 0
0.000171649 -0.000234241 0
-7.70874e-06 -0.00014705 0
-5.45603e-06 -0.000312775 0
-7.70874e-06 -0.00014705 0
-5.45603e-06 -0.000312775 0
-0.000162577 -0.000254193 0
-0.000200265 -0.00037585 0
-0.000162577 -0.000254193 0
-0.000200265 -0.00037585 0
-0.000319247 -0.000368102 0
-0.000392614 -0.000426636 0
-0.000319247 -0.000368102 0
-0.000392614 -0.000426636 0
-0.000463427 -0.00048063 0
-0.000564564 -0.000475628 0
-0.000463427 -0.00048063 0
-0.000564564 -0.000475628 0
-0.000584514 -0.000581875 0
-0.000706652 -0.000527335 0
-0.000584514 -0.000581875 0
-0.000706652 -0.000527335 0
-0.000672478 -0.000660158 0
-0.000811448 -0.000575314 0
-0.000672478 -0.000660158 0
-0.000811448 -0.000575314 0
-0.000714912 -0.000702147 0
-0.000869518 -0.000604071 0
-0.000714912 -0.000702147 0
-0.000869518 -0.000604071 0
-0.000696357 -0.000696026 0
-0.000863292 -0.000594738 0
-0.000696357 -0.000696026 0
-0.000863292 -0.000594738 0
-0.000601797 -0.000634482 0
-0.000769365 -0.000536362 0
-0.000601797 -0.000634482 0
-0.000769365 -0.000536362 0
-0.000423594 -0.00051336 0
-0.000574754 -0.000433692 0
-0.000423594 -0.00051336 0
-0.000574754 -0.000433692 0
-0.000174055 -0.000346078 0
-0.000289106 -0.000290816 0
-0.000174055 -0.000346078 0
-0.000289106 -0.000290816 0
2.99377e-05 -0.000192388 0
3.04254e-05 -0.000138636 0
2.99377e-05 -0.000192388 0
3.04254e-05 -0.000138636 0
0 0 0
0 0 0
0 0 0
0 0 0
0.000751494 1.5994e-05 0
0.000719553 -5.34911e-05 0
0.000751494 1.5994e-05 0
0.000719553 -5.34911e-05 0
0.000403253 -3.32588e-05 0
0.000451754 -0.000152814 0
0.000403253 -3.32588e-05 0
0.000451754 -0.000152814 0
0.000323133 -0.000141542 0
0.000348114 -0.000264511 0
0.000323133 -0.000141542 0
0.000348114 -0.000264511 0
0.000171649 -0.000234241 0
0.000173934 -0.00034633 0
0.000171649 -0.000234241 0
0.000173934 -0.00034633 0
-5.45603e-06 -0.000312775 0
-3.02219e-05 -0.000394625 0
-5.45603e-06 -0.000312775 0
-3.02219e-05 -0.000394625 0
-0.000200265 -0.00037585 0
-0.00025471 -0.000407808 0
-0.000200265 -0.00037585 0
-0.00025471 -0.000407808 0
-0.000392614 -0.000426636 0
-0.000462538 -0.000404133 0
-0.000392614 -0.000426636 0
-0.000462538 -0.000404133 0
-0.000564564 -0.000475628 0
-0.000639315 -0.000401089 0
-0.000564564 -0.000475628 0
-0.000639315 -0.000401089 0
-0.000706652 -0.000527335 0
-0.000780575 -0.000407827 0
-0.000706652 -0.000527335 0
-0.000780575 -0.000407827 0
-0.000811448 -0.000575314 0
-0.000885853 -0.000424198 0
-0.000811448 -0.000575314 0
-0.000885853 -0.000424198 0
-0.000869518 -0.000604071 0
-0.000950825 -0.000440804 0
-0.000869518 -0.000604071 0
-0.000950825 -0.000440804 0
-0.000863292 -0.000594738 0
-0.000960882 -0.00044086 0
-0.000863292 -0.000594738 0
-0.000960882 -0.00044086 0
-0.000769365 -0.000536362 0
-0.000887214 -0.000403823 0
-0.000769365 -0.000536362 0
-0.000887214 -0.000403823 0
-0.000574754 -0.000433692 0
-0.000696352 -0.000323711 0
-0.000574754 -0.000433692 0
-0.000696352 -0.000323711 0
-0.000289106 -0.000290816 0
-0.000405364 -0.000215263 0
-0.000289106 -0.000290816 0
-0.000405364 -0.000215263 0
3.04254e-05 -0.000138636 0
-4.80916e-05 -8.385e-05 0
3.04254e-05 -0.000138636 0
-4.80916e-05 -8.385e-05 0
0 0 0
0 0 0
0 0 0
0 0 0
0.000719553 -5.34911e-05 0
0.000654531 -0.000100216 0
0.000719553 -5.34911e-05 0
0.000654531 -0.000100216 0
0.000451754 -0.000152814 0
0.000435582 -0.00021809 0
0.000451754 -0.000152814 0
0.000435582 -0.00021809 0
0.000348114 -0.000264511 0
0.000319543 -0.00032194 0
0.000348114 -0.000264511 0
0.000319543 -0.00032194 0
0.000173934 -0.00034633 0
0.000141034 -0.000388432 0
0.000173934 -0.00034633 0
0.000141034 -0.000388432 0
-3.02219e-05 -0.000394625 0
-8.19179e-05 -0.000408742 0
-3.02219e-05 -0.000394625 0
-8.19179e-05 -0.000408742 0
-0.00025471 -0.000407808 0
-0.000313292 -0.000389193 0
-0.00025471 -0.000407808 0
-0.000313292 -0.000389193 0
-0.000462538 -0.000404133 0
-0.000515531 -0.000349628 0
-0.000462538 -0.000404133 0
-0.000515531 -0.000349628 0
-0.000639315 -0.000401089 0
-0.000679456 -0.000307563 0
-0.000639315 -0.000401089 0
-0.000679456 -0.000307563 0
-0.000780575 -0.000407827 0
-0.000804892 -0.000277428 0
-0.000780575 -0.000407827 0
-0.000804892 -0.000277428 0
-0.000885853 -0.000424198 0
-0.000899821 -0.000264215 0
-0.000885853 -0.000424198 0
-0.000899821 -0.000264215 0
-0.000950825 -0.000440804 0
-0.000966048 -0.000261868 0
-0.000950825 -0.000440804 0
-0.000966048 -0.000261868 0
-0.000960882 -0.00044086 0
-0.000991253 -0.000258672 0
-0.000960882 -0.00044086 0
-0.000991253 -0.000258672 0
-0.000887214 -0.000403823 0
-0.000948785 -0.000240833 0
-0.000887214 -0.000403823 0
-0.000948785 -0.000240833 0
-0.000696352 -0.000323711 0
-0.000791953 -0.000192537 0
-0.000696352 -0.000323711 0
-0.000791953 -0.000192537 0
-0.000405364 -0.000215263 0
-0.00051132 -0.000124918 0
-0.000405364 -0.000215263 0
-0.00051132 -0.000124918 0
-4.80916e-05 -8.385e-05 0
-0.000191557 -3.16389e-05 0
-4.80916e-05 -8.385e-05 0
-0.000191557 -3.16389e-05 0
0 0 0
0 0 0
0 0 0
0 0 0
0.000654531 -0.000100216 0
0.000544462 -0.000123831 0
0.000654531 -0.000100216 0
0.000544462 -0.000123831 0
0.000435582 -0.00021809 0
0.000358596 -0.000236818 0
0.000435582 -0.00021809 0
0.000358596 -0.000236818 0
0.000319543 -0.00032194 0
0.000251879 -0.000325389 0
0.000319543 -0.00032194 0
0.000251879 -0.000325389 0
0.000141034 -0.000388432 0
8.15445e-05 -0.000375947 0
0.000141034 -0.000388432 0
8.15445e-05 -0.000375947 0
-8.19179e-05 -0.000408742 0
-0.000140206 -0.000380151 0
-8.19179e-05 -0.000408742 0
-0.000140206 -0.000380151 0
-0.000313292 -0.000389193 0
-0.0003569 -0.000345297 0
-0.000313292 -0.000389193 0
-0.0003569 -0.000345297 0
-0.000515531 -0.000349628 0
-0.00054064 -0.000285749 0
-0.000515531 -0.000349628 0
-0.00054064 -0.000285749 0
-0.000679456 -0.000307563 0
-0.000680336 -0.00021844 0
-0.000679456 -0.000307563 0
-0.000680336 -0.00021844 0
-0.000804892 -0.000277428 0
-0.000782727 -0.000159961 0
-0.000804892 -0.000277428 0
-0.000782727 -0.000159961 0
-0.000899821 -0.000264215 0
-0.000863491 -0.000119119 0
-0.000899821 -0.000264215 0
-0.000863491 -0.000119119 0
-0.000966048 -0.000261868 0
-0.00093118 -9.6314e-05 0
-0.000966048 -0.000261868 0
-0.00093118 -9.6314e-05 0
-0.000991253 -0.000258672 0
-0.000975193 -8.36526e-05 0
-0.000991253 -0.000258672 0
-0.000975193 -8.36526e-05 0
-0.000948785 -0.000240833 0
-0.00096554 -7.29095e-05 0
-0.000948785 -0.000240833 0
-0.00096554 -7.29095e-05 0
-0.000791953 -0.000192537 0
-0.000860851 -5.26348e-05 0
-0.000791953 -0.000192537 0
-0.000860851 -5.26348e-05 0
-0.00051132 -0.000124918 0
-0.00060726 -2.4769e-05 0
-0.00051132 -0.000124918 0
-0.00060726 -2.4769e-05 0
-0.000191557 -3.16389e-05 0
-0.000367987 1.81365e-05 0
-0.000191557 -3.16389e-05 0
-0.000367987 1.81365e-05 0
0 0 0
0 0 0
0 0 0
0 0 0
0.000544462 -0.000123831 0
0.000386138 -0.00012854 0
0.000544462 -0.000123831 0
0.000386138 -0.00012854 0
0.000358596 -0.000236818 0
0.000237523 -0.000219277 0
0.000358596 -0.000236818 0
0.000237523 -0.000219277 0
0.000251879 -0.000325389 0
0.000159923 -0.000286538 0
0.000251879 -0.000325389 0
0.000159923 -0.000286538 0
8.15445e-05 -0.000375947 0
1.39132e-05 -0.000322369 0
8.15445e-05 -0.000375947 0
1.39132e-05 -0.000322369 0
-0.000140206 -0.000380151 0
-0.000183831 -0.00032044 0
-0.000140206 -0.000380151 0
-0.000183831 -0.00032044 0
-0.0003569 -0.000345297 0
-0.000371846 -0.000284034 0
-0.0003569 -0.000345297 0
-0.000371846 -0.000284034 0
-0.00054064 -0.000285749 0
-0.000528807 -0.000221384 0
-0.00054064 -0.000285749 0
-0.000528807 -0.000221384 0
-0.000680336 -0.00021844 0
-0.000640981 -0.000145084 0
-0.000680336 -0.00021844 0
-0.000640981 -0.000145084 0
-0.000782727 -0.000159961 0
-0.000722323 -6.90823e-05 0
-0.000782727 -0.000159961 0
-0.000722323 -6.90823e-05 0
-0.000863491 -0.000119119 0
-0.000793574 -3.49702e-06 0
-0.000863491 -0.000119119 0
-0.000793574 -3.49702e-06 0
-0.00093118 -9.6314e-05 0
-0.00086574 4.46383e-05 0
-0.00093118 -9.6314e-05 0
-0.00086574 4.46383e-05 0
-0.000975193 -8.36526e-05 0
-0.000931713 7.28831e-05 0
-0.000975193 -8.36526e-05 0
-0.000931713 7.28831e-05 0
-0.00096554 -7.29095e-05 0
-0.000956326 8.38391e-05 0
-0.00096554 -7.29095e-05 0
-0.000956326 8.38391e-05 0
-0.000860851 -5.26348e-05 0
-0.000903664 8.23203e-05 0
-0.000860851 -5.26348e-05 0
-0.000903664 8.23203e-05 0
-0.00060726 -2.4769e-05 0
-0.000692486 7.32589e-05 0
-0.00060726 -2.4769e-05 0
-0.000692486 7.32589e-05 0
-0.000367987 1.81365e-05 0
-0.000543933 6.23091e-05 0
-0.000367987 1.81365e-05 0
-0.000543933 6.23091e-05 0
0 0 0
0 0 0
0 0 0
0 0 0
0.000386138 -0.00012854 0
0.000189525 -0.00011842 0
0.000386138 -0.00012854 0
0.000189525 -0.00011842 0
0.000237523 -0.000219277 0
9.32993e-05 -0.000175031 0
0.000237523 -0.000219277 0
9.32993e-05 -0.000175031 0
0.000159923 -0.000286538 0
5.918e-05 -0.000215657 0
0.000159923 -0.000286538 0
5.918e-05 -0.000215657 0
1.39132e-05 -0.000322369 0
-4.42382e-05 -0.000235218 0
1.39132e-05 -0.000322369 0
-4.42382e-05 -0.000235218 0
-0.000183831 -0.00032044 0
-0.0001995 -0.000230909 0
-0.000183831 -0.00032044 0
-0.0001995 -0.000230909 0
-0.000371846 -0.000284034 0
-0.000350157 -0.000201137 0
-0.000371846 -0.000284034 0
-0.000350157 -0.000201137 0
-0.000528807 -0.000221384 0
-0.000476397 -0.000147148 0
-0.000528807 -0.000221384 0
-0.000476397 -0.000147148 0
-0.000640981 -0.000145084 0
-0.000566537 -7.38486e-05 0
-0.000640981 -0.000145084 0
-0.000566537 -7.38486e-05 0
-0.000722323 -6.90823e-05 0
-0.000636217 1.06995e-05 0
-0.000722323 -6.90823e-05 0
-0.000636217 1.06995e-05 0
-0.000793574 -3.49702e-06 0
-0.000706333 9.35843e-05 0
-0.000793574 -3.49702e-06 0
-0.000706333 9.35843e-05 0
-0.00086574 4.46383e-05 0
-0.000788827 0.000162232 0
-0.00086574 4.46383e-05 0
-0.000788827 0.000162232 0
-0.000931713 7.28831e-05 0
-0.000875964 0.000206595 0
-0.000931713 7.28831e-05 0
-0.000875964 0.000206595 0
-0.000956326 8.38391e-05 0
-0.000933186 0.000220894 0
-0.000956326 8.38391e-05 0
-0.000933186 0.000220894 0
-0.000903664 8.23203e-05 0
-0.000921488 0.000202484 0
-0.000903664 8.23203e-05 0
-0.000921488 0.000202484 0
-0.000692486 7.32589e-05 0
-0.000760685 0.000159863 0
-0.000692486 7.32589e-05 0
-0.000760685 0.000159863 0
-0.000543933 6.23091e-05 0
-0.000692284 9.8932e-05 0
-0.000543933 6.23091e-05 0
-0.000692284 9.8932e-05 0
0 0 0
0 0 0
0 0 0
0 0 0
0.000189525 -0.00011842 0
-2.22182e-05 -9.68196e-05 0
0.000189525 -0.00011842 0
-2.22182e-05 -9.68196e-05 0
9.32993e-05 -0.000175031 0
-5.36668e-05 -0.000113362 0
9.32993e-05 -0.000175031 0
-5.36668e-05 -0.000113362 0
5.918e-05 -0.000215657 0
-3.66859e-05 -0.000121491 0
5.918e-05 -0.000215657 0
-3.66859e-05 -0.000121491 0
-4.42382e-05 -0.000235218 0
-8.34213e-05 -0.000120073 0
-4.42382e-05 -0.000235218 0
-8.34213e-05 -0.000120073 0
-0.0001995 -0.000230909 0
-0.00018414 -0.000110648 0
-0.0001995 -0.000230909 0
-0.00018414 -0.000110648 0
-0.000350157 -0.000201137 0
-0.00029394 -8.7803e-05 0
-0.000350157 -0.000201137 0
-0.00029394 -8.7803e-05 0
-0.000476397 -0.000147148 0
-0.000390634 -4.55244e-05 0
-0.000476397 -0.000147148 0
-0.000390634 -4.55244e-05 0
-0.000566537 -7.38486e-05 0
-0.000467755 1.75484e-05 0
-0.000566537 -7.38486e-05 0
-0.000467755 1.75484e-05 0
-0.000636217 1.06995e-05 0
-0.000536689 9.87206e-05 0
-0.000636217 1.06995e-05 0
-0.000536689 9.87206e-05 0
-0.000706333 9.35843e-05 0
-0.00061425 0.000187093 0
-0.000706333 9.35843e-05 0
-0.00061425 0.000187093 0
-0.000788827 0.000162232 0
-0.000711104 0.000266706 0
-0.000788827 0.000162232 0
-0.000711104 0.000266706 0
-0.000875964 0.000206595 0
-0.00081576 0.000319635 0
-0.000875964 0.000206595 0
-0.00081576 0.000319635 0
-0.000933186 0.000220894 0
-0.000897855 0.000332964 0
-0.000933186 0.000220894 0
-0.000897855 0.000332964 0
-0.000921488 0.000202484 0
-0.000912391 0.000299023 0
-0.000921488 0.000202484 0
-0.000912391 0.000299023 0
-0.000760685 0.000159863 0
-0.000800927 0.000226515 0
-0.000760685 0.000159863 0
-0.000800927 0.000226515 0
-0.000692284 9.8932e-05 0
-0.000794748 0.000125153 0
-0.000692284 9.8932e-05 0
-0.000794748 0.000125153 0
0 0 0
0 0 0
0 0 0
0 0 0
-2.22182e-05 -9.68196e-05 0
-0.000214178 -6.62973e-05 0
-2.22182e-05 -9.68196e-05 0
-0.000214178 -6.62973e-05 0
-5.36668e-05 -0.000113362 0
-0.000187204 -4.48198e-05 0
-5.36668e-05 -0.000113362 0
-0.000187204 -4.48198e-05 0
-3.66859e-05 -0.000121491 0
-0.000117548 -1.47599e-05 0
-3.66859e-05 -0.000121491 0
-0.000117548 -1.47599e-05 0
-8.34213e-05 -0.000120073 0
-0.000104307 1.43991e-05 0
-8.34213e-05 -0.000120073 0
-0.000104307 1.43991e-05 0
-0.00018414 -0.000110648 0
-0.000145777 3.75092e-05 0
-0.00018414 -0.000110648 0
-0.000145777 3.75092e-05 0
-0.00029394 -8.7803e-05 0
-0.000215285 5.84045e-05 0
-0.00029394 -8.7803e-05 0
-0.000215285 5.84045e-05 0
-0.000390634 -4.55244e-05 0
-0.000287804 8.9976e-05 0
-0.000390634 -4.55244e-05 0
-0.000287804 8.9976e-05 0
-0.000467755 1.75484e-05 0
-0.000358621 0.00013954 0
-0.000467755 1.75484e-05 0
-0.000358621 0.00013954 0
-0.000536689 9.87206e-05 0
-0.000433686 0.000208006 0
-0.000536689 9.87206e-05 0
-0.000433686 0.000208006 0
-0.00061425 0.000187093 0
-0.000524055 0.000287595 0
-0.00061425 0.000187093 0
-0.000524055 0.000287595 0
-0.000711104 0.000266706 0
-0.00063358 0.000361549 0
-0.000711104 0.000266706 0
-0.00063358 0.000361549 0
-0.00081576 0.000319635 0
-0.000749517 0.000409337 0
-0.00081576 0.000319635 0
-0.000749517 0.000409337 0
-0.000897855 0.000332964 0
-0.00084348 0.000413094 0
-0.000897855 0.000332964 0
-0.00084348 0.000413094 0
-0.000912391 0.000299023 0
-0.00087043 0.000361714 0
-0.000912391 0.000299023 0
-0.00087043 0.000361714 0
-0.000800927 0.000226515 0
-0.000801498 0.000264702 0
-0.000800927 0.000226515 0
-0.000801498 0.000264702 0
-0.000794748 0.000125153 0
-0.000842457 0.000137673 0
-0.000794748 0.000125153 0
-0.000842457 0.000137673 0
0 0 0
0 0 0
0 0 0
0 0 0
-0.000214178 -6.62973e-05 0
-0.000343872 -2.98484e-05 0
-0.000214178 -6.62973e-05 0
-0.000343872 -2.98484e-05 0
-0.000187204 -4.48198e-05 0
-0.000296095 1.8379e-05 0
-0.000187204 -4.48198e-05 0
-0.000296095 1.8379e-05 0
-0.000117548 -1.47599e-05 0
-0.000177996 9.05569e-05 0
-0.000117548 -1.47599e-05 0
-0.000177996 9.05569e-05 0
-0.000104307 1.43991e-05 0
-0.000113978 0.00015134 0
-0.000104307 1.43991e-05 0
-0.000113978 0.00015134 0
-0.000145777 3.75092e-05 0
-0.000101901 0.000197244 0
-0.000145777 3.75092e-05 0
-0.000101901 0.000197244 0
-0.000215285 5.84045e-05 0
-0.000132724 0.000226778 0
-0.000215285 5.84045e-05 0
-0.000132724 0.000226778 0
-0.000287804 8.9976e-05 0
-0.000186052 0.000251338 0
-0.000287804 8.9976e-05 0
-0.000186052 0.000251338 0
-0.000358621 0.00013954 0
-0.000253535 0.000284286 0
-0.000358621 0.00013954 0
-0.000253535 0.000284286 0
-0.000433686 0.000208006 0
-0.000335528 0.000331103 0
-0.000433686 0.000208006 0
-0.000335528 0.000331103 0
-0.000524055 0.000287595 0
-0.000435553 0.000386899 0
-0.000524055 0.000287595 0
-0.000435553 0.000386899 0
-0.00063358 0.000361549 0
-0.000550909 0.000437647 0
-0.00063358 0.000361549 0
-0.000550909 0.000437647 0
-0.000749517 0.000409337 0
-0.000668338 0.000464332 0
-0.000749517 0.000409337 0
-0.000668338 0.000464332 0
-0.00084348 0.000413094 0
-0.000758878 0.000447395 0
-0.00084348 0.000413094 0
-0.000758878 0.000447395 0
-0.00087043 0.000361714 0
-0.000788752 0.00037754 0
-0.00087043 0.000361714 0
-0.000788752 0.00037754 0
-0.000801498 0.000264702 0
-0.000755007 0.00026625 0
-0.000801498 0.000264702 0
-0.000755007 0.00026625 0
-0.000842457 0.000137673 0
-0.000835071 0.000133225 0
-0.000842457 0.000137673 0
-0.000835071 0.000133225 0
0 0 0
0 0 0
0 0 0
0 0 0
-0.000343872 -2.98484e-05 0
-0.000372959 1.23847e-05 0
-0.000343872 -2.98484e-05 0
-0.000372959 1.23847e-05 0
-0.000296095 1.8379e-05 0
-0.000367358 6.89734e-05 0
-0.000296095 1.8379e-05 0
-0.000367358 6.89734e-05 0
-0.000177996 9.05569e-05 0
-0.00022006 0.000178691 0
-0.000177996 9.05569e-05 0
-0.00022006 0.000178691 0
-0.000113978 0.00015134 0
-0.000118704 0.000271496 0
-0.000113978 0.00015134 0
-0.000118704 0.000271496 0
-0.000101901 0.000197244 0
-6.95434e-05 0.000338062 0
-0.000101901 0.000197244 0
-6.95434e-05 0.000338062 0
-0.000132724 0.000226778 0
-6.79705e-05 0.000380437 0
-0.000132724 0.000226778 0
-6.79705e-05 0.000380437 0
-0.000186052 0.000251338 0
-0.000102523 0.000404083 0
-0.000186052 0.000251338 0
-0.000102523 0.000404083 0
-0.000253535 0.000284286 0
-0.000163383 0.000419762 0
-0.000253535 0.000284286 0
-0.000163383 0.000419762 0
-0.000335528 0.000331103 0
-0.000245509 0.000436456 0
-0.000335528 0.000331103 0
-0.000245509 0.000436456 0
-0.000435553 0.000386899 0
-0.00034546 0.000455472 0
-0.000435553 0.000386899 0
-0.00034546 0.000455472 0
-0.000550909 0.000437647 0
-0.000455509 0.000468608 0
-0.000550909 0.000437647 0
-0.000455509 0.000468608 0
-0.000668338 0.000464332 0
-0.000560629 0.000460437 0
-0.000668338 0.000464332 0
-0.000560629 0.000460437 0
-0.000758878 0.000447395 0
-0.000636229 0.000416399 0
-0.000758878 0.000447395 0
-0.000636229 0.000416399 0
-0.000788752 0.00037754 0
-0.0006654 0.000334211 0
-0.000788752 0.00037754 0
-0.0006654 0.000334211 0
-0.000755007 0.00026625 0
-0.000663224 0.000226661 0
-0.000755007 0.00026625 0
-0.000663224 0.000226661 0
-0.000835071 0.000133225 0
-0.000777411 0.000111066 0
-0.000835071 0.000133225 0
-0.000777411 0.000111066 0
0 0 0
0 0 0
0 0 0
0 0 0
-0.000372959 1.23847e-05 0
-0.000291233 6.29102e-05 0
-0.000372959 1.23847e-05 0
-0.000291233 6.29102e-05 0
-0.000367358 6.89734e-05 0
-0.000372859 0.000107723 0
-0.000367358 6.89734e-05 0
-0.000372859 0.000107723 0
-0.00022006 0.000178691 0
-0.000247468 0.00022868 0
-0.00022006 0.000178691 0
-0.000247468 0.00022868 0
-0.000118704 0.000271496 0
-0.000126019 0.000354049 0
-0.000118704 0.000271496 0
-0.000126019 0.000354049 0
-6.95434e-05 0.000338062 0
-5.42853e-05 0.000440831 0
-6.95434e-05 0.000338062 0
-5.42853e-05 0.000440831 0
-6.79705e-05 0.000380437 0
-3.12409e-05 0.000487818 0
-6.79705e-05 0.000380437 0
-3.12409e-05 0.000487818 0
-0.000102523 0.000404083 0
-4.80539e-05 0.000504105 0
-0.000102523 0.000404083 0
-4.80539e-05 0.000504105 0
-0.000163383 0.000419762 0
-9.54851e-05 0.00049953 0
-0.000163383 0.000419762 0
-9.54851e-05 0.00049953 0
-0.000245509 0.000436456 0
-0.000165448 0.000482207 0
-0.000245509 0.000436456 0
-0.000165448 0.000482207 0
-0.00034546 0.000455472 0
-0.000250396 0.000456055 0
-0.00034546 0.000455472 0
-0.000250396 0.000456055 0
-0.000455509 0.000468608 0
-0.000340362 0.000420204 0
-0.000455509 0.000468608 0
-0.000340362 0.000420204 0
-0.000560629 0.000460437 0
-0.000421989 0.000371298 0
-0.000560629 0.000460437 0
-0.000421989 0.000371298 0
-0.000636229 0.000416399 0
-0.000480173 0.000307401 0
-0.000636229 0.000416399 0
-0.000480173 0.000307401 0
-0.0006654 0.000334211 0
-0.000508814 0.000231091 0
-0.0006654 0.000334211 0
-0.000508814 0.000231091 0
-0.000663224 0.000226661 0
-0.000539169 0.000153433 0
-0.000663224 0.000226661 0
-0.000539169 0.000153433 0
-0.000777411 0.000111066 0
-0.000672156 7.66157e-05 0
-0.000777411 0.000111066 0
-0.000672156 7.66157e-05 0
0 0 0
0 0 0
0 0 0
0 0 0
-0.000291233 6.29102e-05 0
-0.000154781 0.00016225 0
-0.000291233 6.29102e-05 0
-0.000154781 0.00016225 0
-0.000372859 0.000107723 0
-0.000276015 0.000220643 0
-0.000372859 0.000107723 0
-0.000276015 0.000220643 0
-0.000247468 0.00022868 0
-0.000229981 0.000284687 0
-0.000247468 0.00022868 0
-0.000229981 0.000284687 0
-0.000126019 0.000354049 0
-0.00013339 0.000380889 0
-0.000126019 0.000354049 0
-0.00013339 0.000380889 0
-5.42853e-05 0.000440831 0
-5.79042e-05 0.000465073 0
-5.42853e-05 0.000440831 0
-5.79042e-05 0.000465073 0
-3.12409e-05 0.000487818 0
-2.10268e-05 0.000508929 0
-3.12409e-05 0.000487818 0
-2.10268e-05 0.000508929 0
-4.80539e-05 0.000504105 0
-1.96696e-05 0.000508427 0
-4.80539e-05 0.000504105 0
-1.96696e-05 0.000508427 0
-9.54851e-05 0.00049953 0
-4.61578e-05 0.000472108 0
-9.54851e-05 0.00049953 0
-4.61578e-05 0.000472108 0
-0.000165448 0.000482207 0
-9.26571e-05 0.00041274 0
-0.000165448 0.000482207 0
-9.26571e-05 0.00041274 0
-0.000250396 0.000456055 0
-0.000151091 0.000342539 0
-0.000250396 0.000456055 0
-0.000151091 0.000342539 0
-0.000340362 0.000420204 0
-0.000212752 0.000270471 0
-0.000340362 0.000420204 0
-0.000212752 0.000270471 0
-0.000421989 0.000371298 0
-0.000267323 0.00020202 0
-0.000421989 0.000371298 0
-0.000267323 0.00020202 0
-0.000480173 0.000307401 0
-0.000309796 0.000142161 0
-0.000480173 0.000307401 0
-0.000309796 0.000142161 0
-0.000508814 0.000231091 0
-0.000340323 9.81838e-05 0
-0.000508814 0.000231091 0
-0.000340323 9.81838e-05 0
-0.000539169 0.000153433 0
-0.000399962 7.62568e-05 0
-0.000539169 0.000153433 0
-0.000399962 7.62568e-05 0
-0.000672156 7.66157e-05 0
-0.000508479 4.18545e-05 0
-0.000672156 7.66157e-05 0
-0.000508479 4.18545e-05 0
0 0 0
0 0 0
0 0 0
0 0 0
-0.000154781 0.00016225 0
-7.89904e-05 0.00028057 0
-0.000154781 0.00016225 0
-7.89904e-05 0.00028057 0
-0.000276015 0.000220643 0
-0.000130277 0.000486261 0
-0.000276015 0.000220643 0
-0.000130277 0.000486261 0
-0.000229981 0.000284687 0
-0.000127582 0.000576204 0
-0.000229981 0.000284687 0
-0.000127582 0.000576204 0
-0.00013339 0.000380889 0
-8.82101e-05 0.000610706 0
-0.00013339 0.000380889 0
-8.82101e-05 0.000610706 0
-5.79042e-05 0.000465073 0
-4.65015e-05 0.000624834 0
-5.79042e-05 0.000465073 0
-4.65015e-05 0.000624834 0
-2.10268e-05 0.000508929 0
-1.93032e-05 0.000616796 0
-2.10268e-05 0.000508929 0
-1.93032e-05 0.000616796 0
-1.96696e-05 0.000508427 0
-9.32729e-06 0.000576784 0
-1.96696e-05 0.000508427 0
-9.32729e-06 0.000576784 0
-4.61578e-05 0.000472108 0
-1.41288e-05 0.00050073 0
-4.61578e-05 0.000472108 0
-1.41288e-05 0.00050073 0
-9.26571e-05 0.00041274 0
-3.04498e-05 0.000394069 0
-9.26571e-05 0.00041274 0
-3.04498e-05 0.000394069 0
-0.000151091 0.000342539 0
-5.50001e-05 0.000271086 0
-0.000151091 0.000342539 0
-5.50001e-05 0.000271086 0
-0.000212752 0.000270471 0
-8.51123e-05 0.000152694 0
-0.000212752 0.000270471 0
-8.51123e-05 0.000152694 0
-0.000267323 0.00020202 0
-0.000117256 6.24098e-05 0
-0.000267323 0.00020202 0
-0.000117256 6.24098e-05 0
-0.000309796 0.000142161 0
-0.000150577 1.8375e-05 0
-0.000309796 0.000142161 0
-0.000150577 1.8375e-05 0
-0.000340323 9.81838e-05 0
-0.000182779 2.10316e-05 0
-0.000340323 9.81838e-05 0
-0.000182779 2.10316e-05 0
-0.000399962 7.62568e-05 0
-0.000232848 3.83321e-05 0
-0.000399962 7.62568e-05 0
-0.000232848 3.83321e-05 0
-0.000508479 4.18545e-05 0
-0.000270628 1.00484e-05 0
-0.000508479 4.18545e-05 0
-0.000270628 1.00484e-05 0
0 0 0
0 0 0
0 0 0
0 0 0
-7.89904e-05 0.00028057 0
0 0 0
-7.89904e-05 0.00028057 0
0 0 0
-0.000130277 0.000486261 0
0 0 0
-0.000130277 0.000486261 0
0 0 0
-0.000127582 0.000576204 0
0 0 0
-0.000127582 0.000576204 0
0 0 0
-8.82101e-05 0.000610706 0
0 0 0
-8.82101e-05 0.000610706 0
0 0 0
-4.65015e-05 0.000624834 0
0 0 0
-4.65015e-05 0.000624834 0
0 0 0
-1.93032e-05 0.000616796 0
0 0 0
-1.93032e-05 0.000616796 0
0 0 0
-9.32729e-06 0.000576784 0
0 0 0
-9.32729e-06 0.000576784 0
0 0 0
-1.41288e-05 0.00050073 0
0 0 0
-1.41288e-05 0.00050073 0
0 0 0
-3.04498e-05 0.000394069 0
0 0 0
-3.04498e-05 0.000394069 0
0 0 0
-5.50001e-05 0.000271086 0
0 0 0
-5.50001e-05 0.000271086 0
0 0 0
-8.51123e-05 0.000152694 0
0 0 0
-8.51123e-05 0.000152694 0
0 0 0
-0.000117256 6.24098e-05 0
0 0 0
-0.000117256 6.24098e-05 0
0 0 0
-0.000150577 1.8375e-05 0
0 0 0
-0.000150577 1.8375e-05 0
0 0 0
-0.000182779 2.10316e-05 0
0 0 0
-0.000182779 2.10316e-05 0
0 0 0
-0.000232848 3.83321e-05 0
0 0 0
-0.000232848 3.83321e-05 0
0 0 0
-0.000270628 1.00484e-05 0
0 0 0
-0.000270628 1.00484e-05 0
0 0 0
0 0 0
0 0 0
SCALARS pressure double 1
LOOKUP_TABLE default
-0.00451816 -0.00212634 0.182492 0.178889 0.182492 0.178889 0.360797 0.354896 0.360797 0.354896 0.52753 0.518583 0.52753 0.518583 0.676085 0.66466 0.676085 0.66466 0.801618 0.788044 0.801618 0.788044 0.899761 0.884521 0.899761 0.884521 0.967145 0.950756 0.967145 0.950756 1.00143 0.98446 1.00143 0.98446 1.00144 0.984466 1.00144 0.984466 0.967167 0.950771 0.967167 0.950771 0.899796 0.884542 0.899796 0.884542 0.801661 0.788067 0.801661 0.788067 0.676131 0.664679 0.676131 0.664679 0.527575 0.518603 0.527575 0.518603 0.360882 0.354921 0.360882 0.354921 0.182514 0.178969 0.182514 0.178969 -0.00410767 -0.00215296 -0.00212634 -0.00236558 0.178889 0.170075 0.178889 0.170075 0.354896 0.336807 0.354896 0.336807 0.518583 0.492107 0.518583 0.492107 0.66466 0.630677 0.66466 0.630677 0.788044 0.747755 0.788044 0.747755 0.884521 0.839303 0.884521 0.839303 0.950756 0.902155 0.950756 0.902155 0.98446 0.934137 0.98446 0.934137 0.984466 0.93414 0.984466 0.93414 0.950771 0.902165 0.950771 0.902165 0.884542 0.839317 0.884542 0.839317 0.788067 0.747772 0.788067 0.747772 0.664679 0.630692 0.664679 0.630692 0.518603 0.492115 0.518603 0.492115 0.354921 0.336806 0.354921 0.336806 0.178969 0.170071 0.178969 0.170071 -0.00215296 -0.00234361 -0.00236558 -0.00173946 0.170075 0.155285 0.170075 0.155285 0.336807 0.307334 0.336807 0.307334 0.492107 0.448938 0.492107 0.448938 0.630677 0.575332 0.630677 0.575332 0.747755 0.68213 0.747755 0.68213 0.839303 0.765643 0.839303 0.765643 0.902155 0.822979 0.902155 0.822979 0.934137 0.852153 0.934137 0.852153 0.93414 0.852155 0.93414 0.852155 0.902165 0.822983 0.902165 0.822983 0.839317 0.765648 0.839317 0.765648 0.747772 0.682135 0.747772 0.682135 0.630692 0.575336 0.630692 0.575336 0.492115 0.448936 0.492115 0.448936 0.336806 0.307313 0.336806 0.307313 0.170071 0.155249 0.170071 0.155249 -0.00234361 -0.00180339 -0.00173946 -0.00129837 0.155285 0.13524 0.155285 0.13524 0.307334 0.267404 0.307334 0.267404 0.448938 0.390542 0.448938 0.390542 0.575332 0.500465 0.575332 0.500465 0.68213 0.593358 0.68213 0.593358 0.765643 0.666003 0.765643 0.666003 0.822979 0.715879 0.822979 0.715879 0.852153 0.741257 0.852153 0.741257 0.852155 0.741257 0.852155 0.741257 0.822983 0.715878 0.822983 0.715878 0.765648 0.666001 0.765648 0.666001 0.682135 0.593353 0.682135 0.593353 0.575336 0.500456 0.575336 0.500456 0.448936 0.390527 0.448936 0.390527 0.307313 0.267374 0.307313 0.267374 0.155249 0.135183 0.155249 0.135183 -0.00180339 -0.0013746 -0.00129837 -0.000814277 0.13524 0.110528 0.13524 0.110528 0.267404 0.218353 0.267404 0.218353 0.390542 0.318841 0.390542 0.318841 0.500465 0.408566 0.500465 0.408566 0.593358 0.484405 0.593358 0.484405 0.666003 0.543718 0.666003 0.543718 0.715879 0.584442 0.715879 0.584442 0.741257 0.605162 0.741257 0.605162 0.741257 0.60516 0.741257 0.60516 0.715878 0.584437 0.715878 0.584437 0.666001 0.543711 0.666001 0.543711 0.593353 0.484393 0.593353 0.484393 0.500456 0.408549 0.500456 0.408549 0.390527 0.318815 0.390527 0.318815 0.267374 0.218315 0.267374 0.218315 0.135183 0.110468 0.135183 0.110468 -0.0013746 -0.000893944 -0.000814277 -0.000405124 0.110528 0.0819729 0.110528 0.0819729 0.218353 0.161793 0.218353 0.161793 0.318841 0.236222 0.318841 0.236222 0.408566 0.302709 0.408566 0.302709 0.484405 0.358924 0.484405 0.358924 0.543718 0.402897 0.543718 0.402897 0.584442 0.433089 0.584442 0.433089 0.605162 0.448451 0.605162 0.448451 0.60516 0.448449 0.60516 0.448449 0.584437 0.433083 0.584437 0.433083 0.543711 0.402885 0.543711 0.402885 0.484393 0.358908 0.484393 0.358908 0.408549 0.302688 0.408549 0.302688 0.318815 0.236193 0.318815 0.236193 0.218315 0.161755 0.218315 0.161755 0.110468 0.0819184 0.110468 0.0819184 -0.000893944 -0.000472613 -0.000405124 -0.000103314 0.0819729 0.0505023 0.0819729 0.0505023 0.161793 0.0996058 0.161793 0.0996058 0.236222 0.145453 0.236222 0.145453 0.302709 0.186452 0.302709 0.186452 0.358924 0.221144 0.358924 0.221144 0.402897 0.248294 0.402897 0.248294 0.433089 0.266939 0.433089 0.266939 0.448451 0.276426 0.448451 0.276426 0.448449 0.276423 0.448449 0.276423 0.433083 0.266931 0.433083 0.266931 0.402885 0.248281 0.402885 0.248281 0.358908 0.221127 0.358908 0.221127 0.302688 0.18643 0.302688 0.18643 0.236193 0.145424 0.236193 0.145424 0.161755 0.0995723 0.161755 0.0995723 0.0819184 0.0504585 0.0819184 0.0504585 -0.000472613 -0.000154219 -0.000103314 4.17899e-05 0.0505023 0.0171559 0.0505023 0.0171559 0.0996058 0.0338764 0.0996058 0.0338764 0.145453 0.0495917 0.145453 0.0495917 0.186452 0.0637244 0.186452 0.0637244 0.221144 0.075732 0.221144 0.075732 0.248294 0.0851524 0.248294 0.0851524 0.266939 0.0916303 0.266939 0.0916303 0.276426 0.0949267 0.276426 0.0949267 0.276423 0.0949238 0.276423 0.0949238 0.266931 0.0916217 0.266931 0.0916217 0.248281 0.0851392 0.248281 0.0851392 0.221127 0.0757145 0.221127 0.0757145 0.18643 0.0637042 0.18643 0.0637042 0.145424 0.0495677 0.145424 0.0495677 0.0995723 0.0338509 0.0995723 0.0338509 0.0504585 0.0171255 0.0504585 0.0171255 -0.000154219 9.27525e-06 4.17899e-05 7.74301e-06 0.0171559 -0.0169491 0.0171559 -0.0169491 0.0338764 -0.033174 0.0338764 -0.033174 0.0495917 -0.0481123 0.0495917 -0.0481123 0.0637244 -0.0613091 0.0637244 -0.0613091 0.075732 -0.0723732 0.075732 -0.0723732 0.0851524 -0.0809815 0.0851524 -0.0809815 0.0916303 -0.0868752 0.0916303 -0.0868752 0.0949267 -0.0898719 0.0949267 -0.0898719 0.0949238 -0.0898747 0.0949238 -0.0898747 0.0916217 -0.0868837 0.0916217 -0.0868837 0.0851392 -0.0809942 0.0851392 -0.0809942 0.0757145 -0.072389 0.0757145 -0.072389 0.0637042 -0.061326 0.0637042 -0.061326 0.0495677 -0.0481302 0.0495677 -0.0481302 0.0338509 -0.0331902 0.0338509 -0.0331902 0.0171255 -0.0169653 0.0171255 -0.0169653 9.27525e-06 -6.32133e-06 7.74301e-06 -0.000204055 -0.0169491 -0.0506499 -0.0169491 -0.0506499 -0.033174 -0.0992613 -0.033174 -0.0992613 -0.0481123 -0.144331 -0.0481123 -0.144331 -0.0613091 -0.18439 -0.0613091 -0.18439 -0.0723732 -0.218127 -0.0723732 -0.218127 -0.0809815 -0.24445 -0.0809815 -0.24445 -0.0868752 -0.262498 -0.0868752 -0.262498 -0.0898719 -0.271677 -0.0898719 -0.271677 -0.0898747 -0.27168 -0.0898747 -0.27168 -0.0868837 -0.262506 -0.0868837 -0.262506 -0.0809942 -0.244462 -0.0809942 -0.244462 -0.072389 -0.218141 -0.072389 -0.218141 -0.061326 -0.184403 -0.061326 -0.184403 -0.0481302 -0.144343 -0.0481302 -0.144343 -0.0331902 -0.0992683 -0.0331902 -0.0992683 -0.0169653 -0.0506538 -0.0169653 -0.0506538 -6.32133e-06 -0.000200951 -0.000204055 -0.00056681 -0.0506499 -0.0827791 -0.0506499 -0.0827791 -0.0992613 -0.162116 -0.0992613 -0.162116 -0.144331 -0.235771 -0.144331 -0.235771 -0.18439 -0.30131 -0.18439 -0.30131 -0.218127 -0.356553 -0.218127 -0.356553 -0.24445 -0.399677 -0.24445 -0.399677 -0.262498 -0.429251 -0.262498 -0.429251 -0.271677 -0.444291 -0.271677 -0.444291 -0.27168 -0.444293 -0.27168 -0.444293 -0.262506 -0.429259 -0.262506 -0.429259 -0.244462 -0.399688 -0.244462 -0.399688 -0.218141 -0.356566 -0.218141 -0.356566 -0.184403 -0.301321 -0.184403 -0.301321 -0.144343 -0.235777 -0.144343 -0.235777 -0.0992683 -0.162115 -0.0992683 -0.162115 -0.0506538 -0.0827743 -0.0506538 -0.0827743 -0.000200951 -0.000549557 -0.00056681 -0.00102848 -0.0827791 -0.112208 -0.0827791 -0.112208 -0.162116 -0.219562 -0.162116 -0.219562 -0.235771 -0.319284 -0.235771 -0.319284 -0.30131 -0.408059 -0.30131 -0.408059 -0.356553 -0.482912 -0.356553 -0.482912 -0.399677 -0.541352 -0.399677 -0.541352 -0.429251 -0.581434 -0.429251 -0.581434 -0.444291 -0.601817 -0.444291 -0.601817 -0.444293 -0.601821 -0.444293 -0.601821 -0.429259 -0.581442 -0.429259 -0.581442 -0.399688 -0.541364 -0.399688 -0.541364 -0.356566 -0.482923 -0.356566 -0.482923 -0.301321 -0.408067 -0.301321 -0.408067 -0.235777 -0.319287 -0.235777 -0.319287 -0.162115 -0.219557 -0.162115 -0.219557 -0.0827743 -0.1122 -0.0827743 -0.1122 -0.000549557 -0.00100392 -0.00102848 -0.0015422 -0.112208 -0.137889 -0.112208 -0.137889 -0.219562 -0.269597 -0.219562 -0.269597 -0.319284 -0.391979 -0.319284 -0.391979 -0.408059 -0.500953 -0.408059 -0.500953 -0.482912 -0.592854 -0.482912 -0.592854 -0.541352 -0.664612 -0.541352 -0.664612 -0.581434 -0.713829 -0.581434 -0.713829 -0.601817 -0.738858 -0.601817 -0.738858 -0.601821 -0.738862 -0.601821 -0.738862 -0.581442 -0.713839 -0.581442 -0.713839 -0.541364 -0.664626 -0.541364 -0.664626 -0.482923 -0.592867 -0.482923 -0.592867 -0.408067 -0.500962 -0.408067 -0.500962 -0.319287 -0.39198 -0.319287 -0.39198 -0.219557 -0.26959 -0.219557 -0.26959 -0.1122 -0.137883 -0.1122 -0.137883 -0.00100392 -0.00151393 -0.0015422 -0.00201629 -0.137889 -0.158921 -0.137889 -0.158921 -0.269597 -0.310464 -0.269597 -0.310464 -0.391979 -0.451326 -0.391979 -0.451326 -0.500953 -0.576773 -0.500953 -0.576773 -0.592854 -0.68258 -0.592854 -0.68258 -0.664612 -0.765203 -0.664612 -0.765203 -0.713829 -0.821873 -0.713829 -0.821873 -0.738858 -0.850693 -0.738858 -0.850693 -0.738862 -0.850698 -0.738862 -0.850698 -0.713839 -0.821886 -0.713839 -0.821886 -0.664626 -0.765221 -0.664626 -0.765221 -0.592867 -0.682598 -0.592867 -0.682598 -0.500962 -0.576785 -0.500962 -0.576785 -0.39198 -0.451327 -0.39198 -0.451327 -0.26959 -0.310461 -0.26959 -0.310461 -0.137883 -0.158911 -0.137883 -0.158911 -0.00151393 -0.00199009 -0.00201629 -0.00255477 -0.158921 -0.174521 -0.158921 -0.174521 -0.310464 -0.340742 -0.310464 -0.340742 -0.451326 -0.495242 -0.451326 -0.495242 -0.576773 -0.632878 -0.576773 -0.632878 -0.68258 -0.748976 -0.68258 -0.748976 -0.765203 -0.83964 -0.765203 -0.83964 -0.821873 -0.901827 -0.821873 -0.901827 -0.850693 -0.933454 -0.850693 -0.933454 -0.850698 -0.93346 -0.850698 -0.93346 -0.821886 -0.901844 -0.821886 -0.901844 -0.765221 -0.839664 -0.765221 -0.839664 -0.682598 -0.749002 -0.682598 -0.749002 -0.576785 -0.6329 -0.576785 -0.6329 -0.451327 -0.495258 -0.451327 -0.495258 -0.310461 -0.340743 -0.310461 -0.340743 -0.158911 -0.174501 -0.158911 -0.174501 -0.00199009 -0.00248076 -0.00255477 -0.002541 -0.174521 -0.18426 -0.174521 -0.18426 -0.340742 -0.359347 -0.340742 -0.359347 -0.495242 -0.522229 -0.495242 -0.522229 -0.632878 -0.667322 -0.632878 -0.667322 -0.748976 -0.789739 -0.748976 -0.789739 -0.83964 -0.885343 -0.83964 -0.885343 -0.901827 -0.950922 -0.901827 -0.950922 -0.933454 -0.984275 -0.933454 -0.984275 -0.93346 -0.984284 -0.93346 -0.984284 -0.901844 -0.950947 -0.901844 -0.950947 -0.839664 -0.885381 -0.839664 -0.885381 -0.749002 -0.789783 -0.749002 -0.789783 -0.6329 -0.667366 -0.6329 -0.667366 -0.495258 -0.522255 -0.495258 -0.522255 -0.340743 -0.359345 -0.340743 -0.359345 -0.174501 -0.18418 -0.174501 -0.18418 -0.00248076 -0.00252954 -0.002541 -0.0039471 -0.18426 -0.18717 -0.18426 -0.18717 -0.359347 -0.365729 -0.359347 -0.365729 -0.522229 -0.531305 -0.522229 -0.531305 -0.667322 -0.678944 -0.667322 -0.678944 -0.789739 -0.803479 -0.789739 -0.803479 -0.885343 -0.900751 -0.885343 -0.900751 -0.950922 -0.967472 -0.950922 -0.967472 -0.984275 -1.00141 -0.984275 -1.00141 -0.984284 -1.00142 -0.984284 -1.00142 -0.950947 -0.967504 -0.950947 -0.967504 -0.885381 -0.9008 -0.885381 -0.9008 -0.789783 -0.80354 -0.789783 -0.80354 -0.667366 -0.679001 -0.667366 -0.679001 -0.522255 -0.53135 -0.522255 -0.53135 -0.359345 -0.365695 -0.359345 -0.365695 -0.18418 -0.187186 -0.18418 -0.187186 -0.00252954 -0.00353662 
SCALARS pressure_error double 1
LOOKUP_TABLE default
0.00451816 0.00212634 0.00125716 0.00173214 0.00125716 0.00173214 0.000444886 0.000194902 0.000444886 0.000194902 -0.00109825 -0.00111414 -0.00109825 -0.00111414 -0.002389 -0.00243522 -0.002389 -0.00243522 -0.00360057 -0.00361475 -0.00360057 -0.00361475 -0.00459736 -0.0045992 -0.00459736 -0.0045992 -0.00531981 -0.00530731 -0.00531981 -0.00530731 -0.00570076 -0.00568055 -0.00570076 -0.00568055 -0.00570819 -0.00568577 -0.00570819 -0.00568577 -0.00534181 -0.00532196 -0.00534181 -0.00532196 -0.00463266 -0.0046203 -0.00463266 -0.0046203 -0.00364378 -0.00363721 -0.00364378 -0.00363721 -0.00243585 -0.00245453 -0.00243585 -0.00245453 -0.00114284 -0.0011341 -0.00114284 -0.0011341 0.000359176 0.000169442 0.000359176 0.000169442 0.00123559 0.0016516 0.00123559 0.0016516 0.00410767 0.00215296 0.00212634 0.00236558 0.00173214 0.00126633 0.00173214 0.00126633 0.000194902 4.12804e-05 0.000194902 4.12804e-05 -0.00111414 -0.00122338 -0.00111414 -0.00122338 -0.00243522 -0.00247432 -0.00243522 -0.00247432 -0.00361475 -0.00362632 -0.00361475 -0.00362632 -0.0045992 -0.00458817 -0.0045992 -0.00458817 -0.00530731 -0.0052797 -0.00530731 -0.0052797 -0.00568055 -0.0056425 -0.00568055 -0.0056425 -0.00568577 -0.00564566 -0.00568577 -0.00564566 -0.00532196 -0.00528881 -0.00532196 -0.00528881 -0.0046203 -0.00460202 -0.0046203 -0.00460202 -0.00363721 -0.00364265 -0.00363721 -0.00364265 -0.00245453 -0.00248918 -0.00245453 -0.00248918 -0.0011341 -0.00123117 -0.0011341 -0.00123117 0.000169442 4.19555e-05 0.000169442 4.19555e-05 0.0016516 0.00127004 0.0016516 0.00127004 0.00215296 0.00234361 0.00236558 0.00173946 0.00126633 0.000941658 0.00126633 0.000941658 4.12804e-05 -0.000200147 4.12804e-05 -0.000200147 -0.00122338 -0.00135593 -0.00122338 -0.00135593 -0.00247432 -0.00254483 -0.00247432 -0.00254483 -0.00362632 -0.00364169 -0.00362632 -0.00364169 -0.00458817 -0.00455968 -0.00458817 -0.00455968 -0.0052797 -0.00521852 -0.0052797 -0.00521852 -0.0056425 -0.00556314 -0.0056425 -0.00556314 -0.00564566 -0.00556446 -0.00564566 -0.00556446 -0.00528881 -0.00522209 -0.00528881 -0.00522209 -0.00460202 -0.00456443 -0.00460202 -0.00456443 -0.00364265 -0.00364665 -0.00364265 -0.00364665 -0.00248918 -0.00254817 -0.00248918 -0.00254817 -0.00123117 -0.00135452 -0.00123117 -0.00135452 4.19555e-05 -0.000179352 4.19555e-05 -0.000179352 0.00127004 0.000978155 0.00127004 0.000978155 0.00234361 0.00180339 0.00173946 0.00129837 0.000941658 0.000552325 0.000941658 0.000552325 -0.000200147 -0.000443374 -0.000200147 -0.000443374 -0.00135593 -0.00150377 -0.00135593 -0.00150377 -0.00254483 -0.00259828 -0.00254483 -0.00259828 -0.00364169 -0.00361566 -0.00364169 -0.00361566 -0.00455968 -0.00446943 -0.00455968 -0.00446943 -0.00521852 -0.00508149 -0.00521852 -0.00508149 -0.00556314 -0.00540038 -0.00556314 -0.00540038 -0.00556446 -0.00540011 -0.00556446 -0.00540011 -0.00522209 -0.00508058 -0.00522209 -0.00508058 -0.00456443 -0.00446719 -0.00456443 -0.00446719 -0.00364665 -0.00361098 -0.00364665 -0.00361098 -0.00254817 -0.00258888 -0.00254817 -0.00258888 -0.00135452 -0.00148864 -0.00135452 -0.00148864 -0.000179352 -0.000412774 -0.000179352 -0.000412774 0.000978155 0.000609067 0.000978155 0.000609067 0.00180339 0.0013746 0.00129837 0.000814277 0.000552325 0.000206018 0.000552325 0.000206018 -0.000443374 -0.00065595 -0.000443374 -0.00065595 -0.00150377 -0.00159485 -0.00150377 -0.00159485 -0.00259828 -0.00257407 -0.00259828 -0.00257407 -0.00361566 -0.00349185 -0.00361566 -0.00349185 -0.00446943 -0.00426197 -0.00446943 -0.00426197 -0.00508149 -0.00481244 -0.00508149 -0.00481244 -0.00540038 -0.00509803 -0.00540038 -0.00509803 -0.00540011 -0.00509653 -0.00540011 -0.00509653 -0.00508058 -0.00480796 -0.00508058 -0.00480796 -0.00446719 -0.00425424 -0.00446719 -0.00425424 -0.00361098 -0.0034804 -0.00361098 -0.0034804 -0.00258888 -0.00255655 -0.00258888 -0.00255655 -0.00148864 -0.00156894 -0.00148864 -0.00156894 -0.000412774 -0.000618322 -0.000412774 -0.000618322 0.000609067 0.000265399 0.000609067 0.000265399 0.0013746 0.000893944 0.000814277 0.000405124 0.000206018 -6.86814e-05 0.000206018 -6.86814e-05 -0.00065595 -0.000773426 -0.00065595 -0.000773426 -0.00159485 -0.00157131 -0.00159485 -0.00157131 -0.00257407 -0.00241729 -0.00257407 -0.00241729 -0.00349185 -0.00321706 -0.00349185 -0.00321706 -0.00426197 -0.0038879 -0.00426197 -0.0038879 -0.00481244 -0.00436673 -0.00481244 -0.00436673 -0.00509803 -0.00461416 -0.00509803 -0.00461416 -0.00509653 -0.00461189 -0.00509653 -0.00461189 -0.00480796 -0.00435998 -0.00480796 -0.00435998 -0.00425424 -0.00387659 -0.00425424 -0.00387659 -0.0034804 -0.00320096 -0.0034804 -0.00320096 -0.00255655 -0.00239591 -0.00255655 -0.00239591 -0.00156894 -0.00154153 -0.00156894 -0.00154153 -0.000618322 -0.000735235 -0.000618322 -0.000735235 0.000265399 -1.42137e-05 0.000265399 -1.42137e-05 0.000893944 0.000472613 0.000405124 0.000103314 -6.86814e-05 -0.000216827 -6.86814e-05 -0.000216827 -0.000773426 -0.000747351 -0.000773426 -0.000747351 -0.00157131 -0.00138778 -0.00157131 -0.00138778 -0.00241729 -0.0020868 -0.00241729 -0.0020868 -0.00321706 -0.00275665 -0.00321706 -0.00275665 -0.0038879 -0.00332074 -0.0038879 -0.00332074 -0.00436673 -0.00372335 -0.00436673 -0.00372335 -0.00461416 -0.00393042 -0.00461416 -0.00393042 -0.00461189 -0.00392765 -0.00461189 -0.00392765 -0.00435998 -0.00371525 -0.00435998 -0.00371525 -0.00387659 -0.00330789 -0.00387659 -0.00330789 -0.00320096 -0.00273881 -0.00320096 -0.00273881 -0.00239591 -0.00206466 -0.00239591 -0.00206466 -0.00154153 -0.00135918 -0.00154153 -0.00135918 -0.000735235 -0.00071378 -0.000735235 -0.00071378 -1.42137e-05 -0.000173072 -1.42137e-05 -0.000173072 0.000472613 0.000154219 0.000103314 -4.17899e-05 -0.000216827 -0.000201592 -0.000216827 -0.000201592 -0.000747351 -0.000545239 -0.000747351 -0.000545239 -0.00138778 -0.00101866 -0.00138778 -0.00101866 -0.0020868 -0.00156364 -0.0020868 -0.00156364 -0.00275665 -0.00210023 -0.00275665 -0.00210023 -0.00332074 -0.00255715 -0.00332074 -0.00255715 -0.00372335 -0.00288422 -0.00372335 -0.00288422 -0.00393042 -0.00305191 -0.00393042 -0.00305191 -0.00392765 -0.00304908 -0.00392765 -0.00304908 -0.00371525 -0.00287567 -0.00371525 -0.00287567 -0.00330789 -0.00254392 -0.00330789 -0.00254392 -0.00273881 -0.00208277 -0.00273881 -0.00208277 -0.00206466 -0.0015434 -0.00206466 -0.0015434 -0.00135918 -0.00099467 -0.00135918 -0.00099467 -0.00071378 -0.000519702 -0.00071378 -0.000519702 -0.000173072 -0.000171257 -0.000173072 -0.000171257 0.000154219 -9.27525e-06 -4.17899e-05 -7.74301e-06 -0.000201592 -5.21679e-06 -0.000201592 -5.21679e-06 -0.000545239 -0.00015714 -0.000545239 -0.00015714 -0.00101866 -0.000460698 -0.00101866 -0.000460698 -0.00156364 -0.000851701 -0.00156364 -0.000851701 -0.00210023 -0.00125857 -0.00210023 -0.00125857 -0.00255715 -0.00161372 -0.00255715 -0.00161372 -0.00288422 -0.00187083 -0.00288422 -0.00187083 -0.00305191 -0.00200289 -0.00305191 -0.00200289 -0.00304908 -0.00200006 -0.00304908 -0.00200006 -0.00287567 -0.00186239 -0.00287567 -0.00186239 -0.00254392 -0.00160106 -0.00254392 -0.00160106 -0.00208277 -0.00124269 -0.00208277 -0.00124269 -0.0015434 -0.000834787 -0.0015434 -0.000834787 -0.00099467 -0.000442866 -0.00099467 -0.000442866 -0.000519702 -0.000140968 -0.000519702 -0.000140968 -0.000171257 1.10288e-05 -0.000171257 1.10288e-05 -9.27525e-06 6.32133e-06 -7.74301e-06 0.000204055 -5.21679e-06 0.000364506 -5.21679e-06 0.000364506 -0.00015714 0.000402802 -0.00015714 0.000402802 -0.000460698 0.000266206 -0.000460698 0.000266206 -0.000851701 2.40357e-05 -0.000851701 2.40357e-05 -0.00125857 -0.000260767 -0.00125857 -0.000260767 -0.00161372 -0.000522876 -0.00161372 -0.000522876 -0.00187083 -0.000717764 -0.00187083 -0.000717764 -0.00200289 -0.000818962 -0.00200289 -0.000818962 -0.00200006 -0.000816077 -0.00200006 -0.000816077 -0.00186239 -0.000709671 -0.00186239 -0.000709671 -0.00160106 -0.000511124 -0.00160106 -0.000511124 -0.00124269 -0.00024691 -0.00124269 -0.00024691 -0.000834787 3.72253e-05 -0.000834787 3.72253e-05 -0.000442866 0.000277852 -0.000442866 0.000277852 -0.000140968 0.000409863 -0.000140968 0.000409863 1.10288e-05 0.000368308 1.10288e-05 0.000368308 6.32133e-06 0.000200951 0.000204055 0.00056681 0.000364506 0.000874848 0.000364506 0.000874848 0.000402802 0.00109658 0.000402802 0.00109658 0.000266206 0.0011198 0.000266206 0.0011198 2.40357e-05 0.00101842 2.40357e-05 0.00101842 -0.000260767 0.000846599 -0.000260767 0.000846599 -0.000522876 0.000668165 -0.000522876 0.000668165 -0.000717764 0.000528114 -0.000717764 0.000528114 -0.000818962 0.000453664 -0.000818962 0.000453664 -0.000816077 0.000456496 -0.000816077 0.000456496 -0.000709671 0.000535948 -0.000709671 0.000535948 -0.000511124 0.000679465 -0.000511124 0.000679465 -0.00024691 0.000858781 -0.00024691 0.000858781 3.72253e-05 0.00102855 3.72253e-05 0.00102855 0.000277852 0.00112636 0.000277852 0.00112636 0.000409863 0.00109612 0.000409863 0.00109612 0.000368308 0.000870059 0.000368308 0.000870059 0.000200951 0.000549557 0.00056681 0.00102848 0.000874848 0.00147376 0.000874848 0.00147376 0.00109658 0.00186526 0.00109658 0.00186526 0.0011198 0.00203773 0.0011198 0.00203773 0.00101842 0.00206657 0.00101842 0.00206657 0.000846599 0.0019989 0.000846599 0.0019989 0.000668165 0.00189596 0.000668165 0.00189596 0.000528114 0.00180439 0.000528114 0.00180439 0.000453664 0.00175358 0.000453664 0.00175358 0.000456496 0.00175666 0.000456496 0.00175666 0.000535948 0.00181283 0.000535948 0.00181283 0.000679465 0.00190757 0.000679465 0.00190757 0.000858781 0.00201034 0.000858781 0.00201034 0.00102855 0.00207516 0.00102855 0.00207516 0.00112636 0.00204048 0.00112636 0.00204048 0.00109612 0.0018599 0.00109612 0.0018599 0.000870059 0.00146584 0.000870059 0.00146584 0.000549557 0.00100392 0.00102848 0.0015422 0.00147376 0.00209658 0.00147376 0.00209658 0.00186526 0.00263626 0.00186526 0.00263626 0.00203773 0.00294093 0.00203773 0.00294093 0.00206657 0.00308574 0.00206657 0.00308574 0.0019989 0.00311207 0.0019989 0.00311207 0.00189596 0.00307844 0.00189596 0.00307844 0.00180439 0.00303099 0.00180439 0.00303099 0.00175358 0.00300165 0.00175358 0.00300165 0.00175666 0.00300523 0.00175666 0.00300523 0.00181283 0.00304081 0.00181283 0.00304081 0.00190757 0.0030919 0.00190757 0.0030919 0.00201034 0.00312565 0.00201034 0.00312565 0.00207516 0.00309512 0.00207516 0.00309512 0.00204048 0.00294148 0.00204048 0.00294148 0.0018599 0.00262963 0.0018599 0.00262963 0.00146584 0.00209003 0.00146584 0.00209003 0.00100392 0.00151393 0.0015422 0.00201629 0.00209658 0.00269445 0.00209658 0.00269445 0.00263626 0.00333035 0.00263626 0.00333035 0.00294093 0.00374391 0.00294093 0.00374391 0.00308574 0.00398587 0.00308574 0.00398587 0.00311207 0.00409228 0.00311207 0.00409228 0.00307844 0.00411945 0.00307844 0.00411945 0.00303099 0.00411213 0.00303099 0.00411213 0.00300165 0.00410289 0.00300165 0.00410289 0.00300523 0.00410772 0.00300523 0.00410772 0.00304081 0.0041255 0.00304081 0.0041255 0.0030919 0.00413791 0.0030919 0.00413791 0.00312565 0.00411045 0.00312565 0.00411045 0.00309512 0.0039971 0.00309512 0.0039971 0.00294148 0.00374531 0.00294148 0.00374531 0.00262963 0.00332762 0.00262963 0.00332762 0.00209003 0.00268434 0.00209003 0.00268434 0.00151393 0.00199009 0.00201629 0.00255477 0.00269445 0.00317932 0.00269445 0.00317932 0.00333035 0.00389427 0.00333035 0.00389427 0.00374391 0.00435865 0.00374391 0.00435865 0.00398587 0.00467543 0.00398587 0.00467543 0.00409228 0.00484658 0.00409228 0.00484658 0.00411945 0.00492468 0.00411945 0.00492468 0.00411213 0.00495128 0.00411213 0.00495128 0.00410289 0.0049594 0.00410289 0.0049594 0.00410772 0.00496561 0.00410772 0.00496561 0.0041255 0.00496867 0.0041255 0.00496867 0.00413791 0.00494947 0.00413791 0.00494947 0.00411045 0.00487323 0.00411045 0.00487323 0.0039971 0.00469779 0.0039971 0.00469779 0.00374531 0.00437437 0.00374531 0.00437437 0.00332762 0.00389496 0.00332762 0.00389496 0.00268434 0.00315923 0.00268434 0.00315923 0.00199009 0.00248076 0.00255477 0.002541 0.00317932 0.00363964 0.00317932 0.00363964 0.00389427 0.0042561 0.00389427 0.0042561 0.00435865 0.00476009 0.00435865 0.00476009 0.00467543 0.00509688 0.00467543 0.00509688 0.00484658 0.00530906 0.00484658 0.00530906 0.00492468 0.00542164 0.00492468 0.00542164 0.00495128 0.0054734 0.00495128 0.0054734 0.0049594 0.00549515 0.0049594 0.00549515 0.00496561 0.00550401 0.00496561 0.00550401 0.00496867 0.00549868 0.00496867 0.00549868 0.00494947 0.00545979 0.00494947 0.00545979 0.00487323 0.00535388 0.00487323 0.00535388 0.00469779 0.00514085 0.00469779 0.00514085 0.00437437 0.00478675 0.00437437 0.00478675 0.00389496 0.00425447 0.00389496 0.00425447 0.00315923 0.0035591 0.00315923 0.0035591 0.00248076 0.00252954 0.002541 0.0039471 0.00363964 0.0034203 0.00363964 0.0034203 0.0042561 0.00448715 0.0042561 0.00448715 0.00476009 0.00487237 0.00476009 0.00487237 0.00509688 0.00524814 0.00509688 0.00524814 0.00530906 0.00546196 0.00530906 0.00546196 0.00542164 0.00558731 0.00542164 0.00558731 0.0054734 0.00564603 0.0054734 0.00564603 0.00549515 0.00567267 0.00549515 0.00567267 0.00550401 0.00568368 0.00550401 0.00568368 0.00549868 0.00567802 0.00549868 0.00567802 0.00545979 0.00563674 0.00545979 0.00563674 0.00535388 0.00552296 0.00535388 0.00552296 0.00514085 0.00530579 0.00514085 0.00530579 0.00478675 0.00491794 0.00478675 0.00491794 0.00425447 0.0044535 0.00425447 0.0044535 0.0035591 0.00343679 0.0035591 0.00343679 0.00252954 0.00353662 
SCALARS temperature double 1
LOOKUP_TABLE default
0 0 0.18375 0.171329 0.18375 0.171329 0.361242 0.336825 0.361242 0.336825 0.526432 0.490854 0.526432 0.490854 0.673696 0.62817 0.673696 0.62817 0.798017 0.744099 0.798017 0.744099 0.895163 0.834691 0.895163 0.834691 0.961826 0.896861 0.961826 0.896861 0.995734 0.928492 0.995734 0.928492 0.995734 0.928504 0.995734 0.928504 0.961826 0.896897 0.961826 0.896897 0.895163 0.834745 0.895163 0.834745 0.798017 0.744164 0.798017 0.744164 0.673696 0.628238 0.673696 0.628238 0.526432 0.490915 0.526432 0.490915 0.361242 0.336872 0.361242 0.336872 0.18375 0.171354 0.18375 0.171354 1.22465e-16 1.14195e-16 0 0 0.171329 0.135772 0.171329 0.135772 0.336825 0.266923 0.336825 0.266923 0.490854 0.388988 0.490854 0.388988 0.62817 0.497812 0.62817 0.497812 0.744099 0.58969 0.744099 0.58969 0.834691 0.661492 0.834691 0.661492 0.896861 0.710773 0.896861 0.710773 0.928492 0.735851 0.928492 0.735851 0.928504 0.735872 0.928504 0.735872 0.896897 0.710832 0.896897 0.710832 0.834745 0.661583 0.834745 0.661583 0.744164 0.589799 0.744164 0.589799 0.628238 0.497925 0.628238 0.497925 0.490915 0.38909 0.490915 0.38909 0.336872 0.267 0.336872 0.267 0.171354 0.135813 0.171354 0.135813 1.14195e-16 9.05025e-17 0 0 0.135772 0.0818779 0.135772 0.0818779 0.266923 0.160971 0.266923 0.160971 0.388988 0.234587 0.388988 0.234587 0.497812 0.300222 0.497812 0.300222 0.58969 0.355641 0.58969 0.355641 0.661492 0.398955 0.661492 0.398955 0.710773 0.42869 0.710773 0.42869 0.735851 0.443829 0.735851 0.443829 0.735872 0.443855 0.735872 0.443855 0.710832 0.428764 0.710832 0.428764 0.661583 0.399069 0.661583 0.399069 0.589799 0.355777 0.589799 0.355777 0.497925 0.300363 0.497925 0.300363 0.38909 0.234714 0.38909 0.234714 0.267 0.161067 0.267 0.161067 0.135813 0.0819295 0.135813 0.0819295 9.05025e-17 5.45872e-17 0 0 0.0818779 0.0169253 0.0818779 0.0169253 0.160971 0.0332778 0.160971 0.0332778 0.234587 0.0485027 0.234587 0.0485027 0.300222 0.0620834 0.300222 0.0620834 0.355641 0.0735582 0.355641 0.0735582 0.398955 0.0825357 0.398955 0.0825357 0.42869 0.0887086 0.42869 0.0887086 0.443829 0.091864 0.443829 0.091864 0.443855 0.091892 0.443855 0.091892 0.428764 0.0887887 0.428764 0.0887887 0.399069 0.0826575 0.399069 0.0826575 0.355777 0.0737053 0.355777 0.0737053 0.300363 0.0622359 0.300363 0.0622359 0.234714 0.0486398 0.234714 0.0486398 0.161067 0.033381 0.161067 0.033381 0.0819295 0.0169809 0.0819295 0.0169809 5.45872e-17 1.12996e-17 0 0 0.0169253 -0.0503138 0.0169253 -0.0503138 0.0332778 -0.0989109 0.0332778 -0.0989109 0.0485027 -0.144134 0.0485027 -0.144134 0.0620834 -0.184442 0.0620834 -0.184442 0.0735582 -0.21846 0.0735582 -0.21846 0.0825357 -0.245032 0.0825357 -0.245032 0.0887086 -0.263254 0.0887086 -0.263254 0.091864 -0.272509 0.091864 -0.272509 0.091892 -0.272482 0.091892 -0.272482 0.0887887 -0.263179 0.0887887 -0.263179 0.0826575 -0.244917 0.0826575 -0.244917 0.0737053 -0.218321 0.0737053 -0.218321 0.0622359 -0.184297 0.0622359 -0.184297 0.0486398 -0.144003 0.0486398 -0.144003 0.033381 -0.0988124 0.033381 -0.0988124 0.0169809 -0.0502608 0.0169809 -0.0502608 1.12996e-17 -3.3514e-17 0 0 -0.0503138 -0.110758 -0.0503138 -0.110758 -0.0989109 -0.217742 -0.0989109 -0.217742 -0.144134 -0.317306 -0.144134 -0.317306 -0.184442 -0.406058 -0.184442 -0.406058 -0.21846 -0.480976 -0.21846 -0.480976 -0.245032 -0.539508 -0.245032 -0.539508 -0.263254 -0.579664 -0.263254 -0.579664 -0.272509 -0.600078 -0.272509 -0.600078 -0.272482 -0.600056 -0.272482 -0.600056 -0.263179 -0.579602 -0.263179 -0.579602 -0.244917 -0.539414 -0.244917 -0.539414 -0.218321 -0.480861 -0.218321 -0.480861 -0.184297 -0.405938 -0.184297 -0.405938 -0.144003 -0.317198 -0.144003 -0.317198 -0.0988124 -0.21766 -0.0988124 -0.21766 -0.0502608 -0.110714 -0.0502608 -0.110714 -3.3514e-17 -7.38015e-17 0 0 -0.110758 -0.156244 -0.110758 -0.156244 -0.217742 -0.307166 -0.217742 -0.307166 -0.317306 -0.447625 -0.317306 -0.447625 -0.406058 -0.572835 -0.406058 -0.572835 -0.480976 -0.678534 -0.480976 -0.678534 -0.539508 -0.761122 -0.539508 -0.761122 -0.579664 -0.817788 -0.579664 -0.817788 -0.600078 -0.846604 -0.600078 -0.846604 -0.600056 -0.84659 -0.600056 -0.84659 -0.579602 -0.817747 -0.579602 -0.817747 -0.539414 -0.76106 -0.539414 -0.76106 -0.480861 -0.678458 -0.480861 -0.678458 -0.405938 -0.572756 -0.405938 -0.572756 -0.317198 -0.447553 -0.317198 -0.447553 -0.21766 -0.307112 -0.21766 -0.307112 -0.110714 -0.156215 -0.110714 -0.156215 -7.38015e-17 -1.04122e-16 0 0 -0.156244 -0.180629 -0.156244 -0.180629 -0.307166 -0.355106 -0.307166 -0.355106 -0.447625 -0.517489 -0.447625 -0.517489 -0.572835 -0.662248 -0.572835 -0.662248 -0.678534 -0.784452 -0.678534 -0.784452 -0.761122 -0.879941 -0.761122 -0.879941 -0.817788 -0.945464 -0.817788 -0.945464 -0.846604 -0.978791 -0.846604 -0.978791 -0.84659 -0.978786 -0.84659 -0.978786 -0.817747 -0.94545 -0.817747 -0.94545 -0.76106 -0.87992 -0.76106 -0.87992 -0.678458 -0.784426 -0.678458 -0.784426 -0.572756 -0.66222 -0.572756 -0.66222 -0.447553 -0.517464 -0.447553 -0.517464 -0.307112 -0.355087 -0.307112 -0.355087 -0.156215 -0.180619 -0.156215 -0.180619 -1.04122e-16 -1.20379e-16 0 0 -0.180629 -0.180619 -0.180629 -0.180619 -0.355106 -0.355088 -0.355106 -0.355088 -0.517489 -0.517465 -0.517489 -0.517465 -0.662248 -0.662221 -0.662248 -0.662221 -0.784452 -0.784426 -0.784452 -0.784426 -0.879941 -0.87992 -0.879941 -0.87992 -0.945464 -0.945451 -0.945464 -0.945451 -0.978791 -0.978787 -0.978791 -0.978787 -0.978786 -0.978791 -0.978786 -0.978791 -0.94545 -0.945465 -0.94545 -0.945465 -0.87992 -0.879942 -0.87992 -0.879942 -0.784426 -0.784453 -0.784426 -0.784453 -0.66222 -0.662248 -0.66222 -0.662248 -0.517464 -0.517489 -0.517464 -0.517489 -0.355087 -0.355106 -0.355087 -0.355106 -0.180619 -0.180629 -0.180619 -0.180629 -1.20379e-16 -1.20379e-16 0 0 -0.180619 -0.156215 -0.180619 -0.156215 -0.355088 -0.307113 -0.355088 -0.307113 -0.517465 -0.447554 -0.517465 -0.447554 -0.662221 -0.572757 -0.662221 -0.572757 -0.784426 -0.678459 -0.784426 -0.678459 -0.87992 -0.761061 -0.87992 -0.761061 -0.945451 -0.817749 -0.945451 -0.817749 -0.978787 -0.846591 -0.978787 -0.846591 -0.978791 -0.846606 -0.978791 -0.846606 -0.945465 -0.817789 -0.945465 -0.817789 -0.879942 -0.761123 -0.879942 -0.761123 -0.784453 -0.678535 -0.784453 -0.678535 -0.662248 -0.572836 -0.662248 -0.572836 -0.517489 -0.447625 -0.517489 -0.447625 -0.355106 -0.307166 -0.355106 -0.307166 -0.180629 -0.156244 -0.180629 -0.156244 -1.20379e-16 -1.04122e-16 0 0 -0.156215 -0.110714 -0.156215 -0.110714 -0.307113 -0.217661 -0.307113 -0.217661 -0.447554 -0.317199 -0.447554 -0.317199 -0.572757 -0.40594 -0.572757 -0.40594 -0.678459 -0.480863 -0.678459 -0.480863 -0.761061 -0.539416 -0.761061 -0.539416 -0.817749 -0.579605 -0.817749 -0.579605 -0.846591 -0.600059 -0.846591 -0.600059 -0.846606 -0.600081 -0.846606 -0.600081 -0.817789 -0.579667 -0.817789 -0.579667 -0.761123 -0.539511 -0.761123 -0.539511 -0.678535 -0.480978 -0.678535 -0.480978 -0.572836 -0.40606 -0.572836 -0.40606 -0.447625 -0.317307 -0.447625 -0.317307 -0.307166 -0.217742 -0.307166 -0.217742 -0.156244 -0.110758 -0.156244 -0.110758 -1.04122e-16 -7.38015e-17 0 0 -0.110714 -0.050261 -0.110714 -0.050261 -0.217661 -0.0988129 -0.217661 -0.0988129 -0.317199 -0.144004 -0.317199 -0.144004 -0.40594 -0.184298 -0.40594 -0.184298 -0.480863 -0.218323 -0.480863 -0.218323 -0.539416 -0.24492 -0.539416 -0.24492 -0.579605 -0.263182 -0.579605 -0.263182 -0.600059 -0.272486 -0.600059 -0.272486 -0.600081 -0.272512 -0.600081 -0.272512 -0.579667 -0.263258 -0.579667 -0.263258 -0.539511 -0.245035 -0.539511 -0.245035 -0.480978 -0.218463 -0.480978 -0.218463 -0.40606 -0.184443 -0.40606 -0.184443 -0.317307 -0.144135 -0.317307 -0.144135 -0.217742 -0.0989114 -0.217742 -0.0989114 -0.110758 -0.0503139 -0.110758 -0.0503139 -7.38015e-17 -3.3514e-17 0 0 -0.050261 0.0169807 -0.050261 0.0169807 -0.0988129 0.0333804 -0.0988129 0.0333804 -0.144004 0.0486387 -0.144004 0.0486387 -0.184298 0.0622342 -0.184298 0.0622342 -0.218323 0.073703 -0.218323 0.073703 -0.24492 0.0826546 -0.24492 0.0826546 -0.263182 0.0887853 -0.263182 0.0887853 -0.272486 0.0918883 -0.272486 0.0918883 -0.272512 0.0918603 -0.272512 0.0918603 -0.263258 0.088705 -0.263258 0.088705 -0.245035 0.0825326 -0.245035 0.0825326 -0.218463 0.0735556 -0.218463 0.0735556 -0.184443 0.0620815 -0.184443 0.0620815 -0.144135 0.0485015 -0.144135 0.0485015 -0.0989114 0.0332772 -0.0989114 0.0332772 -0.0503139 0.0169252 -0.0503139 0.0169252 -3.3514e-17 1.12996e-17 0 0 0.0169807 0.0819295 0.0169807 0.0819295 0.0333804 0.161066 0.0333804 0.161066 0.0486387 0.234713 0.0486387 0.234713 0.0622342 0.300362 0.0622342 0.300362 0.073703 0.355775 0.073703 0.355775 0.0826546 0.399066 0.0826546 0.399066 0.0887853 0.428761 0.0887853 0.428761 0.0918883 0.443852 0.0918883 0.443852 0.0918603 0.443826 0.0918603 0.443826 0.088705 0.428687 0.088705 0.428687 0.0825326 0.398952 0.0825326 0.398952 0.0735556 0.355638 0.0735556 0.355638 0.0620815 0.30022 0.0620815 0.30022 0.0485015 0.234586 0.0485015 0.234586 0.0332772 0.16097 0.0332772 0.16097 0.0169252 0.0818778 0.0169252 0.0818778 1.12996e-17 5.45872e-17 0 0 0.0819295 0.135813 0.0819295 0.135813 0.161066 0.266999 0.161066 0.266999 0.234713 0.389089 0.234713 0.389089 0.300362 0.497924 0.300362 0.497924 0.355775 0.589798 0.355775 0.589798 0.399066 0.661581 0.399066 0.661581 0.428761 0.71083 0.428761 0.71083 0.443852 0.73587 0.443852 0.73587 0.443826 0.735849 0.443826 0.735849 0.428687 0.71077 0.428687 0.71077 0.398952 0.66149 0.398952 0.66149 0.355638 0.589688 0.355638 0.589688 0.30022 0.497811 0.30022 0.497811 0.234586 0.388987 0.234586 0.388987 0.16097 0.266922 0.16097 0.266922 0.0818778 0.135772 0.0818778 0.135772 5.45872e-17 9.05025e-17 0 0 0.135813 0.171354 0.135813 0.171354 0.266999 0.336872 0.266999 0.336872 0.389089 0.490915 0.389089 0.490915 0.497924 0.628237 0.497924 0.628237 0.589798 0.744163 0.589798 0.744163 0.661581 0.834744 0.661581 0.834744 0.71083 0.896896 0.71083 0.896896 0.73587 0.928503 0.73587 0.928503 0.735849 0.928491 0.735849 0.928491 0.71077 0.89686 0.71077 0.89686 0.66149 0.83469 0.66149 0.83469 0.589688 0.744098 0.589688 0.744098 0.497811 0.62817 0.497811 0.62817 0.388987 0.490854 0.388987 0.490854 0.266922 0.336825 0.266922 0.336825 0.135772 0.171329 0.135772 0.171329 9.05025e-17 1.14195e-16 0 0 0.171354 0.18375 0.171354 0.18375 0.336872 0.361242 0.336872 0.361242 0.490915 0.526432 0.490915 0.526432 0.628237 0.673696 0.628237 0.673696 0.744163 0.798017 0.744163 0.798017 0.834744 0.895163 0.834744 0.895163 0.896896 0.961826 0.896896 0.961826 0.928503 0.995734 0.928503 0.995734 0.928491 0.995734 0.928491 0.995734 0.89686 0.961826 0.89686 0.961826 0.83469 0.895163 0.83469 0.895163 0.744098 0.798017 0.744098 0.798017 0.62817 0.673696 0.62817 0.673696 0.490854 0.526432 0.490854 0.526432 0.336825 0.361242 0.336825 0.361242 0.171329 0.18375 0.171329 0.18375 1.14195e-16 1.22465e-16 
SCALARS temperature_error double 1
LOOKUP_TABLE default
0 0 0 1.25441e-05 0 1.25441e-05 0 2.29569e-05 0 2.29569e-05 0 2.9665e-05 0 2.9665e-05 0 3.21557e-05 0 3.21557e-05 0 3.01892e-05 0 3.01892e-05 0 2.39727e-05 0 2.39727e-05 0 1.42992e-05 0 1.42992e-05 0 2.47411e-06 0 2.47411e-06 0 -9.89412e-06 0 -9.89412e-06 0 -2.1137e-05 0 -2.1137e-05 0 -2.97603e-05 0 -2.97603e-05 0 -3.46491e-05 0 -3.46491e-05 0 -3.52159e-05 0 -3.52159e-05 0 -3.14395e-05 0 -3.14395e-05 0 -2.37442e-05 0 -2.37442e-05 0 -1.28468e-05 0 -1.28468e-05 0 0 0 0 1.25441e-05 2.0898e-05 1.25441e-05 2.0898e-05 2.29569e-05 3.82263e-05 2.29569e-05 3.82263e-05 2.9665e-05 4.99502e-05 2.9665e-05 4.99502e-05 3.21557e-05 5.47248e-05 3.21557e-05 5.47248e-05 3.01892e-05 5.17583e-05 3.01892e-05 5.17583e-05 2.39727e-05 4.13821e-05 2.39727e-05 4.13821e-05 1.42992e-05 2.50507e-05 1.42992e-05 2.50507e-05 2.47411e-06 5.06879e-06 2.47411e-06 5.06879e-06 -9.89412e-06 -1.58063e-05 -9.89412e-06 -1.58063e-05 -2.1137e-05 -3.47558e-05 -2.1137e-05 -3.47558e-05 -2.97603e-05 -4.92587e-05 -2.97603e-05 -4.92587e-05 -3.46491e-05 -5.74169e-05 -3.46491e-05 -5.74169e-05 -3.52159e-05 -5.82206e-05 -3.52159e-05 -5.82206e-05 -3.14395e-05 -5.1682e-05 -3.14395e-05 -5.1682e-05 -2.37442e-05 -3.87372e-05 -2.37442e-05 -3.87372e-05 -1.28468e-05 -2.08662e-05 -1.28468e-05 -2.08662e-05 0 0 0 0 2.0898e-05 2.6319e-05 2.0898e-05 2.6319e-05 3.82263e-05 4.83474e-05 3.82263e-05 4.83474e-05 4.99502e-05 6.36202e-05 4.99502e-05 6.36202e-05 5.47248e-05 6.99623e-05 5.47248e-05 6.99623e-05 5.17583e-05 6.63487e-05 5.17583e-05 6.63487e-05 4.13821e-05 5.33366e-05 4.13821e-05 5.33366e-05 2.50507e-05 3.28719e-05 2.50507e-05 3.28719e-05 5.06879e-06 7.89384e-06 5.06879e-06 7.89384e-06 -1.58063e-05 -1.81662e-05 -1.58063e-05 -1.81662e-05 -3.47558e-05 -4.18391e-05 -3.47558e-05 -4.18391e-05 -4.92587e-05 -6.00145e-05 -4.92587e-05 -6.00145e-05 -5.74169e-05 -7.03134e-05 -5.74169e-05 -7.03134e-05 -5.82206e-05 -7.1431e-05 -5.82206e-05 -7.1431e-05 -5.1682e-05 -6.33489e-05 -5.1682e-05 -6.33489e-05 -3.87372e-05 -4.72886e-05 -3.87372e-05 -4.72886e-05 -2.08662e-05 -2.53435e-05 -2.08662e-05 -2.53435e-05 0 0 0 0 2.6319e-05 2.8932e-05 2.6319e-05 2.8932e-05 4.83474e-05 5.33533e-05 4.83474e-05 5.33533e-05 6.36202e-05 7.03692e-05 6.36202e-05 7.03692e-05 6.99623e-05 7.74371e-05 6.99623e-05 7.74371e-05 6.63487e-05 7.35851e-05 6.63487e-05 7.35851e-05 5.33366e-05 5.95336e-05 5.33366e-05 5.95336e-05 3.28719e-05 3.75033e-05 3.28719e-05 3.75033e-05 7.89384e-06 1.07093e-05 7.89384e-06 1.07093e-05 -1.81662e-05 -1.72035e-05 -1.81662e-05 -1.72035e-05 -4.18391e-05 -4.2606e-05 -4.18391e-05 -4.2606e-05 -6.00145e-05 -6.22386e-05 -6.00145e-05 -6.22386e-05 -7.03134e-05 -7.35501e-05 -7.03134e-05 -7.35501e-05 -7.1431e-05 -7.50728e-05 -7.1431e-05 -7.50728e-05 -6.33489e-05 -6.6725e-05 -6.33489e-05 -6.6725e-05 -4.72886e-05 -4.98048e-05 -4.72886e-05 -4.98048e-05 -2.53435e-05 -2.66261e-05 -2.53435e-05 -2.66261e-05 0 0 0 0 2.8932e-05 2.83514e-05 2.8932e-05 2.83514e-05 5.33533e-05 5.243e-05 5.33533e-05 5.243e-05 7.03692e-05 6.9207e-05 7.03692e-05 6.9207e-05 7.74371e-05 7.62154e-05 7.74371e-05 7.62154e-05 7.35851e-05 7.26076e-05 7.35851e-05 7.26076e-05 5.95336e-05 5.92047e-05 5.95336e-05 5.92047e-05 3.75033e-05 3.82795e-05 3.75033e-05 3.82795e-05 1.07093e-05 1.29403e-05 1.07093e-05 1.29403e-05 -1.72035e-05 -1.34049e-05 -1.72035e-05 -1.34049e-05 -4.2606e-05 -3.74285e-05 -4.2606e-05 -3.74285e-05 -6.22386e-05 -5.61429e-05 -6.22386e-05 -5.61429e-05 -7.35501e-05 -6.71633e-05 -7.35501e-05 -6.71633e-05 -7.50728e-05 -6.90418e-05 -7.50728e-05 -6.90418e-05 -6.6725e-05 -6.16101e-05 -6.6725e-05 -6.16101e-05 -4.98048e-05 -4.60783e-05 -4.98048e-05 -4.60783e-05 -2.66261e-05 -2.46481e-05 -2.66261e-05 -2.46481e-05 0 0 0 0 2.83514e-05 2.4401e-05 2.83514e-05 2.4401e-05 5.243e-05 4.52412e-05 5.243e-05 4.52412e-05 6.9207e-05 5.97874e-05 6.9207e-05 5.97874e-05 7.62154e-05 6.59549e-05 7.62154e-05 6.59549e-05 7.26076e-05 6.30826e-05 7.26076e-05 6.30826e-05 5.92047e-05 5.2009e-05 5.92047e-05 5.2009e-05 3.82795e-05 3.47596e-05 3.82795e-05 3.47596e-05 1.29403e-05 1.39664e-05 1.29403e-05 1.39664e-05 -1.34049e-05 -7.5831e-06 -1.34049e-05 -7.5831e-06 -3.74285e-05 -2.72417e-05 -3.74285e-05 -2.72417e-05 -5.61429e-05 -4.26577e-05 -5.61429e-05 -4.26577e-05 -6.71633e-05 -5.19399e-05 -6.71633e-05 -5.19399e-05 -6.90418e-05 -5.39088e-05 -6.90418e-05 -5.39088e-05 -6.16101e-05 -4.83773e-05 -6.16101e-05 -4.83773e-05 -4.60783e-05 -3.62975e-05 -4.60783e-05 -3.62975e-05 -2.46481e-05 -1.94778e-05 -2.46481e-05 -1.94778e-05 0 0 0 0 2.4401e-05 1.74064e-05 2.4401e-05 1.74064e-05 4.52412e-05 3.23915e-05 4.52412e-05 3.23915e-05 5.97874e-05 4.29154e-05 5.97874e-05 4.29154e-05 6.59549e-05 4.75181e-05 6.59549e-05 4.75181e-05 6.30826e-05 4.58013e-05 6.30826e-05 4.58013e-05 5.2009e-05 3.84713e-05 5.2009e-05 3.84713e-05 3.47596e-05 2.70238e-05 3.47596e-05 2.70238e-05 1.39664e-05 1.33165e-05 1.39664e-05 1.33165e-05 -7.5831e-06 -7.77732e-07 -7.5831e-06 -7.77732e-07 -2.72417e-05 -1.35666e-05 -2.72417e-05 -1.35666e-05 -4.26577e-05 -2.36107e-05 -4.26577e-05 -2.36107e-05 -5.19399e-05 -2.9789e-05 -5.19399e-05 -2.9789e-05 -5.39088e-05 -3.14255e-05 -5.39088e-05 -3.14255e-05 -4.83773e-05 -2.84467e-05 -4.83773e-05 -2.84467e-05 -3.62975e-05 -2.14537e-05 -3.62975e-05 -2.14537e-05 -1.94778e-05 -1.15867e-05 -1.94778e-05 -1.15867e-05 0 0 0 0 1.74064e-05 8.22554e-06 1.74064e-05 8.22554e-06 3.23915e-05 1.54527e-05 3.23915e-05 1.54527e-05 4.29154e-05 2.062e-05 4.29154e-05 2.062e-05 4.75181e-05 2.30792e-05 4.75181e-05 2.30792e-05 4.58013e-05 2.27407e-05 4.58013e-05 2.27407e-05 3.84713e-05 2.00469e-05 3.84713e-05 2.00469e-05 2.70238e-05 1.57754e-05 2.70238e-05 1.57754e-05 1.33165e-05 1.08036e-05 1.33165e-05 1.08036e-05 -7.77732e-07 5.91006e-06 -7.77732e-07 5.91006e-06 -1.35666e-05 1.67214e-06 -1.35666e-05 1.67214e-06 -2.36107e-05 -1.55167e-06 -2.36107e-05 -1.55167e-06 -2.9789e-05 -3.5989e-06 -2.9789e-05 -3.5989e-06 -3.14255e-05 -4.47343e-06 -3.14255e-05 -4.47343e-06 -2.84467e-05 -4.31995e-06 -2.84467e-05 -4.31995e-06 -2.14537e-05 -3.37748e-06 -2.14537e-05 -3.37748e-06 -1.15867e-05 -1.91496e-06 -1.15867e-05 -1.91496e-06 0 0 0 0 8.22554e-06 -1.88192e-06 8.22554e-06 -1.88192e-06 1.54527e-05 -3.27654e-06 1.54527e-05 -3.27654e-06 2.062e-05 -4.1252e-06 2.062e-05 -4.1252e-06 2.30792e-05 -4.17643e-06 2.30792e-05 -4.17643e-06 2.27407e-05 -3.19116e-06 2.27407e-05 -3.19116e-06 2.00469e-05 -1.03535e-06 2.00469e-05 -1.03535e-06 1.57754e-05 2.28465e-06 1.57754e-05 2.28465e-06 1.08036e-05 6.58915e-06 1.08036e-05 6.58915e-06 5.91006e-06 1.15033e-05 5.91006e-06 1.15033e-05 1.67214e-06 1.64379e-05 1.67214e-06 1.64379e-05 -1.55167e-06 2.06145e-05 -1.55167e-06 2.06145e-05 -3.5989e-06 2.31703e-05 -3.5989e-06 2.31703e-05 -4.47343e-06 2.33533e-05 -4.47343e-06 2.33533e-05 -4.31995e-06 2.0759e-05 -4.31995e-06 2.0759e-05 -3.37748e-06 1.54992e-05 -3.37748e-06 1.54992e-05 -1.91496e-06 8.23763e-06 -1.91496e-06 8.23763e-06 0 0 0 0 -1.88192e-06 -1.14979e-05 -1.88192e-06 -1.14979e-05 -3.27654e-06 -2.11929e-05 -3.27654e-06 -2.11929e-05 -4.1252e-06 -2.79235e-05 -4.1252e-06 -2.79235e-05 -4.17643e-06 -3.05827e-05 -4.17643e-06 -3.05827e-05 -3.19116e-06 -2.85969e-05 -3.19116e-06 -2.85969e-05 -1.03535e-06 -2.20846e-05 -1.03535e-06 -2.20846e-05 2.28465e-06 -1.17694e-05 2.28465e-06 -1.17694e-05 6.58915e-06 1.18357e-06 6.58915e-06 1.18357e-06 1.15033e-05 1.5302e-05 1.15033e-05 1.5302e-05 1.64379e-05 2.88799e-05 1.64379e-05 2.88799e-05 2.06145e-05 4.00599e-05 2.06145e-05 4.00599e-05 2.31703e-05 4.70222e-05 2.31703e-05 4.70222e-05 2.33533e-05 4.8335e-05 2.33533e-05 4.8335e-05 2.0759e-05 4.33677e-05 2.0759e-05 4.33677e-05 1.54992e-05 3.2573e-05 1.54992e-05 3.2573e-05 8.23763e-06 1.74534e-05 8.23763e-06 1.74534e-05 0 0 0 0 -1.14979e-05 -1.93333e-05 -1.14979e-05 -1.93333e-05 -2.11929e-05 -3.58813e-05 -2.11929e-05 -3.58813e-05 -2.79235e-05 -4.7573e-05 -2.79235e-05 -4.7573e-05 -3.05827e-05 -5.26137e-05 -3.05827e-05 -5.26137e-05 -2.85969e-05 -5.01193e-05 -2.85969e-05 -5.01193e-05 -2.20846e-05 -4.03347e-05 -2.20846e-05 -4.03347e-05 -1.17694e-05 -2.45152e-05 -1.17694e-05 -2.45152e-05 1.18357e-06 -4.61538e-06 1.18357e-06 -4.61538e-06 1.5302e-05 1.69678e-05 1.5302e-05 1.69678e-05 2.88799e-05 3.75716e-05 2.88799e-05 3.75716e-05 4.00599e-05 5.44308e-05 4.00599e-05 5.44308e-05 4.70222e-05 6.49652e-05 4.70222e-05 6.49652e-05 4.8335e-05 6.72461e-05 4.8335e-05 6.72461e-05 4.33677e-05 6.05231e-05 4.33677e-05 6.05231e-05 3.2573e-05 4.55607e-05 3.2573e-05 4.55607e-05 1.74534e-05 2.44819e-05 1.74534e-05 2.44819e-05 0 0 0 0 -1.93333e-05 -2.44669e-05 -1.93333e-05 -2.44669e-05 -3.58813e-05 -4.55399e-05 -3.58813e-05 -4.55399e-05 -4.7573e-05 -6.06151e-05 -4.7573e-05 -6.06151e-05 -5.26137e-05 -6.74633e-05 -5.26137e-05 -6.74633e-05 -5.01193e-05 -6.49607e-05 -5.01193e-05 -6.49607e-05 -4.03347e-05 -5.33509e-05 -4.03347e-05 -5.33509e-05 -2.45152e-05 -3.41607e-05 -2.45152e-05 -3.41607e-05 -4.61538e-06 -9.84822e-06 -4.61538e-06 -9.84822e-06 1.69678e-05 1.65466e-05 1.69678e-05 1.65466e-05 3.75716e-05 4.16786e-05 3.75716e-05 4.16786e-05 5.44308e-05 6.21616e-05 5.44308e-05 6.21616e-05 6.49652e-05 7.49503e-05 6.49652e-05 7.49503e-05 6.72461e-05 7.78709e-05 6.72461e-05 7.78709e-05 6.05231e-05 7.01914e-05 6.05231e-05 7.01914e-05 4.55607e-05 5.29097e-05 4.55607e-05 5.29097e-05 2.44819e-05 2.84746e-05 2.44819e-05 2.84746e-05 0 0 0 0 -2.44669e-05 -2.64521e-05 -2.44669e-05 -2.64521e-05 -4.55399e-05 -4.92222e-05 -4.55399e-05 -4.92222e-05 -6.06151e-05 -6.56605e-05 -6.06151e-05 -6.56605e-05 -6.74633e-05 -7.34335e-05 -6.74633e-05 -7.34335e-05 -6.49607e-05 -7.12818e-05 -6.49607e-05 -7.12818e-05 -5.33509e-05 -5.93751e-05 -5.33509e-05 -5.93751e-05 -3.41607e-05 -3.92606e-05 -3.41607e-05 -3.92606e-05 -9.84822e-06 -1.35584e-05 -9.84822e-06 -1.35584e-05 1.65466e-05 1.44209e-05 1.65466e-05 1.44209e-05 4.16786e-05 4.10311e-05 4.16786e-05 4.10311e-05 6.21616e-05 6.26465e-05 6.21616e-05 6.26465e-05 7.49503e-05 7.61106e-05 7.49503e-05 7.61106e-05 7.78709e-05 7.9281e-05 7.78709e-05 7.9281e-05 7.01914e-05 7.15468e-05 7.01914e-05 7.15468e-05 5.29097e-05 5.40006e-05 5.29097e-05 5.40006e-05 2.84746e-05 2.90934e-05 2.84746e-05 2.90934e-05 0 0 0 0 -2.64521e-05 -2.52451e-05 -2.64521e-05 -2.52451e-05 -4.92222e-05 -4.68054e-05 -4.92222e-05 -4.68054e-05 -6.56605e-05 -6.23781e-05 -6.56605e-05 -6.23781e-05 -7.34335e-05 -6.99541e-05 -7.34335e-05 -6.99541e-05 -7.12818e-05 -6.83033e-05 -7.12818e-05 -6.83033e-05 -5.93751e-05 -5.74892e-05 -5.93751e-05 -5.74892e-05 -3.92606e-05 -3.88876e-05 -3.92606e-05 -3.88876e-05 -1.35584e-05 -1.49404e-05 -1.35584e-05 -1.49404e-05 1.44209e-05 1.11977e-05 1.44209e-05 1.11977e-05 4.10311e-05 3.604e-05 4.10311e-05 3.604e-05 6.26465e-05 5.61686e-05 6.26465e-05 5.61686e-05 7.61106e-05 6.86937e-05 7.61106e-05 6.86937e-05 7.9281e-05 7.17446e-05 7.9281e-05 7.17446e-05 7.15468e-05 6.48567e-05 7.15468e-05 6.48567e-05 5.40006e-05 4.90422e-05 5.40006e-05 4.90422e-05 2.90934e-05 2.64437e-05 2.90934e-05 2.64437e-05 0 0 0 0 -2.52451e-05 -2.09005e-05 -2.52451e-05 -2.09005e-05 -4.68054e-05 -3.85299e-05 -4.68054e-05 -3.85299e-05 -6.23781e-05 -5.10489e-05 -6.23781e-05 -5.10489e-05 -6.99541e-05 -5.71475e-05 -6.99541e-05 -5.71475e-05 -6.83033e-05 -5.59325e-05 -6.83033e-05 -5.59325e-05 -5.74892e-05 -4.73978e-05 -5.74892e-05 -4.73978e-05 -3.88876e-05 -3.25836e-05 -3.88876e-05 -3.25836e-05 -1.49404e-05 -1.34296e-05 -1.49404e-05 -1.34296e-05 1.11977e-05 7.51007e-06 1.11977e-05 7.51007e-06 3.604e-05 2.74039e-05 3.604e-05 2.74039e-05 5.61686e-05 4.35085e-05 5.61686e-05 4.35085e-05 6.86937e-05 5.35561e-05 6.86937e-05 5.35561e-05 7.17446e-05 5.6128e-05 7.17446e-05 5.6128e-05 6.48567e-05 5.08879e-05 6.48567e-05 5.08879e-05 4.90422e-05 3.85855e-05 4.90422e-05 3.85855e-05 2.64437e-05 2.08042e-05 2.64437e-05 2.08042e-05 0 0 0 0 -2.09005e-05 -1.29619e-05 -2.09005e-05 -1.29619e-05 -3.85299e-05 -2.38035e-05 -3.85299e-05 -2.38035e-05 -5.10489e-05 -3.12756e-05 -5.10489e-05 -3.12756e-05 -5.71475e-05 -3.47647e-05 -5.71475e-05 -3.47647e-05 -5.59325e-05 -3.39263e-05 -5.59325e-05 -3.39263e-05 -4.73978e-05 -2.8807e-05 -4.73978e-05 -2.8807e-05 -3.25836e-05 -2.00045e-05 -3.25836e-05 -2.00045e-05 -1.34296e-05 -8.64664e-06 -1.34296e-05 -8.64664e-06 7.51007e-06 3.76036e-06 7.51007e-06 3.76036e-06 2.74039e-05 1.55416e-05 2.74039e-05 1.55416e-05 4.35085e-05 2.50872e-05 4.35085e-05 2.50872e-05 5.35561e-05 3.10868e-05 5.35561e-05 3.10868e-05 5.6128e-05 3.2728e-05 5.6128e-05 3.2728e-05 5.08879e-05 2.97956e-05 5.08879e-05 2.97956e-05 3.85855e-05 2.2651e-05 3.85855e-05 2.2651e-05 2.08042e-05 1.21769e-05 2.08042e-05 1.21769e-05 0 0 0 0 -1.29619e-05 0 -1.29619e-05 0 -2.38035e-05 0 -2.38035e-05 0 -3.12756e-05 0 -3.12756e-05 0 -3.47647e-05 0 -3.47647e-05 0 -3.39263e-05 0 -3.39263e-05 0 -2.8807e-05 0 -2.8807e-05 0 -2.00045e-05 0 -2.00045e-05 0 -8.64664e-06 0 -8.64664e-06 0 3.76036e-06 0 3.76036e-06 0 1.55416e-05 0 1.55416e-05 0 2.50872e-05 0 2.50872e-05 0 3.10868e-05 0 3.10868e-05 0 3.2728e-05 0 3.2728e-05 0 2.97956e-05 0 2.97956e-05 0 2.2651e-05 0 2.2651e-05 0 1.21769e-05 0 1.21769e-05 0 0 0 
