# vtk DataFile Version 3.0
#This file was generated by the deal.II library on 2026/9/23 at 11:15:51
ASCII
DATASET UNSTRUCTURED_GRID

POINTS 1156 double
0 0 0
0.0588235 0 0
0 0.0588235 0
0.0588235 0.0588235 0
0 0.0588235 0
0.0588235 0.0588235 0
0 0.117647 0
0.0588235 0.117647 0
0 0.117647 0
0.0588235 0.117647 0
0 0.176471 0
0.0588235 0.176471 0
0 0.176471 0
0.0588235 0.176471 0
0 0.235294 0
0.0588235 0.235294 0
0 0.235294 0
0.0588235 0.235294 0
0 0.294118 0
0.0588235 0.294118 0
0 0.294118 0
0.0588235 0.294118 0
0 0.352941 0
0.0588235 0.352941 0
0 0.352941 0
0.0588235 0.352941 0
0 0.411765 0
0.0588235 0.411765 0
0 0.411765 0
0.0588235 0.411765 0
0 0.470588 0
0.0588235 0.470588 0
0 0.470588 0
0.0588235 0.470588 0
0 0.529412 0
0.0588235 0.529412 0
0 0.529412 0
0.0588235 0.529412 0
0 0.588235 0
0.0588235 0.588235 0
0 0.588235 0
0.0588235 0.588235 0
0 0.647059 0
0.0588235 0.647059 0
0 0.647059 0
0.0588235 0.647059 0
0 0.705882 0
0.0588235 0.705882 0
0 0.705882 0
0.0588235 0.705882 0
0 0.764706 0
0.0588235 0.764706 0
0 0.764706 0
0.0588235 0.764706 0
0 0.823529 0
0.0588235 0.823529 0
0 0.823529 0
0.0588235 0.823529 0
0 0.882353 0
0.0588235 0.882353 0
0 0.882353 0
0.0588235 0.882353 0
0 0.941176 0
0.0588235 0.941176 0
0 0.941176 0
0.0588235 0.941176 0
0 1 0
0.0588235 1 0
0.0588235 0 0
0.117647 0 0
0.0588235 0.0588235 0
0.117647 0.0588235 0
0.0588235 0.0588235 0
0.117647 0.0588235 0
0.0588235 0.117647 0
0.117647 0.117647 0
0.0588235 0.117647 0
0.117647 0.117647 0
0.0588235 0.176471 0
0.117647 0.176471 0
0.0588235 0.176471 0
0.117647 0.176471 0
0.0588235 0.235294 0
0.117647 0.235294 0
0.0588235 0.235294 0
0.117647 0.235294 0
0.0588235 0.294118 0
0.117647 0.294118 0
0.0588235 0.294118 0
0.117647 0.294118 0
0.0588235 0.352941 0
0.117647 0.352941 0
0.0588235 0.352941 0
0.117647 0.352941 0
0.0588235 0.411765 0
0.117647 0.411765 0
0.0588235 0.411765 0
0.117647 0.411765 0
0.0588235 0.470588 0
0.117647 0.470588 0
0.0588235 0.470588 0
0.117647 0.470588 0
0.0588235 0.529412 0
0.117647 0.529412 0
0.0588235 0.529412 0
0.117647 0.529412 0
0.0588235 0.588235 0
0.117647 0.588235 0
0.0588235 0.588235 0
0.117647 0.588235 0
0.0588235 0.647059 0
0.117647 0.647059 0
0.0588235 0.647059 0
0.117647 0.647059 0
0.0588235 0.705882 0
0.117647 0.705882 0
0.0588235 0.705882 0
0.117647 0.705882 0
0.0588235 0.764706 0
0.117647 0.764706 0
0.0588235 0.764706 0
0.117647 0.764706 0
0.0588235 0.823529 0
0.117647 0.823529 0
0.0588235 0.823529 0
0.117647 0.823529 0
0.0588235 0.882353 0
0.117647 0.882353 0
0.0588235 0.882353 0
0.117647 0.882353 0
0.0588235 0.941176 0
0.117647 0.941176 0
0.0588235 0.941176 0
0.117647 0.941176 0
0.0588235 1 0
0.117647 1 0
0.117647 0 0
0.176471 0 0
0.117647 0.0588235 0
0.176471 0.0588235 0
0.117647 0.0588235 0
0.176471 0.0588235 0
0.117647 0.117647 0
0.176471 0.117647 0
0.117647 0.117647 0
0.176471 0.117647 0
0.117647 0.176471 0
0.176471 0.176471 0
0.117647 0.176471 0
0.176471 0.176471 0
0.117647 0.235294 0
0.176471 0.235294 0
0.117647 0.235294 0
0.176471 0.235294 0
0.117647 0.294118 0
0.176471 0.294118 0
0.117647 0.294118 0
0.176471 0.294118 0
0.117647 0.352941 0
0.176471 0.352941 0
0.117647 0.352941 0
0.176471 0.352941 0
0.117647 0.411765 0
0.176471 0.411765 0
0.117647 0.411765 0
0.176471 0.411765 0
0.117647 0.470588 0
0.176471 0.470588 0
0.117647 0.470588 0
0.176471 0.470588 0
0.117647 0.529412 0
0.176471 0.529412 0
0.117647 0.529412 0
0.176471 0.529412 0
0.117647 0.588235 0
0.176471 0.588235 0
0.117647 0.588235 0
0.176471 0.588235 0
0.117647 0.647059 0
0.176471 0.647059 0
0.117647 0.647059 0
0.176471 0.647059 0
0.117647 0.705882 0
0.176471 0.705882 0
0.117647 0.705882 0
0.176471 0.705882 0
0.117647 0.764706 0
0.176471 0.764706 0
0.117647 0.764706 0
0.176471 0.764706 0
0.117647 0.823529 0
0.176471 0.823529 0
0.117647 0.823529 0
0.176471 0.823529 0
0.117647 0.882353 0
0.176471 0.882353 0
0.117647 0.882353 0
0.176471 0.882353 0
0.117647 0.941176 0
0.176471 0.941176 0
0.117647 0.941176 0
0.176471 0.941176 0
0.117647 1 0
0.176471 1 0
0.176471 0 0
0.235294 0 0
0.176471 0.0588235 0
0.235294 0.0588235 0
0.176471 0.0588235 0
0.235294 0.0588235 0
0.176471 0.117647 0
0.235294 0.117647 0
0.176471 0.117647 0
0.235294 0.117647 0
0.176471 0.176471 0
0.235294 0.176471 0
0.176471 0.176471 0
0.235294 0.176471 0
0.176471 0.235294 0
0.235294 0.235294 0
0.176471 0.235294 0
0.235294 0.235294 0
0.176471 0.294118 0
0.235294 0.294118 0
0.176471 0.294118 0
0.235294 0.294118 0
0.176471 0.352941 0
0.235294 0.352941 0
0.176471 0.352941 0
0.235294 0.352941 0
0.176471 0.411765 0
0.235294 0.411765 0
0.176471 0.411765 0
0.235294 0.411765 0
0.176471 0.470588 0
0.235294 0.470588 0
0.176471 0.470588 0
0.235294 0.470588 0
0.176471 0.529412 0
0.235294 0.529412 0
0.176471 0.529412 0
0.235294 0.529412 0
0.176471 0.588235 0
0.235294 0.588235 0
0.176471 0.588235 0
0.235294 0.588235 0
0.176471 0.647059 0
0.235294 0.647059 0
0.176471 0.647059 0
0.235294 0.647059 0
0.176471 0.705882 0
0.235294 0.705882 0
0.176471 0.705882 0
0.235294 0.705882 0
0.176471 0.764706 0
0.235294 0.764706 0
0.176471 0.764706 0
0.235294 0.764706 0
0.176471 0.823529 0
0.235294 0.823529 0
0.176471 0.823529 0
0.235294 0.823529 0
0.176471 0.882353 0
0.235294 0.882353 0
0.176471 0.882353 0
0.235294 0.882353 0
0.176471 0.941176 0
0.235294 0.941176 0
0.176471 0.941176 0
0.235294 0.941176 0
0.176471 1 0
0.235294 1 0
0.235294 0 0
0.294118 0 0
0.235294 0.0588235 0
0.294118 0.0588235 0
0.235294 0.0588235 0
0.294118 0.0588235 0
0.235294 0.117647 0
0.294118 0.117647 0
0.235294 0.117647 0
0.294118 0.117647 0
0.235294 0.176471 0
0.294118 0.176471 0
0.235294 0.176471 0
0.294118 0.176471 0
0.235294 0.235294 0
0.294118 0.235294 0
0.235294 0.235294 0
0.294118 0.235294 0
0.235294 0.294118 0
0.294118 0.294118 0
0.235294 0.294118 0
0.294118 0.294118 0
0.235294 0.352941 0
0.294118 0.352941 0
0.235294 0.352941 0
0.294118 0.352941 0
0.235294 0.411765 0
0.294118 0.411765 0
0.235294 0.411765 0
0.294118 0.411765 0
0.235294 0.470588 0
0.294118 0.470588 0
0.235294 0.470588 0
0.294118 0.470588 0
0.235294 0.529412 0
0.294118 0.529412 0
0.235294 0.529412 0
0.294118 0.529412 0
0.235294 0.588235 0
0.294118 0.588235 0
0.235294 0.588235 0
0.294118 0.588235 0
0.235294 0.647059 0
0.294118 0.647059 0
0.235294 0.647059 0
0.294118 0.647059 0
0.235294 0.705882 0
0.294118 0.705882 0
0.235294 0.705882 0
0.294118 0.705882 0
0.235294 0.764706 0
0.294118 0.764706 0
0.235294 0.764706 0
0.294118 0.764706 0
0.235294 0.823529 0
0.294118 0.823529 0
0.235294 0.823529 0
0.294118 0.823529 0
0.235294 0.882353 0
0.294118 0.882353 0
0.235294 0.882353 0
0.294118 0.882353 0
0.235294 0.941176 0
0.294118 0.941176 0
0.235294 0.941176 0
0.294118 0.941176 0
0.235294 1 0
0.294118 1 0
0.294118 0 0
0.352941 0 0
0.294118 0.0588235 0
0.352941 0.0588235 0
0.294118 0.0588235 0
0.352941 0.0588235 0
0.294118 0.117647 0
0.352941 0.117647 0
0.294118 0.117647 0
0.352941 0.117647 0
0.294118 0.176471 0
0.352941 0.176471 0
0.294118 0.176471 0
0.352941 0.176471 0
0.294118 0.235294 0
0.352941 0.235294 0
0.294118 0.235294 0
0.352941 0.235294 0
0.294118 0.294118 0
0.352941 0.294118 0
0.294118 0.294118 0
0.352941 0.294118 0
0.294118 0.352941 0
0.352941 0.352941 0
0.294118 0.352941 0
0.352941 0.352941 0
0.294118 0.411765 0
0.352941 0.411765 0
0.294118 0.411765 0
0.352941 0.411765 0
0.294118 0.470588 0
0.352941 0.470588 0
0.294118 0.470588 0
0.352941 0.470588 0
0.294118 0.529412 0
0.352941 0.529412 0
0.294118 0.529412 0
0.352941 0.529412 0
0.294118 0.588235 0
0.352941 0.588235 0
0.294118 0.588235 0
0.352941 0.588235 0
0.294118 0.647059 0
0.352941 0.647059 0
0.294118 0.647059 0
0.352941 0.647059 0
0.294118 0.705882 0
0.352941 0.705882 0
0.294118 0.705882 0
0.352941 0.705882 0
0.294118 0.764706 0
0.352941 0.764706 0
0.294118 0.764706 0
0.352941 0.764706 0
0.294118 0.823529 0
0.352941 0.823529 0
0.294118 0.823529 0
0.352941 0.823529 0
0.294118 0.882353 0
0.352941 0.882353 0
0.294118 0.882353 0
0.352941 0.882353 0
0.294118 0.941176 0
0.352941 0.941176 0
0.294118 0.941176 0
0.352941 0.941176 0
0.294118 1 0
0.352941 1 0
0.352941 0 0
0.411765 0 0
0.352941 0.0588235 0
0.411765 0.0588235 0
0.352941 0.0588235 0
0.411765 0.0588235 0
0.352941 0.117647 0
0.411765 0.117647 0
0.352941 0.117647 0
0.411765 0.117647 0
0.352941 0.176471 0
0.411765 0.176471 0
0.352941 0.176471 0
0.411765 0.176471 0
0.352941 0.235294 0
0.411765 0.235294 0
0.352941 0.235294 0
0.411765 0.235294 0
0.352941 0.294118 0
0.411765 0.294118 0
0.352941 0.294118 0
0.411765 0.294118 0
0.352941 0.352941 0
0.411765 0.352941 0
0.352941 0.352941 0
0.411765 0.352941 0
0.352941 0.411765 0
0.411765 0.411765 0
0.352941 0.411765 0
0.411765 0.411765 0
0.352941 0.470588 0
0.411765 0.470588 0
0.352941 0.470588 0
0.411765 0.470588 0
0.352941 0.529412 0
0.411765 0.529412 0
0.352941 0.529412 0
0.411765 0.529412 0
0.352941 0.588235 0
0.411765 0.588235 0
0.352941 0.588235 0
0.411765 0.588235 0
0.352941 0.647059 0
0.411765 0.647059 0
0.352941 0.647059 0
0.411765 0.647059 0
0.352941 0.705882 0
0.411765 0.705882 0
0.352941 0.705882 0
0.411765 0.705882 0
0.352941 0.764706 0
0.411765 0.764706 0
0.352941 0.764706 0
0.411765 0.764706 0
0.352941 0.823529 0
0.411765 0.823529 0
0.352941 0.823529 0
0.411765 0.823529 0
0.352941 0.882353 0
0.411765 0.882353 0
0.352941 0.882353 0
0.411765 0.882353 0
0.352941 0.941176 0
0.411765 0.941176 0
0.352941 0.941176 0
0.411765 0.941176 0
0.352941 1 0
0.411765 1 0
0.411765 0 0
0.470588 0 0
0.411765 0.0588235 0
0.470588 0.0588235 0
0.411765 0.0588235 0
0.470588 0.0588235 0
0.411765 0.117647 0
0.470588 0.117647 0
0.411765 0.117647 0
0.470588 0.117647 0
0.411765 0.176471 0
0.470588 0.176471 0
0.411765 0.176471 0
0.470588 0.176471 0
0.411765 0.235294 0
0.470588 0.235294 0
0.411765 0.235294 0
0.470588 0.235294 0
0.411765 0.294118 0
0.470588 0.294118 0
0.411765 0.294118 0
0.470588 0.294118 0
0.411765 0.352941 0
0.470588 0.352941 0
0.411765 0.352941 0
0.470588 0.352941 0
0.411765 0.411765 0
0.470588 0.411765 0
0.411765 0.411765 0
0.470588 0.411765 0
0.411765 0.470588 0
0.470588 0.470588 0
0.411765 0.470588 0
0.470588 0.470588 0
0.411765 0.529412 0
0.470588 0.529412 0
0.411765 0.529412 0
0.470588 0.529412 0
0.411765 0.588235 0
0.470588 0.588235 0
0.411765 0.588235 0
0.470588 0.588235 0
0.411765 0.647059 0
0.470588 0.647059 0
0.411765 0.647059 0
0.470588 0.647059 0
0.411765 0.705882 0
0.470588 0.705882 0
0.411765 0.705882 0
0.470588 0.705882 0
0.411765 0.764706 0
0.470588 0.764706 0
0.411765 0.764706 0
0.470588 0.764706 0
0.411765 0.823529 0
0.470588 0.823529 0
0.411765 0.823529 0
0.470588 0.823529 0
0.411765 0.882353 0
0.470588 0.882353 0
0.411765 0.882353 0
0.470588 0.882353 0
0.411765 0.941176 0
0.470588 0.941176 0
0.411765 0.941176 0
0.470588 0.941176 0
0.411765 1 0
0.470588 1 0
0.470588 0 0
0.529412 0 0
0.470588 0.0588235 0
0.529412 0.0588235 0
0.470588 0.0588235 0
0.529412 0.0588235 0
0.470588 0.117647 0
0.529412 0.117647 0
0.470588 0.117647 0
0.529412 0.117647 0
0.470588 0.176471 0
0.529412 0.176471 0
0.470588 0.176471 0
0.529412 0.176471 0
0.470588 0.235294 0
0.529412 0.235294 0
0.470588 0.235294 0
0.529412 0.235294 0
0.470588 0.294118 0
0.529412 0.294118 0
0.470588 0.294118 0
0.529412 0.294118 0
0.470588 0.352941 0
0.529412 0.352941 0
0.470588 0.352941 0
0.529412 0.352941 0
0.470588 0.411765 0
0.529412 0.411765 0
0.470588 0.411765 0
0.529412 0.411765 0
0.470588 0.470588 0
0.529412 0.470588 0
0.470588 0.470588 0
0.529412 0.470588 0
0.470588 0.529412 0
0.529412 0.529412 0
0.470588 0.529412 0
0.529412 0.529412 0
0.470588 0.588235 0
0.529412 0.588235 0
0.470588 0.588235 0
0.529412 0.588235 0
0.470588 0.647059 0
0.529412 0.647059 0
0.470588 0.647059 0
0.529412 0.647059 0
0.470588 0.705882 0
0.529412 0.705882 0
0.470588 0.705882 0
0.529412 0.705882 0
0.470588 0.764706 0
0.529412 0.764706 0
0.470588 0.764706 0
0.529412 0.764706 0
0.470588 0.823529 0
0.529412 0.823529 0
0.470588 0.823529 0
0.529412 0.823529 0
0.470588 0.882353 0
0.529412 0.882353 0
0.470588 0.882353 0
0.529412 0.882353 0
0.470588 0.941176 0
0.529412 0.941176 0
0.470588 0.941176 0
0.529412 0.941176 0
0.470588 1 0
0.529412 1 0
0.529412 0 0
0.588235 0 0
0.529412 0.0588235 0
0.588235 0.0588235 0
0.529412 0.0588235 0
0.588235 0.0588235 0
0.529412 0.117647 0
0.588235 0.117647 0
0.529412 0.117647 0
0.588235 0.117647 0
0.529412 0.176471 0
0.588235 0.176471 0
0.529412 0.176471 0
0.588235 0.176471 0
0.529412 0.235294 0
0.588235 0.235294 0
0.529412 0.235294 0
0.588235 0.235294 0
0.529412 0.294118 0
0.588235 0.294118 0
0.529412 0.294118 0
0.588235 0.294118 0
0.529412 0.352941 0
0.588235 0.352941 0
0.529412 0.352941 0
0.588235 0.352941 0
0.529412 0.411765 0
0.588235 0.411765 0
0.529412 0.411765 0
0.588235 0.411765 0
0.529412 0.470588 0
0.588235 0.470588 0
0.529412 0.470588 0
0.588235 0.470588 0
0.529412 0.529412 0
0.588235 0.529412 0
0.529412 0.529412 0
0.588235 0.529412 0
0.529412 0.588235 0
0.588235 0.588235 0
0.529412 0.588235 0
0.588235 0.588235 0
0.529412 0.647059 0
0.588235 0.647059 0
0.529412 0.647059 0
0.588235 0.647059 0
0.529412 0.705882 0
0.588235 0.705882 0
0.529412 0.705882 0
0.588235 0.705882 0
0.529412 0.764706 0
0.588235 0.764706 0
0.529412 0.764706 0
0.588235 0.764706 0
0.529412 0.823529 0
0.588235 0.823529 0
0.529412 0.823529 0
0.588235 0.823529 0
0.529412 0.882353 0
0.588235 0.882353 0
0.529412 0.882353 0
0.588235 0.882353 0
0.529412 0.941176 0
0.588235 0.941176 0
0.529412 0.941176 0
0.588235 0.941176 0
0.529412 1 0
0.588235 1 0
0.588235 0 0
0.647059 0 0
0.588235 0.0588235 0
0.647059 0.0588235 0
0.588235 0.0588235 0
0.647059 0.0588235 0
0.588235 0.117647 0
0.647059 0.117647 0
0.588235 0.117647 0
0.647059 0.117647 0
0.588235 0.176471 0
0.647059 0.176471 0
0.588235 0.176471 0
0.647059 0.176471 0
0.588235 0.235294 0
0.647059 0.235294 0
0.588235 0.235294 0
0.647059 0.235294 0
0.588235 0.294118 0
0.647059 0.294118 0
0.588235 0.294118 0
0.647059 0.294118 0
0.588235 0.352941 0
0.647059 0.352941 0
0.588235 0.352941 0
0.647059 0.352941 0
0.588235 0.411765 0
0.647059 0.411765 0
0.588235 0.411765 0
0.647059 0.411765 0
0.588235 0.470588 0
0.647059 0.470588 0
0.588235 0.470588 0
0.647059 0.470588 0
0.588235 0.529412 0
0.647059 0.529412 0
0.588235 0.529412 0
0.647059 0.529412 0
0.588235 0.588235 0
0.647059 0.588235 0
0.588235 0.588235 0
0.647059 0.588235 0
0.588235 0.647059 0
0.647059 0.647059 0
0.588235 0.647059 0
0.647059 0.647059 0
0.588235 0.705882 0
0.647059 0.705882 0
0.588235 0.705882 0
0.647059 0.705882 0
0.588235 0.764706 0
0.647059 0.764706 0
0.588235 0.764706 0
0.647059 0.764706 0
0.588235 0.823529 0
0.647059 0.823529 0
0.588235 0.823529 0
0.647059 0.823529 0
0.588235 0.882353 0
0.647059 0.882353 0
0.588235 0.882353 0
0.647059 0.882353 0
0.588235 0.941176 0
0.647059 0.941176 0
0.588235 0.941176 0
0.647059 0.941176 0
0.588235 1 0
0.647059 1 0
0.647059 0 0
0.705882 0 0
0.647059 0.0588235 0
0.705882 0.0588235 0
0.647059 0.0588235 0
0.705882 0.0588235 0
0.647059 0.117647 0
0.705882 0.117647 0
0.647059 0.117647 0
0.705882 0.117647 0
0.647059 0.176471 0
0.705882 0.176471 0
0.647059 0.176471 0
0.705882 0.176471 0
0.647059 0.235294 0
0.705882 0.235294 0
0.647059 0.235294 0
0.705882 0.235294 0
0.647059 0.294118 0
0.705882 0.294118 0
0.647059 0.294118 0
0.705882 0.294118 0
0.647059 0.352941 0
0.705882 0.352941 0
0.647059 0.352941 0
0.705882 0.352941 0
0.647059 0.411765 0
0.705882 0.411765 0
0.647059 0.411765 0
0.705882 0.411765 0
0.647059 0.470588 0
0.705882 0.470588 0
0.647059 0.470588 0
0.705882 0.470588 0
0.647059 0.529412 0
0.705882 0.529412 0
0.647059 0.529412 0
0.705882 0.529412 0
0.647059 0.588235 0
0.705882 0.588235 0
0.647059 0.588235 0
0.705882 0.588235 0
0.647059 0.647059 0
0.705882 0.647059 0
0.647059 0.647059 0
0.705882 0.647059 0
0.647059 0.705882 0
0.705882 0.705882 0
0.647059 0.705882 0
0.705882 0.705882 0
0.647059 0.764706 0
0.705882 0.764706 0
0.647059 0.764706 0
0.705882 0.764706 0
0.647059 0.823529 0
0.705882 0.823529 0
0.647059 0.823529 0
0.705882 0.823529 0
0.647059 0.882353 0
0.705882 0.882353 0
0.647059 0.882353 0
0.705882 0.882353 0
0.647059 0.941176 0
0.705882 0.941176 0
0.647059 0.941176 0
0.705882 0.941176 0
0.647059 1 0
0.705882 1 0
0.705882 0 0
0.764706 0 0
0.705882 0.0588235 0
0.764706 0.0588235 0
0.705882 0.0588235 0
0.764706 0.0588235 0
0.705882 0.117647 0
0.764706 0.117647 0
0.705882 0.117647 0
0.764706 0.117647 0
0.705882 0.176471 0
0.764706 0.176471 0
0.705882 0.176471 0
0.764706 0.176471 0
0.705882 0.235294 0
0.764706 0.235294 0
0.705882 0.235294 0
0.764706 0.235294 0
0.705882 0.294118 0
0.764706 0.294118 0
0.705882 0.294118 0
0.764706 0.294118 0
0.705882 0.352941 0
0.764706 0.352941 0
0.705882 0.352941 0
0.764706 0.352941 0
0.705882 0.411765 0
0.764706 0.411765 0
0.705882 0.411765 0
0.764706 0.411765 0
0.705882 0.470588 0
0.764706 0.470588 0
0.705882 0.470588 0
0.764706 0.470588 0
0.705882 0.529412 0
0.764706 0.529412 0
0.705882 0.529412 0
0.764706 0.529412 0
0.705882 0.588235 0
0.764706 0.588235 0
0.705882 0.588235 0
0.764706 0.588235 0
0.705882 0.647059 0
0.764706 0.647059 0
0.705882 0.647059 0
0.764706 0.647059 0
0.705882 0.705882 0
0.764706 0.705882 0
0.705882 0.705882 0
0.764706 0.705882 0
0.705882 0.764706 0
0.764706 0.764706 0
0.705882 0.764706 0
0.764706 0.764706 0
0.705882 0.823529 0
0.764706 0.823529 0
0.705882 0.823529 0
0.764706 0.823529 0
0.705882 0.882353 0
0.764706 0.882353 0
0.705882 0.882353 0
0.764706 0.882353 0
0.705882 0.941176 0
0.764706 0.941176 0
0.705882 0.941176 0
0.764706 0.941176 0
0.705882 1 0
0.764706 1 0
0.764706 0 0
0.823529 0 0
0.764706 0.0588235 0
0.823529 0.0588235 0
0.764706 0.0588235 0
0.823529 0.0588235 0
0.764706 0.117647 0
0.823529 0.117647 0
0.764706 0.117647 0
0.823529 0.117647 0
0.764706 0.176471 0
0.823529 0.176471 0
0.764706 0.176471 0
0.823529 0.176471 0
0.764706 0.235294 0
0.823529 0.235294 0
0.764706 0.235294 0
0.823529 0.235294 0
0.764706 0.294118 0
0.823529 0.294118 0
0.764706 0.294118 0
0.823529 0.294118 0
0.764706 0.352941 0
0.823529 0.352941 0
0.764706 0.352941 0
0.823529 0.352941 0
0.764706 0.411765 0
0.823529 0.411765 0
0.764706 0.411765 0
0.823529 0.411765 0
0.764706 0.470588 0
0.823529 0.470588 0
0.764706 0.470588 0
0.823529 0.470588 0
0.764706 0.529412 0
0.823529 0.529412 0
0.764706 0.529412 0
0.823529 0.529412 0
0.764706 0.588235 0
0.823529 0.588235 0
0.764706 0.588235 0
0.823529 0.588235 0
0.764706 0.647059 0
0.823529 0.647059 0
0.764706 0.647059 0
0.823529 0.647059 0
0.764706 0.705882 0
0.823529 0.705882 0
0.764706 0.705882 0
0.823529 0.705882 0
0.764706 0.764706 0
0.823529 0.764706 0
0.764706 0.764706 0
0.823529 0.764706 0
0.764706 0.823529 0
0.823529 0.823529 0
0.764706 0.823529 0
0.823529 0.823529 0
0.764706 0.882353 0
0.823529 0.882353 0
0.764706 0.882353 0
0.823529 0.882353 0
0.764706 0.941176 0
0.823529 0.941176 0
0.764706 0.941176 0
0.823529 0.941176 0
0.764706 1 0
0.823529 1 0
0.823529 0 0
0.882353 0 0
0.823529 0.0588235 0
0.882353 0.0588235 0
0.823529 0.0588235 0
0.882353 0.0588235 0
0.823529 0.117647 0
0.882353 0.117647 0
0.823529 0.117647 0
0.882353 0.117647 0
0.823529 0.176471 0
0.882353 0.176471 0
0.823529 0.176471 0
0.882353 0.176471 0
0.823529 0.235294 0
0.882353 0.235294 0
0.823529 0.235294 0
0.882353 0.235294 0
0.823529 0.294118 0
0.882353 0.294118 0
0.823529 0.294118 0
0.882353 0.294118 0
0.823529 0.352941 0
0.882353 0.352941 0
0.823529 0.352941 0
0.882353 0.352941 0
0.823529 0.411765 0
0.882353 0.411765 0
0.823529 0.411765 0
0.882353 0.411765 0
0.823529 0.470588 0
0.882353 0.470588 0
0.823529 0.470588 0
0.882353 0.470588 0
0.823529 0.529412 0
0.882353 0.529412 0
0.823529 0.529412 0
0.882353 0.529412 0
0.823529 0.588235 0
0.882353 0.588235 0
0.823529 0.588235 0
0.882353 0.588235 0
0.823529 0.647059 0
0.882353 0.647059 0
0.823529 0.647059 0
0.882353 0.647059 0
0.823529 0.705882 0
0.882353 0.705882 0
0.823529 0.705882 0
0.882353 0.705882 0
0.823529 0.764706 0
0.882353 0.764706 0
0.823529 0.764706 0
0.882353 0.764706 0
0.823529 0.823529 0
0.882353 0.823529 0
0.823529 0.823529 0
0.882353 0.823529 0
0.823529 0.882353 0
0.882353 0.882353 0
0.823529 0.882353 0
0.882353 0.882353 0
0.823529 0.941176 0
0.882353 0.941176 0
0.823529 0.941176 0
0.882353 0.941176 0
0.823529 1 0
0.882353 1 0
0.882353 0 0
0.941176 0 0
0.882353 0.0588235 0
0.941176 0.0588235 0
0.882353 0.0588235 0
0.941176 0.0588235 0
0.882353 0.117647 0
0.941176 0.117647 0
0.882353 0.117647 0
0.941176 0.117647 0
0.882353 0.176471 0
0.941176 0.176471 0
0.882353 0.176471 0
0.941176 0.176471 0
0.882353 0.235294 0
0.941176 0.235294 0
0.882353 0.235294 0
0.941176 0.235294 0
0.882353 0.294118 0
0.941176 0.294118 0
0.882353 0.294118 0
0.941176 0.294118 0
0.882353 0.352941 0
0.941176 0.352941 0
0.882353 0.352941 0
0.941176 0.352941 0
0.882353 0.411765 0
0.941176 0.411765 0
0.882353 0.411765 0
0.941176 0.411765 0
0.882353 0.470588 0
0.941176 0.470588 0
0.882353 0.470588 0
0.941176 0.470588 0
0.882353 0.529412 0
0.941176 0.529412 0
0.882353 0.529412 0
0.941176 0.529412 0
0.882353 0.588235 0
0.941176 0.588235 0
0.882353 0.588235 0
0.941176 0.588235 0
0.882353 0.647059 0
0.941176 0.647059 0
0.882353 0.647059 0
0.941176 0.647059 0
0.882353 0.705882 0
0.941176 0.705882 0
0.882353 0.705882 0
0.941176 0.705882 0
0.882353 0.764706 0
0.941176 0.764706 0
0.882353 0.764706 0
0.941176 0.764706 0
0.882353 0.823529 0
0.941176 0.823529 0
0.882353 0.823529 0
0.941176 0.823529 0
0.882353 0.882353 0
0.941176 0.882353 0
0.882353 0.882353 0
0.941176 0.882353 0
0.882353 0.941176 0
0.941176 0.941176 0
0.882353 0.941176 0
0.941176 0.941176 0
0.882353 1 0
0.941176 1 0
0.941176 0 0
1 0 0
0.941176 0.0588235 0
1 0.0588235 0
0.941176 0.0588235 0
1 0.0588235 0
0.941176 0.117647 0
1 0.117647 0
0.941176 0.117647 0
1 0.117647 0
0.941176 0.176471 0
1 0.176471 0
0.941176 0.176471 0
1 0.176471 0
0.941176 0.235294 0
1 0.235294 0
0.941176 0.235294 0
1 0.235294 0
0.941176 0.294118 0
1 0.294118 0
0.941176 0.294118 0
1 0.294118 0
0.941176 0.352941 0
1 0.352941 0
0.941176 0.352941 0
1 0.352941 0
0.941176 0.411765 0
1 0.411765 0
0.941176 0.411765 0
1 0.411765 0
0.941176 0.470588 0
1 0.470588 0
0.941176 0.470588 0
1 0.470588 0
0.941176 0.529412 0
1 0.529412 0
0.941176 0.529412 0
1 0.529412 0
0.941176 0.588235 0
1 0.588235 0
0.941176 0.588235 0
1 0.588235 0
0.941176 0.647059 0
1 0.647059 0
0.941176 0.647059 0
1 0.647059 0
0.941176 0.705882 0
1 0.705882 0
0.941176 0.705882 0
1 0.705882 0
0.941176 0.764706 0
1 0.764706 0
0.941176 0.764706 0
1 0.764706 0
0.941176 0.823529 0
1 0.823529 0
0.941176 0.823529 0
1 0.823529 0
0.941176 0.882353 0
1 0.882353 0
0.941176 0.882353 0
1 0.882353 0
0.941176 0.941176 0
1 0.941176 0
0.941176 0.941176 0
1 0.941176 0
0.941176 1 0
1 1 0

CELLS 289 1445
4	0	1	3	2
4	4	5	7	6
4	8	9	11	10
4	12	13	15	14
4	16	17	19	18
4	20	21	23	22
4	24	25	27	26
4	28	29	31	30
4	32	33	35	34
4	36	37	39	38
4	40	41	43	42
4	44	45	47	46
4	48	49	51	50
4	52	53	55	54
4	56	57	59	58
4	60	61	63	62
4	64	65	67	66
4	68	69	71	70
4	72	73	75	74
4	76	77	79	78
4	80	81	83	82
4	84	85	87	86
4	88	89	91	90
4	92	93	95	94
4	96	97	99	98
4	100	101	103	102
4	104	105	107	106
4	108	109	111	110
4	112	113	115	114
4	116	117	119	118
4	120	121	123	122
4	124	125	127	126
4	128	129	131	130
4	132	133	135	134
4	136	137	139	138
4	140	141	143	142
4	144	145	147	146
4	148	149	151	150
4	152	153	155	154
4	156	157	159	158
4	160	161	163	162
4	164	165	167	166
4	168	169	171	170
4	172	173	175	174
4	176	177	179	178
4	180	181	183	182
4	184	185	187	186
4	188	189	191	190
4	192	193	195	194
4	196	197	199	198
4	200	201	203	202
4	204	205	207	206
4	208	209	211	210
4	212	213	215	214
4	216	217	219	218
4	220	221	223	222
4	224	225	227	226
4	228	229	231	230
4	232	233	235	234
4	236	237	239	238
4	240	241	243	242
4	244	245	247	246
4	248	249	251	250
4	252	253	255	254
4	256	257	259	258
4	260	261	263	262
4	264	265	267	266
4	268	269	271	270
4	272	273	275	274
4	276	277	279	278
4	280	281	283	282
4	284	285	287	286
4	288	289	291	290
4	292	293	295	294
4	296	297	299	298
4	300	301	303	302
4	304	305	307	306
4	308	309	311	310
4	312	313	315	314
4	316	317	319	318
4	320	321	323	322
4	324	325	327	326
4	328	329	331	330
4	332	333	335	334
4	336	337	339	338
4	340	341	343	342
4	344	345	347	346
4	348	349	351	350
4	352	353	355	354
4	356	357	359	358
4	360	361	363	362
4	364	365	367	366
4	368	369	371	370
4	372	373	375	374
4	376	377	379	378
4	380	381	383	382
4	384	385	387	386
4	388	389	391	390
4	392	393	395	394
4	396	397	399	398
4	400	401	403	402
4	404	405	407	406
4	408	409	411	410
4	412	413	415	414
4	416	417	419	418
4	420	421	423	422
4	424	425	427	426
4	428	429	431	430
4	432	433	435	434
4	436	437	439	438
4	440	441	443	442
4	444	445	447	446
4	448	449	451	450
4	452	453	455	454
4	456	457	459	458
4	460	461	463	462
4	464	465	467	466
4	468	469	471	470
4	472	473	475	474
4	476	477	479	478
4	480	481	483	482
4	484	485	487	486
4	488	489	491	490
4	492	493	495	494
4	496	497	499	498
4	500	501	503	502
4	504	505	507	506
4	508	509	511	510
4	512	513	515	514
4	516	517	519	518
4	520	521	523	522
4	524	525	527	526
4	528	529	531	530
4	532	533	535	534
4	536	537	539	538
4	540	541	543	542
4	544	545	547	546
4	548	549	551	550
4	552	553	555	554
4	556	557	559	558
4	560	561	563	562
4	564	565	567	566
4	568	569	571	570
4	572	573	575	574
4	576	577	579	578
4	580	581	583	582
4	584	585	587	586
4	588	589	591	590
4	592	593	595	594
4	596	597	599	598
4	600	601	603	602
4	604	605	607	606
4	608	609	611	610
4	612	613	615	614
4	616	617	619	618
4	620	621	623	622
4	624	625	627	626
4	628	629	631	630
4	632	633	635	634
4	636	637	639	638
4	640	641	643	642
4	644	645	647	646
4	648	649	651	650
4	652	653	655	654
4	656	657	659	658
4	660	661	663	662
4	664	665	667	666
4	668	669	671	670
4	672	673	675	674
4	676	677	679	678
4	680	681	683	682
4	684	685	687	686
4	688	689	691	690
4	692	693	695	694
4	696	697	699	698
4	700	701	703	702
4	704	705	707	706
4	708	709	711	710
4	712	713	715	714
4	716	717	719	718
4	720	721	723	722
4	724	725	727	726
4	728	729	731	730
4	732	733	735	734
4	736	737	739	738
4	740	741	743	742
4	744	745	747	746
4	748	749	751	750
4	752	753	755	754
4	756	757	759	758
4	760	761	763	762
4	764	765	767	766
4	768	769	771	770
4	772	773	775	774
4	776	777	779	778
4	780	781	783	782
4	784	785	787	786
4	788	789	791	790
4	792	793	795	794
4	796	797	799	798
4	800	801	803	802
4	804	805	807	806
4	808	809	811	810
4	812	813	815	814
4	816	817	819	818
4	820	821	823	822
4	824	825	827	826
4	828	829	831	830
4	832	833	835	834
4	836	837	839	838
4	840	841	843	842
4	844	845	847	846
4	848	849	851	850
4	852	853	855	854
4	856	857	859	858
4	860	861	863	862
4	864	865	867	866
4	868	869	871	870
4	872	873	875	874
4	876	877	879	878
4	880	881	883	882
4	884	885	887	886
4	888	889	891	890
4	892	893	895	894
4	896	897	899	898
4	900	901	903	902
4	904	905	907	906
4	908	909	911	910
4	912	913	915	914
4	916	917	919	918
4	920	921	923	922
4	924	925	927	926
4	928	929	931	930
4	932	933	935	934
4	936	937	939	938
4	940	941	943	942
4	944	945	947	946
4	948	949	951	950
4	952	953	955	954
4	956	957	959	958
4	960	961	963	962
4	964	965	967	966
4	968	969	971	970
4	972	973	975	974
4	976	977	979	978
4	980	981	983	982
4	984	985	987	986
4	988	989	991	990
4	992	993	995	994
4	996	997	999	998
4	1000	1001	1003	1002
4	1004	1005	1007	1006
4	1008	1009	1011	1010
4	1012	1013	1015	1014
4	1016	1017	1019	1018
4	1020	1021	1023	1022
4	1024	1025	1027	1026
4	1028	1029	1031	1030
4	1032	1033	1035	1034
4	1036	1037	1039	1038
4	1040	1041	1043	1042
4	1044	1045	1047	1046
4	1048	1049	1051	1050
4	1052	1053	1055	1054
4	1056	1057	1059	1058
4	1060	1061	1063	1062
4	1064	1065	1067	1066
4	1068	1069	1071	1070
4	1072	1073	1075	1074
4	1076	1077	1079	1078
4	1080	1081	1083	1082
4	1084	1085	1087	1086
4	1088	1089	1091	1090
4	1092	1093	1095	1094
4	1096	1097	1099	1098
4	1100	1101	1103	1102
4	1104	1105	1107	1106
4	1108	1109	1111	1110
4	1112	1113	1115	1114
4	1116	1117	1119	1118
4	1120	1121	1123	1122
4	1124	1125	1127	1126
4	1128	1129	1131	1130
4	1132	1133	1135	1134
4	1136	1137	1139	1138
4	1140	1141	1143	1142
4	1144	1145	1147	1146
4	1148	1149	1151	1150
4	1152	1153	1155	1154

CELL_TYPES 289
 9 9 9 9 9 9 9 9 9 9 9 9 9 9 9 9 9 9 9 9 9 9 9 9 9 9 9 9 9 9 9 9 9 9 9 9 9 9 9 9 9 9 9 9 9 9 9 9 9 9 9 9 9 9 9 9 9 9 9 9 9 9 9 9 9 9 9 9 9 9 9 9 9 9 9 9 9 9 9 9 9 9 9 9 9 9 9 9 9 9 9 9 9 9 9 9 9 9 9 9 9 9 9 9 9 9 9 9 9 9 9 9 9 9 9 9 9 9 9 9 9 9 9 9 9 9 9 9 9 9 9 9 9 9 9 9 9 9 9 9 9 9 9 9 9 9 9 9 9 9 9 9 9 9 9 9 9 9 9 9 9 9 9 9 9 9 9 9 9 9 9 9 9 9 9 9 9 9 9 9 9 9 9 9 9 9 9 9 9 9 9 9 9 9 9 9 9 9 9 9 9 9 9 9 9 9 9 9 9 9 9 9 9 9 9 9 9 9 9 9 9 9 9 9 9 9 9 9 9 9 9 9 9 9 9 9 9 9 9 9 9 9 9 9 9 9 9 9 9 9 9 9 9 9 9 9 9 9 9 9 9 9 9 9 9 9 9 9 9 9 9 9 9 9 9 9 9 9 9 9 9 9 9 9 9 9 9 9 9
POINT_DATA 1156
VECTORS velocity double
0 0 0
0.18375 0 0
0 -0.18375 0
0.180452 -0.180694 0
0 -0.18375 0
0.180452 -0.180694 0
0 -0.361242 0
0.171274 -0.355213 0
0 -0.361242 0
0.171274 -0.355213 0
0 -0.526432 0
0.156231 -0.517686 0
0 -0.526432 0
0.156231 -0.517686 0
0 -0.673696 0
0.135839 -0.662524 0
0 -0.673696 0
0.135839 -0.662524 0
0 -0.798017 0
0.110806 -0.784759 0
0 -0.798017 0
0.110806 -0.784759 0
0 -0.895163 0
0.0819926 -0.880223 0
0 -0.895163 0
0.0819926 -0.880223 0
0 -0.961826 0
0.0503824 -0.945677 0
0 -0.961826 0
0.0503824 -0.945677 0
0 -0.995734 0
0.017053 -0.978908 0
0 -0.995734 0
0.017053 -0.978908 0
0 -0.995734 0
-0.0168601 -0.978798 0
0 -0.995734 0
-0.0168601 -0.978798 0
0 -0.961826 0
-0.0502017 -0.945358 0
0 -0.961826 0
-0.0502017 -0.945358 0
0 -0.895163 0
-0.0818366 -0.879735 0
0 -0.895163 0
-0.0818366 -0.879735 0
0 -0.798017 0
-0.110688 -0.784165 0
0 -0.798017 0
-0.110688 -0.784165 0
0 -0.673696 0
-0.135771 -0.661906 0
0 -0.673696 0
-0.135771 -0.661906 0
0 -0.526432 0
-0.156228 -0.517131 0
0 -0.526432 0
-0.156228 -0.517131 0
0 -0.361242 0
-0.171355 -0.354791 0
0 -0.361242 0
-0.171355 -0.354791 0
0 -0.18375 0
-0.180642 -0.180442 0
0 -0.18375 0
-0.180642 -0.180442 0
0 -1.22465e-16 0
-0.18375 -1.20379e-16 0
0.18375 0 0
0.361242 0 0
0.180452 -0.180694 0
0.354831 -0.171452 0
0.180452 -0.180694 0
0.354831 -0.171452 0
0.171274 -0.355213 0
0.336797 -0.337069 0
0.171274 -0.355213 0
0.336797 -0.337069 0
0.156231 -0.517686 0
0.307182 -0.49119 0
0.156231 -0.517686 0
0.307182 -0.49119 0
0.135839 -0.662524 0
0.267052 -0.628536 0
0.135839 -0.662524 0
0.267052 -0.628536 0
0.110806 -0.784759 0
0.217813 -0.744444 0
0.110806 -0.784759 0
0.217813 -0.744444 0
0.0819926 -0.880223 0
0.161155 -0.834989 0
0.0819926 -0.880223 0
0.161155 -0.834989 0
0.0503824 -0.945677 0
0.0990083 -0.897092 0
0.0503824 -0.945677 0
0.0990083 -0.897092 0
0.017053 -0.978908 0
0.0334876 -0.928642 0
0.017053 -0.978908 0
0.0334876 -0.928642 0
-0.0168601 -0.978798 0
-0.0331772 -0.928566 0
-0.0168601 -0.978798 0
-0.0331772 -0.928566 0
-0.0502017 -0.945358 0
-0.0987172 -0.89687 0
-0.0502017 -0.945358 0
-0.0987172 -0.89687 0
-0.0818366 -0.879735 0
-0.160902 -0.83464 0
-0.0818366 -0.879735 0
-0.160902 -0.83464 0
-0.110688 -0.784165 0
-0.217614 -0.744 0
-0.110688 -0.784165 0
-0.217614 -0.744 0
-0.135771 -0.661906 0
-0.266922 -0.62804 0
-0.135771 -0.661906 0
-0.266922 -0.62804 0
-0.156228 -0.517131 0
-0.30714 -0.490708 0
-0.156228 -0.517131 0
-0.30714 -0.490708 0
-0.171355 -0.354791 0
-0.336879 -0.336678 0
-0.171355 -0.354791 0
-0.336879 -0.336678 0
-0.180642 -0.180442 0
-0.355105 -0.171219 0
-0.180642 -0.180442 0
-0.355105 -0.171219 0
-0.18375 -1.20379e-16 0
-0.361242 -1.14195e-16 0
0.361242 0 0
0.526432 0 0
0.354831 -0.171452 0
0.517213 -0.156343 0
0.354831 -0.171452 0
0.517213 -0.156343 0
0.336797 -0.337069 0
0.490868 -0.30735 0
0.336797 -0.337069 0
0.490868 -0.30735 0
0.307182 -0.49119 0
0.447645 -0.447843 0
0.307182 -0.49119 0
0.447645 -0.447843 0
0.267052 -0.628536 0
0.389147 -0.573057 0
0.267052 -0.628536 0
0.389147 -0.573057 0
0.217813 -0.744444 0
0.317397 -0.678753 0
0.217813 -0.744444 0
0.317397 -0.678753 0
0.161155 -0.834989 0
0.234836 -0.761329 0
0.161155 -0.834989 0
0.234836 -0.761329 0
0.0990083 -0.897092 0
0.144272 -0.817968 0
0.0990083 -0.897092 0
0.144272 -0.817968 0
0.0334876 -0.928642 0
0.0487895 -0.846744 0
0.0334876 -0.928642 0
0.0487895 -0.846744 0
-0.0331772 -0.928566 0
-0.0483609 -0.846679 0
-0.0331772 -0.928566 0
-0.0483609 -0.846679 0
-0.0987172 -0.89687 0
-0.143871 -0.817783 0
-0.0987172 -0.89687 0
-0.143871 -0.817783 0
-0.160902 -0.83464 0
-0.234488 -0.761045 0
-0.160902 -0.83464 0
-0.234488 -0.761045 0
-0.217614 -0.744 0
-0.317128 -0.678401 0
-0.217614 -0.744 0
-0.317128 -0.678401 0
-0.266922 -0.62804 0
-0.388976 -0.572674 0
-0.266922 -0.62804 0
-0.388976 -0.572674 0
-0.30714 -0.490708 0
-0.447585 -0.447465 0
-0.30714 -0.490708 0
-0.447585 -0.447465 0
-0.336879 -0.336678 0
-0.490943 -0.307031 0
-0.336879 -0.336678 0
-0.490943 -0.307031 0
-0.355105 -0.171219 0
-0.517521 -0.15615 0
-0.355105 -0.171219 0
-0.517521 -0.15615 0
-0.361242 -1.14195e-16 0
-0.526432 -1.04122e-16 0
0.526432 0 0
0.673696 0 0
0.517213 -0.156343 0
0.662022 -0.135884 0
0.517213 -0.156343 0
0.662022 -0.135884 0
0.490868 -0.30735 0
0.628215 -0.267122 0
0.490868 -0.30735 0
0.628215 -0.267122 0
0.447645 -0.447843 0
0.572867 -0.389226 0
0.447645 -0.447843 0
0.572867 -0.389226 0
0.389147 -0.573057 0
0.498008 -0.498069 0
0.389147 -0.573057 0
0.498008 -0.498069 0
0.317397 -0.678753 0
0.40619 -0.58995 0
0.317397 -0.678753 0
0.40619 -0.58995 0
0.234836 -0.761329 0
0.300528 -0.661733 0
0.234836 -0.761329 0
0.300528 -0.661733 0
0.144272 -0.817968 0
0.184625 -0.710974 0
0.144272 -0.817968 0
0.184625 -0.710974 0
0.0487895 -0.846744 0
0.0624279 -0.735997 0
0.0487895 -0.846744 0
0.0624279 -0.735997 0
-0.0483609 -0.846679 0
-0.061902 -0.735953 0
-0.0483609 -0.846679 0
-0.061902 -0.735953 0
-0.143871 -0.817783 0
-0.184131 -0.710845 0
-0.143871 -0.817783 0
-0.184131 -0.710845 0
-0.234488 -0.761045 0
-0.300096 -0.661533 0
-0.234488 -0.761045 0
-0.300096 -0.661533 0
-0.317128 -0.678401 0
-0.40585 -0.589699 0
-0.317128 -0.678401 0
-0.40585 -0.589699 0
-0.388976 -0.572674 0
-0.497789 -0.497796 0
-0.388976 -0.572674 0
-0.497789 -0.497796 0
-0.447585 -0.447465 0
-0.572782 -0.388959 0
-0.447585 -0.447465 0
-0.572782 -0.388959 0
-0.490943 -0.307031 0
-0.628274 -0.266897 0
-0.490943 -0.307031 0
-0.628274 -0.266897 0
-0.517521 -0.15615 0
-0.662323 -0.135747 0
-0.517521 -0.15615 0
-0.662323 -0.135747 0
-0.526432 -1.04122e-16 0
-0.673696 -9.05025e-17 0
0.673696 0 0
0.798017 0 0
0.662022 -0.135884 0
0.784294 -0.11079 0
0.662022 -0.135884 0
0.784294 -0.11079 0
0.628215 -0.267122 0
0.744174 -0.217795 0
0.628215 -0.267122 0
0.744174 -0.217795 0
0.572867 -0.389226 0
0.678602 -0.317363 0
0.572867 -0.389226 0
0.678602 -0.317363 0
0.498008 -0.498069 0
0.58993 -0.406124 0
0.498008 -0.498069 0
0.58993 -0.406124 0
0.40619 -0.58995 0
0.481158 -0.481053 0
0.40619 -0.58995 0
0.481158 -0.481053 0
0.300528 -0.661733 0
0.355991 -0.539597 0
0.300528 -0.661733 0
0.355991 -0.539597 0
0.184625 -0.710974 0
0.218693 -0.579762 0
0.184625 -0.710974 0
0.218693 -0.579762 0
0.0624279 -0.735997 0
0.0739395 -0.600179 0
0.0624279 -0.735997 0
0.0739395 -0.600179 0
-0.061902 -0.735953 0
-0.073339 -0.600153 0
-0.061902 -0.735953 0
-0.073339 -0.600153 0
-0.184131 -0.710845 0
-0.218127 -0.579686 0
-0.184131 -0.710845 0
-0.218127 -0.579686 0
-0.300096 -0.661533 0
-0.355492 -0.539479 0
-0.300096 -0.661533 0
-0.355492 -0.539479 0
-0.40585 -0.589699 0
-0.480758 -0.480904 0
-0.40585 -0.589699 0
-0.480758 -0.480904 0
-0.497789 -0.497796 0
-0.589657 -0.40596 0
-0.497789 -0.497796 0
-0.589657 -0.40596 0
-0.572782 -0.388959 0
-0.678477 -0.317202 0
-0.572782 -0.388959 0
-0.678477 -0.317202 0
-0.628274 -0.266897 0
-0.744196 -0.217659 0
-0.628274 -0.266897 0
-0.744196 -0.217659 0
-0.662323 -0.135747 0
-0.784556 -0.110712 0
-0.662323 -0.135747 0
-0.784556 -0.110712 0
-0.673696 -9.05025e-17 0
-0.798017 -7.38015e-17 0
0.798017 0 0
0.895163 0 0
0.784294 -0.11079 0
0.879861 -0.0819262 0
0.784294 -0.11079 0
0.879861 -0.0819262 0
0.744174 -0.217795 0
0.834806 -0.161061 0
0.744174 -0.217795 0
0.834806 -0.161061 0
0.678602 -0.317363 0
0.761249 -0.234702 0
0.678602 -0.317363 0
0.761249 -0.234702 0
0.58993 -0.406124 0
0.661774 -0.300353 0
0.58993 -0.406124 0
0.661774 -0.300353 0
0.481158 -0.481053 0
0.539749 -0.355777 0
0.481158 -0.481053 0
0.539749 -0.355777 0
0.355991 -0.539597 0
0.399335 -0.399087 0
0.355991 -0.539597 0
0.399335 -0.399087 0
0.218693 -0.579762 0
0.245314 -0.428805 0
0.218693 -0.579762 0
0.245314 -0.428805 0
0.0739395 -0.600179 0
0.0829308 -0.443917 0
0.0739395 -0.600179 0
0.0829308 -0.443917 0
-0.073339 -0.600153 0
-0.0822833 -0.443908 0
-0.073339 -0.600153 0
-0.0822833 -0.443908 0
-0.218127 -0.579686 0
-0.2447 -0.428778 0
-0.218127 -0.579686 0
-0.2447 -0.428778 0
-0.355492 -0.539479 0
-0.398788 -0.399043 0
-0.355492 -0.539479 0
-0.398788 -0.399043 0
-0.480758 -0.480904 0
-0.539299 -0.35572 0
-0.480758 -0.480904 0
-0.539299 -0.35572 0
-0.589657 -0.40596 0
-0.661446 -0.300288 0
-0.589657 -0.40596 0
-0.661446 -0.300288 0
-0.678477 -0.317202 0
-0.761069 -0.234636 0
-0.678477 -0.317202 0
-0.761069 -0.234636 0
-0.744196 -0.217659 0
-0.83477 -0.161003 0
-0.744196 -0.217659 0
-0.83477 -0.161003 0
-0.784556 -0.110712 0
-0.880046 -0.0819001 0
-0.784556 -0.110712 0
-0.880046 -0.0819001 0
-0.798017 -7.38015e-17 0
-0.895163 -5.45872e-17 0
0.895163 0 0
0.961826 0 0
0.879861 -0.0819262 0
0.945466 -0.0502778 0
0.879861 -0.0819262 0
0.945466 -0.0502778 0
0.834806 -0.161061 0
0.897023 -0.0988524 0
0.834806 -0.161061 0
0.897023 -0.0988524 0
0.761249 -0.234702 0
0.817983 -0.144058 0
0.761249 -0.234702 0
0.817983 -0.144058 0
0.661774 -0.300353 0
0.711088 -0.184362 0
0.661774 -0.300353 0
0.711088 -0.184362 0
0.539749 -0.355777 0
0.579964 -0.218392 0
0.539749 -0.355777 0
0.579964 -0.218392 0
0.399335 -0.399087 0
0.429083 -0.244989 0
0.399335 -0.399087 0
0.429083 -0.244989 0
0.245314 -0.428805 0
0.26358 -0.263244 0
0.245314 -0.428805 0
0.26358 -0.263244 0
0.0829308 -0.443917 0
0.0890948 -0.272533 0
0.0829308 -0.443917 0
0.0890948 -0.272533 0
-0.0822833 -0.443908 0
-0.0884299 -0.272538 0
-0.0822833 -0.443908 0
-0.0884299 -0.272538 0
-0.2447 -0.428778 0
-0.262946 -0.263257 0
-0.2447 -0.428778 0
-0.262946 -0.263257 0
-0.398788 -0.399043 0
-0.428508 -0.245008 0
-0.398788 -0.399043 0
-0.428508 -0.245008 0
-0.539299 -0.35572 0
-0.579476 -0.218413 0
-0.539299 -0.35572 0
-0.579476 -0.218413 0
-0.661446 -0.300288 0
-0.71071 -0.18438 0
-0.661446 -0.300288 0
-0.71071 -0.18438 0
-0.761069 -0.234636 0
-0.817739 -0.144071 0
-0.761069 -0.234636 0
-0.817739 -0.144071 0
-0.83477 -0.161003 0
-0.896912 -0.0988605 0
-0.83477 -0.161003 0
-0.896912 -0.0988605 0
-0.880046 -0.0819001 0
-0.945545 -0.0502946 0
-0.880046 -0.0819001 0
-0.945545 -0.0502946 0
-0.895163 -5.45872e-17 0
-0.961826 -3.3514e-17 0
0.961826 0 0
0.995734 0 0
0.945466 -0.0502778 0
0.978876 -0.0169226 0
0.945466 -0.0502778 0
0.978876 -0.0169226 0
0.897023 -0.0988524 0
0.928701 -0.0332871 0
0.897023 -0.0988524 0
0.928701 -0.0332871 0
0.817983 -0.144058 0
0.846868 -0.0485183 0
0.817983 -0.144058 0
0.846868 -0.0485183 0
0.711088 -0.184362 0
0.736191 -0.0621032 0
0.711088 -0.184362 0
0.736191 -0.0621032 0
0.579964 -0.218392 0
0.600431 -0.0735786 0
0.579964 -0.218392 0
0.600431 -0.0735786 0
0.429083 -0.244989 0
0.444217 -0.0825533 0
0.429083 -0.244989 0
0.444217 -0.0825533 0
0.26358 -0.263244 0
0.272868 -0.0887198 0
0.26358 -0.263244 0
0.272868 -0.0887198 0
0.0890948 -0.272533 0
0.0922215 -0.0918655 0
0.0890948 -0.272533 0
0.0922215 -0.0918655 0
-0.0884299 -0.272538 0
-0.0915682 -0.0918811 0
-0.0884299 -0.272538 0
-0.0915682 -0.0918811 0
-0.262946 -0.263257 0
-0.272239 -0.088764 0
-0.262946 -0.263257 0
-0.272239 -0.088764 0
-0.428508 -0.245008 0
-0.443635 -0.0826197 0
-0.428508 -0.245008 0
-0.443635 -0.0826197 0
-0.579476 -0.218413 0
-0.599919 -0.0736578 0
-0.579476 -0.218413 0
-0.599919 -0.0736578 0
-0.71071 -0.18438 0
-0.735768 -0.0621846 0
-0.71071 -0.18438 0
-0.735768 -0.0621846 0
-0.817739 -0.144071 0
-0.846556 -0.0485934 0
-0.817739 -0.144071 0
-0.846556 -0.0485934 0
-0.896912 -0.0988605 0
-0.928507 -0.033347 0
-0.896912 -0.0988605 0
-0.928507 -0.033347 0
-0.945545 -0.0502946 0
-0.978828 -0.0169725 0
-0.945545 -0.0502946 0
-0.978828 -0.0169725 0
-0.961826 -3.3514e-17 0
-0.995734 -1.12996e-17 0
0.995734 0 0
0.995734 0 0
0.978876 -0.0169226 0
0.978948 0.0170037 0
0.978876 -0.0169226 0
0.978948 0.0170037 0
0.928701 -0.0332871 0
0.928755 0.0334035 0
0.928701 -0.0332871 0
0.928755 0.0334035 0
0.846868 -0.0485183 0
0.846915 0.0486636 0
0.846868 -0.0485183 0
0.846915 0.0486636 0
0.736191 -0.0621032 0
0.736223 0.0622603 0
0.736191 -0.0621032 0
0.736223 0.0622603 0
0.600431 -0.0735786 0
0.60045 0.0737311 0
0.600431 -0.0735786 0
0.60045 0.0737311 0
0.444217 -0.0825533 0
0.444222 0.0826861 0
0.444217 -0.0825533 0
0.444222 0.0826861 0
0.272868 -0.0887198 0
0.272861 0.0888215 0
0.272868 -0.0887198 0
0.272861 0.0888215 0
0.0922215 -0.0918655 0
0.0922051 0.0919299 0
0.0922215 -0.0918655 0
0.0922051 0.0919299 0
-0.0915682 -0.0918811 0
-0.0915895 0.0919078 0
-0.0915682 -0.0918811 0
-0.0915895 0.0919078 0
-0.272239 -0.088764 0
-0.272261 0.0887581 0
-0.272239 -0.088764 0
-0.272261 0.0887581 0
-0.443635 -0.0826197 0
-0.443654 0.0825897 0
-0.443635 -0.0826197 0
-0.443654 0.0825897 0
-0.599919 -0.0736578 0
-0.59993 0.0736137 0
-0.599919 -0.0736578 0
-0.59993 0.0736137 0
-0.735768 -0.0621846 0
-0.735767 0.0621358 0
-0.735768 -0.0621846 0
-0.735767 0.0621358 0
-0.846556 -0.0485934 0
-0.846539 0.0485459 0
-0.846556 -0.0485934 0
-0.846539 0.0485459 0
-0.928507 -0.033347 0
-0.928478 0.0333067 0
-0.928507 -0.033347 0
-0.928478 0.0333067 0
-0.978828 -0.0169725 0
-0.978771 0.0169309 0
-0.978828 -0.0169725 0
-0.978771 0.0169309 0
-0.995734 -1.12996e-17 0
-0.995734 1.12996e-17 0
0.995734 0 0
0.961826 0 0
0.978948 0.0170037 0
0.945674 0.0503461 0
0.978948 0.0170037 0
0.945674 0.0503461 0
0.928755 0.0334035 0
0.897179 0.0989498 0
0.928755 0.0334035 0
0.897179 0.0989498 0
0.846915 0.0486636 0
0.818115 0.144179 0
0.846915 0.0486636 0
0.818115 0.144179 0
0.736223 0.0622603 0
0.71118 0.184493 0
0.736223 0.0622603 0
0.71118 0.184493 0
0.60045 0.0737311 0
0.580016 0.21852 0
0.60045 0.0737311 0
0.580016 0.21852 0
0.444222 0.0826861 0
0.429094 0.245101 0
0.444222 0.0826861 0
0.429094 0.245101 0
0.272861 0.0888215 0
0.263558 0.263331 0
0.272861 0.0888215 0
0.263558 0.263331 0
0.0922051 0.0919299 0
0.089048 0.272591 0
0.0922051 0.0919299 0
0.089048 0.272591 0
-0.0915895 0.0919078 0
-0.0884907 0.272566 0
-0.0915895 0.0919078 0
-0.0884907 0.272566 0
-0.272261 0.0887581 0
-0.263008 0.26326 0
-0.272261 0.0887581 0
-0.263008 0.26326 0
-0.443654 0.0825897 0
-0.428559 0.244992 0
-0.443654 0.0825897 0
-0.428559 0.244992 0
-0.59993 0.0736137 0
-0.579505 0.218385 0
-0.59993 0.0736137 0
-0.579505 0.218385 0
-0.735767 0.0621358 0
-0.710705 0.184347 0
-0.735767 0.0621358 0
-0.710705 0.184347 0
-0.846539 0.0485459 0
-0.817692 0.144038 0
-0.846539 0.0485459 0
-0.817692 0.144038 0
-0.928478 0.0333067 0
-0.896829 0.0988306 0
-0.928478 0.0333067 0
-0.896829 0.0988306 0
-0.978771 0.0169309 0
-0.945381 0.0502603 0
-0.978771 0.0169309 0
-0.945381 0.0502603 0
-0.995734 1.12996e-17 0
-0.961826 3.3514e-17 0
0.961826 0 0
0.895163 0 0
0.945674 0.0503461 0
0.880177 0.0819691 0
0.945674 0.0503461 0
0.880177 0.0819691 0
0.897179 0.0989498 0
0.835044 0.161121 0
0.897179 0.0989498 0
0.835044 0.161121 0
0.818115 0.144179 0
0.761448 0.234776 0
0.818115 0.144179 0
0.761448 0.234776 0
0.71118 0.184493 0
0.661911 0.300433 0
0.71118 0.184493 0
0.661911 0.300433 0
0.580016 0.21852 0
0.539825 0.355856 0
0.580016 0.21852 0
0.539825 0.355856 0
0.429094 0.245101 0
0.399352 0.399158 0
0.429094 0.245101 0
0.399352 0.399158 0
0.263558 0.263331 0
0.24528 0.428864 0
0.263558 0.263331 0
0.24528 0.428864 0
0.089048 0.272591 0
0.0828597 0.443963 0
0.089048 0.272591 0
0.0828597 0.443963 0
-0.0884907 0.272566 0
-0.0823751 0.44394 0
-0.0884907 0.272566 0
-0.0823751 0.44394 0
-0.263008 0.26326 0
-0.244795 0.428797 0
-0.263008 0.26326 0
-0.244795 0.428797 0
-0.428559 0.244992 0
-0.398866 0.399054 0
-0.428559 0.244992 0
-0.398866 0.399054 0
-0.579505 0.218385 0
-0.539342 0.355724 0
-0.579505 0.218385 0
-0.539342 0.355724 0
-0.710705 0.184347 0
-0.661439 0.300286 0
-0.710705 0.184347 0
-0.661439 0.300286 0
-0.817692 0.144038 0
-0.761 0.23463 0
-0.817692 0.144038 0
-0.761 0.23463 0
-0.896829 0.0988306 0
-0.83464 0.160993 0
-0.896829 0.0988306 0
-0.83464 0.160993 0
-0.945381 0.0502603 0
-0.879801 0.0818799 0
-0.945381 0.0502603 0
-0.879801 0.0818799 0
-0.961826 3.3514e-17 0
-0.895163 5.45872e-17 0
0.895163 0 0
0.798017 0 0
0.880177 0.0819691 0
0.784679 0.110796 0
0.880177 0.0819691 0
0.784679 0.110796 0
0.835044 0.161121 0
0.744463 0.217801 0
0.835044 0.161121 0
0.744463 0.217801 0
0.761448 0.234776 0
0.67884 0.31737 0
0.761448 0.234776 0
0.67884 0.31737 0
0.661911 0.300433 0
0.590095 0.406132 0
0.661911 0.300433 0
0.590095 0.406132 0
0.539825 0.355856 0
0.481247 0.481064 0
0.539825 0.355856 0
0.481247 0.481064 0
0.399352 0.399158 0
0.356009 0.539612 0
0.399352 0.399158 0
0.356009 0.539612 0
0.24528 0.428864 0
0.21865 0.579783 0
0.24528 0.428864 0
0.21865 0.579783 0
0.0828597 0.443963 0
0.0738533 0.600208 0
0.0828597 0.443963 0
0.0738533 0.600208 0
-0.0823751 0.44394 0
-0.0734495 0.60019 0
-0.0823751 0.44394 0
-0.0734495 0.60019 0
-0.244795 0.428797 0
-0.21824 0.57973 0
-0.244795 0.428797 0
-0.21824 0.57973 0
-0.398866 0.399054 0
-0.355586 0.539527 0
-0.398866 0.399054 0
-0.355586 0.539527 0
-0.539342 0.355724 0
-0.480809 0.480951 0
-0.539342 0.355724 0
-0.480809 0.480951 0
-0.661439 0.300286 0
-0.589647 0.406003 0
-0.661439 0.300286 0
-0.589647 0.406003 0
-0.761 0.23463 0
-0.678396 0.317236 0
-0.761 0.23463 0
-0.678396 0.317236 0
-0.83464 0.160993 0
-0.744031 0.217676 0
-0.83464 0.160993 0
-0.744031 0.217676 0
-0.879801 0.0818799 0
-0.784269 0.110712 0
-0.879801 0.0818799 0
-0.784269 0.110712 0
-0.895163 5.45872e-17 0
-0.798017 7.38015e-17 0
0.798017 0 0
0.673696 0 0
0.784679 0.110796 0
0.66243 0.135843 0
0.784679 0.110796 0
0.66243 0.135843 0
0.744463 0.217801 0
0.628514 0.267059 0
0.744463 0.217801 0
0.628514 0.267059 0
0.67884 0.31737 0
0.57311 0.389152 0
0.67884 0.31737 0
0.57311 0.389152 0
0.590095 0.406132 0
0.498177 0.497991 0
0.590095 0.406132 0
0.498177 0.497991 0
0.481247 0.481064 0
0.406277 0.589878 0
0.481247 0.481064 0
0.406277 0.589878 0
0.356009 0.539612 0
0.300542 0.66168 0
0.356009 0.539612 0
0.300542 0.66168 0
0.21865 0.579783 0
0.184578 0.710949 0
0.21865 0.579783 0
0.184578 0.710949 0
0.0738533 0.600208 0
0.062337 0.736005 0
0.0738533 0.600208 0
0.062337 0.736005 0
-0.0734495 0.60019 0
-0.062017 0.735994 0
-0.0734495 0.60019 0
-0.062017 0.735994 0
-0.21824 0.57973 0
-0.184248 0.710916 0
-0.21824 0.57973 0
-0.184248 0.710916 0
-0.355586 0.539527 0
-0.300192 0.661625 0
-0.355586 0.539527 0
-0.300192 0.661625 0
-0.480809 0.480951 0
-0.405902 0.589801 0
-0.480809 0.480951 0
-0.405902 0.589801 0
-0.589647 0.406003 0
-0.497779 0.497896 0
-0.589647 0.406003 0
-0.497779 0.497896 0
-0.678396 0.317236 0
-0.572695 0.389042 0
-0.678396 0.317236 0
-0.572695 0.389042 0
-0.744031 0.217676 0
-0.628089 0.266946 0
-0.744031 0.217676 0
-0.628089 0.266946 0
-0.784269 0.110712 0
-0.662043 0.135773 0
-0.784269 0.110712 0
-0.662043 0.135773 0
-0.798017 7.38015e-17 0
-0.673696 9.05025e-17 0
0.673696 0 0
0.526432 0 0
0.66243 0.135843 0
0.517603 0.156253 0
0.66243 0.135843 0
0.517603 0.156253 0
0.628514 0.267059 0
0.491136 0.307207 0
0.628514 0.267059 0
0.491136 0.307207 0
0.57311 0.389152 0
0.447854 0.447676 0
0.57311 0.389152 0
0.447854 0.447676 0
0.498177 0.497991 0
0.389292 0.572889 0
0.498177 0.497991 0
0.389292 0.572889 0
0.406277 0.589878 0
0.317472 0.678597 0
0.406277 0.589878 0
0.317472 0.678597 0
0.300542 0.66168 0
0.234844 0.761203 0
0.300542 0.66168 0
0.234844 0.761203 0
0.184578 0.710949 0
0.144225 0.817892 0
0.184578 0.710949 0
0.144225 0.817892 0
0.062337 0.736005 0
0.0487033 0.846728 0
0.062337 0.736005 0
0.0487033 0.846728 0
-0.062017 0.735994 0
-0.0484674 0.846727 0
-0.062017 0.735994 0
-0.0484674 0.846727 0
-0.184248 0.710916 0
-0.143978 0.817886 0
-0.184248 0.710916 0
-0.143978 0.817886 0
-0.300192 0.661625 0
-0.234575 0.761188 0
-0.300192 0.661625 0
-0.234575 0.761188 0
-0.405902 0.589801 0
-0.317175 0.678565 0
-0.405902 0.589801 0
-0.317175 0.678565 0
-0.497779 0.497896 0
-0.388964 0.572834 0
-0.497779 0.497896 0
-0.388964 0.572834 0
-0.572695 0.389042 0
-0.447496 0.447597 0
-0.572695 0.389042 0
-0.447496 0.447597 0
-0.628089 0.266946 0
-0.490763 0.307119 0
-0.628089 0.266946 0
-0.490763 0.307119 0
-0.662043 0.135773 0
-0.517293 0.156206 0
-0.662043 0.135773 0
-0.517293 0.156206 0
-0.673696 9.05025e-17 0
-0.526432 1.04122e-16 0
0.526432 0 0
0.361242 0 0
0.517603 0.156253 0
0.355157 0.171327 0
0.517603 0.156253 0
0.355157 0.171327 0
0.491136 0.307207 0
0.337008 0.336856 0
0.491136 0.307207 0
0.337008 0.336856 0
0.447854 0.447676 0
0.307328 0.490923 0
0.447854 0.447676 0
0.307328 0.490923 0
0.389292 0.572889 0
0.267146 0.628264 0
0.389292 0.572889 0
0.267146 0.628264 0
0.317472 0.678597 0
0.217857 0.744206 0
0.317472 0.678597 0
0.217857 0.744206 0
0.234844 0.761203 0
0.161152 0.834806 0
0.234844 0.761203 0
0.161152 0.834806 0
0.144225 0.817892 0
0.0989657 0.896982 0
0.144225 0.817892 0
0.0989657 0.896982 0
0.0487033 0.846728 0
0.0334166 0.928613 0
0.0487033 0.846728 0
0.0334166 0.928613 0
-0.0484674 0.846727 0
-0.0332629 0.92862 0
-0.0484674 0.846727 0
-0.0332629 0.92862 0
-0.143978 0.817886 0
-0.098802 0.896998 0
-0.143978 0.817886 0
-0.098802 0.896998 0
-0.234575 0.761188 0
-0.160969 0.834825 0
-0.234575 0.761188 0
-0.160969 0.834825 0
-0.317175 0.678565 0
-0.217647 0.744215 0
-0.317175 0.678565 0
-0.217647 0.744215 0
-0.388964 0.572834 0
-0.266904 0.628252 0
-0.388964 0.572834 0
-0.266904 0.628252 0
-0.447496 0.447597 0
-0.307056 0.490889 0
-0.447496 0.447597 0
-0.307056 0.490889 0
-0.490763 0.307119 0
-0.336736 0.336818 0
-0.490763 0.307119 0
-0.336736 0.336818 0
-0.517293 0.156206 0
-0.354957 0.171316 0
-0.517293 0.156206 0
-0.354957 0.171316 0
-0.526432 1.04122e-16 0
-0.361242 1.14195e-16 0
0.361242 0 0
0.18375 0 0
0.355157 0.171327 0
0.180652 0.180567 0
0.355157 0.171327 0
0.180652 0.180567 0
0.337008 0.336856 0
0.171413 0.354997 0
0.337008 0.336856 0
0.171413 0.354997 0
0.307328 0.490923 0
0.15632 0.517375 0
0.307328 0.490923 0
0.15632 0.517375 0
0.267146 0.628264 0
0.135885 0.662158 0
0.267146 0.628264 0
0.135885 0.662158 0
0.217857 0.744206 0
0.110814 0.784399 0
0.217857 0.744206 0
0.110814 0.784399 0
0.161152 0.834806 0
0.0819696 0.879927 0
0.161152 0.834806 0
0.0819696 0.879927 0
0.0989657 0.896982 0
0.0503363 0.945489 0
0.0989657 0.896982 0
0.0503363 0.945489 0
0.0334166 0.928613 0
0.0169934 0.978849 0
0.0334166 0.928613 0
0.0169934 0.978849 0
-0.0332629 0.92862 0
-0.0169232 0.978868 0
-0.0332629 0.92862 0
-0.0169232 0.978868 0
-0.098802 0.896998 0
-0.0502584 0.945541 0
-0.098802 0.896998 0
-0.0502584 0.945541 0
-0.160969 0.834825 0
-0.0818766 0.88 0
-0.160969 0.834825 0
-0.0818766 0.88 0
-0.217647 0.744215 0
-0.110701 0.784477 0
-0.217647 0.744215 0
-0.110701 0.784477 0
-0.266904 0.628252 0
-0.13575 0.66223 0
-0.266904 0.628252 0
-0.13575 0.66223 0
-0.307056 0.490889 0
-0.156171 0.517437 0
-0.307056 0.490889 0
-0.156171 0.517437 0
-0.336736 0.336818 0
-0.171273 0.355048 0
-0.336736 0.336818 0
-0.171273 0.355048 0
-0.354957 0.171316 0
-0.180557 0.1806 0
-0.354957 0.171316 0
-0.180557 0.1806 0
-0.361242 1.14195e-16 0
-0.18375 1.20379e-16 0
0.18375 0 0
1.22465e-16 0 0
0.180652 0.180567 0
1.20379e-16 0.18375 0
0.180652 0.180567 0
1.20379e-16 0.18375 0
0.171413 0.354997 0
1.14195e-16 0.361242 0
0.171413 0.354997 0
1.14195e-16 0.361242 0
0.15632 0.517375 0
1.04122e-16 0.526432 0
0.15632 0.517375 0
1.04122e-16 0.526432 0
0.135885 0.662158 0
9.05025e-17 0.673696 0
0.135885 0.662158 0
9.05025e-17 0.673696 0
0.110814 0.784399 0
7.38015e-17 0.798017 0
0.110814 0.784399 0
7.38015e-17 0.798017 0
0.0819696 0.879927 0
5.45872e-17 0.895163 0
0.0819696 0.879927 0
5.45872e-17 0.895163 0
0.0503363 0.945489 0
3.3514e-17 0.961826 0
0.0503363 0.945489 0
3.3514e-17 0.961826 0
0.0169934 0.978849 0
1.12996e-17 0.995734 0
0.0169934 0.978849 0
1.12996e-17 0.995734 0
-0.0169232 0.978868 0
-1.12996e-17 0.995734 0
-0.0169232 0.978868 0
-1.12996e-17 0.995734 0
-0.0502584 0.945541 0
-3.3514e-17 0.961826 0
-0.0502584 0.945541 0
-3.3514e-17 0.961826 0
-0.0818766 0.88 0
-5.45872e-17 0.895163 0
-0.0818766 0.88 0
-5.45872e-17 0.895163 0
-0.110701 0.784477 0
-7.38015e-17 0.798017 0
-0.110701 0.784477 0
-7.38015e-17 0.798017 0
-0.13575 0.66223 0
-9.05025e-17 0.673696 0
-0.13575 0.66223 0
-9.05025e-17 0.673696 0
-0.156171 0.517437 0
-1.04122e-16 0.526432 0
-0.156171 0.517437 0
-1.04122e-16 0.526432 0
-0.171273 0.355048 0
-1.14195e-16 0.361242 0
-0.171273 0.355048 0
-1.14195e-16 0.361242 0
-0.180557 0.1806 0
-1.20379e-16 0.18375 0
-0.180557 0.1806 0
-1.20379e-16 0.18375 0
-0.18375 1.20379e-16 0
-1.22465e-16 1.22465e-16 0
VECTORS velocity_error double
0 0 0
0 0 0
0 0 0
0.000168865 7.3177e-05 0
0 0 0
0.000168865 7.3177e-05 0
0 0 0
6.72169e-05 0.000122284 0
0 0 0
6.72169e-05 0.000122284 0
0 0 0
-4.08582e-06 0.000217815 0
0 0 0
-4.08582e-06 0.000217815 0
0 0 0
-4.68247e-05 0.000299141 0
0 0 0
-4.68247e-05 0.000299141 0
0 0 0
-7.22893e-05 0.00032907 0
0 0 0
-7.22893e-05 0.00032907 0
0 0 0
-8.84297e-05 0.000301356 0
0 0 0
-8.84297e-05 0.000301356 0
0 0 0
-9.6956e-05 0.000228611 0
0 0 0
-9.6956e-05 0.000228611 0
0 0 0
-9.86969e-05 0.00012854 0
0 0 0
-9.86969e-05 0.00012854 0
0 0 0
-9.4169e-05 1.77526e-05 0
0 0 0
-9.4169e-05 1.77526e-05 0
0 0 0
-8.37288e-05 -9.05361e-05 0
0 0 0
-8.37288e-05 -9.05361e-05 0
0 0 0
-6.7616e-05 -0.000186829 0
0 0 0
-6.7616e-05 -0.000186829 0
0 0 0
-4.62175e-05 -0.000264634 0
0 0 0
-4.62175e-05 -0.000264634 0
0 0 0
-2.13569e-05 -0.000318187 0
0 0 0
-2.13569e-05 -0.000318187 0
0 0 0
1.46155e-06 -0.000337305 0
0 0 0
1.46155e-06 -0.000337305 0
0 0 0
1.40237e-05 -0.000300129 0
0 0 0
1.40237e-05 -0.000300129 0
0 0 0
2.08539e-05 -0.000178707 0
0 0 0
2.08539e-05 -0.000178707 0
0 0 0
0 0 0
0 0 0
0 0 0
0.000168865 7.3177e-05 0
0.000259829 0.00011095 0
0.000168865 7.3177e-05 0
0.000259829 0.00011095 0
6.72169e-05 0.000122284 0
5.03542e-05 0.000220751 0
6.72169e-05 0.000122284 0
5.03542e-05 0.000220751 0
-4.08582e-06 0.000217815 0
-4.79522e-05 0.000306422 0
-4.08582e-06 0.000217815 0
-4.79522e-05 0.000306422 0
-4.68247e-05 0.000299141 0
-9.15106e-05 0.000333094 0
-4.68247e-05 0.000299141 0
-9.15106e-05 0.000333094 0
-7.22893e-05 0.00032907 0
-0.000116207 0.000315573 0
-7.22893e-05 0.00032907 0
-0.000116207 0.000315573 0
-8.84297e-05 0.000301356 0
-0.000135946 0.000273905 0
-8.84297e-05 0.000301356 0
-0.000135946 0.000273905 0
-9.6956e-05 0.000228611 0
-0.000149811 0.000216609 0
-9.6956e-05 0.000228611 0
-0.000149811 0.000216609 0
-9.86969e-05 0.00012854 0
-0.000156437 0.0001475 0
-9.86969e-05 0.00012854 0
-0.000156437 0.0001475 0
-9.4169e-05 1.77526e-05 0
-0.000153926 7.11284e-05 0
-9.4169e-05 1.77526e-05 0
-0.000153926 7.11284e-05 0
-8.37288e-05 -9.05361e-05 0
-0.000141227 -5.79591e-06 0
-8.37288e-05 -9.05361e-05 0
-0.000141227 -5.79591e-06 0
-6.7616e-05 -0.000186829 0
-0.000117594 -7.51696e-05 0
-6.7616e-05 -0.000186829 0
-0.000117594 -7.51696e-05 0
-4.62175e-05 -0.000264634 0
-8.28923e-05 -0.000129083 0
-4.62175e-05 -0.000264634 0
-8.28923e-05 -0.000129083 0
-2.13569e-05 -0.000318187 0
-3.88001e-05 -0.000162442 0
-2.13569e-05 -0.000318187 0
-3.88001e-05 -0.000162442 0
1.46155e-06 -0.000337305 0
6.61247e-06 -0.000175576 0
1.46155e-06 -0.000337305 0
6.61247e-06 -0.000175576 0
1.40237e-05 -0.000300129 0
3.12295e-05 -0.000169797 0
1.40237e-05 -0.000300129 0
3.12295e-05 -0.000169797 0
2.08539e-05 -0.000178707 0
1.37229e-05 -0.000122145 0
2.08539e-05 -0.000178707 0
1.37229e-05 -0.000122145 0
0 0 0
0 0 0
0 0 0
0 0 0
0.000259829 0.00011095 0
0.000255221 0.000115733 0
0.000259829 0.00011095 0
0.000255221 0.000115733 0
5.03542e-05 0.000220751 0
1.54339e-05 0.000215947 0
5.03542e-05 0.000220751 0
1.54339e-05 0.000215947 0
-4.79522e-05 0.000306422 0
-6.38545e-05 0.000260861 0
-4.79522e-05 0.000306422 0
-6.38545e-05 0.000260861 0
-9.15106e-05 0.000333094 0
-0.000108686 0.000269716 0
-9.15106e-05 0.000333094 0
-0.000108686 0.000269716 0
-0.000116207 0.000315573 0
-0.00015103 0.000265044 0
-0.000116207 0.000315573 0
-0.00015103 0.000265044 0
-0.000135946 0.000273905 0
-0.000185249 0.000245783 0
-0.000135946 0.000273905 0
-0.000185249 0.000245783 0
-0.000149811 0.000216609 0
-0.000207416 0.000207754 0
-0.000149811 0.000216609 0
-0.000207416 0.000207754 0
-0.000156437 0.0001475 0
-0.000216515 0.000153403 0
-0.000156437 0.0001475 0
-0.000216515 0.000153403 0
-0.000153926 7.11284e-05 0
-0.000212146 8.92101e-05 0
-0.000153926 7.11284e-05 0
-0.000212146 8.92101e-05 0
-0.000141227 -5.79591e-06 0
-0.000194313 2.27902e-05 0
-0.000141227 -5.79591e-06 0
-0.000194313 2.27902e-05 0
-0.000117594 -7.51696e-05 0
-0.000163023 -3.82901e-05 0
-0.000117594 -7.51696e-05 0
-0.000163023 -3.82901e-05 0
-8.28923e-05 -0.000129083 0
-0.000118708 -8.64493e-05 0
-8.28923e-05 -0.000129083 0
-0.000118708 -8.64493e-05 0
-3.88001e-05 -0.000162442 0
-6.22591e-05 -0.000113946 0
-3.88001e-05 -0.000162442 0
-6.22591e-05 -0.000113946 0
6.61247e-06 -0.000175576 0
3.3817e-06 -0.000116398 0
6.61247e-06 -0.000175576 0
3.3817e-06 -0.000116398 0
3.12295e-05 -0.000169797 0
5.99246e-05 -0.00010239 0
3.12295e-05 -0.000169797 0
5.99246e-05 -0.00010239 0
1.37229e-05 -0.000122145 0
5.22467e-05 -7.73861e-05 0
1.37229e-05 -0.000122145 0
5.22467e-05 -7.73861e-05 0
0 0 0
0 0 0
0 0 0
0 0 0
0.000255221 0.000115733 0
0.000203031 9.12409e-05 0
0.000255221 0.000115733 0
0.000203031 9.12409e-05 0
1.54339e-05 0.000215947 0
-1.21631e-05 0.000161244 0
1.54339e-05 0.000215947 0
-1.21631e-05 0.000161244 0
-6.38545e-05 0.000260861 0
-7.9134e-05 0.000187839 0
-6.38545e-05 0.000260861 0
-7.9134e-05 0.000187839 0
-0.000108686 0.000269716 0
-0.000141357 0.000202214 0
-0.000108686 0.000269716 0
-0.000141357 0.000202214 0
-0.00015103 0.000265044 0
-0.000197512 0.000208142 0
-0.00015103 0.000265044 0
-0.000197512 0.000208142 0
-0.000185249 0.000245783 0
-0.000236319 0.000199272 0
-0.000185249 0.000245783 0
-0.000236319 0.000199272 0
-0.000207416 0.000207754 0
-0.00025963 0.00017601 0
-0.000207416 0.000207754 0
-0.00025963 0.00017601 0
-0.000216515 0.000153403 0
-0.000267087 0.000140737 0
-0.000216515 0.000153403 0
-0.000267087 0.000140737 0
-0.000212146 8.92101e-05 0
-0.000258809 9.6324e-05 0
-0.000212146 8.92101e-05 0
-0.000258809 9.6324e-05 0
-0.000194313 2.27902e-05 0
-0.000234783 4.71284e-05 0
-0.000194313 2.27902e-05 0
-0.000234783 4.71284e-05 0
-0.000163023 -3.82901e-05 0
-0.000195625 -1.11728e-06 0
-0.000163023 -3.82901e-05 0
-0.000195625 -1.11728e-06 0
-0.000118708 -8.64493e-05 0
-0.000142579 -4.24124e-05 0
-0.000118708 -8.64493e-05 0
-0.000142579 -4.24124e-05 0
-6.22591e-05 -0.000113946 0
-7.83433e-05 -7.08437e-05 0
-6.22591e-05 -0.000113946 0
-7.83433e-05 -7.08437e-05 0
3.3817e-06 -0.000116398 0
-5.65108e-06 -7.8718e-05 0
3.3817e-06 -0.000116398 0
-5.65108e-06 -7.8718e-05 0
5.99246e-05 -0.00010239 0
7.149e-05 -6.39514e-05 0
5.99246e-05 -0.00010239 0
7.149e-05 -6.39514e-05 0
5.22467e-05 -7.73861e-05 0
9.86448e-05 -4.54682e-05 0
5.22467e-05 -7.73861e-05 0
9.86448e-05 -4.54682e-05 0
0 0 0
0 0 0
0 0 0
0 0 0
0.000203031 9.12409e-05 0
0.000135057 5.62915e-05 0
0.000203031 9.12409e-05 0
0.000135057 5.62915e-05 0
-1.21631e-05 0.000161244 0
-4.51206e-05 9.84475e-05 0
-1.21631e-05 0.000161244 0
-4.51206e-05 9.84475e-05 0
-7.9134e-05 0.000187839 0
-0.000114327 0.000116413 0
-7.9134e-05 0.000187839 0
-0.000114327 0.000116413 0
-0.000141357 0.000202214 0
-0.000188404 0.000131356 0
-0.000141357 0.000202214 0
-0.000188404 0.000131356 0
-0.000197512 0.000208142 0
-0.000245575 0.000139965 0
-0.000197512 0.000208142 0
-0.000245575 0.000139965 0
-0.000236319 0.000199272 0
-0.000283907 0.000140515 0
-0.000236319 0.000199272 0
-0.000283907 0.000140515 0
-0.00025963 0.00017601 0
-0.00030501 0.000132781 0
-0.00025963 0.00017601 0
-0.00030501 0.000132781 0
-0.000267087 0.000140737 0
-0.000307715 0.000115517 0
-0.000267087 0.000140737 0
-0.000307715 0.000115517 0
-0.000258809 9.6324e-05 0
-0.000292762 8.92728e-05 0
-0.000258809 9.6324e-05 0
-0.000292762 8.92728e-05 0
-0.000234783 4.71284e-05 0
-0.000261212 5.67338e-05 0
-0.000234783 4.71284e-05 0
-0.000261212 5.67338e-05 0
-0.000195625 -1.11728e-06 0
-0.000214725 2.22329e-05 0
-0.000195625 -1.11728e-06 0
-0.000214725 2.22329e-05 0
-0.000142579 -4.24124e-05 0
-0.000155079 -8.95192e-06 0
-0.000142579 -4.24124e-05 0
-0.000155079 -8.95192e-06 0
-7.83433e-05 -7.08437e-05 0
-8.50977e-05 -3.23769e-05 0
-7.83433e-05 -7.08437e-05 0
-8.50977e-05 -3.23769e-05 0
-5.65108e-06 -7.8718e-05 0
-1.05118e-05 -4.43906e-05 0
-5.65108e-06 -7.8718e-05 0
-1.05118e-05 -4.43906e-05 0
7.149e-05 -6.39514e-05 0
6.72436e-05 -3.79052e-05 0
7.149e-05 -6.39514e-05 0
6.72436e-05 -3.79052e-05 0
9.86448e-05 -4.54682e-05 0
0.000126424 -2.21056e-05 0
9.86448e-05 -4.54682e-05 0
0.000126424 -2.21056e-05 0
0 0 0
0 0 0
0 0 0
0 0 0
0.000135057 5.62915e-05 0
6.07366e-05 2.20322e-05 0
0.000135057 5.62915e-05 0
6.07366e-05 2.20322e-05 0
-4.51206e-05 9.84475e-05 0
-9.10553e-05 4.16054e-05 0
-4.51206e-05 9.84475e-05 0
-9.10553e-05 4.16054e-05 0
-0.000114327 0.000116413 0
-0.000165351 5.05865e-05 0
-0.000114327 0.000116413 0
-0.000165351 5.05865e-05 0
-0.000188404 0.000131356 0
-0.000240032 6.0847e-05 0
-0.000188404 0.000131356 0
-0.000240032 6.0847e-05 0
-0.000245575 0.000139965 0
-0.000292464 7.00645e-05 0
-0.000245575 0.000139965 0
-0.000292464 7.00645e-05 0
-0.000283907 0.000140515 0
-0.000326701 7.79348e-05 0
-0.000283907 0.000140515 0
-0.000326701 7.79348e-05 0
-0.00030501 0.000132781 0
-0.000340923 8.2208e-05 0
-0.00030501 0.000132781 0
-0.000340923 8.2208e-05 0
-0.000307715 0.000115517 0
-0.000335501 8.03661e-05 0
-0.000307715 0.000115517 0
-0.000335501 8.03661e-05 0
-0.000292762 8.92728e-05 0
-0.000311962 7.12174e-05 0
-0.000292762 8.92728e-05 0
-0.000311962 7.12174e-05 0
-0.000261212 5.67338e-05 0
-0.000272703 5.52087e-05 0
-0.000261212 5.67338e-05 0
-0.000272703 5.52087e-05 0
-0.000214725 2.22329e-05 0
-0.000220388 3.46164e-05 0
-0.000214725 2.22329e-05 0
-0.000220388 3.46164e-05 0
-0.000155079 -8.95192e-06 0
-0.000157841 1.31749e-05 0
-0.000155079 -8.95192e-06 0
-0.000157841 1.31749e-05 0
-8.50977e-05 -3.23769e-05 0
-8.75736e-05 -4.48363e-06 0
-8.50977e-05 -3.23769e-05 0
-8.75736e-05 -4.48363e-06 0
-1.05118e-05 -4.43906e-05 0
-1.40802e-05 -1.54963e-05 0
-1.05118e-05 -4.43906e-05 0
-1.40802e-05 -1.54963e-05 0
6.72436e-05 -3.79052e-05 0
5.473e-05 -1.59437e-05 0
6.72436e-05 -3.79052e-05 0
5.473e-05 -1.59437e-05 0
0.000126424 -2.21056e-05 0
0.000124811 -4.12952e-06 0
0.000126424 -2.21056e-05 0
0.000124811 -4.12952e-06 0
0 0 0
0 0 0
0 0 0
0 0 0
6.07366e-05 2.20322e-05 0
-1.73554e-05 -7.66266e-06 0
6.07366e-05 2.20322e-05 0
-1.73554e-05 -7.66266e-06 0
-9.10553e-05 4.16054e-05 0
-0.000147154 -6.08011e-06 0
-9.10553e-05 4.16054e-05 0
-0.000147154 -6.08011e-06 0
-0.000165351 5.05865e-05 0
-0.000222716 -7.21212e-06 0
-0.000165351 5.05865e-05 0
-0.000222716 -7.21212e-06 0
-0.000240032 6.0847e-05 0
-0.0002906 -3.39494e-06 0
-0.000240032 6.0847e-05 0
-0.0002906 -3.39494e-06 0
-0.000292464 7.00645e-05 0
-0.000334881 4.43256e-06 0
-0.000292464 7.00645e-05 0
-0.000334881 4.43256e-06 0
-0.000326701 7.79348e-05 0
-0.000360292 1.57041e-05 0
-0.000326701 7.79348e-05 0
-0.000360292 1.57041e-05 0
-0.000340923 8.2208e-05 0
-0.000364186 2.77205e-05 0
-0.000340923 8.2208e-05 0
-0.000364186 2.77205e-05 0
-0.000335501 8.03661e-05 0
-0.00034874 3.74332e-05 0
-0.000335501 8.03661e-05 0
-0.00034874 3.74332e-05 0
-0.000311962 7.12174e-05 0
-0.000316185 4.23555e-05 0
-0.000311962 7.12174e-05 0
-0.000316185 4.23555e-05 0
-0.000272703 5.52087e-05 0
-0.00027038 4.13297e-05 0
-0.000272703 5.52087e-05 0
-0.00027038 4.13297e-05 0
-0.000220388 3.46164e-05 0
-0.000214882 3.49123e-05 0
-0.000220388 3.46164e-05 0
-0.000214882 3.49123e-05 0
-0.000157841 1.31749e-05 0
-0.000153079 2.49295e-05 0
-0.000157841 1.31749e-05 0
-0.000153079 2.49295e-05 0
-8.75736e-05 -4.48363e-06 0
-8.80078e-05 1.42678e-05 0
-8.75736e-05 -4.48363e-06 0
-8.80078e-05 1.42678e-05 0
-1.40802e-05 -1.54963e-05 0
-2.15878e-05 6.17751e-06 0
-1.40802e-05 -1.54963e-05 0
-2.15878e-05 6.17751e-06 0
5.473e-05 -1.59437e-05 0
3.63874e-05 2.06568e-06 0
5.473e-05 -1.59437e-05 0
3.63874e-05 2.06568e-06 0
0.000124811 -4.12952e-06 0
9.61712e-05 9.19986e-06 0
0.000124811 -4.12952e-06 0
9.61712e-05 9.19986e-06 0
0 0 0
0 0 0
0 0 0
0 0 0
-1.73554e-05 -7.66266e-06 0
-9.58253e-05 -3.16584e-05 0
-1.73554e-05 -7.66266e-06 0
-9.58253e-05 -3.16584e-05 0
-0.000147154 -6.08011e-06 0
-0.000206134 -4.40347e-05 0
-0.000147154 -6.08011e-06 0
-0.000206134 -4.40347e-05 0
-0.000222716 -7.21212e-06 0
-0.000278192 -5.47367e-05 0
-0.000222716 -7.21212e-06 0
-0.000278192 -5.47367e-05 0
-0.0002906 -3.39494e-06 0
-0.000334763 -5.76086e-05 0
-0.0002906 -3.39494e-06 0
-0.000334763 -5.76086e-05 0
-0.000334881 4.43256e-06 0
-0.000367524 -5.31236e-05 0
-0.000334881 4.43256e-06 0
-0.000367524 -5.31236e-05 0
-0.000360292 1.57041e-05 0
-0.000380543 -4.19208e-05 0
-0.000360292 1.57041e-05 0
-0.000380543 -4.19208e-05 0
-0.000364186 2.77205e-05 0
-0.000372523 -2.63127e-05 0
-0.000364186 2.77205e-05 0
-0.000372523 -2.63127e-05 0
-0.00034874 3.74332e-05 0
-0.000346712 -9.25024e-06 0
-0.00034874 3.74332e-05 0
-0.000346712 -9.25024e-06 0
-0.000316185 4.23555e-05 0
-0.000306529 6.30301e-06 0
-0.000316185 4.23555e-05 0
-0.000306529 6.30301e-06 0
-0.00027038 4.13297e-05 0
-0.000256656 1.79581e-05 0
-0.00027038 4.13297e-05 0
-0.000256656 1.79581e-05 0
-0.000214882 3.49123e-05 0
-0.000201463 2.44467e-05 0
-0.000214882 3.49123e-05 0
-0.000201463 2.44467e-05 0
-0.000153079 2.49295e-05 0
-0.000144392 2.60258e-05 0
-0.000153079 2.49295e-05 0
-0.000144392 2.60258e-05 0
-8.80078e-05 1.42678e-05 0
-8.81985e-05 2.38328e-05 0
-8.80078e-05 1.42678e-05 0
-8.81985e-05 2.38328e-05 0
-2.15878e-05 6.17751e-06 0
-3.44288e-05 2.03571e-05 0
-2.15878e-05 6.17751e-06 0
-3.44288e-05 2.03571e-05 0
3.63874e-05 2.06568e-06 0
1.24033e-05 1.58213e-05 0
3.63874e-05 2.06568e-06 0
1.24033e-05 1.58213e-05 0
9.61712e-05 9.19986e-06 0
4.84265e-05 1.82234e-05 0
9.61712e-05 9.19986e-06 0
4.84265e-05 1.82234e-05 0
0 0 0
0 0 0
0 0 0
0 0 0
-9.58253e-05 -3.16584e-05 0
-0.000168166 -4.94453e-05 0
-9.58253e-05 -3.16584e-05 0
-0.000168166 -4.94453e-05 0
-0.000206134 -4.40347e-05 0
-0.000260258 -7.23028e-05 0
-0.000206134 -4.40347e-05 0
-0.000260258 -7.23028e-05 0
-0.000278192 -5.47367e-05 0
-0.000324434 -9.05729e-05 0
-0.000278192 -5.47367e-05 0
-0.000324434 -9.05729e-05 0
-0.000334763 -5.76086e-05 0
-0.000366874 -9.94964e-05 0
-0.000334763 -5.76086e-05 0
-0.000366874 -9.94964e-05 0
-0.000367524 -5.31236e-05 0
-0.000385629 -9.94088e-05 0
-0.000367524 -5.31236e-05 0
-0.000385629 -9.94088e-05 0
-0.000380543 -4.19208e-05 0
-0.000384695 -9.08793e-05 0
-0.000380543 -4.19208e-05 0
-0.000384695 -9.08793e-05 0
-0.000372523 -2.63127e-05 0
-0.00036497 -7.54035e-05 0
-0.000372523 -2.63127e-05 0
-0.00036497 -7.54035e-05 0
-0.000346712 -9.25024e-06 0
-0.000330343 -5.51575e-05 0
-0.000346712 -9.25024e-06 0
-0.000330343 -5.51575e-05 0
-0.000306529 6.30301e-06 0
-0.000285252 -3.3065e-05 0
-0.000306529 6.30301e-06 0
-0.000285252 -3.3065e-05 0
-0.000256656 1.79581e-05 0
-0.00023475 -1.20122e-05 0
-0.000256656 1.79581e-05 0
-0.00023475 -1.20122e-05 0
-0.000201463 2.44467e-05 0
-0.000183366 5.56003e-06 0
-0.000201463 2.44467e-05 0
-0.000183366 5.56003e-06 0
-0.000144392 2.60258e-05 0
-0.000134414 1.80522e-05 0
-0.000144392 2.60258e-05 0
-0.000134414 1.80522e-05 0
-8.81985e-05 2.38328e-05 0
-8.96325e-05 2.49511e-05 0
-8.81985e-05 2.38328e-05 0
-8.96325e-05 2.49511e-05 0
-3.44288e-05 2.03571e-05 0
-5.11143e-05 2.71214e-05 0
-3.44288e-05 2.03571e-05 0
-5.11143e-05 2.71214e-05 0
1.24033e-05 1.58213e-05 0
-1.61659e-05 2.45171e-05 0
1.24033e-05 1.58213e-05 0
-1.61659e-05 2.45171e-05 0
4.84265e-05 1.82234e-05 0
-9.08761e-06 2.33803e-05 0
4.84265e-05 1.82234e-05 0
-9.08761e-06 2.33803e-05 0
0 0 0
0 0 0
0 0 0
0 0 0
-0.000168166 -4.94453e-05 0
-0.000225002 -6.06656e-05 0
-0.000168166 -4.94453e-05 0
-0.000225002 -6.06656e-05 0
-0.000260258 -7.23028e-05 0
-0.0003029 -9.13107e-05 0
-0.000260258 -7.23028e-05 0
-0.0003029 -9.13107e-05 0
-0.000324434 -9.05729e-05 0
-0.000354799 -0.000113874 0
-0.000324434 -9.05729e-05 0
-0.000354799 -0.000113874 0
-0.000366874 -9.94964e-05 0
-0.000382233 -0.00012768 0
-0.000366874 -9.94964e-05 0
-0.000382233 -0.00012768 0
-0.000385629 -9.94088e-05 0
-0.000386196 -0.00013204 0
-0.000385629 -9.94088e-05 0
-0.000386196 -0.00013204 0
-0.000384695 -9.08793e-05 0
-0.000371864 -0.000127608 0
-0.000384695 -9.08793e-05 0
-0.000371864 -0.000127608 0
-0.00036497 -7.54035e-05 0
-0.000342326 -0.000115024 0
-0.00036497 -7.54035e-05 0
-0.000342326 -0.000115024 0
-0.000330343 -5.51575e-05 0
-0.000301883 -9.54208e-05 0
-0.000330343 -5.51575e-05 0
-0.000301883 -9.54208e-05 0
-0.000285252 -3.3065e-05 0
-0.000255379 -7.08833e-05 0
-0.000285252 -3.3065e-05 0
-0.000255379 -7.08833e-05 0
-0.00023475 -1.20122e-05 0
-0.000207835 -4.42298e-05 0
-0.00023475 -1.20122e-05 0
-0.000207835 -4.42298e-05 0
-0.000183366 5.56003e-06 0
-0.00016324 -1.86456e-05 0
-0.000183366 5.56003e-06 0
-0.00016324 -1.86456e-05 0
-0.000134414 1.80522e-05 0
-0.000124387 2.9286e-06 0
-0.000134414 1.80522e-05 0
-0.000124387 2.9286e-06 0
-8.96325e-05 2.49511e-05 0
-9.23852e-05 1.85566e-05 0
-8.96325e-05 2.49511e-05 0
-9.23852e-05 1.85566e-05 0
-5.11143e-05 2.71214e-05 0
-6.87062e-05 2.70812e-05 0
-5.11143e-05 2.71214e-05 0
-6.87062e-05 2.70812e-05 0
-1.61659e-05 2.45171e-05 0
-4.65176e-05 2.79229e-05 0
-1.61659e-05 2.45171e-05 0
-4.65176e-05 2.79229e-05 0
-9.08761e-06 2.33803e-05 0
-6.77208e-05 2.51611e-05 0
-9.08761e-06 2.33803e-05 0
-6.77208e-05 2.51611e-05 0
0 0 0
0 0 0
0 0 0
0 0 0
-0.000225002 -6.06656e-05 0
-0.000255445 -6.49094e-05 0
-0.000225002 -6.06656e-05 0
-0.000255445 -6.49094e-05 0
-0.0003029 -9.13107e-05 0
-0.000328982 -0.00010191 0
-0.0003029 -9.13107e-05 0
-0.000328982 -0.00010191 0
-0.000354799 -0.000113874 0
-0.000364501 -0.000124647 0
-0.000354799 -0.000113874 0
-0.000364501 -0.000124647 0
-0.000382233 -0.00012768 0
-0.000377831 -0.000141262 0
-0.000382233 -0.00012768 0
-0.000377831 -0.000141262 0
-0.000386196 -0.00013204 0
-0.000368479 -0.000149403 0
-0.000386196 -0.00013204 0
-0.000368479 -0.000149403 0
-0.000371864 -0.000127608 0
-0.000343232 -0.000149621 0
-0.000371864 -0.000127608 0
-0.000343232 -0.000149621 0
-0.000342326 -0.000115024 0
-0.000307049 -0.000141847 0
-0.000342326 -0.000115024 0
-0.000307049 -0.000141847 0
-0.000301883 -9.54208e-05 0
-0.000264479 -0.000125963 0
-0.000301883 -9.54208e-05 0
-0.000264479 -0.000125963 0
-0.000255379 -7.08833e-05 0
-0.000220175 -0.00010287 0
-0.000255379 -7.08833e-05 0
-0.000220175 -0.00010287 0
-0.000207835 -4.42298e-05 0
-0.000178405 -7.47788e-05 0
-0.000207835 -4.42298e-05 0
-0.000178405 -7.47788e-05 0
-0.00016324 -1.86456e-05 0
-0.000142466 -4.4914e-05 0
-0.00016324 -1.86456e-05 0
-0.000142466 -4.4914e-05 0
-0.000124387 2.9286e-06 0
-0.000114327 -1.68651e-05 0
-0.000124387 2.9286e-06 0
-0.000114327 -1.68651e-05 0
-9.23852e-05 1.85566e-05 0
-9.49302e-05 6.18174e-06 0
-9.23852e-05 1.85566e-05 0
-9.49302e-05 6.18174e-06 0
-6.87062e-05 2.70812e-05 0
-8.35958e-05 2.09344e-05 0
-6.87062e-05 2.70812e-05 0
-8.35958e-05 2.09344e-05 0
-4.65176e-05 2.79229e-05 0
-7.47917e-05 2.62593e-05 0
-4.65176e-05 2.79229e-05 0
-7.47917e-05 2.62593e-05 0
-6.77208e-05 2.51611e-05 0
-0.000120205 2.42853e-05 0
-6.77208e-05 2.51611e-05 0
-0.000120205 2.42853e-05 0
0 0 0
0 0 0
0 0 0
0 0 0
-0.000255445 -6.49094e-05 0
-0.000249943 -6.17972e-05 0
-0.000255445 -6.49094e-05 0
-0.000249943 -6.17972e-05 0
-0.000328982 -0.00010191 0
-0.000334031 -0.000104617 0
-0.000328982 -0.00010191 0
-0.000334031 -0.000104617 0
-0.000364501 -0.000124647 0
-0.000352527 -0.000123701 0
-0.000364501 -0.000124647 0
-0.000352527 -0.000123701 0
-0.000377831 -0.000141262 0
-0.000352693 -0.000139955 0
-0.000377831 -0.000141262 0
-0.000352693 -0.000139955 0
-0.000368479 -0.000149403 0
-0.000333716 -0.000151172 0
-0.000368479 -0.000149403 0
-0.000333716 -0.000151172 0
-0.000343232 -0.000149621 0
-0.000301649 -0.000155908 0
-0.000343232 -0.000149621 0
-0.000301649 -0.000155908 0
-0.000307049 -0.000141847 0
-0.000262712 -0.000153764 0
-0.000307049 -0.000141847 0
-0.000262712 -0.000153764 0
-0.000264479 -0.000125963 0
-0.000221584 -0.000143842 0
-0.000264479 -0.000125963 0
-0.000221584 -0.000143842 0
-0.000220175 -0.00010287 0
-0.00018228 -0.000125724 0
-0.000220175 -0.00010287 0
-0.00018228 -0.000125724 0
-0.000178405 -7.47788e-05 0
-0.000148042 -0.000100341 0
-0.000178405 -7.47788e-05 0
-0.000148042 -0.000100341 0
-0.000142466 -4.4914e-05 0
-0.000121332 -7.01294e-05 0
-0.000142466 -4.4914e-05 0
-0.000121332 -7.01294e-05 0
-0.000114327 -1.68651e-05 0
-0.000103359 -3.8678e-05 0
-0.000114327 -1.68651e-05 0
-0.000103359 -3.8678e-05 0
-9.49302e-05 6.18174e-06 0
-9.45738e-05 -1.03195e-05 0
-9.49302e-05 6.18174e-06 0
-9.45738e-05 -1.03195e-05 0
-8.35958e-05 2.09344e-05 0
-9.21267e-05 9.7705e-06 0
-8.35958e-05 2.09344e-05 0
-9.21267e-05 9.7705e-06 0
-7.47917e-05 2.62593e-05 0
-9.7517e-05 2.07416e-05 0
-7.47917e-05 2.62593e-05 0
-9.7517e-05 2.07416e-05 0
-0.000120205 2.42853e-05 0
-0.000160336 2.18493e-05 0
-0.000120205 2.42853e-05 0
-0.000160336 2.18493e-05 0
0 0 0
0 0 0
0 0 0
0 0 0
-0.000249943 -6.17972e-05 0
-0.000205615 -5.00468e-05 0
-0.000249943 -6.17972e-05 0
-0.000205615 -5.00468e-05 0
-0.000334031 -0.000104617 0
-0.000311521 -9.82534e-05 0
-0.000334031 -0.000104617 0
-0.000311521 -9.82534e-05 0
-0.000352527 -0.000123701 0
-0.000321911 -0.000113766 0
-0.000352527 -0.000123701 0
-0.000321911 -0.000113766 0
-0.000352693 -0.000139955 0
-0.000309418 -0.000124186 0
-0.000352693 -0.000139955 0
-0.000309418 -0.000124186 0
-0.000333716 -0.000151172 0
-0.000284249 -0.000136247 0
-0.000333716 -0.000151172 0
-0.000284249 -0.000136247 0
-0.000301649 -0.000155908 0
-0.000250285 -0.000146223 0
-0.000301649 -0.000155908 0
-0.000250285 -0.000146223 0
-0.000262712 -0.000153764 0
-0.000212828 -0.000151089 0
-0.000262712 -0.000153764 0
-0.000212828 -0.000151089 0
-0.000221584 -0.000143842 0
-0.000176247 -0.000148809 0
-0.000221584 -0.000143842 0
-0.000176247 -0.000148809 0
-0.00018228 -0.000125724 0
-0.000143757 -0.000137941 0
-0.00018228 -0.000125724 0
-0.000143757 -0.000137941 0
-0.000148042 -0.000100341 0
-0.000117683 -0.000118217 0
-0.000148042 -0.000100341 0
-0.000117683 -0.000118217 0
-0.000121332 -7.01294e-05 0
-9.9543e-05 -9.09891e-05 0
-0.000121332 -7.01294e-05 0
-9.9543e-05 -9.09891e-05 0
-0.000103359 -3.8678e-05 0
-8.99377e-05 -5.94583e-05 0
-0.000103359 -3.8678e-05 0
-8.99377e-05 -5.94583e-05 0
-9.45738e-05 -1.03195e-05 0
-8.80191e-05 -2.88659e-05 0
-9.45738e-05 -1.03195e-05 0
-8.80191e-05 -2.88659e-05 0
-9.21267e-05 9.7705e-06 0
-9.21254e-05 -4.33305e-06 0
-9.21267e-05 9.7705e-06 0
-9.21254e-05 -4.33305e-06 0
-9.7517e-05 2.07416e-05 0
-0.000112986 1.472e-05 0
-9.7517e-05 2.07416e-05 0
-0.000112986 1.472e-05 0
-0.000160336 2.18493e-05 0
-0.00018162 1.9943e-05 0
-0.000160336 2.18493e-05 0
-0.00018162 1.9943e-05 0
0 0 0
0 0 0
0 0 0
0 0 0
-0.000205615 -5.00468e-05 0
-0.000134365 -2.58825e-05 0
-0.000205615 -5.00468e-05 0
-0.000134365 -2.58825e-05 0
-0.000311521 -9.82534e-05 0
-0.00025252 -7.26999e-05 0
-0.000311521 -9.82534e-05 0
-0.00025252 -7.26999e-05 0
-0.000321911 -0.000113766 0
-0.000272524 -9.4473e-05 0
-0.000321911 -0.000113766 0
-0.000272524 -9.4473e-05 0
-0.000309418 -0.000124186 0
-0.000254424 -0.000100956 0
-0.000309418 -0.000124186 0
-0.000254424 -0.000100956 0
-0.000284249 -0.000136247 0
-0.000225344 -0.000108651 0
-0.000284249 -0.000136247 0
-0.000225344 -0.000108651 0
-0.000250285 -0.000146223 0
-0.000192671 -0.000120047 0
-0.000250285 -0.000146223 0
-0.000192671 -0.000120047 0
-0.000212828 -0.000151089 0
-0.000160016 -0.000131221 0
-0.000212828 -0.000151089 0
-0.000160016 -0.000131221 0
-0.000176247 -0.000148809 0
-0.000130286 -0.000137869 0
-0.000176247 -0.000148809 0
-0.000130286 -0.000137869 0
-0.000143757 -0.000137941 0
-0.000105584 -0.000136603 0
-0.000143757 -0.000137941 0
-0.000105584 -0.000136603 0
-0.000117683 -0.000118217 0
-8.73656e-05 -0.000125457 0
-0.000117683 -0.000118217 0
-8.73656e-05 -0.000125457 0
-9.9543e-05 -9.09891e-05 0
-7.61001e-05 -0.000104638 0
-9.9543e-05 -9.09891e-05 0
-7.61001e-05 -0.000104638 0
-8.99377e-05 -5.94583e-05 0
-7.17219e-05 -7.69732e-05 0
-8.99377e-05 -5.94583e-05 0
-7.17219e-05 -7.69732e-05 0
-8.80191e-05 -2.88659e-05 0
-7.36393e-05 -4.65492e-05 0
-8.80191e-05 -2.88659e-05 0
-7.36393e-05 -4.65492e-05 0
-9.21254e-05 -4.33305e-06 0
-8.57812e-05 -1.50505e-05 0
-9.21254e-05 -4.33305e-06 0
-8.57812e-05 -1.50505e-05 0
-0.000112986 1.472e-05 0
-0.0001202 1.5286e-05 0
-0.000112986 1.472e-05 0
-0.0001202 1.5286e-05 0
-0.00018162 1.9943e-05 0
-0.000175599 2.12507e-05 0
-0.00018162 1.9943e-05 0
-0.000175599 2.12507e-05 0
0 0 0
0 0 0
0 0 0
0 0 0
-0.000134365 -2.58825e-05 0
-6.61575e-05 1.3857e-05 0
-0.000134365 -2.58825e-05 0
-6.61575e-05 1.3857e-05 0
-0.00025252 -7.26999e-05 0
-0.000159965 -7.76441e-06 0
-0.00025252 -7.26999e-05 0
-0.000159965 -7.76441e-06 0
-0.000272524 -9.4473e-05 0
-0.000194045 -3.99517e-05 0
-0.000272524 -9.4473e-05 0
-0.000194045 -3.99517e-05 0
-0.000254424 -0.000100956 0
-0.000185319 -6.16253e-05 0
-0.000254424 -0.000100956 0
-0.000185319 -6.16253e-05 0
-0.000225344 -0.000108651 0
-0.000160594 -7.66885e-05 0
-0.000225344 -0.000108651 0
-0.000160594 -7.66885e-05 0
-0.000192671 -0.000120047 0
-0.000132937 -9.14321e-05 0
-0.000192671 -0.000120047 0
-0.000132937 -9.14321e-05 0
-0.000160016 -0.000131221 0
-0.000107222 -0.000106429 0
-0.000160016 -0.000131221 0
-0.000107222 -0.000106429 0
-0.000130286 -0.000137869 0
-8.53736e-05 -0.000118835 0
-0.000130286 -0.000137869 0
-8.53736e-05 -0.000118835 0
-0.000105584 -0.000136603 0
-6.8312e-05 -0.000125155 0
-0.000105584 -0.000136603 0
-6.8312e-05 -0.000125155 0
-8.73656e-05 -0.000125457 0
-5.64346e-05 -0.000122673 0
-8.73656e-05 -0.000125457 0
-5.64346e-05 -0.000122673 0
-7.61001e-05 -0.000104638 0
-4.99792e-05 -0.000109803 0
-7.61001e-05 -0.000104638 0
-4.99792e-05 -0.000109803 0
-7.17219e-05 -7.69732e-05 0
-4.94944e-05 -8.57022e-05 0
-7.17219e-05 -7.69732e-05 0
-4.94944e-05 -8.57022e-05 0
-7.36393e-05 -4.65492e-05 0
-5.72085e-05 -4.99181e-05 0
-7.36393e-05 -4.65492e-05 0
-5.72085e-05 -4.99181e-05 0
-8.57812e-05 -1.50505e-05 0
-7.76474e-05 -6.0213e-06 0
-8.57812e-05 -1.50505e-05 0
-7.76474e-05 -6.0213e-06 0
-0.0001202 1.5286e-05 0
-0.000111689 2.95582e-05 0
-0.0001202 1.5286e-05 0
-0.000111689 2.95582e-05 0
-0.000175599 2.12507e-05 0
-0.000134157 2.52813e-05 0
-0.000175599 2.12507e-05 0
-0.000134157 2.52813e-05 0
0 0 0
0 0 0
0 0 0
0 0 0
-6.61575e-05 1.3857e-05 0
-3.15579e-05 5.39556e-05 0
-6.61575e-05 1.3857e-05 0
-3.15579e-05 5.39556e-05 0
-0.000159965 -7.76441e-06 0
-7.16436e-05 9.38549e-05 0
-0.000159965 -7.76441e-06 0
-7.16436e-05 9.38549e-05 0
-0.000194045 -3.99517e-05 0
-9.30194e-05 9.3514e-05 0
-0.000194045 -3.99517e-05 0
-9.30194e-05 9.3514e-05 0
-0.000185319 -6.16253e-05 0
-9.26534e-05 6.64657e-05 0
-0.000185319 -6.16253e-05 0
-9.26534e-05 6.64657e-05 0
-0.000160594 -7.66885e-05 0
-8.06585e-05 3.07625e-05 0
-0.000160594 -7.66885e-05 0
-8.06585e-05 3.07625e-05 0
-0.000132937 -9.14321e-05 0
-6.5362e-05 -5.88254e-06 0
-0.000132937 -9.14321e-05 0
-6.5362e-05 -5.88254e-06 0
-0.000107222 -0.000106429 0
-5.09044e-05 -4.01646e-05 0
-0.000107222 -0.000106429 0
-5.09044e-05 -4.01646e-05 0
-8.53736e-05 -0.000118835 0
-3.91295e-05 -6.89788e-05 0
-8.53736e-05 -0.000118835 0
-3.91295e-05 -6.89788e-05 0
-6.8312e-05 -0.000125155 0
-3.1027e-05 -8.80461e-05 0
-6.8312e-05 -0.000125155 0
-3.1027e-05 -8.80461e-05 0
-5.64346e-05 -0.000122673 0
-2.70888e-05 -9.25555e-05 0
-5.64346e-05 -0.000122673 0
-2.70888e-05 -9.25555e-05 0
-4.99792e-05 -0.000109803 0
-2.7648e-05 -7.8893e-05 0
-4.99792e-05 -0.000109803 0
-2.7648e-05 -7.8893e-05 0
-4.94944e-05 -8.57022e-05 0
-3.25967e-05 -4.72878e-05 0
-4.94944e-05 -8.57022e-05 0
-3.25967e-05 -4.72878e-05 0
-5.72085e-05 -4.99181e-05 0
-4.22478e-05 -5.10908e-06 0
-5.72085e-05 -4.99181e-05 0
-4.22478e-05 -5.10908e-06 0
-7.76474e-05 -6.0213e-06 0
-5.55955e-05 3.12108e-05 0
-7.76474e-05 -6.0213e-06 0
-5.55955e-05 3.12108e-05 0
-0.000111689 2.95582e-05 0
-6.87906e-05 4.2406e-05 0
-0.000111689 2.95582e-05 0
-6.87906e-05 4.2406e-05 0
-0.000134157 2.52813e-05 0
-6.3799e-05 2.07641e-05 0
-0.000134157 2.52813e-05 0
-6.3799e-05 2.07641e-05 0
0 0 0
0 0 0
0 0 0
0 0 0
-3.15579e-05 5.39556e-05 0
0 0 0
-3.15579e-05 5.39556e-05 0
0 0 0
-7.16436e-05 9.38549e-05 0
0 0 0
-7.16436e-05 9.38549e-05 0
0 0 0
-9.30194e-05 9.3514e-05 0
0 0 0
-9.30194e-05 9.3514e-05 0
0 0 0
-9.26534e-05 6.64657e-05 0
0 0 0
-9.26534e-05 6.64657e-05 0
0 0 0
-8.06585e-05 3.07625e-05 0
0 0 0
-8.06585e-05 3.07625e-05 0
0 0 0
-6.5362e-05 -5.88254e-06 0
0 0 0
-6.5362e-05 -5.88254e-06 0
0 0 0
-5.09044e-05 -4.01646e-05 0
0 0 0
-5.09044e-05 -4.01646e-05 0
0 0 0
-3.91295e-05 -6.89788e-05 0
0 0 0
-3.91295e-05 -6.89788e-05 0
0 0 0
-3.1027e-05 -8.80461e-05 0
0 0 0
-3.1027e-05 -8.80461e-05 0
0 0 0
-2.70888e-05 -9.25555e-05 0
0 0 0
-2.70888e-05 -9.25555e-05 0
0 0 0
-2.7648e-05 -7.8893e-05 0
0 0 0
-2.7648e-05 -7.8893e-05 0
0 0 0
-3.25967e-05 -4.72878e-05 0
0 0 0
-3.25967e-05 -4.72878e-05 0
0 0 0
-4.22478e-05 -5.10908e-06 0
0 0 0
-4.22478e-05 -5.10908e-06 0
0 0 0
-5.55955e-05 3.12108e-05 0
0 0 0
-5.55955e-05 3.12108e-05 0
0 0 0
-6.87906e-05 4.2406e-05 0
0 0 0
-6.87906e-05 4.2406e-05 0
0 0 0
-6.3799e-05 2.07641e-05 0
0 0 0
-6.3799e-05 2.07641e-05 0
0 0 0
0 0 0
0 0 0
SCALARS pressure double 1
LOOKUP_TABLE default
-0.0018685 -0.000665381 0.183967 0.180583 0.183967 0.180583 0.362366 0.356319 0.362366 0.356319 0.528763 0.519777 0.528763 0.519777 0.677048 0.665559 0.677048 0.665559 0.802269 0.788638 0.802269 0.788638 0.900126 0.88483 0.900126 0.88483 0.967287 0.950845 0.967287 0.950845 1.00145 0.984428 1.00145 0.984428 1.00146 0.98443 1.00146 0.98443 0.967297 0.950851 0.967297 0.950851 0.900142 0.884838 0.900142 0.884838 0.802289 0.788648 0.802289 0.788648 0.677072 0.665568 0.677072 0.665568 0.528792 0.51979 0.528792 0.51979 0.362419 0.35634 0.362419 0.35634 0.183992 0.18063 0.183992 0.18063 -0.00166394 -0.000662561 -0.000665381 -0.000807903 0.180583 0.171493 0.180583 0.171493 0.356319 0.338084 0.356319 0.338084 0.519777 0.49315 0.519777 0.49315 0.665559 0.631427 0.665559 0.631427 0.788638 0.748189 0.788638 0.748189 0.88483 0.839445 0.88483 0.839445 0.950845 0.902074 0.950845 0.902074 0.984428 0.933935 0.984428 0.933935 0.98443 0.933936 0.98443 0.933936 0.950851 0.902079 0.950851 0.902079 0.884838 0.839453 0.884838 0.839453 0.788648 0.748198 0.788648 0.748198 0.665568 0.631436 0.665568 0.631436 0.51979 0.493154 0.51979 0.493154 0.35634 0.338086 0.35634 0.338086 0.18063 0.171493 0.18063 0.171493 -0.000662561 -0.000797394 -0.000807903 -0.000532437 0.171493 0.156466 0.171493 0.156466 0.338084 0.308369 0.338084 0.308369 0.49315 0.449742 0.49315 0.449742 0.631427 0.575831 0.631427 0.575831 0.748189 0.682303 0.748189 0.682303 0.839445 0.765519 0.839445 0.765519 0.902074 0.82263 0.902074 0.82263 0.933935 0.851683 0.933935 0.851683 0.933936 0.851684 0.933936 0.851684 0.902079 0.822632 0.902079 0.822632 0.839453 0.765522 0.839453 0.765522 0.748198 0.682307 0.748198 0.682307 0.631436 0.575834 0.631436 0.575834 0.493154 0.449741 0.493154 0.449741 0.338086 0.308359 0.338086 0.308359 0.171493 0.156446 0.171493 0.156446 -0.000797394 -0.000566259 -0.000532437 -0.000369174 0.156466 0.136118 0.156466 0.136118 0.308369 0.268144 0.308369 0.268144 0.449742 0.391036 0.449742 0.391036 0.575831 0.500647 0.575831 0.500647 0.682303 0.593207 0.682303 0.593207 0.765519 0.66555 0.765519 0.66555 0.82263 0.715201 0.82263 0.715201 0.851683 0.740459 0.851683 0.740459 0.851684 0.740459 0.851684 0.740459 0.822632 0.715201 0.822632 0.715201 0.765522 0.66555 0.765522 0.66555 0.682307 0.593204 0.682307 0.593204 0.575834 0.500643 0.575834 0.500643 0.449741 0.391028 0.449741 0.391028 0.308359 0.268126 0.308359 0.268126 0.156446 0.136088 0.156446 0.136088 -0.000566259 -0.000409258 -0.000369174 -0.000198501 0.136118 0.111098 0.136118 0.111098 0.268144 0.218773 0.268144 0.218773 0.391036 0.319007 0.391036 0.319007 0.500647 0.408412 0.500647 0.408412 0.593207 0.483913 0.593207 0.483913 0.66555 0.542927 0.66555 0.542927 0.715201 0.583431 0.715201 0.583431 0.740459 0.604035 0.740459 0.604035 0.740459 0.604034 0.740459 0.604034 0.715201 0.583428 0.715201 0.583428 0.66555 0.542923 0.66555 0.542923 0.593204 0.483907 0.593204 0.483907 0.500643 0.408403 0.500643 0.408403 0.391028 0.318994 0.391028 0.318994 0.268126 0.218752 0.268126 0.218752 0.136088 0.111067 0.136088 0.111067 -0.000409258 -0.000240517 -0.000198501 -6.82023e-05 0.111098 0.0822607 0.111098 0.0822607 0.218773 0.161922 0.218773 0.161922 0.319007 0.23609 0.319007 0.23609 0.408412 0.302252 0.408412 0.302252 0.483913 0.358131 0.483913 0.358131 0.542927 0.401811 0.542927 0.401811 0.583431 0.431791 0.583431 0.431791 0.604035 0.447043 0.604035 0.447043 0.604034 0.447042 0.604034 0.447042 0.583428 0.431788 0.583428 0.431788 0.542923 0.401805 0.542923 0.401805 0.483907 0.358123 0.483907 0.358123 0.408403 0.30224 0.408403 0.30224 0.318994 0.236074 0.318994 0.236074 0.218752 0.161901 0.218752 0.161901 0.111067 0.0822319 0.111067 0.0822319 -0.000240517 -0.000104389 -6.82023e-05 1.949e-05 0.0822607 0.0505757 0.0822607 0.0505757 0.161922 0.0995152 0.161922 0.0995152 0.23609 0.145096 0.23609 0.145096 0.302252 0.18577 0.302252 0.18577 0.358131 0.22013 0.358131 0.22013 0.401811 0.246995 0.401811 0.246995 0.431791 0.265436 0.431791 0.265436 0.447043 0.274817 0.447043 0.274817 0.447042 0.274816 0.447042 0.274816 0.431788 0.265431 0.431788 0.265431 0.401805 0.246987 0.401805 0.246987 0.358123 0.22012 0.358123 0.22012 0.30224 0.185757 0.30224 0.185757 0.236074 0.145081 0.236074 0.145081 0.161901 0.0994958 0.161901 0.0994958 0.0822319 0.0505518 0.0822319 0.0505518 -0.000104389 -8.87007e-06 1.949e-05 5.14097e-05 0.0505757 0.0171155 0.0505757 0.0171155 0.0995152 0.0336686 0.0995152 0.0336686 0.145096 0.0491159 0.145096 0.0491159 0.18577 0.0629225 0.18577 0.0629225 0.22013 0.0746017 0.22013 0.0746017 0.246995 0.083742 0.246995 0.083742 0.265436 0.0900203 0.265436 0.0900203 0.274817 0.093215 0.274817 0.093215 0.274816 0.0932134 0.274816 0.0932134 0.265431 0.0900156 0.265431 0.0900156 0.246987 0.0837345 0.246987 0.0837345 0.22012 0.0745919 0.22012 0.0745919 0.185757 0.0629107 0.185757 0.0629107 0.145081 0.0491022 0.145081 0.0491022 0.0994958 0.0336532 0.0994958 0.0336532 0.0505518 0.0170976 0.0505518 0.0170976 -8.87007e-06 3.21731e-05 5.14097e-05 2.30499e-05 0.0171155 -0.0169847 0.0171155 -0.0169847 0.0336686 -0.0333788 0.0336686 -0.0333788 0.0491159 -0.0485861 0.0491159 -0.0485861 0.0629225 -0.0621098 0.0629225 -0.0621098 0.0746017 -0.0735029 0.0746017 -0.0735029 0.083742 -0.0823917 0.083742 -0.0823917 0.0900203 -0.0884851 0.0900203 -0.0884851 0.093215 -0.0915834 0.093215 -0.0915834 0.0932134 -0.0915851 0.0932134 -0.0915851 0.0900156 -0.0884897 0.0900156 -0.0884897 0.0837345 -0.0823988 0.0837345 -0.0823988 0.0745919 -0.0735118 0.0745919 -0.0735118 0.0629107 -0.06212 0.0629107 -0.06212 0.0491022 -0.0485969 0.0491022 -0.0485969 0.0336532 -0.0333896 0.0336532 -0.0333896 0.0170976 -0.0169965 0.0170976 -0.0169965 3.21731e-05 1.27243e-05 2.30499e-05 -6.44796e-05 -0.0169847 -0.0505631 -0.0169847 -0.0505631 -0.0333788 -0.0993435 -0.0333788 -0.0993435 -0.0485861 -0.144682 -0.0485861 -0.144682 -0.0621098 -0.185069 -0.0621098 -0.185069 -0.0735029 -0.21914 -0.0735029 -0.21914 -0.0823917 -0.245749 -0.0823917 -0.245749 -0.0884851 -0.264002 -0.0884851 -0.264002 -0.0915834 -0.273285 -0.0915834 -0.273285 -0.0915851 -0.273287 -0.0915851 -0.273287 -0.0884897 -0.264006 -0.0884897 -0.264006 -0.0823988 -0.245755 -0.0823988 -0.245755 -0.0735118 -0.219147 -0.0735118 -0.219147 -0.06212 -0.185077 -0.06212 -0.185077 -0.0485969 -0.14469 -0.0485969 -0.14469 -0.0333896 -0.0993498 -0.0333896 -0.0993498 -0.0169965 -0.0505698 -0.0169965 -0.0505698 1.27243e-05 -6.70741e-05 -6.44796e-05 -0.000203299 -0.0505631 -0.0824714 -0.0505631 -0.0824714 -0.0993435 -0.161974 -0.0993435 -0.161974 -0.144682 -0.235895 -0.144682 -0.235895 -0.185069 -0.301763 -0.185069 -0.301763 -0.21914 -0.357344 -0.21914 -0.357344 -0.245749 -0.400762 -0.245749 -0.400762 -0.264002 -0.430548 -0.264002 -0.430548 -0.273285 -0.445698 -0.273285 -0.445698 -0.273287 -0.4457 -0.273287 -0.4457 -0.264006 -0.430553 -0.264006 -0.430553 -0.245755 -0.400768 -0.245755 -0.400768 -0.219147 -0.357351 -0.219147 -0.357351 -0.185077 -0.30177 -0.185077 -0.30177 -0.14469 -0.2359 -0.14469 -0.2359 -0.0993498 -0.161977 -0.0993498 -0.161977 -0.0505698 -0.082475 -0.0505698 -0.082475 -6.70741e-05 -0.000200293 -0.000203299 -0.000379894 -0.0824714 -0.111615 -0.0824714 -0.111615 -0.161974 -0.219128 -0.161974 -0.219128 -0.235895 -0.31911 -0.235895 -0.31911 -0.301763 -0.40821 -0.301763 -0.40821 -0.357344 -0.483402 -0.357344 -0.483402 -0.400762 -0.542143 -0.400762 -0.542143 -0.430548 -0.582446 -0.430548 -0.582446 -0.445698 -0.602944 -0.445698 -0.602944 -0.4457 -0.602946 -0.4457 -0.602946 -0.430553 -0.58245 -0.430553 -0.58245 -0.400768 -0.542149 -0.400768 -0.542149 -0.357351 -0.483408 -0.357351 -0.483408 -0.30177 -0.408215 -0.30177 -0.408215 -0.2359 -0.319112 -0.2359 -0.319112 -0.161977 -0.219129 -0.161977 -0.219129 -0.082475 -0.111617 -0.082475 -0.111617 -0.000200293 -0.000374201 -0.000379894 -0.00057997 -0.111615 -0.136991 -0.111615 -0.136991 -0.219128 -0.268847 -0.219128 -0.268847 -0.31911 -0.391479 -0.31911 -0.391479 -0.40821 -0.500771 -0.40821 -0.500771 -0.483402 -0.593007 -0.483402 -0.593007 -0.542143 -0.665067 -0.542143 -0.665067 -0.582446 -0.714508 -0.582446 -0.714508 -0.602944 -0.739656 -0.602944 -0.739656 -0.602946 -0.739658 -0.602946 -0.739658 -0.58245 -0.714513 -0.58245 -0.714513 -0.542149 -0.665073 -0.542149 -0.665073 -0.483408 -0.593013 -0.483408 -0.593013 -0.408215 -0.500775 -0.408215 -0.500775 -0.319112 -0.39148 -0.319112 -0.39148 -0.219129 -0.268847 -0.219129 -0.268847 -0.111617 -0.136993 -0.111617 -0.136993 -0.000374201 -0.000571712 -0.00057997 -0.00078096 -0.136991 -0.157726 -0.136991 -0.157726 -0.268847 -0.309423 -0.268847 -0.309423 -0.391479 -0.450521 -0.391479 -0.450521 -0.500771 -0.576277 -0.500771 -0.576277 -0.593007 -0.682412 -0.593007 -0.682412 -0.665067 -0.765332 -0.665067 -0.765332 -0.714508 -0.822226 -0.714508 -0.822226 -0.739656 -0.851165 -0.739656 -0.851165 -0.739658 -0.851167 -0.739658 -0.851167 -0.714513 -0.822232 -0.714513 -0.822232 -0.665073 -0.76534 -0.665073 -0.76534 -0.593013 -0.68242 -0.593013 -0.68242 -0.500775 -0.576282 -0.500775 -0.576282 -0.39148 -0.450522 -0.39148 -0.450522 -0.268847 -0.309424 -0.268847 -0.309424 -0.136993 -0.157722 -0.136993 -0.157722 -0.000571712 -0.000770353 -0.00078096 -0.000982995 -0.157726 -0.173094 -0.157726 -0.173094 -0.309423 -0.339464 -0.309423 -0.339464 -0.450521 -0.494209 -0.450521 -0.494209 -0.576277 -0.632139 -0.576277 -0.632139 -0.682412 -0.748553 -0.682412 -0.748553 -0.765332 -0.839507 -0.765332 -0.839507 -0.822226 -0.901914 -0.822226 -0.901914 -0.851165 -0.933657 -0.851165 -0.933657 -0.851167 -0.93366 -0.851167 -0.93366 -0.822232 -0.901922 -0.822232 -0.901922 -0.76534 -0.839518 -0.76534 -0.839518 -0.68242 -0.748565 -0.68242 -0.748565 -0.576282 -0.632148 -0.576282 -0.632148 -0.450522 -0.494214 -0.450522 -0.494214 -0.309424 -0.339462 -0.309424 -0.339462 -0.157722 -0.173081 -0.157722 -0.173081 -0.000770353 -0.000944703 -0.000982995 -0.00106716 -0.173094 -0.182569 -0.173094 -0.182569 -0.339464 -0.357927 -0.339464 -0.357927 -0.494209 -0.521047 -0.494209 -0.521047 -0.632139 -0.666443 -0.632139 -0.666443 -0.748553 -0.789167 -0.748553 -0.789167 -0.839507 -0.885053 -0.839507 -0.885053 -0.901914 -0.950845 -0.901914 -0.950845 -0.933657 -0.984311 -0.933657 -0.984311 -0.93366 -0.984315 -0.93366 -0.984315 -0.901922 -0.950856 -0.901922 -0.950856 -0.839518 -0.885069 -0.839518 -0.885069 -0.748565 -0.789186 -0.748565 -0.789186 -0.632148 -0.666462 -0.632148 -0.666462 -0.494214 -0.521057 -0.494214 -0.521057 -0.339462 -0.35792 -0.339462 -0.35792 -0.173081 -0.182521 -0.173081 -0.182521 -0.000944703 -0.00105152 -0.00106716 -0.00131414 -0.182569 -0.185709 -0.182569 -0.185709 -0.357927 -0.364171 -0.357927 -0.364171 -0.521047 -0.530095 -0.521047 -0.530095 -0.666443 -0.678013 -0.666443 -0.678013 -0.789167 -0.802861 -0.789167 -0.802861 -0.885053 -0.900411 -0.885053 -0.900411 -0.950845 -0.967345 -0.950845 -0.967345 -0.984311 -1.00139 -0.984311 -1.00139 -0.984315 -1.0014 -0.984315 -1.0014 -0.950856 -0.96736 -0.950856 -0.96736 -0.885069 -0.900434 -0.885069 -0.900434 -0.789186 -0.802889 -0.789186 -0.802889 -0.666462 -0.678037 -0.666462 -0.678037 -0.521057 -0.530111 -0.521057 -0.530111 -0.35792 -0.364146 -0.35792 -0.364146 -0.182521 -0.185697 -0.182521 -0.185697 -0.00105152 -0.00110958 
SCALARS pressure_error double 1
LOOKUP_TABLE default
0.0018685 0.000665381 -0.000217546 3.78577e-05 -0.000217546 3.78577e-05 -0.0011244 -0.00122829 -0.0011244 -0.00122829 -0.00233127 -0.0023085 -0.00233127 -0.0023085 -0.00335221 -0.00333428 -0.00335221 -0.00333428 -0.00425126 -0.00420884 -0.00425126 -0.00420884 -0.00496301 -0.0049085 -0.00496301 -0.0049085 -0.00546136 -0.0053962 -0.00546136 -0.0053962 -0.00571893 -0.00564798 -0.00571893 -0.00564798 -0.00572235 -0.00565009 -0.00572235 -0.00565009 -0.00547147 -0.0054021 -0.00547147 -0.0054021 -0.00497889 -0.00491691 -0.00497889 -0.00491691 -0.0042715 -0.00421815 -0.0042715 -0.00421815 -0.00337632 -0.00334362 -0.00337632 -0.00334362 -0.00235994 -0.00232181 -0.00235994 -0.00232181 -0.00117714 -0.00124885 -0.00117714 -0.00124885 -0.000242437 -9.40258e-06 -0.000242437 -9.40258e-06 0.00166394 0.000662561 0.000665381 0.000807903 3.78577e-05 -0.000151938 3.78577e-05 -0.000151938 -0.00122829 -0.00123659 -0.00122829 -0.00123659 -0.0023085 -0.00226683 -0.0023085 -0.00226683 -0.00333428 -0.00322502 -0.00333428 -0.00322502 -0.00420884 -0.00406019 -0.00420884 -0.00406019 -0.0049085 -0.00473026 -0.0049085 -0.00473026 -0.0053962 -0.00519861 -0.0053962 -0.00519861 -0.00564798 -0.00544015 -0.00564798 -0.00544015 -0.00565009 -0.00544189 -0.00565009 -0.00544189 -0.0054021 -0.00520366 -0.0054021 -0.00520366 -0.00491691 -0.004738 -0.00491691 -0.004738 -0.00421815 -0.00406924 -0.00421815 -0.00406924 -0.00334362 -0.00323327 -0.00334362 -0.00323327 -0.00232181 -0.00227111 -0.00232181 -0.00227111 -0.00124885 -0.00123865 -0.00124885 -0.00123865 -9.40258e-06 -0.000151619 -9.40258e-06 -0.000151619 0.000662561 0.000797394 0.000807903 0.000532437 -0.000151938 -0.000238775 -0.000151938 -0.000238775 -0.00123659 -0.00123564 -0.00123659 -0.00123564 -0.00226683 -0.00216056 -0.00226683 -0.00216056 -0.00322502 -0.00304322 -0.00322502 -0.00304322 -0.00406019 -0.00381545 -0.00406019 -0.00381545 -0.00473026 -0.00443611 -0.00473026 -0.00443611 -0.00519861 -0.00486963 -0.00519861 -0.00486963 -0.00544015 -0.00509273 -0.00544015 -0.00509273 -0.00544189 -0.00509336 -0.00544189 -0.00509336 -0.00520366 -0.00487142 -0.00520366 -0.00487142 -0.004738 -0.00443891 -0.004738 -0.00443891 -0.00406924 -0.00381886 -0.00406924 -0.00381886 -0.00323327 -0.00304635 -0.00323327 -0.00304635 -0.00227111 -0.00215981 -0.00227111 -0.00215981 -0.00123865 -0.00122525 -0.00123865 -0.00122525 -0.000151619 -0.000219293 -0.000151619 -0.000219293 0.000797394 0.000566259 0.000532437 0.000369174 -0.000238775 -0.000325211 -0.000238775 -0.000325211 -0.00123564 -0.00118274 -0.00123564 -0.00118274 -0.00216056 -0.00199801 -0.00216056 -0.00199801 -0.00304322 -0.00277945 -0.00304322 -0.00277945 -0.00381545 -0.00346467 -0.00381545 -0.00346467 -0.00443611 -0.0040168 -0.00443611 -0.0040168 -0.00486963 -0.00440334 -0.00486963 -0.00440334 -0.00509273 -0.00460229 -0.00509273 -0.00460229 -0.00509336 -0.00460221 -0.00509336 -0.00460221 -0.00487142 -0.00440299 -0.00487142 -0.00440299 -0.00443891 -0.00401591 -0.00443891 -0.00401591 -0.00381886 -0.00346265 -0.00381886 -0.00346265 -0.00304635 -0.00277548 -0.00304635 -0.00277548 -0.00215981 -0.00199008 -0.00215981 -0.00199008 -0.00122525 -0.00116542 -0.00122525 -0.00116542 -0.000219293 -0.000295432 -0.000219293 -0.000295432 0.000566259 0.000409258 0.000369174 0.000198501 -0.000325211 -0.000364346 -0.000325211 -0.000364346 -0.00118274 -0.00107657 -0.00118274 -0.00107657 -0.00199801 -0.00176074 -0.00199801 -0.00176074 -0.00277945 -0.0024199 -0.00277945 -0.0024199 -0.00346467 -0.0030006 -0.00346467 -0.0030006 -0.0040168 -0.003471 -0.0040168 -0.003471 -0.00440334 -0.00380112 -0.00440334 -0.00380112 -0.00460229 -0.00397099 -0.00460229 -0.00397099 -0.00460221 -0.00397024 -0.00460221 -0.00397024 -0.00440299 -0.00379885 -0.00440299 -0.00379885 -0.00401591 -0.00346705 -0.00401591 -0.00346705 -0.00346265 -0.00299455 -0.00346265 -0.00299455 -0.00277548 -0.00241073 -0.00277548 -0.00241073 -0.00199008 -0.00174742 -0.00199008 -0.00174742 -0.00116542 -0.00105528 -0.00116542 -0.00105528 -0.000295432 -0.000333206 -0.000295432 -0.000333206 0.000409258 0.000240517 0.000198501 6.82023e-05 -0.000364346 -0.00035647 -0.000364346 -0.00035647 -0.00107657 -0.000903152 -0.00107657 -0.000903152 -0.00176074 -0.00143906 -0.00176074 -0.00143906 -0.0024199 -0.00196032 -0.0024199 -0.00196032 -0.0030006 -0.0024242 -0.0030006 -0.0024242 -0.003471 -0.00280246 -0.003471 -0.00280246 -0.00380112 -0.00306884 -0.00380112 -0.00306884 -0.00397099 -0.00320594 -0.00397099 -0.00320594 -0.00397024 -0.00320472 -0.00397024 -0.00320472 -0.00379885 -0.00306522 -0.00379885 -0.00306522 -0.00346705 -0.00279643 -0.00346705 -0.00279643 -0.00299455 -0.00241563 -0.00299455 -0.00241563 -0.00241073 -0.00194842 -0.00241073 -0.00194842 -0.00174742 -0.00142328 -0.00174742 -0.00142328 -0.00105528 -0.000881376 -0.00105528 -0.000881376 -0.000333206 -0.000327738 -0.000333206 -0.000327738 0.000240517 0.000104389 6.82023e-05 -1.949e-05 -0.00035647 -0.000290255 -0.00035647 -0.000290255 -0.000903152 -0.000656759 -0.000903152 -0.000656759 -0.00143906 -0.00103113 -0.00143906 -0.00103113 -0.00196032 -0.00140409 -0.00196032 -0.00140409 -0.0024242 -0.00174243 -0.0024242 -0.00174243 -0.00280246 -0.0020216 -0.00280246 -0.0020216 -0.00306884 -0.00221958 -0.00306884 -0.00221958 -0.00320594 -0.00232164 -0.00320594 -0.00232164 -0.00320472 -0.00232014 -0.00320472 -0.00232014 -0.00306522 -0.00221518 -0.00306522 -0.00221518 -0.00279643 -0.00201443 -0.00279643 -0.00201443 -0.00241563 -0.0017327 -0.00241563 -0.0017327 -0.00194842 -0.00139151 -0.00194842 -0.00139151 -0.00142328 -0.00101556 -0.00142328 -0.00101556 -0.000881376 -0.000637297 -0.000881376 -0.000637297 -0.000327738 -0.000266402 -0.000327738 -0.000266402 0.000104389 8.87007e-06 -1.949e-05 -5.14097e-05 -0.000290255 -0.000161193 -0.000290255 -0.000161193 -0.000656759 -0.000337467 -0.000656759 -0.000337467 -0.00103113 -0.000542831 -0.00103113 -0.000542831 -0.00140409 -0.000761716 -0.00140409 -0.000761716 -0.00174243 -0.000969931 -0.00174243 -0.000969931 -0.0020216 -0.00114673 -0.0020216 -0.00114673 -0.00221958 -0.00127423 -0.00221958 -0.00127423 -0.00232164 -0.00134029 -0.00232164 -0.00134029 -0.00232014 -0.00133867 -0.00232014 -0.00133867 -0.00221518 -0.00126955 -0.00221518 -0.00126955 -0.00201443 -0.00113929 -0.00201443 -0.00113929 -0.0017327 -0.000960206 -0.0017327 -0.000960206 -0.00139151 -0.000749911 -0.00139151 -0.000749911 -0.00101556 -0.000529182 -0.00101556 -0.000529182 -0.000637297 -0.000322046 -0.000637297 -0.000322046 -0.000266402 -0.000143364 -0.000266402 -0.000143364 8.87007e-06 -3.21731e-05 -5.14097e-05 -2.30499e-05 -0.000161193 3.04524e-05 -0.000161193 3.04524e-05 -0.000337467 4.76632e-05 -0.000337467 4.76632e-05 -0.000542831 1.30631e-05 -0.000542831 1.30631e-05 -0.000761716 -5.09589e-05 -0.000761716 -5.09589e-05 -0.000969931 -0.000128884 -0.000969931 -0.000128884 -0.00114673 -0.000203579 -0.00114673 -0.000203579 -0.00127423 -0.000260972 -0.00127423 -0.000260972 -0.00134029 -0.000291314 -0.00134029 -0.000291314 -0.00133867 -0.000289701 -0.00133867 -0.000289701 -0.00126955 -0.000256337 -0.00126955 -0.000256337 -0.00113929 -0.000196415 -0.00113929 -0.000196415 -0.000960206 -0.000119926 -0.000960206 -0.000119926 -0.000749911 -4.08044e-05 -0.000749911 -4.08044e-05 -0.000529182 2.38976e-05 -0.000529182 2.38976e-05 -0.000322046 5.84175e-05 -0.000322046 5.84175e-05 -0.000143364 4.22138e-05 -0.000143364 4.22138e-05 -3.21731e-05 -1.27243e-05 -2.30499e-05 6.44796e-05 3.04524e-05 0.000277656 3.04524e-05 0.000277656 4.76632e-05 0.000484996 4.76632e-05 0.000484996 1.30631e-05 0.000617155 1.30631e-05 0.000617155 -5.09589e-05 0.000703582 -5.09589e-05 0.000703582 -0.000128884 0.0007518 -0.000128884 0.0007518 -0.000203579 0.000775596 -0.000203579 0.000775596 -0.000260972 0.000785631 -0.000260972 0.000785631 -0.000291314 0.000789567 -0.000291314 0.000789567 -0.000289701 0.000791114 -0.000289701 0.000791114 -0.000256337 0.000790032 -0.000256337 0.000790032 -0.000196415 0.000782185 -0.000196415 0.000782185 -0.000119926 0.000759622 -0.000119926 0.000759622 -4.08044e-05 0.000711791 -4.08044e-05 0.000711791 2.38976e-05 0.000624982 2.38976e-05 0.000624982 5.84175e-05 0.000491311 5.84175e-05 0.000491311 4.22138e-05 0.000284378 4.22138e-05 0.000284378 -1.27243e-05 6.70741e-05 6.44796e-05 0.000203299 0.000277656 0.000567178 0.000277656 0.000567178 0.000484996 0.000954634 0.000484996 0.000954634 0.000617155 0.00124413 0.000617155 0.00124413 0.000703582 0.00147145 0.000703582 0.00147145 0.0007518 0.00163748 0.0007518 0.00163748 0.000775596 0.00175307 0.000775596 0.00175307 0.000785631 0.00182581 0.000785631 0.00182581 0.000789567 0.00186157 0.000789567 0.00186157 0.000791114 0.00186307 0.000791114 0.00186307 0.000790032 0.00183 0.000790032 0.00183 0.000782185 0.00175909 0.000782185 0.00175909 0.000759622 0.0016442 0.000759622 0.0016442 0.000711791 0.00147782 0.000711791 0.00147782 0.000624982 0.0012491 0.000624982 0.0012491 0.000491311 0.000957397 0.000491311 0.000957397 0.000284378 0.000570763 0.000284378 0.000570763 6.70741e-05 0.000200293 0.000203299 0.000379894 0.000567178 0.000881074 0.000567178 0.000881074 0.000954634 0.00143134 0.000954634 0.00143134 0.00124413 0.00186358 0.00124413 0.00186358 0.00147145 0.00221753 0.00147145 0.00221753 0.00163748 0.00248914 0.00163748 0.00248914 0.00175307 0.00268705 0.00175307 0.00268705 0.00182581 0.00281604 0.00182581 0.00281604 0.00186157 0.00288037 0.00186157 0.00288037 0.00186307 0.0028819 0.00186307 0.0028819 0.00183 0.00282022 0.00183 0.00282022 0.00175909 0.00269284 0.00175909 0.00269284 0.0016442 0.00249519 0.0016442 0.00249519 0.00147782 0.00222245 0.00147782 0.00222245 0.0012491 0.00186599 0.0012491 0.00186599 0.000957397 0.00143186 0.000957397 0.00143186 0.000570763 0.000883424 0.000570763 0.000883424 0.000200293 0.000374201 0.000379894 0.00057997 0.000881074 0.00119825 0.000881074 0.00119825 0.00143134 0.00188626 0.00143134 0.00188626 0.00186358 0.00244107 0.00186358 0.00244107 0.00221753 0.00290369 0.00221753 0.00290369 0.00248914 0.0032652 0.00248914 0.0032652 0.00268705 0.0035334 0.00268705 0.0035334 0.00281604 0.00371068 0.00281604 0.00371068 0.00288037 0.00379968 0.00288037 0.00379968 0.0028819 0.00380141 0.0028819 0.00380141 0.00282022 0.00371539 0.00282022 0.00371539 0.00269284 0.00353982 0.00269284 0.00353982 0.00249519 0.00327146 0.00249519 0.00327146 0.00222245 0.00290765 0.00222245 0.00290765 0.00186599 0.0024415 0.00186599 0.0024415 0.00143186 0.001886 0.00143186 0.001886 0.000883424 0.00120011 0.000883424 0.00120011 0.000374201 0.000571712 0.00057997 0.00078096 0.00119825 0.001499 0.00119825 0.001499 0.00188626 0.00228937 0.00188626 0.00228937 0.00244107 0.00293955 0.00244107 0.00293955 0.00290369 0.00348984 0.00290369 0.00348984 0.0032652 0.0039241 0.0032652 0.0039241 0.0035334 0.00424895 0.0035334 0.00424895 0.00371068 0.00446526 0.00371068 0.00446526 0.00379968 0.00457442 0.00379968 0.00457442 0.00380141 0.0045766 0.00380141 0.0045766 0.00371539 0.00447121 0.00371539 0.00447121 0.00353982 0.00425695 0.00353982 0.00425695 0.00327146 0.0039316 0.00327146 0.0039316 0.00290765 0.0034942 0.00290765 0.0034942 0.0024415 0.0029403 0.0024415 0.0029403 0.001886 0.00228973 0.001886 0.00228973 0.00120011 0.00149548 0.00120011 0.00149548 0.000571712 0.000770353 0.00078096 0.000982995 0.001499 0.00175296 0.001499 0.00175296 0.00228937 0.00261666 0.00228937 0.00261666 0.00293955 0.0033252 0.00293955 0.0033252 0.00348984 0.00393652 0.00348984 0.00393652 0.0039241 0.00442454 0.0039241 0.00442454 0.00424895 0.00479224 0.00424895 0.00479224 0.00446526 0.0050382 0.00446526 0.0050382 0.00457442 0.00516283 0.00457442 0.00516283 0.0045766 0.00516575 0.0045766 0.00516575 0.00447121 0.00504629 0.00447121 0.00504629 0.00425695 0.0048035 0.00425695 0.0048035 0.0039316 0.00443624 0.0039316 0.00443624 0.0034942 0.00394585 0.0034942 0.00394585 0.0029403 0.00333096 0.0029403 0.00333096 0.00228973 0.00261461 0.00228973 0.00261461 0.00149548 0.00173931 0.00149548 0.00173931 0.000770353 0.000944703 0.000982995 0.00106716 0.00175296 0.00194786 0.00175296 0.00194786 0.00261666 0.00283622 0.00261666 0.00283622 0.0033252 0.00357852 0.0033252 0.00357852 0.00393652 0.00421852 0.00393652 0.00421852 0.00442454 0.00473722 0.00442454 0.00473722 0.00479224 0.00513119 0.00479224 0.00513119 0.0050382 0.00539621 0.0050382 0.00539621 0.00516283 0.00553109 0.00516283 0.00553109 0.00516575 0.00553505 0.00516575 0.00553505 0.00504629 0.00540744 0.00504629 0.00540744 0.0048035 0.00514793 0.0048035 0.00514793 0.00443624 0.0047567 0.00443624 0.0047567 0.00394585 0.0042371 0.00394585 0.0042371 0.00333096 0.00358821 0.00333096 0.00358821 0.00261461 0.00282964 0.00261461 0.00282964 0.00173931 0.0019006 0.00173931 0.0019006 0.000944703 0.00105152 0.00106716 0.00131414 0.00194786 0.00195934 0.00194786 0.00195934 0.00283622 0.00292974 0.00283622 0.00292974 0.00357852 0.00366273 0.00357852 0.00366273 0.00421852 0.00431721 0.00421852 0.00431721 0.00473722 0.0048442 0.00473722 0.0048442 0.00513119 0.00524737 0.00513119 0.00524737 0.00539621 0.00551904 0.00539621 0.00551904 0.00553109 0.0056582 0.00553109 0.0056582 0.00553505 0.00566369 0.00553505 0.00566369 0.00540744 0.00553469 0.00540744 0.00553469 0.00514793 0.00527069 0.00514793 0.00527069 0.0047567 0.00487167 0.0047567 0.00487167 0.0042371 0.00434144 0.0042371 0.00434144 0.00358821 0.0036785 0.00358821 0.0036785 0.00282964 0.0029048 0.00282964 0.0029048 0.0019006 0.00194727 0.0019006 0.00194727 0.00105152 0.00110958 
SCALARS temperature double 1
LOOKUP_TABLE default
0 0 0.18375 0.171337 0.18375 0.171337 0.361242 0.33684 0.361242 0.33684 0.526432 0.490873 0.526432 0.490873 0.673696 0.628192 0.673696 0.628192 0.798017 0.744119 0.798017 0.744119 0.895163 0.834708 0.895163 0.834708 0.961826 0.896872 0.961826 0.896872 0.995734 0.928494 0.995734 0.928494 0.995734 0.928499 0.995734 0.928499 0.961826 0.896883 0.961826 0.896883 0.895163 0.834726 0.895163 0.834726 0.798017 0.744141 0.798017 0.744141 0.673696 0.628215 0.673696 0.628215 0.526432 0.490895 0.526432 0.490895 0.361242 0.336857 0.361242 0.336857 0.18375 0.171346 0.18375 0.171346 1.22465e-16 1.14195e-16 0 0 0.171337 0.135785 0.171337 0.135785 0.33684 0.266947 0.33684 0.266947 0.490873 0.389021 0.490873 0.389021 0.628192 0.497849 0.628192 0.497849 0.744119 0.589725 0.744119 0.589725 0.834708 0.661521 0.834708 0.661521 0.896872 0.71079 0.896872 0.71079 0.928494 0.735856 0.928494 0.735856 0.928499 0.735862 0.928499 0.735862 0.896883 0.71081 0.896883 0.71081 0.834726 0.66155 0.834726 0.66155 0.744141 0.589761 0.744141 0.589761 0.628215 0.497887 0.628215 0.497887 0.490895 0.389056 0.490895 0.389056 0.336857 0.266975 0.336857 0.266975 0.171346 0.1358 0.171346 0.1358 1.14195e-16 9.05025e-17 0 0 0.135785 0.0818949 0.135785 0.0818949 0.266947 0.161003 0.266947 0.161003 0.389021 0.23463 0.389021 0.23463 0.497849 0.300269 0.497849 0.300269 0.589725 0.355685 0.589725 0.355685 0.661521 0.398992 0.661521 0.398992 0.71079 0.428712 0.71079 0.428712 0.735856 0.443834 0.735856 0.443834 0.735862 0.443843 0.735862 0.443843 0.71081 0.428736 0.71081 0.428736 0.66155 0.399028 0.66155 0.399028 0.589761 0.355729 0.589761 0.355729 0.497887 0.300315 0.497887 0.300315 0.389056 0.234672 0.389056 0.234672 0.266975 0.161035 0.266975 0.161035 0.1358 0.081913 0.1358 0.081913 9.05025e-17 5.45872e-17 0 0 0.0818949 0.016944 0.0818949 0.016944 0.161003 0.0333127 0.161003 0.0333127 0.23463 0.0485492 0.23463 0.0485492 0.300269 0.062135 0.300269 0.062135 0.355685 0.0736074 0.355685 0.0736074 0.398992 0.0825756 0.398992 0.0825756 0.428712 0.0887333 0.428712 0.0887333 0.443834 0.0918702 0.443834 0.0918702 0.443843 0.0918788 0.443843 0.0918788 0.428736 0.088758 0.428736 0.088758 0.399028 0.0826134 0.399028 0.0826134 0.355729 0.0736537 0.355729 0.0736537 0.300315 0.0621838 0.300315 0.0621838 0.234672 0.048594 0.234672 0.048594 0.161035 0.0333472 0.161035 0.0333472 0.081913 0.016963 0.081913 0.016963 5.45872e-17 1.12996e-17 0 0 0.016944 -0.0502956 0.016944 -0.0502956 0.0333127 -0.0988769 0.0333127 -0.0988769 0.0485492 -0.144089 0.0485492 -0.144089 0.062135 -0.184392 0.062135 -0.184392 0.0736074 -0.218413 0.0736074 -0.218413 0.0825756 -0.244994 0.0825756 -0.244994 0.0887333 -0.26323 0.0887333 -0.26323 0.0918702 -0.272502 0.0918702 -0.272502 0.0918788 -0.272494 0.0918788 -0.272494 0.088758 -0.263207 0.088758 -0.263207 0.0826134 -0.244958 0.0826134 -0.244958 0.0736537 -0.218369 0.0736537 -0.218369 0.0621838 -0.184346 0.0621838 -0.184346 0.048594 -0.144047 0.048594 -0.144047 0.0333472 -0.0988444 0.0333472 -0.0988444 0.016963 -0.0502777 0.016963 -0.0502777 1.12996e-17 -3.3514e-17 0 0 -0.0502956 -0.110743 -0.0502956 -0.110743 -0.0988769 -0.217713 -0.0988769 -0.217713 -0.144089 -0.317268 -0.144089 -0.317268 -0.184392 -0.406016 -0.184392 -0.406016 -0.218413 -0.480936 -0.218413 -0.480936 -0.244994 -0.539476 -0.244994 -0.539476 -0.26323 -0.579644 -0.26323 -0.579644 -0.272502 -0.600072 -0.272502 -0.600072 -0.272494 -0.600066 -0.272494 -0.600066 -0.263207 -0.579625 -0.263207 -0.579625 -0.244958 -0.539447 -0.244958 -0.539447 -0.218369 -0.4809 -0.218369 -0.4809 -0.184346 -0.405978 -0.184346 -0.405978 -0.144047 -0.317233 -0.144047 -0.317233 -0.0988444 -0.217687 -0.0988444 -0.217687 -0.0502777 -0.110728 -0.0502777 -0.110728 -3.3514e-17 -7.38015e-17 0 0 -0.110743 -0.156234 -0.110743 -0.156234 -0.217713 -0.307146 -0.217713 -0.307146 -0.317268 -0.447598 -0.317268 -0.447598 -0.406016 -0.572806 -0.406016 -0.572806 -0.480936 -0.678506 -0.480936 -0.678506 -0.539476 -0.7611 -0.539476 -0.7611 -0.579644 -0.817774 -0.579644 -0.817774 -0.600072 -0.8466 -0.600072 -0.8466 -0.600066 -0.846595 -0.600066 -0.846595 -0.579625 -0.817762 -0.579625 -0.817762 -0.539447 -0.761081 -0.539447 -0.761081 -0.4809 -0.678483 -0.4809 -0.678483 -0.405978 -0.572782 -0.405978 -0.572782 -0.317233 -0.447576 -0.317233 -0.447576 -0.217687 -0.307129 -0.217687 -0.307129 -0.110728 -0.156224 -0.110728 -0.156224 -7.38015e-17 -1.04122e-16 0 0 -0.156234 -0.180625 -0.156234 -0.180625 -0.307146 -0.355098 -0.307146 -0.355098 -0.447598 -0.517478 -0.447598 -0.517478 -0.572806 -0.662236 -0.572806 -0.662236 -0.678506 -0.784441 -0.678506 -0.784441 -0.7611 -0.879933 -0.7611 -0.879933 -0.817774 -0.945459 -0.817774 -0.945459 -0.8466 -0.978789 -0.8466 -0.978789 -0.846595 -0.978788 -0.846595 -0.978788 -0.817762 -0.945455 -0.817762 -0.945455 -0.761081 -0.879926 -0.761081 -0.879926 -0.678483 -0.784433 -0.678483 -0.784433 -0.572782 -0.662227 -0.572782 -0.662227 -0.447576 -0.51747 -0.447576 -0.51747 -0.307129 -0.355092 -0.307129 -0.355092 -0.156224 -0.180621 -0.156224 -0.180621 -1.04122e-16 -1.20379e-16 0 0 -0.180625 -0.180621 -0.180625 -0.180621 -0.355098 -0.355092 -0.355098 -0.355092 -0.517478 -0.517471 -0.517478 -0.517471 -0.662236 -0.662228 -0.662236 -0.662228 -0.784441 -0.784433 -0.784441 -0.784433 -0.879933 -0.879927 -0.879933 -0.879927 -0.945459 -0.945455 -0.945459 -0.945455 -0.978789 -0.978788 -0.978789 -0.978788 -0.978788 -0.97879 -0.978788 -0.97879 -0.945455 -0.94546 -0.945455 -0.94546 -0.879926 -0.879933 -0.879926 -0.879933 -0.784433 -0.784442 -0.784433 -0.784442 -0.662227 -0.662236 -0.662227 -0.662236 -0.51747 -0.517479 -0.51747 -0.517479 -0.355092 -0.355098 -0.355092 -0.355098 -0.180621 -0.180625 -0.180621 -0.180625 -1.20379e-16 -1.20379e-16 0 0 -0.180621 -0.156224 -0.180621 -0.156224 -0.355092 -0.307129 -0.355092 -0.307129 -0.517471 -0.447576 -0.517471 -0.447576 -0.662228 -0.572782 -0.662228 -0.572782 -0.784433 -0.678484 -0.784433 -0.678484 -0.879927 -0.761082 -0.879927 -0.761082 -0.945455 -0.817763 -0.945455 -0.817763 -0.978788 -0.846596 -0.978788 -0.846596 -0.97879 -0.846601 -0.97879 -0.846601 -0.94546 -0.817775 -0.94546 -0.817775 -0.879933 -0.761101 -0.879933 -0.761101 -0.784442 -0.678507 -0.784442 -0.678507 -0.662236 -0.572807 -0.662236 -0.572807 -0.517479 -0.447598 -0.517479 -0.447598 -0.355098 -0.307146 -0.355098 -0.307146 -0.180625 -0.156234 -0.180625 -0.156234 -1.20379e-16 -1.04122e-16 0 0 -0.156224 -0.110728 -0.156224 -0.110728 -0.307129 -0.217687 -0.307129 -0.217687 -0.447576 -0.317233 -0.447576 -0.317233 -0.572782 -0.405979 -0.572782 -0.405979 -0.678484 -0.480901 -0.678484 -0.480901 -0.761082 -0.539448 -0.761082 -0.539448 -0.817763 -0.579627 -0.817763 -0.579627 -0.846596 -0.600067 -0.846596 -0.600067 -0.846601 -0.600074 -0.846601 -0.600074 -0.817775 -0.579646 -0.817775 -0.579646 -0.761101 -0.539478 -0.761101 -0.539478 -0.678507 -0.480937 -0.678507 -0.480937 -0.572807 -0.406017 -0.572807 -0.406017 -0.447598 -0.317268 -0.447598 -0.317268 -0.307146 -0.217713 -0.307146 -0.217713 -0.156234 -0.110743 -0.156234 -0.110743 -1.04122e-16 -7.38015e-17 0 0 -0.110728 -0.0502778 -0.110728 -0.0502778 -0.217687 -0.0988446 -0.217687 -0.0988446 -0.317233 -0.144047 -0.317233 -0.144047 -0.405979 -0.184347 -0.405979 -0.184347 -0.480901 -0.21837 -0.480901 -0.21837 -0.539448 -0.24496 -0.539448 -0.24496 -0.579627 -0.263209 -0.579627 -0.263209 -0.600067 -0.272496 -0.600067 -0.272496 -0.600074 -0.272504 -0.600074 -0.272504 -0.579646 -0.263232 -0.579646 -0.263232 -0.539478 -0.244996 -0.539478 -0.244996 -0.480937 -0.218414 -0.480937 -0.218414 -0.406017 -0.184393 -0.406017 -0.184393 -0.317268 -0.14409 -0.317268 -0.14409 -0.217713 -0.0988772 -0.217713 -0.0988772 -0.110743 -0.0502956 -0.110743 -0.0502956 -7.38015e-17 -3.3514e-17 0 0 -0.0502778 0.016963 -0.0502778 0.016963 -0.0988446 0.033347 -0.0988446 0.033347 -0.144047 0.0485936 -0.144047 0.0485936 -0.184347 0.062183 -0.184347 0.062183 -0.21837 0.0736526 -0.21837 0.0736526 -0.24496 0.0826119 -0.24496 0.0826119 -0.263209 0.0887562 -0.263209 0.0887562 -0.272496 0.0918767 -0.272496 0.0918767 -0.272504 0.091868 -0.272504 0.091868 -0.263232 0.0887311 -0.263232 0.0887311 -0.244996 0.0825736 -0.244996 0.0825736 -0.218414 0.0736058 -0.218414 0.0736058 -0.184393 0.0621337 -0.184393 0.0621337 -0.14409 0.0485483 -0.14409 0.0485483 -0.0988772 0.0333122 -0.0988772 0.0333122 -0.0502956 0.0169439 -0.0502956 0.0169439 -3.3514e-17 1.12996e-17 0 0 0.016963 0.081913 0.016963 0.081913 0.033347 0.161035 0.033347 0.161035 0.0485936 0.234672 0.0485936 0.234672 0.062183 0.300314 0.062183 0.300314 0.0736526 0.355728 0.0736526 0.355728 0.0826119 0.399026 0.0826119 0.399026 0.0887562 0.428734 0.0887562 0.428734 0.0918767 0.443841 0.0918767 0.443841 0.091868 0.443832 0.091868 0.443832 0.0887311 0.42871 0.0887311 0.42871 0.0825736 0.39899 0.0825736 0.39899 0.0736058 0.355684 0.0736058 0.355684 0.0621337 0.300268 0.0621337 0.300268 0.0485483 0.234629 0.0485483 0.234629 0.0333122 0.161002 0.0333122 0.161002 0.0169439 0.0818948 0.0169439 0.0818948 1.12996e-17 5.45872e-17 0 0 0.081913 0.1358 0.081913 0.1358 0.161035 0.266975 0.161035 0.266975 0.234672 0.389056 0.234672 0.389056 0.300314 0.497887 0.300314 0.497887 0.355728 0.589761 0.355728 0.589761 0.399026 0.661549 0.399026 0.661549 0.428734 0.710808 0.428734 0.710808 0.443841 0.735861 0.443841 0.735861 0.443832 0.735854 0.443832 0.735854 0.42871 0.710789 0.42871 0.710789 0.39899 0.661519 0.39899 0.661519 0.355684 0.589724 0.355684 0.589724 0.300268 0.497848 0.300268 0.497848 0.234629 0.38902 0.234629 0.38902 0.161002 0.266947 0.161002 0.266947 0.0818948 0.135785 0.0818948 0.135785 5.45872e-17 9.05025e-17 0 0 0.1358 0.171346 0.1358 0.171346 0.266975 0.336857 0.266975 0.336857 0.389056 0.490895 0.389056 0.490895 0.497887 0.628215 0.497887 0.628215 0.589761 0.744141 0.589761 0.744141 0.661549 0.834725 0.661549 0.834725 0.710808 0.896883 0.710808 0.896883 0.735861 0.928498 0.735861 0.928498 0.735854 0.928494 0.735854 0.928494 0.710789 0.896871 0.710789 0.896871 0.661519 0.834707 0.661519 0.834707 0.589724 0.744119 0.589724 0.744119 0.497848 0.628191 0.497848 0.628191 0.38902 0.490873 0.38902 0.490873 0.266947 0.33684 0.266947 0.33684 0.135785 0.171337 0.135785 0.171337 9.05025e-17 1.14195e-16 0 0 0.171346 0.18375 0.171346 0.18375 0.336857 0.361242 0.336857 0.361242 0.490895 0.526432 0.490895 0.526432 0.628215 0.673696 0.628215 0.673696 0.744141 0.798017 0.744141 0.798017 0.834725 0.895163 0.834725 0.895163 0.896883 0.961826 0.896883 0.961826 0.928498 0.995734 0.928498 0.995734 0.928494 0.995734 0.928494 0.995734 0.896871 0.961826 0.896871 0.961826 0.834707 0.895163 0.834707 0.895163 0.744119 0.798017 0.744119 0.798017 0.628191 0.673696 0.628191 0.673696 0.490873 0.526432 0.490873 0.526432 0.33684 0.361242 0.33684 0.361242 0.171337 0.18375 0.171337 0.18375 1.14195e-16 1.22465e-16 
SCALARS temperature_error double 1
LOOKUP_TABLE default
0 0 0 4.57977e-06 0 4.57977e-06 0 8.22781e-06 0 8.22781e-06 0 1.03042e-05 0 1.03042e-05 0 1.07634e-05 0 1.07634e-05 0 9.71596e-06 0 9.71596e-06 0 7.35181e-06 0 7.35181e-06 0 3.9768e-06 0 3.9768e-06 0 6.4761e-09 0 6.4761e-09 0 -4.07897e-06 0 -4.07897e-06 0 -7.79118e-06 0 -7.79118e-06 0 -1.06869e-05 0 -1.06869e-05 0 -1.24129e-05 0 -1.24129e-05 0 -1.27374e-05 0 -1.27374e-05 0 -1.15572e-05 0 -1.15572e-05 0 -8.88037e-06 0 -8.88037e-06 0 -4.86186e-06 0 -4.86186e-06 0 0 0 0 4.57977e-06 7.48744e-06 4.57977e-06 7.48744e-06 8.22781e-06 1.33925e-05 8.22781e-06 1.33925e-05 1.03042e-05 1.69769e-05 1.03042e-05 1.69769e-05 1.07634e-05 1.80511e-05 1.07634e-05 1.80511e-05 9.71596e-06 1.6606e-05 9.71596e-06 1.6606e-05 7.35181e-06 1.2884e-05 7.35181e-06 1.2884e-05 3.9768e-06 7.41199e-06 3.9768e-06 7.41199e-06 6.4761e-09 9.1423e-07 6.4761e-09 9.1423e-07 -4.07897e-06 -5.79058e-06 -4.07897e-06 -5.79058e-06 -7.79118e-06 -1.18853e-05 -7.79118e-06 -1.18853e-05 -1.06869e-05 -1.66351e-05 -1.06869e-05 -1.66351e-05 -1.24129e-05 -1.94566e-05 -1.24129e-05 -1.94566e-05 -1.27374e-05 -1.99762e-05 -1.27374e-05 -1.99762e-05 -1.15572e-05 -1.80666e-05 -1.15572e-05 -1.80666e-05 -8.88037e-06 -1.38345e-05 -8.88037e-06 -1.38345e-05 -4.86186e-06 -7.58051e-06 -4.86186e-06 -7.58051e-06 0 0 0 0 7.48744e-06 9.31024e-06 7.48744e-06 9.31024e-06 1.33925e-05 1.67222e-05 1.33925e-05 1.67222e-05 1.69769e-05 2.14383e-05 1.69769e-05 2.14383e-05 1.80511e-05 2.30478e-05 1.80511e-05 2.30478e-05 1.6606e-05 2.14522e-05 1.6606e-05 2.14522e-05 1.2884e-05 1.69959e-05 1.2884e-05 1.69959e-05 7.41199e-06 1.0372e-05 7.41199e-06 1.0372e-05 9.1423e-07 2.48542e-06 9.1423e-07 2.48542e-06 -5.79058e-06 -5.66558e-06 -5.79058e-06 -5.66558e-06 -1.18853e-05 -1.30945e-05 -1.18853e-05 -1.30945e-05 -1.66351e-05 -1.8917e-05 -1.66351e-05 -1.8917e-05 -1.94566e-05 -2.24287e-05 -1.94566e-05 -2.24287e-05 -1.99762e-05 -2.31689e-05 -1.99762e-05 -2.31689e-05 -1.80666e-05 -2.09774e-05 -1.80666e-05 -2.09774e-05 -1.38345e-05 -1.60276e-05 -1.38345e-05 -1.60276e-05 -7.58051e-06 -8.77255e-06 -7.58051e-06 -8.77255e-06 0 0 0 0 9.31024e-06 1.02214e-05 9.31024e-06 1.02214e-05 1.67222e-05 1.84804e-05 1.67222e-05 1.84804e-05 2.14383e-05 2.38664e-05 2.14383e-05 2.38664e-05 2.30478e-05 2.58273e-05 2.30478e-05 2.58273e-05 2.14522e-05 2.42955e-05 2.14522e-05 2.42955e-05 1.69959e-05 1.96969e-05 1.69959e-05 1.96969e-05 1.0372e-05 1.27843e-05 1.0372e-05 1.27843e-05 2.48542e-06 4.51859e-06 2.48542e-06 4.51859e-06 -5.66558e-06 -4.05315e-06 -5.66558e-06 -4.05315e-06 -1.30945e-05 -1.19047e-05 -1.30945e-05 -1.19047e-05 -1.8917e-05 -1.81217e-05 -1.8917e-05 -1.81217e-05 -2.24287e-05 -2.19745e-05 -2.24287e-05 -2.19745e-05 -2.31689e-05 -2.29793e-05 -2.31689e-05 -2.29793e-05 -2.09774e-05 -2.09472e-05 -2.09774e-05 -2.09472e-05 -1.60276e-05 -1.60371e-05 -1.60276e-05 -1.60371e-05 -8.77255e-06 -8.77104e-06 -8.77255e-06 -8.77104e-06 0 0 0 0 1.02214e-05 1.01237e-05 1.02214e-05 1.01237e-05 1.84804e-05 1.84296e-05 1.84804e-05 1.84296e-05 2.38664e-05 2.39419e-05 2.38664e-05 2.39419e-05 2.58273e-05 2.60954e-05 2.58273e-05 2.60954e-05 2.42955e-05 2.4875e-05 2.42955e-05 2.4875e-05 1.96969e-05 2.07073e-05 1.96969e-05 2.07073e-05 1.27843e-05 1.43198e-05 1.27843e-05 1.43198e-05 4.51859e-06 6.62812e-06 4.51859e-06 6.62812e-06 -4.05315e-06 -1.38792e-06 -4.05315e-06 -1.38792e-06 -1.19047e-05 -8.78149e-06 -1.19047e-05 -8.78149e-06 -1.81217e-05 -1.47156e-05 -1.81217e-05 -1.47156e-05 -2.19745e-05 -1.85221e-05 -2.19745e-05 -1.85221e-05 -2.29793e-05 -1.97528e-05 -2.29793e-05 -1.97528e-05 -2.09472e-05 -1.82224e-05 -2.09472e-05 -1.82224e-05 -1.60371e-05 -1.40477e-05 -1.60371e-05 -1.40477e-05 -8.77104e-06 -7.69959e-06 -8.77104e-06 -7.69959e-06 0 0 0 0 1.01237e-05 8.94116e-06 1.01237e-05 8.94116e-06 1.84296e-05 1.63991e-05 1.84296e-05 1.63991e-05 2.39419e-05 2.14591e-05 2.39419e-05 2.14591e-05 2.60954e-05 2.36327e-05 2.60954e-05 2.36327e-05 2.4875e-05 2.29241e-05 2.4875e-05 2.29241e-05 2.07073e-05 1.97015e-05 2.07073e-05 1.97015e-05 1.43198e-05 1.45922e-05 1.43198e-05 1.45922e-05 6.62812e-06 8.36597e-06 6.62812e-06 8.36597e-06 -1.38792e-06 1.82906e-06 -1.38792e-06 1.82906e-06 -8.78149e-06 -4.25616e-06 -8.78149e-06 -4.25616e-06 -1.47156e-05 -9.22701e-06 -1.47156e-05 -9.22701e-06 -1.85221e-05 -1.25599e-05 -1.85221e-05 -1.25599e-05 -1.97528e-05 -1.39023e-05 -1.97528e-05 -1.39023e-05 -1.82224e-05 -1.31032e-05 -1.82224e-05 -1.31032e-05 -1.40477e-05 -1.02408e-05 -1.40477e-05 -1.02408e-05 -7.69959e-06 -5.65827e-06 -7.69959e-06 -5.65827e-06 0 0 0 0 8.94116e-06 6.75029e-06 8.94116e-06 6.75029e-06 1.63991e-05 1.25063e-05 1.63991e-05 1.25063e-05 2.14591e-05 1.65528e-05 2.14591e-05 1.65528e-05 2.36327e-05 1.85332e-05 2.36327e-05 1.85332e-05 2.29241e-05 1.84502e-05 2.29241e-05 1.84502e-05 1.97015e-05 1.65731e-05 1.97015e-05 1.65731e-05 1.45922e-05 1.33562e-05 1.45922e-05 1.33562e-05 8.36597e-06 9.33877e-06 8.36597e-06 9.33877e-06 1.82906e-06 5.06633e-06 1.82906e-06 5.06633e-06 -4.25616e-06 1.0314e-06 -4.25616e-06 1.0314e-06 -9.22701e-06 -2.35843e-06 -9.22701e-06 -2.35843e-06 -1.25599e-05 -4.79659e-06 -1.25599e-05 -4.79659e-06 -1.39023e-05 -6.08452e-06 -1.39023e-05 -6.08452e-06 -1.31032e-05 -6.13787e-06 -1.31032e-05 -6.13787e-06 -1.02408e-05 -4.99584e-06 -1.02408e-05 -4.99584e-06 -5.65827e-06 -2.83741e-06 -5.65827e-06 -2.83741e-06 0 0 0 0 6.75029e-06 3.79901e-06 6.75029e-06 3.79901e-06 1.25063e-05 7.18498e-06 1.25063e-05 7.18498e-06 1.65528e-05 9.75213e-06 1.65528e-05 9.75213e-06 1.85332e-05 1.13126e-05 1.85332e-05 1.13126e-05 1.84502e-05 1.18667e-05 1.84502e-05 1.18667e-05 1.65731e-05 1.15582e-05 1.65731e-05 1.15582e-05 1.33562e-05 1.06175e-05 1.33562e-05 1.06175e-05 9.33877e-06 9.29778e-06 9.33877e-06 9.29778e-06 5.06633e-06 7.8244e-06 5.06633e-06 7.8244e-06 1.0314e-06 6.36347e-06 1.0314e-06 6.36347e-06 -2.35843e-06 5.01269e-06 -2.35843e-06 5.01269e-06 -4.79659e-06 3.81096e-06 -4.79659e-06 3.81096e-06 -6.08452e-06 2.76002e-06 -6.08452e-06 2.76002e-06 -6.13787e-06 1.84921e-06 -6.13787e-06 1.84921e-06 -4.99584e-06 1.07678e-06 -4.99584e-06 1.07678e-06 -2.83741e-06 4.49249e-07 -2.83741e-06 4.49249e-07 0 0 0 0 3.79901e-06 4.67197e-07 3.79901e-06 4.67197e-07 7.18498e-06 1.11637e-06 7.18498e-06 1.11637e-06 9.75213e-06 1.91402e-06 9.75213e-06 1.91402e-06 1.13126e-05 2.86015e-06 1.13126e-05 2.86015e-06 1.18667e-05 3.96161e-06 1.18667e-05 3.96161e-06 1.15582e-05 5.22991e-06 1.15582e-05 5.22991e-06 1.06175e-05 6.65577e-06 1.06175e-05 6.65577e-06 9.29778e-06 8.18594e-06 9.29778e-06 8.18594e-06 7.8244e-06 9.70511e-06 7.8244e-06 9.70511e-06 6.36347e-06 1.1032e-05 6.36347e-06 1.1032e-05 5.01269e-06 1.19341e-05 5.01269e-06 1.19341e-05 3.81096e-06 1.2163e-05 3.81096e-06 1.2163e-05 2.76002e-06 1.15063e-05 2.76002e-06 1.15063e-05 1.84921e-06 9.84529e-06 1.84921e-06 9.84529e-06 1.07678e-06 7.20825e-06 1.07678e-06 7.20825e-06 4.49249e-07 3.79294e-06 4.49249e-07 3.79294e-06 0 0 0 0 4.67197e-07 -2.80813e-06 4.67197e-07 -2.80813e-06 1.11637e-06 -4.89886e-06 1.11637e-06 -4.89886e-06 1.91402e-06 -5.93301e-06 1.91402e-06 -5.93301e-06 2.86015e-06 -5.72347e-06 2.86015e-06 -5.72347e-06 3.96161e-06 -4.2449e-06 3.96161e-06 -4.2449e-06 5.22991e-06 -1.60324e-06 5.22991e-06 -1.60324e-06 6.65577e-06 1.97291e-06 6.65577e-06 1.97291e-06 8.18594e-06 6.14382e-06 8.18594e-06 6.14382e-06 9.70511e-06 1.04731e-05 9.70511e-06 1.04731e-05 1.1032e-05 1.4451e-05 1.1032e-05 1.4451e-05 1.19341e-05 1.75325e-05 1.19341e-05 1.75325e-05 1.2163e-05 1.91984e-05 1.2163e-05 1.91984e-05 1.15063e-05 1.90342e-05 1.15063e-05 1.90342e-05 9.84529e-06 1.68189e-05 9.84529e-06 1.68189e-05 7.20825e-06 1.26037e-05 7.20825e-06 1.26037e-05 3.79294e-06 6.75964e-06 3.79294e-06 6.75964e-06 0 0 0 0 -2.80813e-06 -5.61871e-06 -2.80813e-06 -5.61871e-06 -4.89886e-06 -1.0093e-05 -4.89886e-06 -1.0093e-05 -5.93301e-06 -1.27835e-05 -5.93301e-06 -1.27835e-05 -5.72347e-06 -1.33354e-05 -5.72347e-06 -1.33354e-05 -4.2449e-06 -1.16939e-05 -4.2449e-06 -1.16939e-05 -1.60324e-06 -8.04982e-06 -1.60324e-06 -8.04982e-06 1.97291e-06 -2.80185e-06 1.97291e-06 -2.80185e-06 6.14382e-06 3.47941e-06 6.14382e-06 3.47941e-06 1.04731e-05 1.00932e-05 1.04731e-05 1.00932e-05 1.4451e-05 1.62569e-05 1.4451e-05 1.62569e-05 1.75325e-05 2.11678e-05 1.75325e-05 2.11678e-05 1.91984e-05 2.40856e-05 1.91984e-05 2.40856e-05 1.90342e-05 2.44346e-05 1.90342e-05 2.44346e-05 1.68189e-05 2.19129e-05 1.68189e-05 2.19129e-05 1.26037e-05 1.65928e-05 1.26037e-05 1.65928e-05 6.75964e-06 8.97497e-06 6.75964e-06 8.97497e-06 0 0 0 0 -5.61871e-06 -7.65439e-06 -5.61871e-06 -7.65439e-06 -1.0093e-05 -1.38638e-05 -1.0093e-05 -1.38638e-05 -1.27835e-05 -1.78234e-05 -1.27835e-05 -1.78234e-05 -1.33354e-05 -1.90561e-05 -1.33354e-05 -1.90561e-05 -1.16939e-05 -1.74649e-05 -1.16939e-05 -1.74649e-05 -8.04982e-06 -1.32838e-05 -8.04982e-06 -1.32838e-05 -2.80185e-06 -7.01654e-06 -2.80185e-06 -7.01654e-06 3.47941e-06 6.15348e-07 3.47941e-06 6.15348e-07 1.00932e-05 8.732e-06 1.00932e-05 8.732e-06 1.62569e-05 1.6364e-05 1.62569e-05 1.6364e-05 2.11678e-05 2.25346e-05 2.11678e-05 2.25346e-05 2.40856e-05 2.6359e-05 2.40856e-05 2.6359e-05 2.44346e-05 2.71609e-05 2.44346e-05 2.71609e-05 2.19129e-05 2.45934e-05 2.19129e-05 2.45934e-05 1.65928e-05 1.87489e-05 1.65928e-05 1.87489e-05 8.97497e-06 1.01936e-05 8.97497e-06 1.01936e-05 0 0 0 0 -7.65439e-06 -8.72991e-06 -7.65439e-06 -8.72991e-06 -1.38638e-05 -1.58453e-05 -1.38638e-05 -1.58453e-05 -1.78234e-05 -2.05188e-05 -1.78234e-05 -2.05188e-05 -1.90561e-05 -2.22433e-05 -1.90561e-05 -2.22433e-05 -1.74649e-05 -2.08723e-05 -1.74649e-05 -2.08723e-05 -1.32838e-05 -1.66363e-05 -1.32838e-05 -1.66363e-05 -7.01654e-06 -1.00746e-05 -7.01654e-06 -1.00746e-05 6.15348e-07 -1.97009e-06 6.15348e-07 -1.97009e-06 8.732e-06 6.72074e-06 8.732e-06 6.72074e-06 1.6364e-05 1.4949e-05 1.6364e-05 1.4949e-05 2.25346e-05 2.16681e-05 2.25346e-05 2.16681e-05 2.6359e-05 2.59424e-05 2.6359e-05 2.59424e-05 2.71609e-05 2.70683e-05 2.71609e-05 2.70683e-05 2.45934e-05 2.4698e-05 2.45934e-05 2.4698e-05 1.87489e-05 1.89306e-05 1.87489e-05 1.89306e-05 1.01936e-05 1.03249e-05 1.01936e-05 1.03249e-05 0 0 0 0 -8.72991e-06 -8.74824e-06 -8.72991e-06 -8.74824e-06 -1.58453e-05 -1.58696e-05 -1.58453e-05 -1.58696e-05 -2.05188e-05 -2.05911e-05 -2.05188e-05 -2.05911e-05 -2.22433e-05 -2.24968e-05 -2.22433e-05 -2.24968e-05 -2.08723e-05 -2.14322e-05 -2.08723e-05 -2.14322e-05 -1.66363e-05 -1.75838e-05 -1.66363e-05 -1.75838e-05 -1.00746e-05 -1.14541e-05 -1.00746e-05 -1.14541e-05 -1.97009e-06 -3.79275e-06 -1.97009e-06 -3.79275e-06 6.72074e-06 4.47903e-06 6.72074e-06 4.47903e-06 1.4949e-05 1.23536e-05 1.4949e-05 1.23536e-05 2.16681e-05 1.88326e-05 2.16681e-05 1.88326e-05 2.59424e-05 2.30345e-05 2.59424e-05 2.30345e-05 2.70683e-05 2.43095e-05 2.70683e-05 2.43095e-05 2.4698e-05 2.23428e-05 2.4698e-05 2.23428e-05 1.89306e-05 1.72065e-05 1.89306e-05 1.72065e-05 1.03249e-05 9.39423e-06 1.03249e-05 9.39423e-06 0 0 0 0 -8.74824e-06 -7.57959e-06 -8.74824e-06 -7.57959e-06 -1.58696e-05 -1.37473e-05 -1.58696e-05 -1.37473e-05 -2.05911e-05 -1.7805e-05 -2.05911e-05 -1.7805e-05 -2.24968e-05 -1.94866e-05 -2.24968e-05 -1.94866e-05 -2.14322e-05 -1.87161e-05 -2.14322e-05 -1.87161e-05 -1.75838e-05 -1.56417e-05 -1.75838e-05 -1.56417e-05 -1.14541e-05 -1.06625e-05 -1.14541e-05 -1.06625e-05 -3.79275e-06 -4.39099e-06 -3.79275e-06 -4.39099e-06 4.47903e-06 2.41286e-06 4.47903e-06 2.41286e-06 1.23536e-05 8.91814e-06 1.23536e-05 8.91814e-06 1.88326e-05 1.43076e-05 1.88326e-05 1.43076e-05 2.30345e-05 1.78679e-05 2.30345e-05 1.78679e-05 2.43095e-05 1.90754e-05 2.43095e-05 1.90754e-05 2.23428e-05 1.76593e-05 2.23428e-05 1.76593e-05 1.72065e-05 1.36418e-05 1.72065e-05 1.36418e-05 9.39423e-06 7.43207e-06 9.39423e-06 7.43207e-06 0 0 0 0 -7.57959e-06 -4.87596e-06 -7.57959e-06 -4.87596e-06 -1.37473e-05 -8.86417e-06 -1.37473e-05 -8.86417e-06 -1.7805e-05 -1.14605e-05 -1.7805e-05 -1.14605e-05 -1.94866e-05 -1.25182e-05 -1.94866e-05 -1.25182e-05 -1.87161e-05 -1.20512e-05 -1.87161e-05 -1.20512e-05 -1.56417e-05 -1.0181e-05 -1.56417e-05 -1.0181e-05 -1.06625e-05 -7.15404e-06 -1.06625e-05 -7.15404e-06 -4.39099e-06 -3.33794e-06 -4.39099e-06 -3.33794e-06 2.41286e-06 8.10818e-07 2.41286e-06 8.10818e-07 8.91814e-06 4.79312e-06 8.91814e-06 4.79312e-06 1.43076e-05 8.11881e-06 1.43076e-05 8.11881e-06 1.78679e-05 1.03572e-05 1.78679e-05 1.03572e-05 1.90754e-05 1.11816e-05 1.90754e-05 1.11816e-05 1.76593e-05 1.04044e-05 1.76593e-05 1.04044e-05 1.36418e-05 8.02963e-06 1.36418e-05 8.02963e-06 7.43207e-06 4.34778e-06 7.43207e-06 4.34778e-06 0 0 0 0 -4.87596e-06 0 -4.87596e-06 0 -8.86417e-06 0 -8.86417e-06 0 -1.14605e-05 0 -1.14605e-05 0 -1.25182e-05 0 -1.25182e-05 0 -1.20512e-05 0 -1.20512e-05 0 -1.0181e-05 0 -1.0181e-05 0 -7.15404e-06 0 -7.15404e-06 0 -3.33794e-06 0 -3.33794e-06 0 8.10818e-07 0 8.10818e-07 0 4.79312e-06 0 4.79312e-06 0 8.11881e-06 0 8.11881e-06 0 1.03572e-05 0 1.03572e-05 0 1.11816e-05 0 1.11816e-05 0 1.04044e-05 0 1.04044e-05 0 8.02963e-06 0 8.02963e-06 0 4.34778e-06 0 4.34778e-06 0 0 0 
