# vtk DataFile Version 3.0
#This file was generated by the deal.II library on 2026/9/23 at 11:28:59
ASCII
DATASET UNSTRUCTURED_GRID

POINTS 1156 double
0 0 0
0.0588235 0 0
0 0.0588235 0
0.0588235 0.0588235 0
0 0.0588235 0
0.0588235 0.0588235 0
0 0.117647 0
0.0588235 0.117647 0
0 0.117647 0
0.0588235 0.117647 0
0 0.176471 0
0.0588235 0.176471 0
0 0.176471 0
0.0588235 0.176471 0
0 0.235294 0
0.0588235 0.235294 0
0 0.235294 0
0.0588235 0.235294 0
0 0.294118 0
0.0588235 0.294118 0
0 0.294118 0
0.0588235 0.294118 0
0 0.352941 0
0.0588235 0.352941 0
0 0.352941 0
0.0588235 0.352941 0
0 0.411765 0
0.0588235 0.411765 0
0 0.411765 0
0.0588235 0.411765 0
0 0.470588 0
0.0588235 0.470588 0
0 0.470588 0
0.0588235 0.470588 0
0 0.529412 0
0.0588235 0.529412 0
0 0.529412 0
0.0588235 0.529412 0
0 0.588235 0
0.0588235 0.588235 0
0 0.588235 0
0.0588235 0.588235 0
0 0.647059 0
0.0588235 0.647059 0
0 0.647059 0
0.0588235 0.647059 0
0 0.705882 0
0.0588235 0.705882 0
0 0.705882 0
0.0588235 0.705882 0
0 0.764706 0
0.0588235 0.764706 0
0 0.764706 0
0.0588235 0.764706 0
0 0.823529 0
0.0588235 0.823529 0
0 0.823529 0
0.0588235 0.823529 0
0 0.882353 0
0.0588235 0.882353 0
0 0.882353 0
0.0588235 0.882353 0
0 0.941176 0
0.0588235 0.941176 0
0 0.941176 0
0.0588235 0.941176 0
0 1 0
0.0588235 1 0
0.0588235 0 0
0.117647 0 0
0.0588235 0.0588235 0
0.117647 0.0588235 0
0.0588235 0.0588235 0
0.117647 0.0588235 0
0.0588235 0.117647 0
0.117647 0.117647 0
0.0588235 0.117647 0
0.117647 0.117647 0
0.0588235 0.176471 0
0.117647 0.176471 0
0.0588235 0.176471 0
0.117647 0.176471 0
0.0588235 0.235294 0
0.117647 0.235294 0
0.0588235 0.235294 0
0.117647 0.235294 0
0.0588235 0.294118 0
0.117647 0.294118 0
0.0588235 0.294118 0
0.117647 0.294118 0
0.0588235 0.352941 0
0.117647 0.352941 0
0.0588235 0.352941 0
0.117647 0.352941 0
0.0588235 0.411765 0
0.117647 0.411765 0
0.0588235 0.411765 0
0.117647 0.411765 0
0.0588235 0.470588 0
0.117647 0.470588 0
0.0588235 0.470588 0
0.117647 0.470588 0
0.0588235 0.529412 0
0.117647 0.529412 0
0.0588235 0.529412 0
0.117647 0.529412 0
0.0588235 0.588235 0
0.117647 0.588235 0
0.0588235 0.588235 0
0.117647 0.588235 0
0.0588235 0.647059 0
0.117647 0.647059 0
0.0588235 0.647059 0
0.117647 0.647059 0
0.0588235 0.705882 0
0.117647 0.705882 0
0.0588235 0.705882 0
0.117647 0.705882 0
0.0588235 0.764706 0
0.117647 0.764706 0
0.0588235 0.764706 0
0.117647 0.764706 0
0.0588235 0.823529 0
0.117647 0.823529 0
0.0588235 0.823529 0
0.117647 0.823529 0
0.0588235 0.882353 0
0.117647 0.882353 0
0.0588235 0.882353 0
0.117647 0.882353 0
0.0588235 0.941176 0
0.117647 0.941176 0
0.0588235 0.941176 0
0.117647 0.941176 0
0.0588235 1 0
0.117647 1 0
0.117647 0 0
0.176471 0 0
0.117647 0.0588235 0
0.176471 0.0588235 0
0.117647 0.0588235 0
0.176471 0.0588235 0
0.117647 0.117647 0
0.176471 0.117647 0
0.117647 0.117647 0
0.176471 0.117647 0
0.117647 0.176471 0
0.176471 0.176471 0
0.117647 0.176471 0
0.176471 0.176471 0
0.117647 0.235294 0
0.176471 0.235294 0
0.117647 0.235294 0
0.176471 0.235294 0
0.117647 0.294118 0
0.176471 0.294118 0
0.117647 0.294118 0
0.176471 0.294118 0
0.117647 0.352941 0
0.176471 0.352941 0
0.117647 0.352941 0
0.176471 0.352941 0
0.117647 0.411765 0
0.176471 0.411765 0
0.117647 0.411765 0
0.176471 0.411765 0
0.117647 0.470588 0
0.176471 0.470588 0
0.117647 0.470588 0
0.176471 0.470588 0
0.117647 0.529412 0
0.176471 0.529412 0
0.117647 0.529412 0
0.176471 0.529412 0
0.117647 0.588235 0
0.176471 0.588235 0
0.117647 0.588235 0
0.176471 0.588235 0
0.117647 0.647059 0
0.176471 0.647059 0
0.117647 0.647059 0
0.176471 0.647059 0
0.117647 0.705882 0
0.176471 0.705882 0
0.117647 0.705882 0
0.176471 0.705882 0
0.117647 0.764706 0
0.176471 0.764706 0
0.117647 0.764706 0
0.176471 0.764706 0
0.117647 0.823529 0
0.176471 0.823529 0
0.117647 0.823529 0
0.176471 0.823529 0
0.117647 0.882353 0
0.176471 0.882353 0
0.117647 0.882353 0
0.176471 0.882353 0
0.117647 0.941176 0
0.176471 0.941176 0
0.117647 0.941176 0
0.176471 0.941176 0
0.117647 1 0
0.176471 1 0
0.176471 0 0
0.235294 0 0
0.176471 0.0588235 0
0.235294 0.0588235 0
0.176471 0.0588235 0
0.235294 0.0588235 0
0.176471 0.117647 0
0.235294 0.117647 0
0.176471 0.117647 0
0.235294 0.117647 0
0.176471 0.176471 0
0.235294 0.176471 0
0.176471 0.176471 0
0.235294 0.176471 0
0.176471 0.235294 0
0.235294 0.235294 0
0.176471 0.235294 0
0.235294 0.235294 0
0.176471 0.294118 0
0.235294 0.294118 0
0.176471 0.294118 0
0.235294 0.294118 0
0.176471 0.352941 0
0.235294 0.352941 0
0.176471 0.352941 0
0.235294 0.352941 0
0.176471 0.411765 0
0.235294 0.411765 0
0.176471 0.411765 0
0.235294 0.411765 0
0.176471 0.470588 0
0.235294 0.470588 0
0.176471 0.470588 0
0.235294 0.470588 0
0.176471 0.529412 0
0.235294 0.529412 0
0.176471 0.529412 0
0.235294 0.529412 0
0.176471 0.588235 0
0.235294 0.588235 0
0.176471 0.588235 0
0.235294 0.588235 0
0.176471 0.647059 0
0.235294 0.647059 0
0.176471 0.647059 0
0.235294 0.647059 0
0.176471 0.705882 0
0.235294 0.705882 0
0.176471 0.705882 0
0.235294 0.705882 0
0.176471 0.764706 0
0.235294 0.764706 0
0.176471 0.764706 0
0.235294 0.764706 0
0.176471 0.823529 0
0.235294 0.823529 0
0.176471 0.823529 0
0.235294 0.823529 0
0.176471 0.882353 0
0.235294 0.882353 0
0.176471 0.882353 0
0.235294 0.882353 0
0.176471 0.941176 0
0.235294 0.941176 0
0.176471 0.941176 0
0.235294 0.941176 0
0.176471 1 0
0.235294 1 0
0.235294 0 0
0.294118 0 0
0.235294 0.0588235 0
0.294118 0.0588235 0
0.235294 0.0588235 0
0.294118 0.0588235 0
0.235294 0.117647 0
0.294118 0.117647 0
0.235294 0.117647 0
0.294118 0.117647 0
0.235294 0.176471 0
0.294118 0.176471 0
0.235294 0.176471 0
0.294118 0.176471 0
0.235294 0.235294 0
0.294118 0.235294 0
0.235294 0.235294 0
0.294118 0.235294 0
0.235294 0.294118 0
0.294118 0.294118 0
0.235294 0.294118 0
0.294118 0.294118 0
0.235294 0.352941 0
0.294118 0.352941 0
0.235294 0.352941 0
0.294118 0.352941 0
0.235294 0.411765 0
0.294118 0.411765 0
0.235294 0.411765 0
0.294118 0.411765 0
0.235294 0.470588 0
0.294118 0.470588 0
0.235294 0.470588 0
0.294118 0.470588 0
0.235294 0.529412 0
0.294118 0.529412 0
0.235294 0.529412 0
0.294118 0.529412 0
0.235294 0.588235 0
0.294118 0.588235 0
0.235294 0.588235 0
0.294118 0.588235 0
0.235294 0.647059 0
0.294118 0.647059 0
0.235294 0.647059 0
0.294118 0.647059 0
0.235294 0.705882 0
0.294118 0.705882 0
0.235294 0.705882 0
0.294118 0.705882 0
0.235294 0.764706 0
0.294118 0.764706 0
0.235294 0.764706 0
0.294118 0.764706 0
0.235294 0.823529 0
0.294118 0.823529 0
0.235294 0.823529 0
0.294118 0.823529 0
0.235294 0.882353 0
0.294118 0.882353 0
0.235294 0.882353 0
0.294118 0.882353 0
0.235294 0.941176 0
0.294118 0.941176 0
0.235294 0.941176 0
0.294118 0.941176 0
0.235294 1 0
0.294118 1 0
0.294118 0 0
0.352941 0 0
0.294118 0.0588235 0
0.352941 0.0588235 0
0.294118 0.0588235 0
0.352941 0.0588235 0
0.294118 0.117647 0
0.352941 0.117647 0
0.294118 0.117647 0
0.352941 0.117647 0
0.294118 0.176471 0
0.352941 0.176471 0
0.294118 0.176471 0
0.352941 0.176471 0
0.294118 0.235294 0
0.352941 0.235294 0
0.294118 0.235294 0
0.352941 0.235294 0
0.294118 0.294118 0
0.352941 0.294118 0
0.294118 0.294118 0
0.352941 0.294118 0
0.294118 0.352941 0
0.352941 0.352941 0
0.294118 0.352941 0
0.352941 0.352941 0
0.294118 0.411765 0
0.352941 0.411765 0
0.294118 0.411765 0
0.352941 0.411765 0
0.294118 0.470588 0
0.352941 0.470588 0
0.294118 0.470588 0
0.352941 0.470588 0
0.294118 0.529412 0
0.352941 0.529412 0
0.294118 0.529412 0
0.352941 0.529412 0
0.294118 0.588235 0
0.352941 0.588235 0
0.294118 0.588235 0
0.352941 0.588235 0
0.294118 0.647059 0
0.352941 0.647059 0
0.294118 0.647059 0
0.352941 0.647059 0
0.294118 0.705882 0
0.352941 0.705882 0
0.294118 0.705882 0
0.352941 0.705882 0
0.294118 0.764706 0
0.352941 0.764706 0
0.294118 0.764706 0
0.352941 0.764706 0
0.294118 0.823529 0
0.352941 0.823529 0
0.294118 0.823529 0
0.352941 0.823529 0
0.294118 0.882353 0
0.352941 0.882353 0
0.294118 0.882353 0
0.352941 0.882353 0
0.294118 0.941176 0
0.352941 0.941176 0
0.294118 0.941176 0
0.352941 0.941176 0
0.294118 1 0
0.352941 1 0
0.352941 0 0
0.411765 0 0
0.352941 0.0588235 0
0.411765 0.0588235 0
0.352941 0.0588235 0
0.411765 0.0588235 0
0.352941 0.117647 0
0.411765 0.117647 0
0.352941 0.117647 0
0.411765 0.117647 0
0.352941 0.176471 0
0.411765 0.176471 0
0.352941 0.176471 0
0.411765 0.176471 0
0.352941 0.235294 0
0.411765 0.235294 0
0.352941 0.235294 0
0.411765 0.235294 0
0.352941 0.294118 0
0.411765 0.294118 0
0.352941 0.294118 0
0.411765 0.294118 0
0.352941 0.352941 0
0.411765 0.352941 0
0.352941 0.352941 0
0.411765 0.352941 0
0.352941 0.411765 0
0.411765 0.411765 0
0.352941 0.411765 0
0.411765 0.411765 0
0.352941 0.470588 0
0.411765 0.470588 0
0.352941 0.470588 0
0.411765 0.470588 0
0.352941 0.529412 0
0.411765 0.529412 0
0.352941 0.529412 0
0.411765 0.529412 0
0.352941 0.588235 0
0.411765 0.588235 0
0.352941 0.588235 0
0.411765 0.588235 0
0.352941 0.647059 0
0.411765 0.647059 0
0.352941 0.647059 0
0.411765 0.647059 0
0.352941 0.705882 0
0.411765 0.705882 0
0.352941 0.705882 0
0.411765 0.705882 0
0.352941 0.764706 0
0.411765 0.764706 0
0.352941 0.764706 0
0.411765 0.764706 0
0.352941 0.823529 0
0.411765 0.823529 0
0.352941 0.823529 0
0.411765 0.823529 0
0.352941 0.882353 0
0.411765 0.882353 0
0.352941 0.882353 0
0.411765 0.882353 0
0.352941 0.941176 0
0.411765 0.941176 0
0.352941 0.941176 0
0.411765 0.941176 0
0.352941 1 0
0.411765 1 0
0.411765 0 0
0.470588 0 0
0.411765 0.0588235 0
0.470588 0.0588235 0
0.411765 0.0588235 0
0.470588 0.0588235 0
0.411765 0.117647 0
0.470588 0.117647 0
0.411765 0.117647 0
0.470588 0.117647 0
0.411765 0.176471 0
0.470588 0.176471 0
0.411765 0.176471 0
0.470588 0.176471 0
0.411765 0.235294 0
0.470588 0.235294 0
0.411765 0.235294 0
0.470588 0.235294 0
0.411765 0.294118 0
0.470588 0.294118 0
0.411765 0.294118 0
0.470588 0.294118 0
0.411765 0.352941 0
0.470588 0.352941 0
0.411765 0.352941 0
0.470588 0.352941 0
0.411765 0.411765 0
0.470588 0.411765 0
0.411765 0.411765 0
0.470588 0.411765 0
0.411765 0.470588 0
0.470588 0.470588 0
0.411765 0.470588 0
0.470588 0.470588 0
0.411765 0.529412 0
0.470588 0.529412 0
0.411765 0.529412 0
0.470588 0.529412 0
0.411765 0.588235 0
0.470588 0.588235 0
0.411765 0.588235 0
0.470588 0.588235 0
0.411765 0.647059 0
0.470588 0.647059 0
0.411765 0.647059 0
0.470588 0.647059 0
0.411765 0.705882 0
0.470588 0.705882 0
0.411765 0.705882 0
0.470588 0.705882 0
0.411765 0.764706 0
0.470588 0.764706 0
0.411765 0.764706 0
0.470588 0.764706 0
0.411765 0.823529 0
0.470588 0.823529 0
0.411765 0.823529 0
0.470588 0.823529 0
0.411765 0.882353 0
0.470588 0.882353 0
0.411765 0.882353 0
0.470588 0.882353 0
0.411765 0.941176 0
0.470588 0.941176 0
0.411765 0.941176 0
0.470588 0.941176 0
0.411765 1 0
0.470588 1 0
0.470588 0 0
0.529412 0 0
0.470588 0.0588235 0
0.529412 0.0588235 0
0.470588 0.0588235 0
0.529412 0.0588235 0
0.470588 0.117647 0
0.529412 0.117647 0
0.470588 0.117647 0
0.529412 0.117647 0
0.470588 0.176471 0
0.529412 0.176471 0
0.470588 0.176471 0
0.529412 0.176471 0
0.470588 0.235294 0
0.529412 0.235294 0
0.470588 0.235294 0
0.529412 0.235294 0
0.470588 0.294118 0
0.529412 0.294118 0
0.470588 0.294118 0
0.529412 0.294118 0
0.470588 0.352941 0
0.529412 0.352941 0
0.470588 0.352941 0
0.529412 0.352941 0
0.470588 0.411765 0
0.529412 0.411765 0
0.470588 0.411765 0
0.529412 0.411765 0
0.470588 0.470588 0
0.529412 0.470588 0
0.470588 0.470588 0
0.529412 0.470588 0
0.470588 0.529412 0
0.529412 0.529412 0
0.470588 0.529412 0
0.529412 0.529412 0
0.470588 0.588235 0
0.529412 0.588235 0
0.470588 0.588235 0
0.529412 0.588235 0
0.470588 0.647059 0
0.529412 0.647059 0
0.470588 0.647059 0
0.529412 0.647059 0
0.470588 0.705882 0
0.529412 0.705882 0
0.470588 0.705882 0
0.529412 0.705882 0
0.470588 0.764706 0
0.529412 0.764706 0
0.470588 0.764706 0
0.529412 0.764706 0
0.470588 0.823529 0
0.529412 0.823529 0
0.470588 0.823529 0
0.529412 0.823529 0
0.470588 0.882353 0
0.529412 0.882353 0
0.470588 0.882353 0
0.529412 0.882353 0
0.470588 0.941176 0
0.529412 0.941176 0
0.470588 0.941176 0
0.529412 0.941176 0
0.470588 1 0
0.529412 1 0
0.529412 0 0
0.588235 0 0
0.529412 0.0588235 0
0.588235 0.0588235 0
0.529412 0.0588235 0
0.588235 0.0588235 0
0.529412 0.117647 0
0.588235 0.117647 0
0.529412 0.117647 0
0.588235 0.117647 0
0.529412 0.176471 0
0.588235 0.176471 0
0.529412 0.176471 0
0.588235 0.176471 0
0.529412 0.235294 0
0.588235 0.235294 0
0.529412 0.235294 0
0.588235 0.235294 0
0.529412 0.294118 0
0.588235 0.294118 0
0.529412 0.294118 0
0.588235 0.294118 0
0.529412 0.352941 0
0.588235 0.352941 0
0.529412 0.352941 0
0.588235 0.352941 0
0.529412 0.411765 0
0.588235 0.411765 0
0.529412 0.411765 0
0.588235 0.411765 0
0.529412 0.470588 0
0.588235 0.470588 0
0.529412 0.470588 0
0.588235 0.470588 0
0.529412 0.529412 0
0.588235 0.529412 0
0.529412 0.529412 0
0.588235 0.529412 0
0.529412 0.588235 0
0.588235 0.588235 0
0.529412 0.588235 0
0.588235 0.588235 0
0.529412 0.647059 0
0.588235 0.647059 0
0.529412 0.647059 0
0.588235 0.647059 0
0.529412 0.705882 0
0.588235 0.705882 0
0.529412 0.705882 0
0.588235 0.705882 0
0.529412 0.764706 0
0.588235 0.764706 0
0.529412 0.764706 0
0.588235 0.764706 0
0.529412 0.823529 0
0.588235 0.823529 0
0.529412 0.823529 0
0.588235 0.823529 0
0.529412 0.882353 0
0.588235 0.882353 0
0.529412 0.882353 0
0.588235 0.882353 0
0.529412 0.941176 0
0.588235 0.941176 0
0.529412 0.941176 0
0.588235 0.941176 0
0.529412 1 0
0.588235 1 0
0.588235 0 0
0.647059 0 0
0.588235 0.0588235 0
0.647059 0.0588235 0
0.588235 0.0588235 0
0.647059 0.0588235 0
0.588235 0.117647 0
0.647059 0.117647 0
0.588235 0.117647 0
0.647059 0.117647 0
0.588235 0.176471 0
0.647059 0.176471 0
0.588235 0.176471 0
0.647059 0.176471 0
0.588235 0.235294 0
0.647059 0.235294 0
0.588235 0.235294 0
0.647059 0.235294 0
0.588235 0.294118 0
0.647059 0.294118 0
0.588235 0.294118 0
0.647059 0.294118 0
0.588235 0.352941 0
0.647059 0.352941 0
0.588235 0.352941 0
0.647059 0.352941 0
0.588235 0.411765 0
0.647059 0.411765 0
0.588235 0.411765 0
0.647059 0.411765 0
0.588235 0.470588 0
0.647059 0.470588 0
0.588235 0.470588 0
0.647059 0.470588 0
0.588235 0.529412 0
0.647059 0.529412 0
0.588235 0.529412 0
0.647059 0.529412 0
0.588235 0.588235 0
0.647059 0.588235 0
0.588235 0.588235 0
0.647059 0.588235 0
0.588235 0.647059 0
0.647059 0.647059 0
0.588235 0.647059 0
0.647059 0.647059 0
0.588235 0.705882 0
0.647059 0.705882 0
0.588235 0.705882 0
0.647059 0.705882 0
0.588235 0.764706 0
0.647059 0.764706 0
0.588235 0.764706 0
0.647059 0.764706 0
0.588235 0.823529 0
0.647059 0.823529 0
0.588235 0.823529 0
0.647059 0.823529 0
0.588235 0.882353 0
0.647059 0.882353 0
0.588235 0.882353 0
0.647059 0.882353 0
0.588235 0.941176 0
0.647059 0.941176 0
0.588235 0.941176 0
0.647059 0.941176 0
0.588235 1 0
0.647059 1 0
0.647059 0 0
0.705882 0 0
0.647059 0.0588235 0
0.705882 0.0588235 0
0.647059 0.0588235 0
0.705882 0.0588235 0
0.647059 0.117647 0
0.705882 0.117647 0
0.647059 0.117647 0
0.705882 0.117647 0
0.647059 0.176471 0
0.705882 0.176471 0
0.647059 0.176471 0
0.705882 0.176471 0
0.647059 0.235294 0
0.705882 0.235294 0
0.647059 0.235294 0
0.705882 0.235294 0
0.647059 0.294118 0
0.705882 0.294118 0
0.647059 0.294118 0
0.705882 0.294118 0
0.647059 0.352941 0
0.705882 0.352941 0
0.647059 0.352941 0
0.705882 0.352941 0
0.647059 0.411765 0
0.705882 0.411765 0
0.647059 0.411765 0
0.705882 0.411765 0
0.647059 0.470588 0
0.705882 0.470588 0
0.647059 0.470588 0
0.705882 0.470588 0
0.647059 0.529412 0
0.705882 0.529412 0
0.647059 0.529412 0
0.705882 0.529412 0
0.647059 0.588235 0
0.705882 0.588235 0
0.647059 0.588235 0
0.705882 0.588235 0
0.647059 0.647059 0
0.705882 0.647059 0
0.647059 0.647059 0
0.705882 0.647059 0
0.647059 0.705882 0
0.705882 0.705882 0
0.647059 0.705882 0
0.705882 0.705882 0
0.647059 0.764706 0
0.705882 0.764706 0
0.647059 0.764706 0
0.705882 0.764706 0
0.647059 0.823529 0
0.705882 0.823529 0
0.647059 0.823529 0
0.705882 0.823529 0
0.647059 0.882353 0
0.705882 0.882353 0
0.647059 0.882353 0
0.705882 0.882353 0
0.647059 0.941176 0
0.705882 0.941176 0
0.647059 0.941176 0
0.705882 0.941176 0
0.647059 1 0
0.705882 1 0
0.705882 0 0
0.764706 0 0
0.705882 0.0588235 0
0.764706 0.0588235 0
0.705882 0.0588235 0
0.764706 0.0588235 0
0.705882 0.117647 0
0.764706 0.117647 0
0.705882 0.117647 0
0.764706 0.117647 0
0.705882 0.176471 0
0.764706 0.176471 0
0.705882 0.176471 0
0.764706 0.176471 0
0.705882 0.235294 0
0.764706 0.235294 0
0.705882 0.235294 0
0.764706 0.235294 0
0.705882 0.294118 0
0.764706 0.294118 0
0.705882 0.294118 0
0.764706 0.294118 0
0.705882 0.352941 0
0.764706 0.352941 0
0.705882 0.352941 0
0.764706 0.352941 0
0.705882 0.411765 0
0.764706 0.411765 0
0.705882 0.411765 0
0.764706 0.411765 0
0.705882 0.470588 0
0.764706 0.470588 0
0.705882 0.470588 0
0.764706 0.470588 0
0.705882 0.529412 0
0.764706 0.529412 0
0.705882 0.529412 0
0.764706 0.529412 0
0.705882 0.588235 0
0.764706 0.588235 0
0.705882 0.588235 0
0.764706 0.588235 0
0.705882 0.647059 0
0.764706 0.647059 0
0.705882 0.647059 0
0.764706 0.647059 0
0.705882 0.705882 0
0.764706 0.705882 0
0.705882 0.705882 0
0.764706 0.705882 0
0.705882 0.764706 0
0.764706 0.764706 0
0.705882 0.764706 0
0.764706 0.764706 0
0.705882 0.823529 0
0.764706 0.823529 0
0.705882 0.823529 0
0.764706 0.823529 0
0.705882 0.882353 0
0.764706 0.882353 0
0.705882 0.882353 0
0.764706 0.882353 0
0.705882 0.941176 0
0.764706 0.941176 0
0.705882 0.941176 0
0.764706 0.941176 0
0.705882 1 0
0.764706 1 0
0.764706 0 0
0.823529 0 0
0.764706 0.0588235 0
0.823529 0.0588235 0
0.764706 0.0588235 0
0.823529 0.0588235 0
0.764706 0.117647 0
0.823529 0.117647 0
0.764706 0.117647 0
0.823529 0.117647 0
0.764706 0.176471 0
0.823529 0.176471 0
0.764706 0.176471 0
0.823529 0.176471 0
0.764706 0.235294 0
0.823529 0.235294 0
0.764706 0.235294 0
0.823529 0.235294 0
0.764706 0.294118 0
0.823529 0.294118 0
0.764706 0.294118 0
0.823529 0.294118 0
0.764706 0.352941 0
0.823529 0.352941 0
0.764706 0.352941 0
0.823529 0.352941 0
0.764706 0.411765 0
0.823529 0.411765 0
0.764706 0.411765 0
0.823529 0.411765 0
0.764706 0.470588 0
0.823529 0.470588 0
0.764706 0.470588 0
0.823529 0.470588 0
0.764706 0.529412 0
0.823529 0.529412 0
0.764706 0.529412 0
0.823529 0.529412 0
0.764706 0.588235 0
0.823529 0.588235 0
0.764706 0.588235 0
0.823529 0.588235 0
0.764706 0.647059 0
0.823529 0.647059 0
0.764706 0.647059 0
0.823529 0.647059 0
0.764706 0.705882 0
0.823529 0.705882 0
0.764706 0.705882 0
0.823529 0.705882 0
0.764706 0.764706 0
0.823529 0.764706 0
0.764706 0.764706 0
0.823529 0.764706 0
0.764706 0.823529 0
0.823529 0.823529 0
0.764706 0.823529 0
0.823529 0.823529 0
0.764706 0.882353 0
0.823529 0.882353 0
0.764706 0.882353 0
0.823529 0.882353 0
0.764706 0.941176 0
0.823529 0.941176 0
0.764706 0.941176 0
0.823529 0.941176 0
0.764706 1 0
0.823529 1 0
0.823529 0 0
0.882353 0 0
0.823529 0.0588235 0
0.882353 0.0588235 0
0.823529 0.0588235 0
0.882353 0.0588235 0
0.823529 0.117647 0
0.882353 0.117647 0
0.823529 0.117647 0
0.882353 0.117647 0
0.823529 0.176471 0
0.882353 0.176471 0
0.823529 0.176471 0
0.882353 0.176471 0
0.823529 0.235294 0
0.882353 0.235294 0
0.823529 0.235294 0
0.882353 0.235294 0
0.823529 0.294118 0
0.882353 0.294118 0
0.823529 0.294118 0
0.882353 0.294118 0
0.823529 0.352941 0
0.882353 0.352941 0
0.823529 0.352941 0
0.882353 0.352941 0
0.823529 0.411765 0
0.882353 0.411765 0
0.823529 0.411765 0
0.882353 0.411765 0
0.823529 0.470588 0
0.882353 0.470588 0
0.823529 0.470588 0
0.882353 0.470588 0
0.823529 0.529412 0
0.882353 0.529412 0
0.823529 0.529412 0
0.882353 0.529412 0
0.823529 0.588235 0
0.882353 0.588235 0
0.823529 0.588235 0
0.882353 0.588235 0
0.823529 0.647059 0
0.882353 0.647059 0
0.823529 0.647059 0
0.882353 0.647059 0
0.823529 0.705882 0
0.882353 0.705882 0
0.823529 0.705882 0
0.882353 0.705882 0
0.823529 0.764706 0
0.882353 0.764706 0
0.823529 0.764706 0
0.882353 0.764706 0
0.823529 0.823529 0
0.882353 0.823529 0
0.823529 0.823529 0
0.882353 0.823529 0
0.823529 0.882353 0
0.882353 0.882353 0
0.823529 0.882353 0
0.882353 0.882353 0
0.823529 0.941176 0
0.882353 0.941176 0
0.823529 0.941176 0
0.882353 0.941176 0
0.823529 1 0
0.882353 1 0
0.882353 0 0
0.941176 0 0
0.882353 0.0588235 0
0.941176 0.0588235 0
0.882353 0.0588235 0
0.941176 0.0588235 0
0.882353 0.117647 0
0.941176 0.117647 0
0.882353 0.117647 0
0.941176 0.117647 0
0.882353 0.176471 0
0.941176 0.176471 0
0.882353 0.176471 0
0.941176 0.176471 0
0.882353 0.235294 0
0.941176 0.235294 0
0.882353 0.235294 0
0.941176 0.235294 0
0.882353 0.294118 0
0.941176 0.294118 0
0.882353 0.294118 0
0.941176 0.294118 0
0.882353 0.352941 0
0.941176 0.352941 0
0.882353 0.352941 0
0.941176 0.352941 0
0.882353 0.411765 0
0.941176 0.411765 0
0.882353 0.411765 0
0.941176 0.411765 0
0.882353 0.470588 0
0.941176 0.470588 0
0.882353 0.470588 0
0.941176 0.470588 0
0.882353 0.529412 0
0.941176 0.529412 0
0.882353 0.529412 0
0.941176 0.529412 0
0.882353 0.588235 0
0.941176 0.588235 0
0.882353 0.588235 0
0.941176 0.588235 0
0.882353 0.647059 0
0.941176 0.647059 0
0.882353 0.647059 0
0.941176 0.647059 0
0.882353 0.705882 0
0.941176 0.705882 0
0.882353 0.705882 0
0.941176 0.705882 0
0.882353 0.764706 0
0.941176 0.764706 0
0.882353 0.764706 0
0.941176 0.764706 0
0.882353 0.823529 0
0.941176 0.823529 0
0.882353 0.823529 0
0.941176 0.823529 0
0.882353 0.882353 0
0.941176 0.882353 0
0.882353 0.882353 0
0.941176 0.882353 0
0.882353 0.941176 0
0.941176 0.941176 0
0.882353 0.941176 0
0.941176 0.941176 0
0.882353 1 0
0.941176 1 0
0.941176 0 0
1 0 0
0.941176 0.0588235 0
1 0.0588235 0
0.941176 0.0588235 0
1 0.0588235 0
0.941176 0.117647 0
1 0.117647 0
0.941176 0.117647 0
1 0.117647 0
0.941176 0.176471 0
1 0.176471 0
0.941176 0.176471 0
1 0.176471 0
0.941176 0.235294 0
1 0.235294 0
0.941176 0.235294 0
1 0.235294 0
0.941176 0.294118 0
1 0.294118 0
0.941176 0.294118 0
1 0.294118 0
0.941176 0.352941 0
1 0.352941 0
0.941176 0.352941 0
1 0.352941 0
0.941176 0.411765 0
1 0.411765 0
0.941176 0.411765 0
1 0.411765 0
0.941176 0.470588 0
1 0.470588 0
0.941176 0.470588 0
1 0.470588 0
0.941176 0.529412 0
1 0.529412 0
0.941176 0.529412 0
1 0.529412 0
0.941176 0.588235 0
1 0.588235 0
0.941176 0.588235 0
1 0.588235 0
0.941176 0.647059 0
1 0.647059 0
0.941176 0.647059 0
1 0.647059 0
0.941176 0.705882 0
1 0.705882 0
0.941176 0.705882 0
1 0.705882 0
0.941176 0.764706 0
1 0.764706 0
0.941176 0.764706 0
1 0.764706 0
0.941176 0.823529 0
1 0.823529 0
0.941176 0.823529 0
1 0.823529 0
0.941176 0.882353 0
1 0.882353 0
0.941176 0.882353 0
1 0.882353 0
0.941176 0.941176 0
1 0.941176 0
0.941176 0.941176 0
1 0.941176 0
0.941176 1 0
1 1 0

CELLS 289 1445
4	0	1	3	2
4	4	5	7	6
4	8	9	11	10
4	12	13	15	14
4	16	17	19	18
4	20	21	23	22
4	24	25	27	26
4	28	29	31	30
4	32	33	35	34
4	36	37	39	38
4	40	41	43	42
4	44	45	47	46
4	48	49	51	50
4	52	53	55	54
4	56	57	59	58
4	60	61	63	62
4	64	65	67	66
4	68	69	71	70
4	72	73	75	74
4	76	77	79	78
4	80	81	83	82
4	84	85	87	86
4	88	89	91	90
4	92	93	95	94
4	96	97	99	98
4	100	101	103	102
4	104	105	107	106
4	108	109	111	110
4	112	113	115	114
4	116	117	119	118
4	120	121	123	122
4	124	125	127	126
4	128	129	131	130
4	132	133	135	134
4	136	137	139	138
4	140	141	143	142
4	144	145	147	146
4	148	149	151	150
4	152	153	155	154
4	156	157	159	158
4	160	161	163	162
4	164	165	167	166
4	168	169	171	170
4	172	173	175	174
4	176	177	179	178
4	180	181	183	182
4	184	185	187	186
4	188	189	191	190
4	192	193	195	194
4	196	197	199	198
4	200	201	203	202
4	204	205	207	206
4	208	209	211	210
4	212	213	215	214
4	216	217	219	218
4	220	221	223	222
4	224	225	227	226
4	228	229	231	230
4	232	233	235	234
4	236	237	239	238
4	240	241	243	242
4	244	245	247	246
4	248	249	251	250
4	252	253	255	254
4	256	257	259	258
4	260	261	263	262
4	264	265	267	266
4	268	269	271	270
4	272	273	275	274
4	276	277	279	278
4	280	281	283	282
4	284	285	287	286
4	288	289	291	290
4	292	293	295	294
4	296	297	299	298
4	300	301	303	302
4	304	305	307	306
4	308	309	311	310
4	312	313	315	314
4	316	317	319	318
4	320	321	323	322
4	324	325	327	326
4	328	329	331	330
4	332	333	335	334
4	336	337	339	338
4	340	341	343	342
4	344	345	347	346
4	348	349	351	350
4	352	353	355	354
4	356	357	359	358
4	360	361	363	362
4	364	365	367	366
4	368	369	371	370
4	372	373	375	374
4	376	377	379	378
4	380	381	383	382
4	384	385	387	386
4	388	389	391	390
4	392	393	395	394
4	396	397	399	398
4	400	401	403	402
4	404	405	407	406
4	408	409	411	410
4	412	413	415	414
4	416	417	419	418
4	420	421	423	422
4	424	425	427	426
4	428	429	431	430
4	432	433	435	434
4	436	437	439	438
4	440	441	443	442
4	444	445	447	446
4	448	449	451	450
4	452	453	455	454
4	456	457	459	458
4	460	461	463	462
4	464	465	467	466
4	468	469	471	470
4	472	473	475	474
4	476	477	479	478
4	480	481	483	482
4	484	485	487	486
4	488	489	491	490
4	492	493	495	494
4	496	497	499	498
4	500	501	503	502
4	504	505	507	506
4	508	509	511	510
4	512	513	515	514
4	516	517	519	518
4	520	521	523	522
4	524	525	527	526
4	528	529	531	530
4	532	533	535	534
4	536	537	539	538
4	540	541	543	542
4	544	545	547	546
4	548	549	551	550
4	552	553	555	554
4	556	557	559	558
4	560	561	563	562
4	564	565	567	566
4	568	569	571	570
4	572	573	575	574
4	576	577	579	578
4	580	581	583	582
4	584	585	587	586
4	588	589	591	590
4	592	593	595	594
4	596	597	599	598
4	600	601	603	602
4	604	605	607	606
4	608	609	611	610
4	612	613	615	614
4	616	617	619	618
4	620	621	623	622
4	624	625	627	626
4	628	629	631	630
4	632	633	635	634
4	636	637	639	638
4	640	641	643	642
4	644	645	647	646
4	648	649	651	650
4	652	653	655	654
4	656	657	659	658
4	660	661	663	662
4	664	665	667	666
4	668	669	671	670
4	672	673	675	674
4	676	677	679	678
4	680	681	683	682
4	684	685	687	686
4	688	689	691	690
4	692	693	695	694
4	696	697	699	698
4	700	701	703	702
4	704	705	707	706
4	708	709	711	710
4	712	713	715	714
4	716	717	719	718
4	720	721	723	722
4	724	725	727	726
4	728	729	731	730
4	732	733	735	734
4	736	737	739	738
4	740	741	743	742
4	744	745	747	746
4	748	749	751	750
4	752	753	755	754
4	756	757	759	758
4	760	761	763	762
4	764	765	767	766
4	768	769	771	770
4	772	773	775	774
4	776	777	779	778
4	780	781	783	782
4	784	785	787	786
4	788	789	791	790
4	792	793	795	794
4	796	797	799	798
4	800	801	803	802
4	804	805	807	806
4	808	809	811	810
4	812	813	815	814
4	816	817	819	818
4	820	821	823	822
4	824	825	827	826
4	828	829	831	830
4	832	833	835	834
4	836	837	839	838
4	840	841	843	842
4	844	845	847	846
4	848	849	851	850
4	852	853	855	854
4	856	857	859	858
4	860	861	863	862
4	864	865	867	866
4	868	869	871	870
4	872	873	875	874
4	876	877	879	878
4	880	881	883	882
4	884	885	887	886
4	888	889	891	890
4	892	893	895	894
4	896	897	899	898
4	900	901	903	902
4	904	905	907	906
4	908	909	911	910
4	912	913	915	914
4	916	917	919	918
4	920	921	923	922
4	924	925	927	926
4	928	929	931	930
4	932	933	935	934
4	936	937	939	938
4	940	941	943	942
4	944	945	947	946
4	948	949	951	950
4	952	953	955	954
4	956	957	959	958
4	960	961	963	962
4	964	965	967	966
4	968	969	971	970
4	972	973	975	974
4	976	977	979	978
4	980	981	983	982
4	984	985	987	986
4	988	989	991	990
4	992	993	995	994
4	996	997	999	998
4	1000	1001	1003	1002
4	1004	1005	1007	1006
4	1008	1009	1011	1010
4	1012	1013	1015	1014
4	1016	1017	1019	1018
4	1020	1021	1023	1022
4	1024	1025	1027	1026
4	1028	1029	1031	1030
4	1032	1033	1035	1034
4	1036	1037	1039	1038
4	1040	1041	1043	1042
4	1044	1045	1047	1046
4	1048	1049	1051	1050
4	1052	1053	1055	1054
4	1056	1057	1059	1058
4	1060	1061	1063	1062
4	1064	1065	1067	1066
4	1068	1069	1071	1070
4	1072	1073	1075	1074
4	1076	1077	1079	1078
4	1080	1081	1083	1082
4	1084	1085	1087	1086
4	1088	1089	1091	1090
4	1092	1093	1095	1094
4	1096	1097	1099	1098
4	1100	1101	1103	1102
4	1104	1105	1107	1106
4	1108	1109	1111	1110
4	1112	1113	1115	1114
4	1116	1117	1119	1118
4	1120	1121	1123	1122
4	1124	1125	1127	1126
4	1128	1129	1131	1130
4	1132	1133	1135	1134
4	1136	1137	1139	1138
4	1140	1141	1143	1142
4	1144	1145	1147	1146
4	1148	1149	1151	1150
4	1152	1153	1155	1154

CELL_TYPES 289
 9 9 9 9 9 9 9 9 9 9 9 9 9 9 9 9 9 9 9 9 9 9 9 9 9 9 9 9 9 9 9 9 9 9 9 9 9 9 9 9 9 9 9 9 9 9 9 9 9 9 9 9 9 9 9 9 9 9 9 9 9 9 9 9 9 9 9 9 9 9 9 9 9 9 9 9 9 9 9 9 9 9 9 9 9 9 9 9 9 9 9 9 9 9 9 9 9 9 9 9 9 9 9 9 9 9 9 9 9 9 9 9 9 9 9 9 9 9 9 9 9 9 9 9 9 9 9 9 9 9 9 9 9 9 9 9 9 9 9 9 9 9 9 9 9 9 9 9 9 9 9 9 9 9 9 9 9 9 9 9 9 9 9 9 9 9 9 9 9 9 9 9 9 9 9 9 9 9 9 9 9 9 9 9 9 9 9 9 9 9 9 9 9 9 9 9 9 9 9 9 9 9 9 9 9 9 9 9 9 9 9 9 9 9 9 9 9 9 9 9 9 9 9 9 9 9 9 9 9 9 9 9 9 9 9 9 9 9 9 9 9 9 9 9 9 9 9 9 9 9 9 9 9 9 9 9 9 9 9 9 9 9 9 9 9 9 9 9 9 9 9 9 9 9 9 9 9 9 9 9 9 9 9 9 9 9 9 9 9
POINT_DATA 1156
VECTORS velocity double
0 0 0
0.18375 0 0
0 -0.18375 0
0.180621 -0.180621 0
0 -0.18375 0
0.180621 -0.180621 0
0 -0.361242 0
0.171341 -0.35509 0
0 -0.361242 0
0.171341 -0.35509 0
0 -0.526432 0
0.156227 -0.517468 0
0 -0.526432 0
0.156227 -0.517468 0
0 -0.673696 0
0.135792 -0.662224 0
0 -0.673696 0
0.135792 -0.662224 0
0 -0.798017 0
0.110734 -0.784429 0
0 -0.798017 0
0.110734 -0.784429 0
0 -0.895163 0
0.0819042 -0.879921 0
0 -0.895163 0
0.0819042 -0.879921 0
0 -0.961826 0
0.0502854 -0.945449 0
0 -0.961826 0
0.0502854 -0.945449 0
0 -0.995734 0
0.0169542 -0.97878 0
0 -0.995734 0
0.0169542 -0.97878 0
0 -0.995734 0
-0.0169543 -0.97878 0
0 -0.995734 0
-0.0169543 -0.97878 0
0 -0.961826 0
-0.0502855 -0.945449 0
0 -0.961826 0
-0.0502855 -0.945449 0
0 -0.895163 0
-0.0819042 -0.879921 0
0 -0.895163 0
-0.0819042 -0.879921 0
0 -0.798017 0
-0.110734 -0.784429 0
0 -0.798017 0
-0.110734 -0.784429 0
0 -0.673696 0
-0.135793 -0.662225 0
0 -0.673696 0
-0.135793 -0.662225 0
0 -0.526432 0
-0.156227 -0.517468 0
0 -0.526432 0
-0.156227 -0.517468 0
0 -0.361242 0
-0.171341 -0.355091 0
0 -0.361242 0
-0.171341 -0.355091 0
0 -0.18375 0
-0.180621 -0.180621 0
0 -0.18375 0
-0.180621 -0.180621 0
0 -1.22465e-16 0
-0.18375 -1.20379e-16 0
0.18375 0 0
0.361242 0 0
0.180621 -0.180621 0
0.355091 -0.171341 0
0.180621 -0.180621 0
0.355091 -0.171341 0
0.171341 -0.35509 0
0.336848 -0.336848 0
0.171341 -0.35509 0
0.336848 -0.336848 0
0.156227 -0.517468 0
0.307134 -0.490883 0
0.156227 -0.517468 0
0.307134 -0.490883 0
0.135792 -0.662224 0
0.266961 -0.628202 0
0.135792 -0.662224 0
0.266961 -0.628202 0
0.110734 -0.784429 0
0.217697 -0.744129 0
0.110734 -0.784429 0
0.217697 -0.744129 0
0.0819042 -0.879921 0
0.161019 -0.834715 0
0.0819042 -0.879921 0
0.161019 -0.834715 0
0.0502854 -0.945449 0
0.0988584 -0.896876 0
0.0502854 -0.945449 0
0.0988584 -0.896876 0
0.0169542 -0.97878 0
0.0333311 -0.928494 0
0.0169542 -0.97878 0
0.0333311 -0.928494 0
-0.0169543 -0.97878 0
-0.0333312 -0.928494 0
-0.0169543 -0.97878 0
-0.0333312 -0.928494 0
-0.0502855 -0.945449 0
-0.0988585 -0.896876 0
-0.0502855 -0.945449 0
-0.0988585 -0.896876 0
-0.0819042 -0.879921 0
-0.161019 -0.834715 0
-0.0819042 -0.879921 0
-0.161019 -0.834715 0
-0.110734 -0.784429 0
-0.217697 -0.744129 0
-0.110734 -0.784429 0
-0.217697 -0.744129 0
-0.135793 -0.662225 0
-0.266961 -0.628202 0
-0.135793 -0.662225 0
-0.266961 -0.628202 0
-0.156227 -0.517468 0
-0.307134 -0.490883 0
-0.156227 -0.517468 0
-0.307134 -0.490883 0
-0.171341 -0.355091 0
-0.336848 -0.336848 0
-0.171341 -0.355091 0
-0.336848 -0.336848 0
-0.180621 -0.180621 0
-0.35509 -0.171341 0
-0.180621 -0.180621 0
-0.35509 -0.171341 0
-0.18375 -1.20379e-16 0
-0.361242 -1.14195e-16 0
0.361242 0 0
0.526432 0 0
0.355091 -0.171341 0
0.517468 -0.156227 0
0.355091 -0.171341 0
0.517468 -0.156227 0
0.336848 -0.336848 0
0.490883 -0.307134 0
0.336848 -0.336848 0
0.490883 -0.307134 0
0.307134 -0.490883 0
0.447581 -0.447581 0
0.307134 -0.490883 0
0.447581 -0.447581 0
0.266961 -0.628202 0
0.389038 -0.572787 0
0.266961 -0.628202 0
0.389038 -0.572787 0
0.217697 -0.744129 0
0.317246 -0.678488 0
0.217697 -0.744129 0
0.317246 -0.678488 0
0.161019 -0.834715 0
0.234651 -0.761083 0
0.161019 -0.834715 0
0.234651 -0.761083 0
0.0988584 -0.896876 0
0.144065 -0.817761 0
0.0988584 -0.896876 0
0.144065 -0.817761 0
0.0333311 -0.928494 0
0.048573 -0.84659 0
0.0333311 -0.928494 0
0.048573 -0.84659 0
-0.0333312 -0.928494 0
-0.0485731 -0.84659 0
-0.0333312 -0.928494 0
-0.0485731 -0.84659 0
-0.0988585 -0.896876 0
-0.144065 -0.817761 0
-0.0988585 -0.896876 0
-0.144065 -0.817761 0
-0.161019 -0.834715 0
-0.234651 -0.761083 0
-0.161019 -0.834715 0
-0.234651 -0.761083 0
-0.217697 -0.744129 0
-0.317246 -0.678488 0
-0.217697 -0.744129 0
-0.317246 -0.678488 0
-0.266961 -0.628202 0
-0.389038 -0.572788 0
-0.266961 -0.628202 0
-0.389038 -0.572788 0
-0.307134 -0.490883 0
-0.447581 -0.447581 0
-0.307134 -0.490883 0
-0.447581 -0.447581 0
-0.336848 -0.336848 0
-0.490883 -0.307134 0
-0.336848 -0.336848 0
-0.490883 -0.307134 0
-0.35509 -0.171341 0
-0.517468 -0.156227 0
-0.35509 -0.171341 0
-0.517468 -0.156227 0
-0.361242 -1.14195e-16 0
-0.526432 -1.04122e-16 0
0.526432 0 0
0.673696 0 0
0.517468 -0.156227 0
0.662225 -0.135792 0
0.517468 -0.156227 0
0.662225 -0.135792 0
0.490883 -0.307134 0
0.628202 -0.266961 0
0.490883 -0.307134 0
0.628202 -0.266961 0
0.447581 -0.447581 0
0.572788 -0.389038 0
0.447581 -0.447581 0
0.572788 -0.389038 0
0.389038 -0.572787 0
0.497867 -0.497867 0
0.389038 -0.572787 0
0.497867 -0.497867 0
0.317246 -0.678488 0
0.405992 -0.589742 0
0.317246 -0.678488 0
0.405992 -0.589742 0
0.234651 -0.761083 0
0.300292 -0.661533 0
0.234651 -0.761083 0
0.300292 -0.661533 0
0.144065 -0.817761 0
0.184365 -0.710798 0
0.144065 -0.817761 0
0.184365 -0.710798 0
0.048573 -0.84659 0
0.0621607 -0.735856 0
0.048573 -0.84659 0
0.0621607 -0.735856 0
-0.0485731 -0.84659 0
-0.0621609 -0.735856 0
-0.0485731 -0.84659 0
-0.0621609 -0.735856 0
-0.144065 -0.817761 0
-0.184366 -0.710798 0
-0.144065 -0.817761 0
-0.184366 -0.710798 0
-0.234651 -0.761083 0
-0.300292 -0.661533 0
-0.234651 -0.761083 0
-0.300292 -0.661533 0
-0.317246 -0.678488 0
-0.405992 -0.589742 0
-0.317246 -0.678488 0
-0.405992 -0.589742 0
-0.389038 -0.572788 0
-0.497867 -0.497867 0
-0.389038 -0.572788 0
-0.497867 -0.497867 0
-0.447581 -0.447581 0
-0.572788 -0.389038 0
-0.447581 -0.447581 0
-0.572788 -0.389038 0
-0.490883 -0.307134 0
-0.628202 -0.266961 0
-0.490883 -0.307134 0
-0.628202 -0.266961 0
-0.517468 -0.156227 0
-0.662224 -0.135793 0
-0.517468 -0.156227 0
-0.662224 -0.135793 0
-0.526432 -1.04122e-16 0
-0.673696 -9.05025e-17 0
0.673696 0 0
0.798017 0 0
0.662225 -0.135792 0
0.784429 -0.110734 0
0.662225 -0.135792 0
0.784429 -0.110734 0
0.628202 -0.266961 0
0.744129 -0.217697 0
0.628202 -0.266961 0
0.744129 -0.217697 0
0.572788 -0.389038 0
0.678488 -0.317246 0
0.572788 -0.389038 0
0.678488 -0.317246 0
0.497867 -0.497867 0
0.589742 -0.405992 0
0.497867 -0.497867 0
0.589742 -0.405992 0
0.405992 -0.589742 0
0.480913 -0.480913 0
0.405992 -0.589742 0
0.480913 -0.480913 0
0.300292 -0.661533 0
0.355707 -0.539456 0
0.300292 -0.661533 0
0.355707 -0.539456 0
0.184365 -0.710798 0
0.218388 -0.579629 0
0.184365 -0.710798 0
0.218388 -0.579629 0
0.0621607 -0.735856 0
0.0736316 -0.600064 0
0.0621607 -0.735856 0
0.0736316 -0.600064 0
-0.0621609 -0.735856 0
-0.0736318 -0.600064 0
-0.0621609 -0.735856 0
-0.0736318 -0.600064 0
-0.184366 -0.710798 0
-0.218388 -0.579629 0
-0.184366 -0.710798 0
-0.218388 -0.579629 0
-0.300292 -0.661533 0
-0.355707 -0.539456 0
-0.300292 -0.661533 0
-0.355707 -0.539456 0
-0.405992 -0.589742 0
-0.480913 -0.480913 0
-0.405992 -0.589742 0
-0.480913 -0.480913 0
-0.497867 -0.497867 0
-0.589742 -0.405992 0
-0.497867 -0.497867 0
-0.589742 -0.405992 0
-0.572788 -0.389038 0
-0.678488 -0.317246 0
-0.572788 -0.389038 0
-0.678488 -0.317246 0
-0.628202 -0.266961 0
-0.744129 -0.217697 0
-0.628202 -0.266961 0
-0.744129 -0.217697 0
-0.662224 -0.135793 0
-0.784429 -0.110734 0
-0.662224 -0.135793 0
-0.784429 -0.110734 0
-0.673696 -9.05025e-17 0
-0.798017 -7.38015e-17 0
0.798017 0 0
0.895163 0 0
0.784429 -0.110734 0
0.879921 -0.0819042 0
0.784429 -0.110734 0
0.879921 -0.0819042 0
0.744129 -0.217697 0
0.834715 -0.161019 0
0.744129 -0.217697 0
0.834715 -0.161019 0
0.678488 -0.317246 0
0.761083 -0.234651 0
0.678488 -0.317246 0
0.761083 -0.234651 0
0.589742 -0.405992 0
0.661533 -0.300292 0
0.589742 -0.405992 0
0.661533 -0.300292 0
0.480913 -0.480913 0
0.539456 -0.355707 0
0.480913 -0.480913 0
0.539456 -0.355707 0
0.355707 -0.539456 0
0.399008 -0.399009 0
0.355707 -0.539456 0
0.399008 -0.399009 0
0.218388 -0.579629 0
0.244973 -0.428723 0
0.218388 -0.579629 0
0.244973 -0.428723 0
0.0736316 -0.600064 0
0.0825951 -0.443837 0
0.0736316 -0.600064 0
0.0825951 -0.443837 0
-0.0736318 -0.600064 0
-0.0825953 -0.443837 0
-0.0736318 -0.600064 0
-0.0825953 -0.443837 0
-0.218388 -0.579629 0
-0.244973 -0.428722 0
-0.218388 -0.579629 0
-0.244973 -0.428722 0
-0.355707 -0.539456 0
-0.399009 -0.399009 0
-0.355707 -0.539456 0
-0.399009 -0.399009 0
-0.480913 -0.480913 0
-0.539456 -0.355707 0
-0.480913 -0.480913 0
-0.539456 -0.355707 0
-0.589742 -0.405992 0
-0.661533 -0.300292 0
-0.589742 -0.405992 0
-0.661533 -0.300292 0
-0.678488 -0.317246 0
-0.761083 -0.234651 0
-0.678488 -0.317246 0
-0.761083 -0.234651 0
-0.744129 -0.217697 0
-0.834715 -0.161019 0
-0.744129 -0.217697 0
-0.834715 -0.161019 0
-0.784429 -0.110734 0
-0.879921 -0.0819042 0
-0.784429 -0.110734 0
-0.879921 -0.0819042 0
-0.798017 -7.38015e-17 0
-0.895163 -5.45872e-17 0
0.895163 0 0
0.961826 0 0
0.879921 -0.0819042 0
0.945449 -0.0502855 0
0.879921 -0.0819042 0
0.945449 -0.0502855 0
0.834715 -0.161019 0
0.896876 -0.0988585 0
0.834715 -0.161019 0
0.896876 -0.0988585 0
0.761083 -0.234651 0
0.81776 -0.144065 0
0.761083 -0.234651 0
0.81776 -0.144065 0
0.661533 -0.300292 0
0.710798 -0.184366 0
0.661533 -0.300292 0
0.710798 -0.184366 0
0.539456 -0.355707 0
0.579629 -0.218388 0
0.539456 -0.355707 0
0.579629 -0.218388 0
0.399008 -0.399009 0
0.428722 -0.244973 0
0.399008 -0.399009 0
0.428722 -0.244973 0
0.244973 -0.428723 0
0.263216 -0.263216 0
0.244973 -0.428723 0
0.263216 -0.263216 0
0.0825951 -0.443837 0
0.088746 -0.272496 0
0.0825951 -0.443837 0
0.088746 -0.272496 0
-0.0825953 -0.443837 0
-0.0887462 -0.272496 0
-0.0825953 -0.443837 0
-0.0887462 -0.272496 0
-0.244973 -0.428722 0
-0.263216 -0.263216 0
-0.244973 -0.428722 0
-0.263216 -0.263216 0
-0.399009 -0.399009 0
-0.428723 -0.244973 0
-0.399009 -0.399009 0
-0.428723 -0.244973 0
-0.539456 -0.355707 0
-0.579629 -0.218388 0
-0.539456 -0.355707 0
-0.579629 -0.218388 0
-0.661533 -0.300292 0
-0.710798 -0.184366 0
-0.661533 -0.300292 0
-0.710798 -0.184366 0
-0.761083 -0.234651 0
-0.817761 -0.144065 0
-0.761083 -0.234651 0
-0.817761 -0.144065 0
-0.834715 -0.161019 0
-0.896876 -0.0988585 0
-0.834715 -0.161019 0
-0.896876 -0.0988585 0
-0.879921 -0.0819042 0
-0.945449 -0.0502854 0
-0.879921 -0.0819042 0
-0.945449 -0.0502854 0
-0.895163 -5.45872e-17 0
-0.961826 -3.3514e-17 0
0.961826 0 0
0.995734 0 0
0.945449 -0.0502855 0
0.97878 -0.0169543 0
0.945449 -0.0502855 0
0.97878 -0.0169543 0
0.896876 -0.0988585 0
0.928494 -0.0333312 0
0.896876 -0.0988585 0
0.928494 -0.0333312 0
0.81776 -0.144065 0
0.84659 -0.0485731 0
0.81776 -0.144065 0
0.84659 -0.0485731 0
0.710798 -0.184366 0
0.735856 -0.0621608 0
0.710798 -0.184366 0
0.735856 -0.0621608 0
0.579629 -0.218388 0
0.600064 -0.0736318 0
0.579629 -0.218388 0
0.600064 -0.0736318 0
0.428722 -0.244973 0
0.443837 -0.0825953 0
0.428722 -0.244973 0
0.443837 -0.0825953 0
0.263216 -0.263216 0
0.272495 -0.0887461 0
0.263216 -0.263216 0
0.272495 -0.0887461 0
0.088746 -0.272496 0
0.0918747 -0.0918748 0
0.088746 -0.272496 0
0.0918747 -0.0918748 0
-0.0887462 -0.272496 0
-0.0918748 -0.0918747 0
-0.0887462 -0.272496 0
-0.0918748 -0.0918747 0
-0.263216 -0.263216 0
-0.272496 -0.088746 0
-0.263216 -0.263216 0
-0.272496 -0.088746 0
-0.428723 -0.244973 0
-0.443837 -0.0825952 0
-0.428723 -0.244973 0
-0.443837 -0.0825952 0
-0.579629 -0.218388 0
-0.600064 -0.0736317 0
-0.579629 -0.218388 0
-0.600064 -0.0736317 0
-0.710798 -0.184366 0
-0.735856 -0.0621608 0
-0.710798 -0.184366 0
-0.735856 -0.0621608 0
-0.817761 -0.144065 0
-0.84659 -0.048573 0
-0.817761 -0.144065 0
-0.84659 -0.048573 0
-0.896876 -0.0988585 0
-0.928494 -0.0333312 0
-0.896876 -0.0988585 0
-0.928494 -0.0333312 0
-0.945449 -0.0502854 0
-0.97878 -0.0169543 0
-0.945449 -0.0502854 0
-0.97878 -0.0169543 0
-0.961826 -3.3514e-17 0
-0.995734 -1.12996e-17 0
0.995734 0 0
0.995734 0 0
0.97878 -0.0169543 0
0.97878 0.0169542 0
0.97878 -0.0169543 0
0.97878 0.0169542 0
0.928494 -0.0333312 0
0.928494 0.0333311 0
0.928494 -0.0333312 0
0.928494 0.0333311 0
0.84659 -0.0485731 0
0.84659 0.048573 0
0.84659 -0.0485731 0
0.84659 0.048573 0
0.735856 -0.0621608 0
0.735856 0.0621607 0
0.735856 -0.0621608 0
0.735856 0.0621607 0
0.600064 -0.0736318 0
0.600064 0.0736317 0
0.600064 -0.0736318 0
0.600064 0.0736317 0
0.443837 -0.0825953 0
0.443837 0.0825952 0
0.443837 -0.0825953 0
0.443837 0.0825952 0
0.272495 -0.0887461 0
0.272496 0.088746 0
0.272495 -0.0887461 0
0.272496 0.088746 0
0.0918747 -0.0918748 0
0.0918747 0.0918747 0
0.0918747 -0.0918748 0
0.0918747 0.0918747 0
-0.0918748 -0.0918747 0
-0.0918748 0.0918748 0
-0.0918748 -0.0918747 0
-0.0918748 0.0918748 0
-0.272496 -0.088746 0
-0.272496 0.0887461 0
-0.272496 -0.088746 0
-0.272496 0.0887461 0
-0.443837 -0.0825952 0
-0.443837 0.0825953 0
-0.443837 -0.0825952 0
-0.443837 0.0825953 0
-0.600064 -0.0736317 0
-0.600064 0.0736317 0
-0.600064 -0.0736317 0
-0.600064 0.0736317 0
-0.735856 -0.0621608 0
-0.735856 0.0621608 0
-0.735856 -0.0621608 0
-0.735856 0.0621608 0
-0.84659 -0.048573 0
-0.84659 0.048573 0
-0.84659 -0.048573 0
-0.84659 0.048573 0
-0.928494 -0.0333312 0
-0.928494 0.0333312 0
-0.928494 -0.0333312 0
-0.928494 0.0333312 0
-0.97878 -0.0169543 0
-0.97878 0.0169543 0
-0.97878 -0.0169543 0
-0.97878 0.0169543 0
-0.995734 -1.12996e-17 0
-0.995734 1.12996e-17 0
0.995734 0 0
0.961826 0 0
0.97878 0.0169542 0
0.945449 0.0502854 0
0.97878 0.0169542 0
0.945449 0.0502854 0
0.928494 0.0333311 0
0.896876 0.0988584 0
0.928494 0.0333311 0
0.896876 0.0988584 0
0.84659 0.048573 0
0.817761 0.144065 0
0.84659 0.048573 0
0.817761 0.144065 0
0.735856 0.0621607 0
0.710798 0.184365 0
0.735856 0.0621607 0
0.710798 0.184365 0
0.600064 0.0736317 0
0.579629 0.218388 0
0.600064 0.0736317 0
0.579629 0.218388 0
0.443837 0.0825952 0
0.428722 0.244973 0
0.443837 0.0825952 0
0.428722 0.244973 0
0.272496 0.088746 0
0.263216 0.263216 0
0.272496 0.088746 0
0.263216 0.263216 0
0.0918747 0.0918747 0
0.088746 0.272496 0
0.0918747 0.0918747 0
0.088746 0.272496 0
-0.0918748 0.0918748 0
-0.0887461 0.272496 0
-0.0918748 0.0918748 0
-0.0887461 0.272496 0
-0.272496 0.0887461 0
-0.263216 0.263216 0
-0.272496 0.0887461 0
-0.263216 0.263216 0
-0.443837 0.0825953 0
-0.428723 0.244973 0
-0.443837 0.0825953 0
-0.428723 0.244973 0
-0.600064 0.0736317 0
-0.579629 0.218388 0
-0.600064 0.0736317 0
-0.579629 0.218388 0
-0.735856 0.0621608 0
-0.710798 0.184366 0
-0.735856 0.0621608 0
-0.710798 0.184366 0
-0.84659 0.048573 0
-0.817761 0.144065 0
-0.84659 0.048573 0
-0.817761 0.144065 0
-0.928494 0.0333312 0
-0.896876 0.0988585 0
-0.928494 0.0333312 0
-0.896876 0.0988585 0
-0.97878 0.0169543 0
-0.945449 0.0502855 0
-0.97878 0.0169543 0
-0.945449 0.0502855 0
-0.995734 1.12996e-17 0
-0.961826 3.3514e-17 0
0.961826 0 0
0.895163 0 0
0.945449 0.0502854 0
0.879921 0.0819042 0
0.945449 0.0502854 0
0.879921 0.0819042 0
0.896876 0.0988584 0
0.834715 0.161019 0
0.896876 0.0988584 0
0.834715 0.161019 0
0.817761 0.144065 0
0.761083 0.234651 0
0.817761 0.144065 0
0.761083 0.234651 0
0.710798 0.184365 0
0.661533 0.300292 0
0.710798 0.184365 0
0.661533 0.300292 0
0.579629 0.218388 0
0.539456 0.355707 0
0.579629 0.218388 0
0.539456 0.355707 0
0.428722 0.244973 0
0.399008 0.399009 0
0.428722 0.244973 0
0.399008 0.399009 0
0.263216 0.263216 0
0.244973 0.428722 0
0.263216 0.263216 0
0.244973 0.428722 0
0.088746 0.272496 0
0.0825952 0.443837 0
0.088746 0.272496 0
0.0825952 0.443837 0
-0.0887461 0.272496 0
-0.0825953 0.443837 0
-0.0887461 0.272496 0
-0.0825953 0.443837 0
-0.263216 0.263216 0
-0.244973 0.428722 0
-0.263216 0.263216 0
-0.244973 0.428722 0
-0.428723 0.244973 0
-0.399009 0.399009 0
-0.428723 0.244973 0
-0.399009 0.399009 0
-0.579629 0.218388 0
-0.539456 0.355707 0
-0.579629 0.218388 0
-0.539456 0.355707 0
-0.710798 0.184366 0
-0.661533 0.300292 0
-0.710798 0.184366 0
-0.661533 0.300292 0
-0.817761 0.144065 0
-0.761083 0.234651 0
-0.817761 0.144065 0
-0.761083 0.234651 0
-0.896876 0.0988585 0
-0.834715 0.161019 0
-0.896876 0.0988585 0
-0.834715 0.161019 0
-0.945449 0.0502855 0
-0.879921 0.0819042 0
-0.945449 0.0502855 0
-0.879921 0.0819042 0
-0.961826 3.3514e-17 0
-0.895163 5.45872e-17 0
0.895163 0 0
0.798017 0 0
0.879921 0.0819042 0
0.784429 0.110734 0
0.879921 0.0819042 0
0.784429 0.110734 0
0.834715 0.161019 0
0.744129 0.217697 0
0.834715 0.161019 0
0.744129 0.217697 0
0.761083 0.234651 0
0.678488 0.317246 0
0.761083 0.234651 0
0.678488 0.317246 0
0.661533 0.300292 0
0.589742 0.405992 0
0.661533 0.300292 0
0.589742 0.405992 0
0.539456 0.355707 0
0.480913 0.480913 0
0.539456 0.355707 0
0.480913 0.480913 0
0.399008 0.399009 0
0.355707 0.539456 0
0.399008 0.399009 0
0.355707 0.539456 0
0.244973 0.428722 0
0.218388 0.579629 0
0.244973 0.428722 0
0.218388 0.579629 0
0.0825952 0.443837 0
0.0736317 0.600064 0
0.0825952 0.443837 0
0.0736317 0.600064 0
-0.0825953 0.443837 0
-0.0736318 0.600064 0
-0.0825953 0.443837 0
-0.0736318 0.600064 0
-0.244973 0.428722 0
-0.218388 0.579629 0
-0.244973 0.428722 0
-0.218388 0.579629 0
-0.399009 0.399009 0
-0.355707 0.539456 0
-0.399009 0.399009 0
-0.355707 0.539456 0
-0.539456 0.355707 0
-0.480913 0.480913 0
-0.539456 0.355707 0
-0.480913 0.480913 0
-0.661533 0.300292 0
-0.589742 0.405992 0
-0.661533 0.300292 0
-0.589742 0.405992 0
-0.761083 0.234651 0
-0.678488 0.317246 0
-0.761083 0.234651 0
-0.678488 0.317246 0
-0.834715 0.161019 0
-0.744129 0.217697 0
-0.834715 0.161019 0
-0.744129 0.217697 0
-0.879921 0.0819042 0
-0.784429 0.110734 0
-0.879921 0.0819042 0
-0.784429 0.110734 0
-0.895163 5.45872e-17 0
-0.798017 7.38015e-17 0
0.798017 0 0
0.673696 0 0
0.784429 0.110734 0
0.662224 0.135792 0
0.784429 0.110734 0
0.662224 0.135792 0
0.744129 0.217697 0
0.628202 0.266961 0
0.744129 0.217697 0
0.628202 0.266961 0
0.678488 0.317246 0
0.572787 0.389038 0
0.678488 0.317246 0
0.572787 0.389038 0
0.589742 0.405992 0
0.497867 0.497867 0
0.589742 0.405992 0
0.497867 0.497867 0
0.480913 0.480913 0
0.405992 0.589742 0
0.480913 0.480913 0
0.405992 0.589742 0
0.355707 0.539456 0
0.300292 0.661533 0
0.355707 0.539456 0
0.300292 0.661533 0
0.218388 0.579629 0
0.184366 0.710798 0
0.218388 0.579629 0
0.184366 0.710798 0
0.0736317 0.600064 0
0.0621608 0.735856 0
0.0736317 0.600064 0
0.0621608 0.735856 0
-0.0736318 0.600064 0
-0.0621608 0.735856 0
-0.0736318 0.600064 0
-0.0621608 0.735856 0
-0.218388 0.579629 0
-0.184366 0.710798 0
-0.218388 0.579629 0
-0.184366 0.710798 0
-0.355707 0.539456 0
-0.300292 0.661533 0
-0.355707 0.539456 0
-0.300292 0.661533 0
-0.480913 0.480913 0
-0.405992 0.589742 0
-0.480913 0.480913 0
-0.405992 0.589742 0
-0.589742 0.405992 0
-0.497867 0.497867 0
-0.589742 0.405992 0
-0.497867 0.497867 0
-0.678488 0.317246 0
-0.572788 0.389038 0
-0.678488 0.317246 0
-0.572788 0.389038 0
-0.744129 0.217697 0
-0.628202 0.266961 0
-0.744129 0.217697 0
-0.628202 0.266961 0
-0.784429 0.110734 0
-0.662225 0.135793 0
-0.784429 0.110734 0
-0.662225 0.135793 0
-0.798017 7.38015e-17 0
-0.673696 9.05025e-17 0
0.673696 0 0
0.526432 0 0
0.662224 0.135792 0
0.517468 0.156227 0
0.662224 0.135792 0
0.517468 0.156227 0
0.628202 0.266961 0
0.490883 0.307134 0
0.628202 0.266961 0
0.490883 0.307134 0
0.572787 0.389038 0
0.447581 0.447581 0
0.572787 0.389038 0
0.447581 0.447581 0
0.497867 0.497867 0
0.389038 0.572788 0
0.497867 0.497867 0
0.389038 0.572788 0
0.405992 0.589742 0
0.317246 0.678488 0
0.405992 0.589742 0
0.317246 0.678488 0
0.300292 0.661533 0
0.234651 0.761083 0
0.300292 0.661533 0
0.234651 0.761083 0
0.184366 0.710798 0
0.144065 0.817761 0
0.184366 0.710798 0
0.144065 0.817761 0
0.0621608 0.735856 0
0.048573 0.84659 0
0.0621608 0.735856 0
0.048573 0.84659 0
-0.0621608 0.735856 0
-0.048573 0.84659 0
-0.0621608 0.735856 0
-0.048573 0.84659 0
-0.184366 0.710798 0
-0.144065 0.817761 0
-0.184366 0.710798 0
-0.144065 0.817761 0
-0.300292 0.661533 0
-0.234651 0.761083 0
-0.300292 0.661533 0
-0.234651 0.761083 0
-0.405992 0.589742 0
-0.317246 0.678488 0
-0.405992 0.589742 0
-0.317246 0.678488 0
-0.497867 0.497867 0
-0.389038 0.572788 0
-0.497867 0.497867 0
-0.389038 0.572788 0
-0.572788 0.389038 0
-0.447581 0.447581 0
-0.572788 0.389038 0
-0.447581 0.447581 0
-0.628202 0.266961 0
-0.490883 0.307134 0
-0.628202 0.266961 0
-0.490883 0.307134 0
-0.662225 0.135793 0
-0.517468 0.156227 0
-0.662225 0.135793 0
-0.517468 0.156227 0
-0.673696 9.05025e-17 0
-0.526432 1.04122e-16 0
0.526432 0 0
0.361242 0 0
0.517468 0.156227 0
0.35509 0.171341 0
0.517468 0.156227 0
0.35509 0.171341 0
0.490883 0.307134 0
0.336848 0.336848 0
0.490883 0.307134 0
0.336848 0.336848 0
0.447581 0.447581 0
0.307134 0.490883 0
0.447581 0.447581 0
0.307134 0.490883 0
0.389038 0.572788 0
0.266961 0.628202 0
0.389038 0.572788 0
0.266961 0.628202 0
0.317246 0.678488 0
0.217697 0.744129 0
0.317246 0.678488 0
0.217697 0.744129 0
0.234651 0.761083 0
0.161019 0.834715 0
0.234651 0.761083 0
0.161019 0.834715 0
0.144065 0.817761 0
0.0988585 0.896876 0
0.144065 0.817761 0
0.0988585 0.896876 0
0.048573 0.84659 0
0.0333312 0.928494 0
0.048573 0.84659 0
0.0333312 0.928494 0
-0.048573 0.84659 0
-0.0333312 0.928494 0
-0.048573 0.84659 0
-0.0333312 0.928494 0
-0.144065 0.817761 0
-0.0988585 0.896876 0
-0.144065 0.817761 0
-0.0988585 0.896876 0
-0.234651 0.761083 0
-0.161019 0.834715 0
-0.234651 0.761083 0
-0.161019 0.834715 0
-0.317246 0.678488 0
-0.217697 0.744129 0
-0.317246 0.678488 0
-0.217697 0.744129 0
-0.389038 0.572788 0
-0.266961 0.628202 0
-0.389038 0.572788 0
-0.266961 0.628202 0
-0.447581 0.447581 0
-0.307134 0.490883 0
-0.447581 0.447581 0
-0.307134 0.490883 0
-0.490883 0.307134 0
-0.336848 0.336848 0
-0.490883 0.307134 0
-0.336848 0.336848 0
-0.517468 0.156227 0
-0.355091 0.171341 0
-0.517468 0.156227 0
-0.355091 0.171341 0
-0.526432 1.04122e-16 0
-0.361242 1.14195e-16 0
0.361242 0 0
0.18375 0 0
0.35509 0.171341 0
0.180621 0.180621 0
0.35509 0.171341 0
0.180621 0.180621 0
0.336848 0.336848 0
0.171341 0.355091 0
0.336848 0.336848 0
0.171341 0.355091 0
0.307134 0.490883 0
0.156227 0.517468 0
0.307134 0.490883 0
0.156227 0.517468 0
0.266961 0.628202 0
0.135792 0.662225 0
0.266961 0.628202 0
0.135792 0.662225 0
0.217697 0.744129 0
0.110734 0.784429 0
0.217697 0.744129 0
0.110734 0.784429 0
0.161019 0.834715 0
0.0819042 0.879921 0
0.161019 0.834715 0
0.0819042 0.879921 0
0.0988585 0.896876 0
0.0502854 0.945449 0
0.0988585 0.896876 0
0.0502854 0.945449 0
0.0333312 0.928494 0
0.0169543 0.97878 0
0.0333312 0.928494 0
0.0169543 0.97878 0
-0.0333312 0.928494 0
-0.0169543 0.97878 0
-0.0333312 0.928494 0
-0.0169543 0.97878 0
-0.0988585 0.896876 0
-0.0502854 0.945449 0
-0.0988585 0.896876 0
-0.0502854 0.945449 0
-0.161019 0.834715 0
-0.0819042 0.879921 0
-0.161019 0.834715 0
-0.0819042 0.879921 0
-0.217697 0.744129 0
-0.110734 0.784429 0
-0.217697 0.744129 0
-0.110734 0.784429 0
-0.266961 0.628202 0
-0.135793 0.662224 0
-0.266961 0.628202 0
-0.135793 0.662224 0
-0.307134 0.490883 0
-0.156227 0.517468 0
-0.307134 0.490883 0
-0.156227 0.517468 0
-0.336848 0.336848 0
-0.171341 0.355091 0
-0.336848 0.336848 0
-0.171341 0.355091 0
-0.355091 0.171341 0
-0.180621 0.180621 0
-0.355091 0.171341 0
-0.180621 0.180621 0
-0.361242 1.14195e-16 0
-0.18375 1.20379e-16 0
0.18375 0 0
1.22465e-16 0 0
0.180621 0.180621 0
1.20379e-16 0.18375 0
0.180621 0.180621 0
1.20379e-16 0.18375 0
0.171341 0.355091 0
1.14195e-16 0.361242 0
0.171341 0.355091 0
1.14195e-16 0.361242 0
0.156227 0.517468 0
1.04122e-16 0.526432 0
0.156227 0.517468 0
1.04122e-16 0.526432 0
0.135792 0.662225 0
9.05025e-17 0.673696 0
0.135792 0.662225 0
9.05025e-17 0.673696 0
0.110734 0.784429 0
7.38015e-17 0.798017 0
0.110734 0.784429 0
7.38015e-17 0.798017 0
0.0819042 0.879921 0
5.45872e-17 0.895163 0
0.0819042 0.879921 0
5.45872e-17 0.895163 0
0.0502854 0.945449 0
3.3514e-17 0.961826 0
0.0502854 0.945449 0
3.3514e-17 0.961826 0
0.0169543 0.97878 0
1.12996e-17 0.995734 0
0.0169543 0.97878 0
1.12996e-17 0.995734 0
-0.0169543 0.97878 0
-1.12996e-17 0.995734 0
-0.0169543 0.97878 0
-1.12996e-17 0.995734 0
-0.0502854 0.945449 0
-3.3514e-17 0.961826 0
-0.0502854 0.945449 0
-3.3514e-17 0.961826 0
-0.0819042 0.879921 0
-5.45872e-17 0.895163 0
-0.0819042 0.879921 0
-5.45872e-17 0.895163 0
-0.110734 0.784429 0
-7.38015e-17 0.798017 0
-0.110734 0.784429 0
-7.38015e-17 0.798017 0
-0.135793 0.662224 0
-9.05025e-17 0.673696 0
-0.135793 0.662224 0
-9.05025e-17 0.673696 0
-0.156227 0.517468 0
-1.04122e-16 0.526432 0
-0.156227 0.517468 0
-1.04122e-16 0.526432 0
-0.171341 0.355091 0
-1.14195e-16 0.361242 0
-0.171341 0.355091 0
-1.14195e-16 0.361242 0
-0.180621 0.180621 0
-1.20379e-16 0.18375 0
-0.180621 0.180621 0
-1.20379e-16 0.18375 0
-0.18375 1.20379e-16 0
-1.22465e-16 1.22465e-16 0
VECTORS velocity_error double
0 0 0
0 0 0
0 0 0
-1.20271e-07 3.33538e-08 0
0 0 0
-1.20271e-07 3.33538e-08 0
0 0 0
2.35399e-07 -4.16075e-07 0
0 0 0
2.35399e-07 -4.16075e-07 0
0 0 0
1.35416e-07 -5.16102e-07 0
0 0 0
1.35416e-07 -5.16102e-07 0
0 0 0
3.44713e-08 -2.93858e-07 0
0 0 0
3.44713e-08 -2.93858e-07 0
0 0 0
1.17073e-08 -1.48285e-07 0
0 0 0
1.17073e-08 -1.48285e-07 0
0 0 0
1.948e-08 -1.17598e-07 0
0 0 0
1.948e-08 -1.17598e-07 0
0 0 0
2.38627e-08 -1.42032e-07 0
0 0 0
2.38627e-08 -1.42032e-07 0
0 0 0
2.70037e-08 -1.66062e-07 0
0 0 0
2.70037e-08 -1.66062e-07 0
0 0 0
2.44372e-08 -1.61386e-07 0
0 0 0
2.44372e-08 -1.61386e-07 0
0 0 0
2.26874e-08 -1.23468e-07 0
0 0 0
2.26874e-08 -1.23468e-07 0
0 0 0
2.07964e-08 -6.90989e-08 0
0 0 0
2.07964e-08 -6.90989e-08 0
0 0 0
1.8856e-08 -4.23463e-08 0
0 0 0
1.8856e-08 -4.23463e-08 0
0 0 0
-5.4074e-09 -1.06824e-07 0
0 0 0
-5.4074e-09 -1.06824e-07 0
0 0 0
-1.05561e-07 -2.58505e-07 0
0 0 0
-1.05561e-07 -2.58505e-07 0
0 0 0
-2.27722e-07 -2.15288e-07 0
0 0 0
-2.27722e-07 -2.15288e-07 0
0 0 0
5.34803e-08 1.21373e-07 0
0 0 0
5.34803e-08 1.21373e-07 0
0 0 0
0 0 0
0 0 0
0 0 0
-1.20271e-07 3.33538e-08 0
2.52546e-07 -2.75966e-07 0
-1.20271e-07 3.33538e-08 0
2.52546e-07 -2.75966e-07 0
2.35399e-07 -4.16075e-07 0
8.31351e-08 -1.57053e-07 0
2.35399e-07 -4.16075e-07 0
8.31351e-08 -1.57053e-07 0
1.35416e-07 -5.16102e-07 0
1.59809e-08 -6.20092e-08 0
1.35416e-07 -5.16102e-07 0
1.59809e-08 -6.20092e-08 0
3.44713e-08 -2.93858e-07 0
1.30979e-07 -3.75913e-07 0
3.44713e-08 -2.93858e-07 0
1.30979e-07 -3.75913e-07 0
1.17073e-08 -1.48285e-07 0
8.95896e-08 -3.23389e-07 0
1.17073e-08 -1.48285e-07 0
8.95896e-08 -3.23389e-07 0
1.948e-08 -1.17598e-07 0
4.80774e-08 -1.59861e-07 0
1.948e-08 -1.17598e-07 0
4.80774e-08 -1.59861e-07 0
2.38627e-08 -1.42032e-07 0
4.93791e-08 -1.30753e-07 0
2.38627e-08 -1.42032e-07 0
4.93791e-08 -1.30753e-07 0
2.70037e-08 -1.66062e-07 0
4.99251e-08 -1.6195e-07 0
2.70037e-08 -1.66062e-07 0
4.99251e-08 -1.6195e-07 0
2.44372e-08 -1.61386e-07 0
4.43797e-08 -1.65646e-07 0
2.44372e-08 -1.61386e-07 0
4.43797e-08 -1.65646e-07 0
2.26874e-08 -1.23468e-07 0
3.74808e-08 -1.28945e-07 0
2.26874e-08 -1.23468e-07 0
3.74808e-08 -1.28945e-07 0
2.07964e-08 -6.90989e-08 0
2.73224e-08 -1.05094e-07 0
2.07964e-08 -6.90989e-08 0
2.73224e-08 -1.05094e-07 0
1.8856e-08 -4.23463e-08 0
-1.18486e-08 -1.75382e-07 0
1.8856e-08 -4.23463e-08 0
-1.18486e-08 -1.75382e-07 0
-5.4074e-09 -1.06824e-07 0
-7.4839e-08 -2.08071e-07 0
-5.4074e-09 -1.06824e-07 0
-7.4839e-08 -2.08071e-07 0
-1.05561e-07 -2.58505e-07 0
-1.33089e-10 2.55888e-08 0
-1.05561e-07 -2.58505e-07 0
-1.33089e-10 2.55888e-08 0
-2.27722e-07 -2.15288e-07 0
-1.03485e-07 -5.63013e-08 0
-2.27722e-07 -2.15288e-07 0
-1.03485e-07 -5.63013e-08 0
5.34803e-08 1.21373e-07 0
-3.44952e-07 -2.016e-07 0
5.34803e-08 1.21373e-07 0
-3.44952e-07 -2.016e-07 0
0 0 0
0 0 0
0 0 0
0 0 0
2.52546e-07 -2.75966e-07 0
2.95073e-07 -1.40834e-07 0
2.52546e-07 -2.75966e-07 0
2.95073e-07 -1.40834e-07 0
8.31351e-08 -1.57053e-07 0
4.18071e-09 -5.06801e-08 0
8.31351e-08 -1.57053e-07 0
4.18071e-09 -5.06801e-08 0
1.59809e-08 -6.20092e-08 0
1.83748e-07 -2.35263e-07 0
1.59809e-08 -6.20092e-08 0
1.83748e-07 -2.35263e-07 0
1.30979e-07 -3.75913e-07 0
6.18476e-08 -8.8358e-08 0
1.30979e-07 -3.75913e-07 0
6.18476e-08 -8.8358e-08 0
8.95896e-08 -3.23389e-07 0
1.43392e-07 -3.11841e-07 0
8.95896e-08 -3.23389e-07 0
1.43392e-07 -3.11841e-07 0
4.80774e-08 -1.59861e-07 0
9.634e-08 -2.08966e-07 0
4.80774e-08 -1.59861e-07 0
9.634e-08 -2.08966e-07 0
4.93791e-08 -1.30753e-07 0
7.13753e-08 -1.11355e-07 0
4.93791e-08 -1.30753e-07 0
7.13753e-08 -1.11355e-07 0
4.99251e-08 -1.6195e-07 0
7.1114e-08 -1.43473e-07 0
4.99251e-08 -1.6195e-07 0
7.1114e-08 -1.43473e-07 0
4.43797e-08 -1.65646e-07 0
6.17023e-08 -1.55868e-07 0
4.43797e-08 -1.65646e-07 0
6.17023e-08 -1.55868e-07 0
3.74808e-08 -1.28945e-07 0
4.93656e-08 -1.26371e-07 0
3.74808e-08 -1.28945e-07 0
4.93656e-08 -1.26371e-07 0
2.73224e-08 -1.05094e-07 0
2.15393e-08 -1.55102e-07 0
2.73224e-08 -1.05094e-07 0
2.15393e-08 -1.55102e-07 0
-1.18486e-08 -1.75382e-07 0
-4.08648e-08 -2.0987e-07 0
-1.18486e-08 -1.75382e-07 0
-4.08648e-08 -2.0987e-07 0
-7.4839e-08 -2.08071e-07 0
3.50385e-09 -2.83854e-08 0
-7.4839e-08 -2.08071e-07 0
3.50385e-09 -2.83854e-08 0
-1.33089e-10 2.55888e-08 0
-1.63521e-07 -1.40978e-07 0
-1.33089e-10 2.55888e-08 0
-1.63521e-07 -1.40978e-07 0
-1.03485e-07 -5.63013e-08 0
7.67668e-10 1.27533e-08 0
-1.03485e-07 -5.63013e-08 0
7.67668e-10 1.27533e-08 0
-3.44952e-07 -2.016e-07 0
-4.3984e-07 -1.11009e-07 0
-3.44952e-07 -2.016e-07 0
-4.3984e-07 -1.11009e-07 0
0 0 0
0 0 0
0 0 0
0 0 0
2.95073e-07 -1.40834e-07 0
1.32757e-07 -3.14593e-08 0
2.95073e-07 -1.40834e-07 0
1.32757e-07 -3.14593e-08 0
4.18071e-09 -5.06801e-08 0
2.51617e-07 -1.25218e-07 0
4.18071e-09 -5.06801e-08 0
2.51617e-07 -1.25218e-07 0
1.83748e-07 -2.35263e-07 0
6.77603e-08 -5.53143e-08 0
1.83748e-07 -2.35263e-07 0
6.77603e-08 -5.53143e-08 0
6.18476e-08 -8.8358e-08 0
1.80949e-07 -1.73485e-07 0
6.18476e-08 -8.8358e-08 0
1.80949e-07 -1.73485e-07 0
1.43392e-07 -3.11841e-07 0
1.2233e-07 -1.25698e-07 0
1.43392e-07 -3.11841e-07 0
1.2233e-07 -1.25698e-07 0
9.634e-08 -2.08966e-07 0
1.44291e-07 -2.31277e-07 0
9.634e-08 -2.08966e-07 0
1.44291e-07 -2.31277e-07 0
7.13753e-08 -1.11355e-07 0
9.78827e-08 -9.48053e-08 0
7.13753e-08 -1.11355e-07 0
9.78827e-08 -9.48053e-08 0
7.1114e-08 -1.43473e-07 0
8.60406e-08 -1.15263e-07 0
7.1114e-08 -1.43473e-07 0
8.60406e-08 -1.15263e-07 0
6.17023e-08 -1.55868e-07 0
7.66528e-08 -1.3405e-07 0
6.17023e-08 -1.55868e-07 0
7.66528e-08 -1.3405e-07 0
4.93656e-08 -1.26371e-07 0
5.43177e-08 -1.17267e-07 0
4.93656e-08 -1.26371e-07 0
5.43177e-08 -1.17267e-07 0
2.15393e-08 -1.55102e-07 0
3.78042e-09 -1.84523e-07 0
2.15393e-08 -1.55102e-07 0
3.78042e-09 -1.84523e-07 0
-4.08648e-08 -2.0987e-07 0
-6.10357e-09 -9.54485e-08 0
-4.08648e-08 -2.0987e-07 0
-6.10357e-09 -9.54485e-08 0
3.50385e-09 -2.83854e-08 0
-9.91419e-08 -1.28655e-07 0
3.50385e-09 -2.83854e-08 0
-9.91419e-08 -1.28655e-07 0
-1.63521e-07 -1.40978e-07 0
-1.94825e-08 -2.24888e-08 0
-1.63521e-07 -1.40978e-07 0
-1.94825e-08 -2.24888e-08 0
7.67668e-10 1.27533e-08 0
-2.93508e-07 -9.4781e-08 0
7.67668e-10 1.27533e-08 0
-2.93508e-07 -9.4781e-08 0
-4.3984e-07 -1.11009e-07 0
-2.31526e-07 -1.5968e-08 0
-4.3984e-07 -1.11009e-07 0
-2.31526e-07 -1.5968e-08 0
0 0 0
0 0 0
0 0 0
0 0 0
1.32757e-07 -3.14593e-08 0
6.34645e-08 -2.74168e-09 0
1.32757e-07 -3.14593e-08 0
6.34645e-08 -2.74168e-09 0
2.51617e-07 -1.25218e-07 0
2.15711e-07 -5.29574e-08 0
2.51617e-07 -1.25218e-07 0
2.15711e-07 -5.29574e-08 0
6.77603e-08 -5.53143e-08 0
2.63398e-07 -9.83537e-08 0
6.77603e-08 -5.53143e-08 0
2.63398e-07 -9.83537e-08 0
1.80949e-07 -1.73485e-07 0
1.48087e-07 -7.04997e-08 0
1.80949e-07 -1.73485e-07 0
1.48087e-07 -7.04997e-08 0
1.2233e-07 -1.25698e-07 0
1.37698e-07 -7.6582e-08 0
1.2233e-07 -1.25698e-07 0
1.37698e-07 -7.6582e-08 0
1.44291e-07 -2.31277e-07 0
1.81344e-07 -1.72683e-07 0
1.44291e-07 -2.31277e-07 0
1.81344e-07 -1.72683e-07 0
9.78827e-08 -9.48053e-08 0
1.14705e-07 -8.64156e-08 0
9.78827e-08 -9.48053e-08 0
1.14705e-07 -8.64156e-08 0
8.60406e-08 -1.15263e-07 0
1.04152e-07 -8.29073e-08 0
8.60406e-08 -1.15263e-07 0
1.04152e-07 -8.29073e-08 0
7.66528e-08 -1.3405e-07 0
7.94402e-08 -1.06434e-07 0
7.66528e-08 -1.3405e-07 0
7.94402e-08 -1.06434e-07 0
5.43177e-08 -1.17267e-07 0
5.76421e-08 -1.08588e-07 0
5.43177e-08 -1.17267e-07 0
5.76421e-08 -1.08588e-07 0
3.78042e-09 -1.84523e-07 0
-1.30152e-08 -1.59181e-07 0
3.78042e-09 -1.84523e-07 0
-1.30152e-08 -1.59181e-07 0
-6.10357e-09 -9.54485e-08 0
-7.20027e-09 -7.92401e-08 0
-6.10357e-09 -9.54485e-08 0
-7.20027e-09 -7.92401e-08 0
-9.91419e-08 -1.28655e-07 0
-5.28488e-08 -6.96533e-08 0
-9.91419e-08 -1.28655e-07 0
-5.28488e-08 -6.96533e-08 0
-1.94825e-08 -2.24888e-08 0
-2.28073e-07 -9.55486e-08 0
-1.94825e-08 -2.24888e-08 0
-2.28073e-07 -9.55486e-08 0
-2.93508e-07 -9.4781e-08 0
-2.46953e-07 -5.48227e-08 0
-2.93508e-07 -9.4781e-08 0
-2.46953e-07 -5.48227e-08 0
-2.31526e-07 -1.5968e-08 0
-9.55536e-08 6.30113e-09 0
-2.31526e-07 -1.5968e-08 0
-9.55536e-08 6.30113e-09 0
0 0 0
0 0 0
0 0 0
0 0 0
6.34645e-08 -2.74168e-09 0
8.77058e-08 2.88398e-09 0
6.34645e-08 -2.74168e-09 0
8.77058e-08 2.88398e-09 0
2.15711e-07 -5.29574e-08 0
1.3862e-07 -5.79408e-09 0
2.15711e-07 -5.29574e-08 0
1.3862e-07 -5.79408e-09 0
2.63398e-07 -9.83537e-08 0
2.03941e-07 -2.5163e-08 0
2.63398e-07 -9.83537e-08 0
2.03941e-07 -2.5163e-08 0
1.48087e-07 -7.04997e-08 0
2.47334e-07 -5.56021e-08 0
1.48087e-07 -7.04997e-08 0
2.47334e-07 -5.56021e-08 0
1.37698e-07 -7.6582e-08 0
2.30074e-07 -8.2384e-08 0
1.37698e-07 -7.6582e-08 0
2.30074e-07 -8.2384e-08 0
1.81344e-07 -1.72683e-07 0
1.4816e-07 -5.21725e-08 0
1.81344e-07 -1.72683e-07 0
1.4816e-07 -5.21725e-08 0
1.14705e-07 -8.64156e-08 0
1.42783e-07 -8.3479e-08 0
1.14705e-07 -8.64156e-08 0
1.42783e-07 -8.3479e-08 0
1.04152e-07 -8.29073e-08 0
1.09622e-07 -4.99185e-08 0
1.04152e-07 -8.29073e-08 0
1.09622e-07 -4.99185e-08 0
7.94402e-08 -1.06434e-07 0
8.18905e-08 -7.73472e-08 0
7.94402e-08 -1.06434e-07 0
8.18905e-08 -7.73472e-08 0
5.76421e-08 -1.08588e-07 0
4.43955e-08 -1.03368e-07 0
5.76421e-08 -1.08588e-07 0
4.43955e-08 -1.03368e-07 0
-1.30152e-08 -1.59181e-07 0
1.59027e-08 -7.90168e-08 0
-1.30152e-08 -1.59181e-07 0
1.59027e-08 -7.90168e-08 0
-7.20027e-09 -7.92401e-08 0
-9.3069e-08 -1.12154e-07 0
-7.20027e-09 -7.92401e-08 0
-9.3069e-08 -1.12154e-07 0
-5.28488e-08 -6.96533e-08 0
-1.50955e-07 -8.5253e-08 0
-5.28488e-08 -6.96533e-08 0
-1.50955e-07 -8.5253e-08 0
-2.28073e-07 -9.55486e-08 0
-1.37213e-07 -4.94913e-08 0
-2.28073e-07 -9.55486e-08 0
-1.37213e-07 -4.94913e-08 0
-2.46953e-07 -5.48227e-08 0
-1.00162e-07 -1.4681e-08 0
-2.46953e-07 -5.48227e-08 0
-1.00162e-07 -1.4681e-08 0
-9.55536e-08 6.30113e-09 0
-7.23912e-08 -8.66663e-10 0
-9.55536e-08 6.30113e-09 0
-7.23912e-08 -8.66663e-10 0
0 0 0
0 0 0
0 0 0
0 0 0
8.77058e-08 2.88398e-09 0
1.38109e-07 8.42677e-09 0
8.77058e-08 2.88398e-09 0
1.38109e-07 8.42677e-09 0
1.3862e-07 -5.79408e-09 0
1.59581e-07 1.09205e-08 0
1.3862e-07 -5.79408e-09 0
1.59581e-07 1.09205e-08 0
2.03941e-07 -2.5163e-08 0
1.70033e-07 1.09485e-08 0
2.03941e-07 -2.5163e-08 0
1.70033e-07 1.09485e-08 0
2.47334e-07 -5.56021e-08 0
1.72332e-07 5.16827e-09 0
2.47334e-07 -5.56021e-08 0
1.72332e-07 5.16827e-09 0
2.30074e-07 -8.2384e-08 0
1.74232e-07 -8.1774e-11 0
2.30074e-07 -8.2384e-08 0
1.74232e-07 -8.1774e-11 0
1.4816e-07 -5.21725e-08 0
1.80459e-07 -2.14674e-08 0
1.4816e-07 -5.21725e-08 0
1.80459e-07 -2.14674e-08 0
1.42783e-07 -8.3479e-08 0
1.70623e-07 -5.65166e-08 0
1.42783e-07 -8.3479e-08 0
1.70623e-07 -5.65166e-08 0
1.09622e-07 -4.99185e-08 0
1.07882e-07 -1.86965e-08 0
1.09622e-07 -4.99185e-08 0
1.07882e-07 -1.86965e-08 0
8.18905e-08 -7.73472e-08 0
7.84456e-08 -4.83542e-08 0
8.18905e-08 -7.73472e-08 0
7.84456e-08 -4.83542e-08 0
4.43955e-08 -1.03368e-07 0
1.86876e-08 -8.33805e-08 0
4.43955e-08 -1.03368e-07 0
1.86876e-08 -8.33805e-08 0
1.59027e-08 -7.90168e-08 0
-1.08303e-08 -6.58841e-08 0
1.59027e-08 -7.90168e-08 0
-1.08303e-08 -6.58841e-08 0
-9.3069e-08 -1.12154e-07 0
-2.01101e-08 -4.7514e-08 0
-9.3069e-08 -1.12154e-07 0
-2.01101e-08 -4.7514e-08 0
-1.50955e-07 -8.5253e-08 0
-3.39347e-08 -3.97538e-08 0
-1.50955e-07 -8.5253e-08 0
-3.39347e-08 -3.97538e-08 0
-1.37213e-07 -4.94913e-08 0
-5.639e-08 -2.4548e-08 0
-1.37213e-07 -4.94913e-08 0
-5.639e-08 -2.4548e-08 0
-1.00162e-07 -1.4681e-08 0
-8.37761e-08 -1.54629e-08 0
-1.00162e-07 -1.4681e-08 0
-8.37761e-08 -1.54629e-08 0
-7.23912e-08 -8.66663e-10 0
-1.05526e-07 -5.25335e-09 0
-7.23912e-08 -8.66663e-10 0
-1.05526e-07 -5.25335e-09 0
0 0 0
0 0 0
0 0 0
0 0 0
1.38109e-07 8.42677e-09 0
1.69646e-07 1.3854e-08 0
1.38109e-07 8.42677e-09 0
1.69646e-07 1.3854e-08 0
1.59581e-07 1.09205e-08 0
1.92712e-07 2.38342e-08 0
1.59581e-07 1.09205e-08 0
1.92712e-07 2.38342e-08 0
1.70033e-07 1.09485e-08 0
1.97267e-07 3.10005e-08 0
1.70033e-07 1.09485e-08 0
1.97267e-07 3.10005e-08 0
1.72332e-07 5.16827e-09 0
1.87194e-07 3.53101e-08 0
1.72332e-07 5.16827e-09 0
1.87194e-07 3.53101e-08 0
1.74232e-07 -8.1774e-11 0
1.68367e-07 2.72686e-08 0
1.74232e-07 -8.1774e-11 0
1.68367e-07 2.72686e-08 0
1.80459e-07 -2.14674e-08 0
1.45346e-07 2.16253e-08 0
1.80459e-07 -2.14674e-08 0
1.45346e-07 2.16253e-08 0
1.70623e-07 -5.65166e-08 0
1.19264e-07 1.40184e-08 0
1.70623e-07 -5.65166e-08 0
1.19264e-07 1.40184e-08 0
1.07882e-07 -1.86965e-08 0
9.77545e-08 5.23119e-09 0
1.07882e-07 -1.86965e-08 0
9.77545e-08 5.23119e-09 0
7.84456e-08 -4.83542e-08 0
6.56844e-08 -2.14412e-08 0
7.84456e-08 -4.83542e-08 0
6.56844e-08 -2.14412e-08 0
1.86876e-08 -8.33805e-08 0
4.08571e-08 -2.52394e-08 0
1.86876e-08 -8.33805e-08 0
4.08571e-08 -2.52394e-08 0
-1.08303e-08 -6.58841e-08 0
1.06854e-08 -3.10948e-08 0
-1.08303e-08 -6.58841e-08 0
1.06854e-08 -3.10948e-08 0
-2.01101e-08 -4.7514e-08 0
-2.41686e-08 -3.34102e-08 0
-2.01101e-08 -4.7514e-08 0
-2.41686e-08 -3.34102e-08 0
-3.39347e-08 -3.97538e-08 0
-6.08812e-08 -2.60453e-08 0
-3.39347e-08 -3.97538e-08 0
-6.08812e-08 -2.60453e-08 0
-5.639e-08 -2.4548e-08 0
-9.59518e-08 -2.31464e-08 0
-5.639e-08 -2.4548e-08 0
-9.59518e-08 -2.31464e-08 0
-8.37761e-08 -1.54629e-08 0
-1.24421e-07 -1.59898e-08 0
-8.37761e-08 -1.54629e-08 0
-1.24421e-07 -1.59898e-08 0
-1.05526e-07 -5.25335e-09 0
-1.39928e-07 -8.83096e-09 0
-1.05526e-07 -5.25335e-09 0
-1.39928e-07 -8.83096e-09 0
0 0 0
0 0 0
0 0 0
0 0 0
1.69646e-07 1.3854e-08 0
1.66693e-07 1.97936e-08 0
1.69646e-07 1.3854e-08 0
1.66693e-07 1.97936e-08 0
1.92712e-07 2.38342e-08 0
1.82149e-07 3.51987e-08 0
1.92712e-07 2.38342e-08 0
1.82149e-07 3.51987e-08 0
1.97267e-07 3.10005e-08 0
1.77306e-07 4.67302e-08 0
1.97267e-07 3.10005e-08 0
1.77306e-07 4.67302e-08 0
1.87194e-07 3.53101e-08 0
1.59137e-07 5.08957e-08 0
1.87194e-07 3.53101e-08 0
1.59137e-07 5.08957e-08 0
1.68367e-07 2.72686e-08 0
1.32819e-07 5.8315e-08 0
1.68367e-07 2.72686e-08 0
1.32819e-07 5.8315e-08 0
1.45346e-07 2.16253e-08 0
1.01555e-07 5.17495e-08 0
1.45346e-07 2.16253e-08 0
1.01555e-07 5.17495e-08 0
1.19264e-07 1.40184e-08 0
6.83167e-08 3.65441e-08 0
1.19264e-07 1.40184e-08 0
6.83167e-08 3.65441e-08 0
9.77545e-08 5.23119e-09 0
5.41459e-08 1.01878e-08 0
9.77545e-08 5.23119e-09 0
5.41459e-08 1.01878e-08 0
6.56844e-08 -2.14412e-08 0
6.61255e-08 -6.30724e-09 0
6.56844e-08 -2.14412e-08 0
6.61255e-08 -6.30724e-09 0
4.08571e-08 -2.52394e-08 0
3.52811e-08 1.62459e-09 0
4.08571e-08 -2.52394e-08 0
3.52811e-08 1.62459e-09 0
1.06854e-08 -3.10948e-08 0
-4.45305e-09 -4.25203e-09 0
1.06854e-08 -3.10948e-08 0
-4.45305e-09 -4.25203e-09 0
-2.41686e-08 -3.34102e-08 0
-4.3474e-08 -9.33072e-09 0
-2.41686e-08 -3.34102e-08 0
-4.3474e-08 -9.33072e-09 0
-6.08812e-08 -2.60453e-08 0
-8.11615e-08 -1.65216e-08 0
-6.08812e-08 -2.60453e-08 0
-8.11615e-08 -1.65216e-08 0
-9.59518e-08 -2.31464e-08 0
-1.14032e-07 -1.44065e-08 0
-9.59518e-08 -2.31464e-08 0
-1.14032e-07 -1.44065e-08 0
-1.24421e-07 -1.59898e-08 0
-1.36961e-07 -1.16388e-08 0
-1.24421e-07 -1.59898e-08 0
-1.36961e-07 -1.16388e-08 0
-1.39928e-07 -8.83096e-09 0
-1.46475e-07 -7.44524e-09 0
-1.39928e-07 -8.83096e-09 0
-1.46475e-07 -7.44524e-09 0
0 0 0
0 0 0
0 0 0
0 0 0
1.66693e-07 1.97936e-08 0
1.36566e-07 1.97801e-08 0
1.66693e-07 1.97936e-08 0
1.36566e-07 1.97801e-08 0
1.82149e-07 3.51987e-08 0
1.44846e-07 3.93767e-08 0
1.82149e-07 3.51987e-08 0
1.44846e-07 3.93767e-08 0
1.77306e-07 4.67302e-08 0
1.4039e-07 5.31377e-08 0
1.77306e-07 4.67302e-08 0
1.4039e-07 5.31377e-08 0
1.59137e-07 5.08957e-08 0
1.37995e-07 6.92281e-08 0
1.59137e-07 5.08957e-08 0
1.37995e-07 6.92281e-08 0
1.32819e-07 5.8315e-08 0
1.46838e-07 7.46892e-08 0
1.32819e-07 5.8315e-08 0
1.46838e-07 7.46892e-08 0
1.01555e-07 5.17495e-08 0
1.67783e-07 9.86853e-08 0
1.01555e-07 5.17495e-08 0
1.67783e-07 9.86853e-08 0
6.83167e-08 3.65441e-08 0
1.60688e-07 1.34156e-07 0
6.83167e-08 3.65441e-08 0
1.60688e-07 1.34156e-07 0
5.41459e-08 1.01878e-08 0
6.60518e-08 3.56285e-08 0
5.41459e-08 1.01878e-08 0
6.60518e-08 3.56285e-08 0
6.61255e-08 -6.30724e-09 0
4.60983e-08 8.76308e-09 0
6.61255e-08 -6.30724e-09 0
4.60983e-08 8.76308e-09 0
3.52811e-08 1.62459e-09 0
-4.69132e-08 8.54838e-08 0
3.52811e-08 1.62459e-09 0
-4.69132e-08 8.54838e-08 0
-4.45305e-09 -4.25203e-09 0
-5.80287e-08 3.61363e-08 0
-4.45305e-09 -4.25203e-09 0
-5.80287e-08 3.61363e-08 0
-4.3474e-08 -9.33072e-09 0
-5.89689e-08 9.74516e-09 0
-4.3474e-08 -9.33072e-09 0
-5.89689e-08 9.74516e-09 0
-8.11615e-08 -1.65216e-08 0
-7.31077e-08 1.81731e-09 0
-8.11615e-08 -1.65216e-08 0
-7.31077e-08 1.81731e-09 0
-1.14032e-07 -1.44065e-08 0
-9.29272e-08 -5.34693e-09 0
-1.14032e-07 -1.44065e-08 0
-9.29272e-08 -5.34693e-09 0
-1.36961e-07 -1.16388e-08 0
-1.09623e-07 -7.33819e-09 0
-1.36961e-07 -1.16388e-08 0
-1.09623e-07 -7.33819e-09 0
-1.46475e-07 -7.44524e-09 0
-1.20004e-07 -7.39726e-09 0
-1.46475e-07 -7.44524e-09 0
-1.20004e-07 -7.39726e-09 0
0 0 0
0 0 0
0 0 0
0 0 0
1.36566e-07 1.97801e-08 0
1.10846e-07 1.8375e-08 0
1.36566e-07 1.97801e-08 0
1.10846e-07 1.8375e-08 0
1.44846e-07 3.93767e-08 0
1.7824e-07 4.37293e-08 0
1.44846e-07 3.93767e-08 0
1.7824e-07 4.37293e-08 0
1.4039e-07 5.31377e-08 0
2.55949e-07 8.792e-08 0
1.4039e-07 5.31377e-08 0
2.55949e-07 8.792e-08 0
1.37995e-07 6.92281e-08 0
3.05581e-07 1.32912e-07 0
1.37995e-07 6.92281e-08 0
3.05581e-07 1.32912e-07 0
1.46838e-07 7.46892e-08 0
2.55242e-07 1.62661e-07 0
1.46838e-07 7.46892e-08 0
2.55242e-07 1.62661e-07 0
1.67783e-07 9.86853e-08 0
1.1669e-07 9.95549e-08 0
1.67783e-07 9.86853e-08 0
1.1669e-07 9.95549e-08 0
1.60688e-07 1.34156e-07 0
1.01999e-07 1.35119e-07 0
1.60688e-07 1.34156e-07 0
1.01999e-07 1.35119e-07 0
6.60518e-08 3.56285e-08 0
5.60132e-08 7.2452e-08 0
6.60518e-08 3.56285e-08 0
5.60132e-08 7.2452e-08 0
4.60983e-08 8.76308e-09 0
2.67779e-08 4.09512e-08 0
4.60983e-08 8.76308e-09 0
2.67779e-08 4.09512e-08 0
-4.69132e-08 8.54838e-08 0
-2.17868e-08 9.51348e-08 0
-4.69132e-08 8.54838e-08 0
-2.17868e-08 9.51348e-08 0
-5.80287e-08 3.61363e-08 0
-3.04114e-08 4.86149e-08 0
-5.80287e-08 3.61363e-08 0
-3.04114e-08 4.86149e-08 0
-5.89689e-08 9.74516e-09 0
-1.40787e-07 8.60473e-08 0
-5.89689e-08 9.74516e-09 0
-1.40787e-07 8.60473e-08 0
-7.31077e-08 1.81731e-09 0
-1.75241e-07 5.58647e-08 0
-7.31077e-08 1.81731e-09 0
-1.75241e-07 5.58647e-08 0
-9.29272e-08 -5.34693e-09 0
-1.45353e-07 2.05299e-08 0
-9.29272e-08 -5.34693e-09 0
-1.45353e-07 2.05299e-08 0
-1.09623e-07 -7.33819e-09 0
-1.00355e-07 -6.87106e-10 0
-1.09623e-07 -7.33819e-09 0
-1.00355e-07 -6.87106e-10 0
-1.20004e-07 -7.39726e-09 0
-7.78166e-08 -7.94461e-09 0
-1.20004e-07 -7.39726e-09 0
-7.78166e-08 -7.94461e-09 0
0 0 0
0 0 0
0 0 0
0 0 0
1.10846e-07 1.8375e-08 0
1.45591e-07 1.38372e-08 0
1.10846e-07 1.8375e-08 0
1.45591e-07 1.38372e-08 0
1.7824e-07 4.37293e-08 0
3.53318e-07 9.36573e-08 0
1.7824e-07 4.37293e-08 0
3.53318e-07 9.36573e-08 0
2.55949e-07 8.792e-08 0
3.61693e-07 1.46332e-07 0
2.55949e-07 8.792e-08 0
3.61693e-07 1.46332e-07 0
3.05581e-07 1.32912e-07 0
1.68516e-07 1.0834e-07 0
3.05581e-07 1.32912e-07 0
1.68516e-07 1.0834e-07 0
2.55242e-07 1.62661e-07 0
1.30898e-07 1.1337e-07 0
2.55242e-07 1.62661e-07 0
1.30898e-07 1.1337e-07 0
1.1669e-07 9.95549e-08 0
1.55416e-07 2.1168e-07 0
1.1669e-07 9.95549e-08 0
1.55416e-07 2.1168e-07 0
1.01999e-07 1.35119e-07 0
6.7469e-08 1.24613e-07 0
1.01999e-07 1.35119e-07 0
6.7469e-08 1.24613e-07 0
5.60132e-08 7.2452e-08 0
4.28409e-08 1.05408e-07 0
5.60132e-08 7.2452e-08 0
4.28409e-08 1.05408e-07 0
2.67779e-08 4.09512e-08 0
1.24272e-08 7.40808e-08 0
2.67779e-08 4.09512e-08 0
1.24272e-08 7.40808e-08 0
-2.17868e-08 9.51348e-08 0
-7.49796e-09 8.05322e-08 0
-2.17868e-08 9.51348e-08 0
-7.49796e-09 8.05322e-08 0
-3.04114e-08 4.86149e-08 0
-9.34714e-08 1.75628e-07 0
-3.04114e-08 4.86149e-08 0
-9.34714e-08 1.75628e-07 0
-1.40787e-07 8.60473e-08 0
-5.49121e-08 6.15166e-08 0
-1.40787e-07 8.60473e-08 0
-5.49121e-08 6.15166e-08 0
-1.75241e-07 5.58647e-08 0
-7.87002e-08 5.04299e-08 0
-1.75241e-07 5.58647e-08 0
-7.87002e-08 5.04299e-08 0
-1.45353e-07 2.05299e-08 0
-2.1859e-07 8.15738e-08 0
-1.45353e-07 2.05299e-08 0
-2.1859e-07 8.15738e-08 0
-1.00355e-07 -6.87106e-10 0
-1.91419e-07 3.63114e-08 0
-1.00355e-07 -6.87106e-10 0
-1.91419e-07 3.63114e-08 0
-7.78166e-08 -7.94461e-09 0
-6.45759e-08 -8.84671e-09 0
-7.78166e-08 -7.94461e-09 0
-6.45759e-08 -8.84671e-09 0
0 0 0
0 0 0
0 0 0
0 0 0
1.45591e-07 1.38372e-08 0
2.93405e-07 4.02779e-08 0
1.45591e-07 1.38372e-08 0
2.93405e-07 4.02779e-08 0
3.53318e-07 9.36573e-08 0
3.93088e-07 1.39071e-07 0
3.53318e-07 9.36573e-08 0
3.93088e-07 1.39071e-07 0
3.61693e-07 1.46332e-07 0
1.04424e-07 5.90445e-08 0
3.61693e-07 1.46332e-07 0
1.04424e-07 5.90445e-08 0
1.68516e-07 1.0834e-07 0
2.23101e-07 1.87838e-07 0
1.68516e-07 1.0834e-07 0
2.23101e-07 1.87838e-07 0
1.30898e-07 1.1337e-07 0
1.14826e-07 1.31339e-07 0
1.30898e-07 1.1337e-07 0
1.14826e-07 1.31339e-07 0
1.55416e-07 2.1168e-07 0
1.15247e-07 2.38052e-07 0
1.55416e-07 2.1168e-07 0
1.15247e-07 2.38052e-07 0
6.7469e-08 1.24613e-07 0
5.09667e-08 1.28173e-07 0
6.7469e-08 1.24613e-07 0
5.09667e-08 1.28173e-07 0
4.28409e-08 1.05408e-07 0
2.48211e-08 1.34305e-07 0
4.28409e-08 1.05408e-07 0
2.48211e-08 1.34305e-07 0
1.24272e-08 7.40808e-08 0
9.09957e-09 1.04755e-07 0
1.24272e-08 7.40808e-08 0
9.09957e-09 1.04755e-07 0
-7.49796e-09 8.05322e-08 0
-1.10993e-08 7.71243e-08 0
-7.49796e-09 8.05322e-08 0
-1.10993e-08 7.71243e-08 0
-9.34714e-08 1.75628e-07 0
-7.38738e-08 2.25259e-07 0
-9.34714e-08 1.75628e-07 0
-7.38738e-08 2.25259e-07 0
-5.49121e-08 6.15166e-08 0
-5.5663e-08 9.56669e-08 0
-5.49121e-08 6.15166e-08 0
-5.5663e-08 9.56669e-08 0
-7.87002e-08 5.04299e-08 0
-1.35544e-07 1.48758e-07 0
-7.87002e-08 5.04299e-08 0
-1.35544e-07 1.48758e-07 0
-2.1859e-07 8.15738e-08 0
-2.46623e-08 1.89245e-08 0
-2.1859e-07 8.15738e-08 0
-2.46623e-08 1.89245e-08 0
-1.91419e-07 3.63114e-08 0
-2.28007e-07 9.3377e-08 0
-1.91419e-07 3.63114e-08 0
-2.28007e-07 9.3377e-08 0
-6.45759e-08 -8.84671e-09 0
-1.40106e-07 1.20477e-08 0
-6.45759e-08 -8.84671e-09 0
-1.40106e-07 1.20477e-08 0
0 0 0
0 0 0
0 0 0
0 0 0
2.93405e-07 4.02779e-08 0
5.02573e-07 1.40715e-07 0
2.93405e-07 4.02779e-08 0
5.02573e-07 1.40715e-07 0
3.93088e-07 1.39071e-07 0
5.36662e-08 2.01869e-08 0
3.93088e-07 1.39071e-07 0
5.36662e-08 2.01869e-08 0
1.04424e-07 5.90445e-08 0
2.62364e-07 2.02416e-07 0
1.04424e-07 5.90445e-08 0
2.62364e-07 2.02416e-07 0
2.23101e-07 1.87838e-07 0
7.77426e-08 6.40372e-08 0
2.23101e-07 1.87838e-07 0
7.77426e-08 6.40372e-08 0
1.14826e-07 1.31339e-07 0
1.39063e-07 2.72118e-07 0
1.14826e-07 1.31339e-07 0
1.39063e-07 2.72118e-07 0
1.15247e-07 2.38052e-07 0
6.72321e-08 1.94192e-07 0
1.15247e-07 2.38052e-07 0
6.72321e-08 1.94192e-07 0
5.09667e-08 1.28173e-07 0
3.30701e-08 1.36589e-07 0
5.09667e-08 1.28173e-07 0
3.30701e-08 1.36589e-07 0
2.48211e-08 1.34305e-07 0
1.62954e-08 1.55431e-07 0
2.48211e-08 1.34305e-07 0
1.62954e-08 1.55431e-07 0
9.09957e-09 1.04755e-07 0
1.23738e-09 1.29785e-07 0
9.09957e-09 1.04755e-07 0
1.23738e-09 1.29785e-07 0
-1.10993e-08 7.71243e-08 0
-6.31033e-09 8.54254e-08 0
-1.10993e-08 7.71243e-08 0
-6.31033e-09 8.54254e-08 0
-7.38738e-08 2.25259e-07 0
-4.10714e-08 1.84196e-07 0
-7.38738e-08 2.25259e-07 0
-4.10714e-08 1.84196e-07 0
-5.5663e-08 9.56669e-08 0
-9.84888e-08 2.77925e-07 0
-5.5663e-08 9.56669e-08 0
-9.84888e-08 2.77925e-07 0
-1.35544e-07 1.48758e-07 0
-1.96857e-08 3.5548e-08 0
-1.35544e-07 1.48758e-07 0
-1.96857e-08 3.5548e-08 0
-2.46623e-08 1.89245e-08 0
-1.59646e-07 1.90622e-07 0
-2.46623e-08 1.89245e-08 0
-1.59646e-07 1.90622e-07 0
-2.28007e-07 9.3377e-08 0
1.77338e-08 2.19019e-09 0
-2.28007e-07 9.3377e-08 0
1.77338e-08 2.19019e-09 0
-1.40106e-07 1.20477e-08 0
-2.88527e-07 1.05232e-07 0
-1.40106e-07 1.20477e-08 0
-2.88527e-07 1.05232e-07 0
0 0 0
0 0 0
0 0 0
0 0 0
5.02573e-07 1.40715e-07 0
3.79669e-07 2.31264e-07 0
5.02573e-07 1.40715e-07 0
3.79669e-07 2.31264e-07 0
5.36662e-08 2.01869e-08 0
1.59454e-07 1.02606e-07 0
5.36662e-08 2.01869e-08 0
1.59454e-07 1.02606e-07 0
2.62364e-07 2.02416e-07 0
5.27372e-08 1.20357e-08 0
2.62364e-07 2.02416e-07 0
5.27372e-08 1.20357e-08 0
7.77426e-08 6.40372e-08 0
1.43756e-07 2.71553e-07 0
7.77426e-08 6.40372e-08 0
1.43756e-07 2.71553e-07 0
1.39063e-07 2.72118e-07 0
7.74202e-08 2.31748e-07 0
1.39063e-07 2.72118e-07 0
7.74202e-08 2.31748e-07 0
6.72321e-08 1.94192e-07 0
3.24294e-08 1.33881e-07 0
6.72321e-08 1.94192e-07 0
3.24294e-08 1.33881e-07 0
3.30701e-08 1.36589e-07 0
1.9222e-08 1.40258e-07 0
3.30701e-08 1.36589e-07 0
1.9222e-08 1.40258e-07 0
1.62954e-08 1.55431e-07 0
8.90657e-09 1.64027e-07 0
1.62954e-08 1.55431e-07 0
8.90657e-09 1.64027e-07 0
1.23738e-09 1.29785e-07 0
-1.26342e-09 1.4462e-07 0
1.23738e-09 1.29785e-07 0
-1.26342e-09 1.4462e-07 0
-6.31033e-09 8.54254e-08 0
-5.46058e-09 9.78686e-08 0
-6.31033e-09 8.54254e-08 0
-5.46058e-09 9.78686e-08 0
-4.10714e-08 1.84196e-07 0
-1.03329e-08 1.1854e-07 0
-4.10714e-08 1.84196e-07 0
-1.03329e-08 1.1854e-07 0
-9.84888e-08 2.77925e-07 0
-5.88904e-08 2.76882e-07 0
-9.84888e-08 2.77925e-07 0
-5.88904e-08 2.76882e-07 0
-1.96857e-08 3.5548e-08 0
-1.02873e-07 3.10684e-07 0
-1.96857e-08 3.5548e-08 0
-1.02873e-07 3.10684e-07 0
-1.59646e-07 1.90622e-07 0
8.54727e-09 -9.11065e-09 0
-1.59646e-07 1.90622e-07 0
8.54727e-09 -9.11065e-09 0
1.77338e-08 2.19019e-09 0
-7.57726e-08 1.05886e-07 0
1.77338e-08 2.19019e-09 0
-7.57726e-08 1.05886e-07 0
-2.88527e-07 1.05232e-07 0
-2.26974e-07 2.09647e-07 0
-2.88527e-07 1.05232e-07 0
-2.26974e-07 2.09647e-07 0
0 0 0
0 0 0
0 0 0
0 0 0
3.79669e-07 2.31264e-07 0
-4.02806e-08 -9.61109e-08 0
3.79669e-07 2.31264e-07 0
-4.02806e-08 -9.61109e-08 0
1.59454e-07 1.02606e-07 0
2.5789e-07 2.64232e-07 0
1.59454e-07 1.02606e-07 0
2.5789e-07 2.64232e-07 0
5.27372e-08 1.20357e-08 0
1.40505e-07 3.25095e-07 0
5.27372e-08 1.20357e-08 0
1.40505e-07 3.25095e-07 0
1.43756e-07 2.71553e-07 0
3.80996e-08 1.66039e-07 0
1.43756e-07 2.71553e-07 0
3.80996e-08 1.66039e-07 0
7.74202e-08 2.31748e-07 0
1.27509e-08 8.56941e-08 0
7.74202e-08 2.31748e-07 0
1.27509e-08 8.56941e-08 0
3.24294e-08 1.33881e-07 0
9.96781e-09 9.64234e-08 0
3.24294e-08 1.33881e-07 0
9.96781e-09 9.64234e-08 0
1.9222e-08 1.40258e-07 0
6.86334e-09 1.34646e-07 0
1.9222e-08 1.40258e-07 0
6.86334e-09 1.34646e-07 0
8.90657e-09 1.64027e-07 0
3.13797e-09 1.54735e-07 0
8.90657e-09 1.64027e-07 0
3.13797e-09 1.54735e-07 0
-1.26342e-09 1.4462e-07 0
-1.62084e-09 1.40559e-07 0
-1.26342e-09 1.4462e-07 0
-1.62084e-09 1.40559e-07 0
-5.46058e-09 9.78686e-08 0
-1.17077e-09 1.00059e-07 0
-5.46058e-09 9.78686e-08 0
-1.17077e-09 1.00059e-07 0
-1.03329e-08 1.1854e-07 0
2.38305e-10 6.56394e-08 0
-1.03329e-08 1.1854e-07 0
2.38305e-10 6.56394e-08 0
-5.88904e-08 2.76882e-07 0
4.17125e-09 9.28593e-08 0
-5.88904e-08 2.76882e-07 0
4.17125e-09 9.28593e-08 0
-1.02873e-07 3.10684e-07 0
-2.17747e-08 2.31073e-07 0
-1.02873e-07 3.10684e-07 0
-2.17747e-08 2.31073e-07 0
8.54727e-09 -9.11065e-09 0
-1.16307e-07 4.26311e-07 0
8.54727e-09 -9.11065e-09 0
-1.16307e-07 4.26311e-07 0
-7.57726e-08 1.05886e-07 0
-1.97465e-07 3.08546e-07 0
-7.57726e-08 1.05886e-07 0
-1.97465e-07 3.08546e-07 0
-2.26974e-07 2.09647e-07 0
9.7213e-08 -6.04071e-08 0
-2.26974e-07 2.09647e-07 0
9.7213e-08 -6.04071e-08 0
0 0 0
0 0 0
0 0 0
0 0 0
-4.02806e-08 -9.61109e-08 0
0 0 0
-4.02806e-08 -9.61109e-08 0
0 0 0
2.5789e-07 2.64232e-07 0
0 0 0
2.5789e-07 2.64232e-07 0
0 0 0
1.40505e-07 3.25095e-07 0
0 0 0
1.40505e-07 3.25095e-07 0
0 0 0
3.80996e-08 1.66039e-07 0
0 0 0
3.80996e-08 1.66039e-07 0
0 0 0
1.27509e-08 8.56941e-08 0
0 0 0
1.27509e-08 8.56941e-08 0
0 0 0
9.96781e-09 9.64234e-08 0
0 0 0
9.96781e-09 9.64234e-08 0
0 0 0
6.86334e-09 1.34646e-07 0
0 0 0
6.86334e-09 1.34646e-07 0
0 0 0
3.13797e-09 1.54735e-07 0
0 0 0
3.13797e-09 1.54735e-07 0
0 0 0
-1.62084e-09 1.40559e-07 0
0 0 0
-1.62084e-09 1.40559e-07 0
0 0 0
-1.17077e-09 1.00059e-07 0
0 0 0
-1.17077e-09 1.00059e-07 0
0 0 0
2.38305e-10 6.56394e-08 0
0 0 0
2.38305e-10 6.56394e-08 0
0 0 0
4.17125e-09 9.28593e-08 0
0 0 0
4.17125e-09 9.28593e-08 0
0 0 0
-2.17747e-08 2.31073e-07 0
0 0 0
-2.17747e-08 2.31073e-07 0
0 0 0
-1.16307e-07 4.26311e-07 0
0 0 0
-1.16307e-07 4.26311e-07 0
0 0 0
-1.97465e-07 3.08546e-07 0
0 0 0
-1.97465e-07 3.08546e-07 0
0 0 0
9.7213e-08 -6.04071e-08 0
0 0 0
9.7213e-08 -6.04071e-08 0
0 0 0
0 0 0
0 0 0
SCALARS pressure double 1
LOOKUP_TABLE default
9.27517e-07 -1.08516e-07 0.183749 0.180621 0.183749 0.180621 0.361241 0.35509 0.361241 0.35509 0.526431 0.517468 0.526431 0.517468 0.673695 0.662224 0.673695 0.662224 0.798016 0.784428 0.798016 0.784428 0.895162 0.87992 0.895162 0.87992 0.961824 0.945447 0.961824 0.945447 0.995733 0.978779 0.995733 0.978779 0.995733 0.978779 0.995733 0.978779 0.961824 0.945447 0.961824 0.945447 0.895162 0.87992 0.895162 0.87992 0.798016 0.784428 0.798016 0.784428 0.673695 0.662224 0.673695 0.662224 0.526431 0.517468 0.526431 0.517468 0.361241 0.35509 0.361241 0.35509 0.183749 0.180621 0.183749 0.180621 7.49348e-07 -9.28896e-08 -1.08516e-07 -6.26827e-08 0.180621 0.171341 0.180621 0.171341 0.35509 0.336847 0.35509 0.336847 0.517468 0.490883 0.517468 0.490883 0.662224 0.628202 0.662224 0.628202 0.784428 0.744128 0.784428 0.744128 0.87992 0.834714 0.87992 0.834714 0.945447 0.896874 0.945447 0.896874 0.978779 0.928493 0.978779 0.928493 0.978779 0.928493 0.978779 0.928493 0.945447 0.896874 0.945447 0.896874 0.87992 0.834714 0.87992 0.834714 0.784428 0.744128 0.784428 0.744128 0.662224 0.628202 0.662224 0.628202 0.517468 0.490883 0.517468 0.490883 0.35509 0.336847 0.35509 0.336847 0.180621 0.171341 0.180621 0.171341 -9.28896e-08 -5.65848e-08 -6.26827e-08 -7.82191e-08 0.171341 0.156227 0.171341 0.156227 0.336847 0.307133 0.336847 0.307133 0.490883 0.447581 0.490883 0.447581 0.628202 0.572787 0.628202 0.572787 0.744128 0.678487 0.744128 0.678487 0.834714 0.761082 0.834714 0.761082 0.896874 0.81776 0.896874 0.81776 0.928493 0.846589 0.928493 0.846589 0.928493 0.846589 0.928493 0.846589 0.896874 0.81776 0.896874 0.81776 0.834714 0.761082 0.834714 0.761082 0.744128 0.678487 0.744128 0.678487 0.628202 0.572787 0.628202 0.572787 0.490883 0.447581 0.490883 0.447581 0.336847 0.307133 0.336847 0.307133 0.171341 0.156227 0.171341 0.156227 -5.65848e-08 -6.73718e-08 -7.82191e-08 -5.15156e-08 0.156227 0.135792 0.156227 0.135792 0.307133 0.26696 0.307133 0.26696 0.447581 0.389038 0.447581 0.389038 0.572787 0.497866 0.572787 0.497866 0.678487 0.589741 0.678487 0.589741 0.761082 0.661533 0.761082 0.661533 0.81776 0.710797 0.81776 0.710797 0.846589 0.735855 0.846589 0.735855 0.846589 0.735855 0.846589 0.735855 0.81776 0.710797 0.81776 0.710797 0.761082 0.661533 0.761082 0.661533 0.678487 0.589741 0.678487 0.589741 0.572787 0.497866 0.572787 0.497866 0.447581 0.389038 0.447581 0.389038 0.307133 0.26696 0.307133 0.26696 0.156227 0.135792 0.156227 0.135792 -6.73718e-08 -4.38162e-08 -5.15156e-08 -3.50474e-08 0.135792 0.110734 0.135792 0.110734 0.26696 0.217696 0.26696 0.217696 0.389038 0.317246 0.389038 0.317246 0.497866 0.405992 0.497866 0.405992 0.589741 0.480912 0.589741 0.480912 0.661533 0.539456 0.661533 0.539456 0.710797 0.579629 0.710797 0.579629 0.735855 0.600063 0.735855 0.600063 0.735855 0.600063 0.735855 0.600063 0.710797 0.579629 0.710797 0.579629 0.661533 0.539456 0.661533 0.539456 0.589741 0.480912 0.589741 0.480912 0.497866 0.405992 0.497866 0.405992 0.389038 0.317246 0.389038 0.317246 0.26696 0.217696 0.26696 0.217696 0.135792 0.110734 0.135792 0.110734 -4.38162e-08 -2.95372e-08 -3.50474e-08 -2.32167e-08 0.110734 0.0819041 0.110734 0.0819041 0.217696 0.161019 0.217696 0.161019 0.317246 0.234651 0.317246 0.234651 0.405992 0.300292 0.405992 0.300292 0.480912 0.355706 0.480912 0.355706 0.539456 0.399008 0.539456 0.399008 0.579629 0.428722 0.579629 0.428722 0.600063 0.443836 0.600063 0.443836 0.600063 0.443836 0.600063 0.443836 0.579629 0.428722 0.579629 0.428722 0.539456 0.399008 0.539456 0.399008 0.480912 0.355706 0.480912 0.355706 0.405992 0.300292 0.405992 0.300292 0.317246 0.234651 0.317246 0.234651 0.217696 0.161019 0.217696 0.161019 0.110734 0.0819041 0.110734 0.0819041 -2.95372e-08 -1.94204e-08 -2.32167e-08 -1.28236e-08 0.0819041 0.0502854 0.0819041 0.0502854 0.161019 0.0988583 0.161019 0.0988583 0.234651 0.144065 0.234651 0.144065 0.300292 0.184365 0.300292 0.184365 0.355706 0.218387 0.355706 0.218387 0.399008 0.244973 0.399008 0.244973 0.428722 0.263216 0.428722 0.263216 0.443836 0.272495 0.443836 0.272495 0.443836 0.272495 0.443836 0.272495 0.428722 0.263216 0.428722 0.263216 0.399008 0.244973 0.399008 0.244973 0.355706 0.218387 0.355706 0.218387 0.300292 0.184365 0.300292 0.184365 0.234651 0.144065 0.234651 0.144065 0.161019 0.0988583 0.161019 0.0988583 0.0819041 0.0502854 0.0819041 0.0502854 -1.94204e-08 -1.0253e-08 -1.28236e-08 -3.17136e-09 0.0502854 0.0169542 0.0502854 0.0169542 0.0988583 0.0333311 0.0988583 0.0333311 0.144065 0.048573 0.144065 0.048573 0.184365 0.0621607 0.184365 0.0621607 0.218387 0.0736316 0.218387 0.0736316 0.244973 0.0825951 0.244973 0.0825951 0.263216 0.088746 0.263216 0.088746 0.272495 0.0918746 0.272495 0.0918746 0.272495 0.0918746 0.272495 0.0918746 0.263216 0.088746 0.263216 0.088746 0.244973 0.0825951 0.244973 0.0825951 0.218387 0.0736316 0.218387 0.0736316 0.184365 0.0621607 0.184365 0.0621607 0.144065 0.048573 0.144065 0.048573 0.0988583 0.0333311 0.0988583 0.0333311 0.0502854 0.0169542 0.0502854 0.0169542 -1.0253e-08 -1.66703e-09 -3.17136e-09 5.63692e-09 0.0169542 -0.0169542 0.0169542 -0.0169542 0.0333311 -0.0333311 0.0333311 -0.0333311 0.048573 -0.048573 0.048573 -0.048573 0.0621607 -0.0621607 0.0621607 -0.0621607 0.0736316 -0.0736316 0.0736316 -0.0736316 0.0825951 -0.0825951 0.0825951 -0.0825951 0.088746 -0.0887459 0.088746 -0.0887459 0.0918746 -0.0918746 0.0918746 -0.0918746 0.0918746 -0.0918746 0.0918746 -0.0918746 0.088746 -0.0887459 0.088746 -0.0887459 0.0825951 -0.0825951 0.0825951 -0.0825951 0.0736316 -0.0736316 0.0736316 -0.0736316 0.0621607 -0.0621607 0.0621607 -0.0621607 0.048573 -0.048573 0.048573 -0.048573 0.0333311 -0.0333311 0.0333311 -0.0333311 0.0169542 -0.0169542 0.0169542 -0.0169542 -1.66703e-09 6.34376e-09 5.63692e-09 1.35299e-08 -0.0169542 -0.0502854 -0.0169542 -0.0502854 -0.0333311 -0.0988583 -0.0333311 -0.0988583 -0.048573 -0.144065 -0.048573 -0.144065 -0.0621607 -0.184365 -0.0621607 -0.184365 -0.0736316 -0.218387 -0.0736316 -0.218387 -0.0825951 -0.244973 -0.0825951 -0.244973 -0.0887459 -0.263216 -0.0887459 -0.263216 -0.0918746 -0.272495 -0.0918746 -0.272495 -0.0918746 -0.272495 -0.0918746 -0.272495 -0.0887459 -0.263216 -0.0887459 -0.263216 -0.0825951 -0.244973 -0.0825951 -0.244973 -0.0736316 -0.218387 -0.0736316 -0.218387 -0.0621607 -0.184365 -0.0621607 -0.184365 -0.048573 -0.144065 -0.048573 -0.144065 -0.0333311 -0.0988583 -0.0333311 -0.0988583 -0.0169542 -0.0502854 -0.0169542 -0.0502854 6.34376e-09 1.33329e-08 1.35299e-08 1.99116e-08 -0.0502854 -0.0819041 -0.0502854 -0.0819041 -0.0988583 -0.161019 -0.0988583 -0.161019 -0.144065 -0.234651 -0.144065 -0.234651 -0.184365 -0.300292 -0.184365 -0.300292 -0.218387 -0.355706 -0.218387 -0.355706 -0.244973 -0.399008 -0.244973 -0.399008 -0.263216 -0.428722 -0.263216 -0.428722 -0.272495 -0.443836 -0.272495 -0.443836 -0.272495 -0.443836 -0.272495 -0.443836 -0.263216 -0.428722 -0.263216 -0.428722 -0.244973 -0.399008 -0.244973 -0.399008 -0.218387 -0.355706 -0.218387 -0.355706 -0.184365 -0.300292 -0.184365 -0.300292 -0.144065 -0.234651 -0.144065 -0.234651 -0.0988583 -0.161019 -0.0988583 -0.161019 -0.0502854 -0.0819041 -0.0502854 -0.0819041 1.33329e-08 1.88926e-08 1.99116e-08 2.38906e-08 -0.0819041 -0.110734 -0.0819041 -0.110734 -0.161019 -0.217696 -0.161019 -0.217696 -0.234651 -0.317246 -0.234651 -0.317246 -0.300292 -0.405992 -0.300292 -0.405992 -0.355706 -0.480912 -0.355706 -0.480912 -0.399008 -0.539456 -0.399008 -0.539456 -0.428722 -0.579629 -0.428722 -0.579629 -0.443836 -0.600063 -0.443836 -0.600063 -0.443836 -0.600063 -0.443836 -0.600063 -0.428722 -0.579629 -0.428722 -0.579629 -0.399008 -0.539456 -0.399008 -0.539456 -0.355706 -0.480912 -0.355706 -0.480912 -0.300292 -0.405992 -0.300292 -0.405992 -0.234651 -0.317246 -0.234651 -0.317246 -0.161019 -0.217696 -0.161019 -0.217696 -0.0819041 -0.110734 -0.0819041 -0.110734 1.88926e-08 2.18801e-08 2.38906e-08 2.1412e-08 -0.110734 -0.135792 -0.110734 -0.135792 -0.217696 -0.26696 -0.217696 -0.26696 -0.317246 -0.389038 -0.317246 -0.389038 -0.405992 -0.497866 -0.405992 -0.497866 -0.480912 -0.589741 -0.480912 -0.589741 -0.539456 -0.661533 -0.539456 -0.661533 -0.579629 -0.710797 -0.579629 -0.710797 -0.600063 -0.735855 -0.600063 -0.735855 -0.600063 -0.735855 -0.600063 -0.735855 -0.579629 -0.710797 -0.579629 -0.710797 -0.539456 -0.661533 -0.539456 -0.661533 -0.480912 -0.589741 -0.480912 -0.589741 -0.405992 -0.497866 -0.405992 -0.497866 -0.317246 -0.389038 -0.317246 -0.389038 -0.217696 -0.26696 -0.217696 -0.26696 -0.110734 -0.135792 -0.110734 -0.135792 2.18801e-08 1.85231e-08 2.1412e-08 7.801e-09 -0.135792 -0.156227 -0.135792 -0.156227 -0.26696 -0.307133 -0.26696 -0.307133 -0.389038 -0.447581 -0.389038 -0.447581 -0.497866 -0.572787 -0.497866 -0.572787 -0.589741 -0.678487 -0.589741 -0.678487 -0.661533 -0.761082 -0.661533 -0.761082 -0.710797 -0.81776 -0.710797 -0.81776 -0.735855 -0.846589 -0.735855 -0.846589 -0.735855 -0.846589 -0.735855 -0.846589 -0.710797 -0.81776 -0.710797 -0.81776 -0.661533 -0.761082 -0.661533 -0.761082 -0.589741 -0.678487 -0.589741 -0.678487 -0.497866 -0.572787 -0.497866 -0.572787 -0.389038 -0.447581 -0.389038 -0.447581 -0.26696 -0.307133 -0.26696 -0.307133 -0.135792 -0.156227 -0.135792 -0.156227 1.85231e-08 4.68498e-09 7.801e-09 1.93945e-08 -0.156227 -0.171341 -0.156227 -0.171341 -0.307133 -0.336847 -0.307133 -0.336847 -0.447581 -0.490883 -0.447581 -0.490883 -0.572787 -0.628202 -0.572787 -0.628202 -0.678487 -0.744128 -0.678487 -0.744128 -0.761082 -0.834714 -0.761082 -0.834714 -0.81776 -0.896874 -0.81776 -0.896874 -0.846589 -0.928493 -0.846589 -0.928493 -0.846589 -0.928493 -0.846589 -0.928493 -0.81776 -0.896874 -0.81776 -0.896874 -0.761082 -0.834714 -0.761082 -0.834714 -0.678487 -0.744128 -0.678487 -0.744128 -0.572787 -0.628202 -0.572787 -0.628202 -0.447581 -0.490883 -0.447581 -0.490883 -0.307133 -0.336847 -0.307133 -0.336847 -0.156227 -0.171341 -0.156227 -0.171341 4.68498e-09 1.23006e-08 1.93945e-08 3.58328e-08 -0.171341 -0.180621 -0.171341 -0.180621 -0.336847 -0.35509 -0.336847 -0.35509 -0.490883 -0.517468 -0.490883 -0.517468 -0.628202 -0.662224 -0.628202 -0.662224 -0.744128 -0.784428 -0.744128 -0.784428 -0.834714 -0.87992 -0.834714 -0.87992 -0.896874 -0.945447 -0.896874 -0.945447 -0.928493 -0.978779 -0.928493 -0.978779 -0.928493 -0.978779 -0.928493 -0.978779 -0.896874 -0.945447 -0.896874 -0.945447 -0.834714 -0.87992 -0.834714 -0.87992 -0.744128 -0.784428 -0.744128 -0.784428 -0.628202 -0.662224 -0.628202 -0.662224 -0.490883 -0.517468 -0.490883 -0.517468 -0.336847 -0.35509 -0.336847 -0.35509 -0.171341 -0.180621 -0.171341 -0.180621 1.23006e-08 4.73394e-08 3.58328e-08 5.02082e-07 -0.180621 -0.183749 -0.180621 -0.183749 -0.35509 -0.361241 -0.35509 -0.361241 -0.517468 -0.526431 -0.517468 -0.526431 -0.662224 -0.673695 -0.662224 -0.673695 -0.784428 -0.798016 -0.784428 -0.798016 -0.87992 -0.895162 -0.87992 -0.895162 -0.945447 -0.961824 -0.945447 -0.961824 -0.978779 -0.995733 -0.978779 -0.995733 -0.978779 -0.995733 -0.978779 -0.995733 -0.945447 -0.961824 -0.945447 -0.961824 -0.87992 -0.895162 -0.87992 -0.895162 -0.784428 -0.798016 -0.784428 -0.798016 -0.662224 -0.673695 -0.662224 -0.673695 -0.517468 -0.526431 -0.517468 -0.526431 -0.35509 -0.361241 -0.35509 -0.361241 -0.180621 -0.183749 -0.180621 -0.183749 4.73394e-08 3.23913e-07 
SCALARS pressure_error double 1
LOOKUP_TABLE default
-9.2642e-07 1.09613e-07 3.12607e-07 2.36556e-07 3.12607e-07 2.36556e-07 5.16758e-07 5.21851e-07 5.16758e-07 5.21851e-07 7.63975e-07 7.13919e-07 7.63975e-07 7.13919e-07 9.48681e-07 9.13514e-07 9.48681e-07 9.13514e-07 1.1126e-06 1.08771e-06 1.1126e-06 1.08771e-06 1.24413e-06 1.22175e-06 1.24413e-06 1.22175e-06 1.3351e-06 1.31282e-06 1.3351e-06 1.31282e-06 1.38167e-06 1.35896e-06 1.38167e-06 1.35896e-06 1.38195e-06 1.35932e-06 1.38195e-06 1.35932e-06 1.33611e-06 1.31403e-06 1.33611e-06 1.31403e-06 1.24592e-06 1.22435e-06 1.24592e-06 1.22435e-06 1.11544e-06 1.09226e-06 1.11544e-06 1.09226e-06 9.52602e-07 9.20268e-07 9.52602e-07 9.20268e-07 7.6843e-07 7.20038e-07 7.6843e-07 7.20038e-07 5.25132e-07 5.22364e-07 5.25132e-07 5.22364e-07 3.0213e-07 2.411e-07 3.0213e-07 2.411e-07 -7.48251e-07 9.39872e-08 1.09613e-07 6.37802e-08 2.36556e-07 2.62578e-07 2.36556e-07 2.62578e-07 5.21851e-07 4.37452e-07 5.21851e-07 4.37452e-07 7.13919e-07 6.84706e-07 7.13919e-07 6.84706e-07 9.13514e-07 8.76649e-07 9.13514e-07 8.76649e-07 1.08771e-06 1.02668e-06 1.08771e-06 1.02668e-06 1.22175e-06 1.15468e-06 1.22175e-06 1.15468e-06 1.31282e-06 1.2444e-06 1.31282e-06 1.2444e-06 1.35896e-06 1.28925e-06 1.35896e-06 1.28925e-06 1.35932e-06 1.28969e-06 1.35932e-06 1.28969e-06 1.31403e-06 1.24591e-06 1.31403e-06 1.24591e-06 1.22435e-06 1.15841e-06 1.22435e-06 1.15841e-06 1.09226e-06 1.03123e-06 1.09226e-06 1.03123e-06 9.20268e-07 8.78564e-07 9.20268e-07 8.78564e-07 7.20038e-07 6.86403e-07 7.20038e-07 6.86403e-07 5.22364e-07 4.40137e-07 5.22364e-07 4.40137e-07 2.411e-07 2.60221e-07 2.411e-07 2.60221e-07 9.39872e-08 5.76823e-08 6.37802e-08 7.93167e-08 2.62578e-07 2.14366e-07 2.62578e-07 2.14366e-07 4.37452e-07 4.32403e-07 4.37452e-07 4.32403e-07 6.84706e-07 6.13659e-07 6.84706e-07 6.13659e-07 8.76649e-07 7.94843e-07 8.76649e-07 7.94843e-07 1.02668e-06 9.4201e-07 1.02668e-06 9.4201e-07 1.15468e-06 1.04943e-06 1.15468e-06 1.04943e-06 1.2444e-06 1.13245e-06 1.2444e-06 1.13245e-06 1.28925e-06 1.17532e-06 1.28925e-06 1.17532e-06 1.28969e-06 1.17543e-06 1.28969e-06 1.17543e-06 1.24591e-06 1.1345e-06 1.24591e-06 1.1345e-06 1.15841e-06 1.05285e-06 1.15841e-06 1.05285e-06 1.03123e-06 9.43384e-07 1.03123e-06 9.43384e-07 8.78564e-07 7.95787e-07 8.78564e-07 7.95787e-07 6.86403e-07 6.14239e-07 6.86403e-07 6.14239e-07 4.40137e-07 4.30437e-07 4.40137e-07 4.30437e-07 2.60221e-07 2.08541e-07 2.60221e-07 2.08541e-07 5.76823e-08 6.84694e-08 7.93167e-08 5.26132e-08 2.14366e-07 1.86597e-07 2.14366e-07 1.86597e-07 4.32403e-07 3.78563e-07 4.32403e-07 3.78563e-07 6.13659e-07 5.41132e-07 6.13659e-07 5.41132e-07 7.94843e-07 6.84354e-07 7.94843e-07 6.84354e-07 9.4201e-07 8.20975e-07 9.4201e-07 8.20975e-07 1.04943e-06 9.12406e-07 1.04943e-06 9.12406e-07 1.13245e-06 9.82127e-07 1.13245e-06 9.82127e-07 1.17532e-06 1.02067e-06 1.17532e-06 1.02067e-06 1.17543e-06 1.02113e-06 1.17543e-06 1.02113e-06 1.1345e-06 9.83916e-07 1.1345e-06 9.83916e-07 1.05285e-06 9.14543e-07 1.05285e-06 9.14543e-07 9.43384e-07 8.20466e-07 9.43384e-07 8.20466e-07 7.95787e-07 6.84406e-07 7.95787e-07 6.84406e-07 6.14239e-07 5.39567e-07 6.14239e-07 5.39567e-07 4.30437e-07 3.75546e-07 4.30437e-07 3.75546e-07 2.08541e-07 1.78693e-07 2.08541e-07 1.78693e-07 6.84694e-08 4.49137e-08 5.26132e-08 3.61449e-08 1.86597e-07 1.55256e-07 1.86597e-07 1.55256e-07 3.78563e-07 3.01747e-07 3.78563e-07 3.01747e-07 5.41132e-07 4.4277e-07 5.41132e-07 4.4277e-07 6.84354e-07 5.66341e-07 6.84354e-07 5.66341e-07 8.20975e-07 6.61287e-07 8.20975e-07 6.61287e-07 9.12406e-07 7.47969e-07 9.12406e-07 7.47969e-07 9.82127e-07 7.98375e-07 9.82127e-07 7.98375e-07 1.02067e-06 8.31537e-07 1.02067e-06 8.31537e-07 1.02113e-06 8.31742e-07 1.02113e-06 8.31742e-07 9.83916e-07 8.00242e-07 9.83916e-07 8.00242e-07 9.14543e-07 7.47748e-07 9.14543e-07 7.47748e-07 8.20466e-07 6.61149e-07 8.20466e-07 6.61149e-07 6.84406e-07 5.65182e-07 6.84406e-07 5.65182e-07 5.39567e-07 4.40164e-07 5.39567e-07 4.40164e-07 3.75546e-07 2.96479e-07 3.75546e-07 2.96479e-07 1.78693e-07 1.48742e-07 1.78693e-07 1.48742e-07 4.49137e-08 3.06347e-08 3.61449e-08 2.43142e-08 1.55256e-07 1.15524e-07 1.55256e-07 1.15524e-07 3.01747e-07 2.2462e-07 3.01747e-07 2.2462e-07 4.4277e-07 3.22732e-07 4.4277e-07 3.22732e-07 5.66341e-07 4.13692e-07 5.66341e-07 4.13692e-07 6.61287e-07 4.93563e-07 6.61287e-07 4.93563e-07 7.47969e-07 5.53294e-07 7.47969e-07 5.53294e-07 7.98375e-07 5.88799e-07 7.98375e-07 5.88799e-07 8.31537e-07 6.13996e-07 8.31537e-07 6.13996e-07 8.31742e-07 6.1407e-07 8.31742e-07 6.1407e-07 8.00242e-07 5.90076e-07 8.00242e-07 5.90076e-07 7.47748e-07 5.52468e-07 7.47748e-07 5.52468e-07 6.61149e-07 4.92214e-07 6.61149e-07 4.92214e-07 5.65182e-07 4.10886e-07 5.65182e-07 4.10886e-07 4.40164e-07 3.18707e-07 4.40164e-07 3.18707e-07 2.96479e-07 2.19648e-07 2.96479e-07 2.19648e-07 1.48742e-07 1.10943e-07 1.48742e-07 1.10943e-07 3.06347e-08 2.0518e-08 2.43142e-08 1.39211e-08 1.15524e-07 7.10256e-08 1.15524e-07 7.10256e-08 2.2462e-07 1.39443e-07 2.2462e-07 1.39443e-07 3.22732e-07 2.00268e-07 3.22732e-07 2.00268e-07 4.13692e-07 2.53922e-07 4.13692e-07 2.53922e-07 4.93563e-07 2.993e-07 4.93563e-07 2.993e-07 5.53294e-07 3.35275e-07 5.53294e-07 3.35275e-07 5.88799e-07 3.62146e-07 5.88799e-07 3.62146e-07 6.13996e-07 3.7559e-07 6.13996e-07 3.7559e-07 6.1407e-07 3.75578e-07 6.1407e-07 3.75578e-07 5.90076e-07 3.61692e-07 5.90076e-07 3.61692e-07 5.52468e-07 3.33891e-07 5.52468e-07 3.33891e-07 4.92214e-07 2.96995e-07 4.92214e-07 2.96995e-07 4.10886e-07 2.51235e-07 4.10886e-07 2.51235e-07 3.18707e-07 1.96948e-07 3.18707e-07 1.96948e-07 2.19648e-07 1.36379e-07 2.19648e-07 1.36379e-07 1.10943e-07 6.80687e-08 1.10943e-07 6.80687e-08 2.0518e-08 1.13505e-08 1.39211e-08 4.26889e-09 7.10256e-08 2.44511e-08 7.10256e-08 2.44511e-08 1.39443e-07 4.80723e-08 1.39443e-07 4.80723e-08 2.00268e-07 6.86509e-08 2.00268e-07 6.86509e-08 2.53922e-07 8.69958e-08 2.53922e-07 8.69958e-08 2.993e-07 1.0201e-07 2.993e-07 1.0201e-07 3.35275e-07 1.13588e-07 3.35275e-07 1.13588e-07 3.62146e-07 1.21293e-07 3.62146e-07 1.21293e-07 3.7559e-07 1.24789e-07 3.7559e-07 1.24789e-07 3.75578e-07 1.25044e-07 3.75578e-07 1.25044e-07 3.61692e-07 1.20339e-07 3.61692e-07 1.20339e-07 3.33891e-07 1.12259e-07 3.33891e-07 1.12259e-07 2.96995e-07 1.00413e-07 2.96995e-07 1.00413e-07 2.51235e-07 8.50658e-08 2.51235e-07 8.50658e-08 1.96948e-07 6.70586e-08 1.96948e-07 6.70586e-08 1.36379e-07 4.61525e-08 1.36379e-07 4.61525e-08 6.80687e-08 2.26431e-08 6.80687e-08 2.26431e-08 1.13505e-08 2.76455e-09 4.26889e-09 -4.53939e-09 2.44511e-08 -2.22886e-08 2.44511e-08 -2.22886e-08 4.80723e-08 -4.53123e-08 4.80723e-08 -4.53123e-08 6.86509e-08 -6.64984e-08 6.86509e-08 -6.64984e-08 8.69958e-08 -8.63127e-08 8.69958e-08 -8.63127e-08 1.0201e-07 -1.02936e-07 1.0201e-07 -1.02936e-07 1.13588e-07 -1.16268e-07 1.13588e-07 -1.16268e-07 1.21293e-07 -1.26101e-07 1.21293e-07 -1.26101e-07 1.24789e-07 -1.33254e-07 1.24789e-07 -1.33254e-07 1.25044e-07 -1.32998e-07 1.25044e-07 -1.32998e-07 1.20339e-07 -1.26595e-07 1.20339e-07 -1.26595e-07 1.12259e-07 -1.17019e-07 1.12259e-07 -1.17019e-07 1.00413e-07 -1.03759e-07 1.00413e-07 -1.03759e-07 8.50658e-08 -8.70044e-08 8.50658e-08 -8.70044e-08 6.70586e-08 -6.76319e-08 6.70586e-08 -6.76319e-08 4.61525e-08 -4.6116e-08 4.61525e-08 -4.6116e-08 2.26431e-08 -2.31251e-08 2.26431e-08 -2.31251e-08 2.76455e-09 -5.24624e-09 -4.53939e-09 -1.24324e-08 -2.22886e-08 -6.77678e-08 -2.22886e-08 -6.77678e-08 -4.53123e-08 -1.37739e-07 -4.53123e-08 -1.37739e-07 -6.64984e-08 -2.02559e-07 -6.64984e-08 -2.02559e-07 -8.63127e-08 -2.6083e-07 -8.63127e-08 -2.6083e-07 -1.02936e-07 -3.10538e-07 -1.02936e-07 -3.10538e-07 -1.16268e-07 -3.481e-07 -1.16268e-07 -3.481e-07 -1.26101e-07 -3.69231e-07 -1.26101e-07 -3.69231e-07 -1.33254e-07 -3.80879e-07 -1.33254e-07 -3.80879e-07 -1.32998e-07 -3.81352e-07 -1.32998e-07 -3.81352e-07 -1.26595e-07 -3.69686e-07 -1.26595e-07 -3.69686e-07 -1.17019e-07 -3.46746e-07 -1.17019e-07 -3.46746e-07 -1.03759e-07 -3.08763e-07 -1.03759e-07 -3.08763e-07 -8.70044e-08 -2.59485e-07 -8.70044e-08 -2.59485e-07 -6.76319e-08 -2.01232e-07 -6.76319e-08 -2.01232e-07 -4.6116e-08 -1.37176e-07 -4.6116e-08 -1.37176e-07 -2.31251e-08 -6.7532e-08 -2.31251e-08 -6.7532e-08 -5.24624e-09 -1.22354e-08 -1.24324e-08 -1.8814e-08 -6.77678e-08 -1.11113e-07 -6.77678e-08 -1.11113e-07 -1.37739e-07 -2.28057e-07 -1.37739e-07 -2.28057e-07 -2.02559e-07 -3.33197e-07 -2.02559e-07 -3.33197e-07 -2.6083e-07 -4.23035e-07 -2.6083e-07 -4.23035e-07 -3.10538e-07 -4.93788e-07 -3.10538e-07 -4.93788e-07 -3.481e-07 -5.5372e-07 -3.481e-07 -5.5372e-07 -3.69231e-07 -6.01547e-07 -3.69231e-07 -6.01547e-07 -3.80879e-07 -6.175e-07 -3.80879e-07 -6.175e-07 -3.81352e-07 -6.18006e-07 -3.81352e-07 -6.18006e-07 -3.69686e-07 -6.03008e-07 -3.69686e-07 -6.03008e-07 -3.46746e-07 -5.54546e-07 -3.46746e-07 -5.54546e-07 -3.08763e-07 -4.94305e-07 -3.08763e-07 -4.94305e-07 -2.59485e-07 -4.21217e-07 -2.59485e-07 -4.21217e-07 -2.01232e-07 -3.30211e-07 -2.01232e-07 -3.30211e-07 -1.37176e-07 -2.24987e-07 -1.37176e-07 -2.24987e-07 -6.7532e-08 -1.0936e-07 -6.7532e-08 -1.0936e-07 -1.22354e-08 -1.7795e-08 -1.8814e-08 -2.27931e-08 -1.11113e-07 -1.51922e-07 -1.11113e-07 -1.51922e-07 -2.28057e-07 -3.08944e-07 -2.28057e-07 -3.08944e-07 -3.33197e-07 -4.39155e-07 -3.33197e-07 -4.39155e-07 -4.23035e-07 -5.60128e-07 -4.23035e-07 -5.60128e-07 -4.93788e-07 -6.74736e-07 -4.93788e-07 -6.74736e-07 -5.5372e-07 -7.4849e-07 -5.5372e-07 -7.4849e-07 -6.01547e-07 -8.09705e-07 -6.01547e-07 -8.09705e-07 -6.175e-07 -8.3349e-07 -6.175e-07 -8.3349e-07 -6.18006e-07 -8.3406e-07 -6.18006e-07 -8.3406e-07 -6.03008e-07 -8.11918e-07 -6.03008e-07 -8.11918e-07 -5.54546e-07 -7.49542e-07 -5.54546e-07 -7.49542e-07 -4.94305e-07 -6.74873e-07 -4.94305e-07 -6.74873e-07 -4.21217e-07 -5.60948e-07 -4.21217e-07 -5.60948e-07 -3.30211e-07 -4.3838e-07 -3.30211e-07 -4.3838e-07 -2.24987e-07 -3.05072e-07 -2.24987e-07 -3.05072e-07 -1.0936e-07 -1.48207e-07 -1.0936e-07 -1.48207e-07 -1.7795e-08 -2.07826e-08 -2.27931e-08 -2.03145e-08 -1.51922e-07 -1.90243e-07 -1.51922e-07 -1.90243e-07 -3.08944e-07 -3.6519e-07 -3.08944e-07 -3.6519e-07 -4.39155e-07 -5.39422e-07 -4.39155e-07 -5.39422e-07 -5.60128e-07 -6.98007e-07 -5.60128e-07 -6.98007e-07 -6.74736e-07 -8.15072e-07 -6.74736e-07 -8.15072e-07 -7.4849e-07 -9.22068e-07 -7.4849e-07 -9.22068e-07 -8.09705e-07 -9.89478e-07 -8.09705e-07 -9.89478e-07 -8.3349e-07 -1.02114e-06 -8.3349e-07 -1.02114e-06 -8.3406e-07 -1.02191e-06 -8.3406e-07 -1.02191e-06 -8.11918e-07 -9.91722e-07 -8.11918e-07 -9.91722e-07 -7.49542e-07 -9.24555e-07 -7.49542e-07 -9.24555e-07 -6.74873e-07 -8.15921e-07 -6.74873e-07 -8.15921e-07 -5.60948e-07 -6.97955e-07 -5.60948e-07 -6.97955e-07 -4.3838e-07 -5.38811e-07 -4.3838e-07 -5.38811e-07 -3.05072e-07 -3.64034e-07 -3.05072e-07 -3.64034e-07 -1.48207e-07 -1.84488e-07 -1.48207e-07 -1.84488e-07 -2.07826e-08 -1.74256e-08 -2.03145e-08 -6.70348e-09 -1.90243e-07 -2.15234e-07 -1.90243e-07 -2.15234e-07 -3.6519e-07 -4.22217e-07 -3.6519e-07 -4.22217e-07 -5.39422e-07 -6.27791e-07 -5.39422e-07 -6.27791e-07 -6.98007e-07 -7.93466e-07 -6.98007e-07 -7.93466e-07 -8.15072e-07 -9.38994e-07 -8.15072e-07 -9.38994e-07 -9.22068e-07 -1.06033e-06 -9.22068e-07 -1.06033e-06 -9.89478e-07 -1.13547e-06 -9.89478e-07 -1.13547e-06 -1.02114e-06 -1.17441e-06 -1.02114e-06 -1.17441e-06 -1.02191e-06 -1.17476e-06 -1.02191e-06 -1.17476e-06 -9.91722e-07 -1.13806e-06 -9.91722e-07 -1.13806e-06 -9.24555e-07 -1.06392e-06 -9.24555e-07 -1.06392e-06 -8.15921e-07 -9.41001e-07 -8.15921e-07 -9.41001e-07 -6.97955e-07 -7.94698e-07 -6.97955e-07 -7.94698e-07 -5.38811e-07 -6.27211e-07 -5.38811e-07 -6.27211e-07 -3.64034e-07 -4.20945e-07 -3.64034e-07 -4.20945e-07 -1.84488e-07 -2.10213e-07 -1.84488e-07 -2.10213e-07 -1.74256e-08 -3.58746e-09 -6.70348e-09 -1.8297e-08 -2.15234e-07 -2.03599e-07 -2.15234e-07 -2.03599e-07 -4.22217e-07 -4.96909e-07 -4.22217e-07 -4.96909e-07 -6.27791e-07 -6.74945e-07 -6.27791e-07 -6.74945e-07 -7.93466e-07 -8.64035e-07 -7.93466e-07 -8.64035e-07 -9.38994e-07 -1.03455e-06 -9.38994e-07 -1.03455e-06 -1.06033e-06 -1.15878e-06 -1.06033e-06 -1.15878e-06 -1.13547e-06 -1.24364e-06 -1.13547e-06 -1.24364e-06 -1.17441e-06 -1.28773e-06 -1.17441e-06 -1.28773e-06 -1.17476e-06 -1.28841e-06 -1.17476e-06 -1.28841e-06 -1.13806e-06 -1.24576e-06 -1.13806e-06 -1.24576e-06 -1.06392e-06 -1.16309e-06 -1.06392e-06 -1.16309e-06 -9.41001e-07 -1.03914e-06 -9.41001e-07 -1.03914e-06 -7.94698e-07 -8.66294e-07 -7.94698e-07 -8.66294e-07 -6.27211e-07 -6.76485e-07 -6.27211e-07 -6.76485e-07 -4.20945e-07 -4.94225e-07 -4.20945e-07 -4.94225e-07 -2.10213e-07 -2.03739e-07 -2.10213e-07 -2.03739e-07 -3.58746e-09 -1.12031e-08 -1.8297e-08 -3.47353e-08 -2.03599e-07 -2.42718e-07 -2.03599e-07 -2.42718e-07 -4.96909e-07 -4.63525e-07 -4.96909e-07 -4.63525e-07 -6.74945e-07 -7.15885e-07 -6.74945e-07 -7.15885e-07 -8.64035e-07 -9.18159e-07 -8.64035e-07 -9.18159e-07 -1.03455e-06 -1.08521e-06 -1.03455e-06 -1.08521e-06 -1.15878e-06 -1.21819e-06 -1.15878e-06 -1.21819e-06 -1.24364e-06 -1.31054e-06 -1.24364e-06 -1.31054e-06 -1.28773e-06 -1.35799e-06 -1.28773e-06 -1.35799e-06 -1.28841e-06 -1.35861e-06 -1.28841e-06 -1.35861e-06 -1.24576e-06 -1.31252e-06 -1.24576e-06 -1.31252e-06 -1.16309e-06 -1.22192e-06 -1.16309e-06 -1.22192e-06 -1.03914e-06 -1.09089e-06 -1.03914e-06 -1.09089e-06 -8.66294e-07 -9.25064e-07 -8.66294e-07 -9.25064e-07 -6.76485e-07 -7.20611e-07 -6.76485e-07 -7.20611e-07 -4.94225e-07 -4.65229e-07 -4.94225e-07 -4.65229e-07 -2.03739e-07 -2.38173e-07 -2.03739e-07 -2.38173e-07 -1.12031e-08 -4.62419e-08 -3.47353e-08 -5.00985e-07 -2.42718e-07 -2.38759e-07 -2.42718e-07 -2.38759e-07 -4.63525e-07 -4.72555e-07 -4.63525e-07 -4.72555e-07 -7.15885e-07 -6.92701e-07 -7.15885e-07 -6.92701e-07 -9.18159e-07 -9.17414e-07 -9.18159e-07 -9.17414e-07 -1.08521e-06 -1.10007e-06 -1.08521e-06 -1.10007e-06 -1.21819e-06 -1.2394e-06 -1.21819e-06 -1.2394e-06 -1.31054e-06 -1.33443e-06 -1.31054e-06 -1.33443e-06 -1.35799e-06 -1.38293e-06 -1.35799e-06 -1.38293e-06 -1.35861e-06 -1.38345e-06 -1.35861e-06 -1.38345e-06 -1.31252e-06 -1.33618e-06 -1.31252e-06 -1.33618e-06 -1.22192e-06 -1.24243e-06 -1.22192e-06 -1.24243e-06 -1.09089e-06 -1.10476e-06 -1.09089e-06 -1.10476e-06 -9.25064e-07 -9.24081e-07 -9.25064e-07 -9.24081e-07 -7.20611e-07 -7.02209e-07 -7.20611e-07 -7.02209e-07 -4.65229e-07 -4.77372e-07 -4.65229e-07 -4.77372e-07 -2.38173e-07 -2.53355e-07 -2.38173e-07 -2.53355e-07 -4.62419e-08 -3.22815e-07 
SCALARS temperature double 1
LOOKUP_TABLE default
0 0 0.18375 0.171341 0.18375 0.171341 0.361242 0.336848 0.361242 0.336848 0.526432 0.490883 0.526432 0.490883 0.673696 0.628202 0.673696 0.628202 0.798017 0.744129 0.798017 0.744129 0.895163 0.834715 0.895163 0.834715 0.961826 0.896876 0.961826 0.896876 0.995734 0.928494 0.995734 0.928494 0.995734 0.928494 0.995734 0.928494 0.961826 0.896876 0.961826 0.896876 0.895163 0.834715 0.895163 0.834715 0.798017 0.744129 0.798017 0.744129 0.673696 0.628202 0.673696 0.628202 0.526432 0.490883 0.526432 0.490883 0.361242 0.336848 0.361242 0.336848 0.18375 0.171341 0.18375 0.171341 1.22465e-16 1.14195e-16 0 0 0.171341 0.135793 0.171341 0.135793 0.336848 0.266961 0.336848 0.266961 0.490883 0.389038 0.490883 0.389038 0.628202 0.497867 0.628202 0.497867 0.744129 0.589742 0.744129 0.589742 0.834715 0.661534 0.834715 0.661534 0.896876 0.710798 0.896876 0.710798 0.928494 0.735856 0.928494 0.735856 0.928494 0.735856 0.928494 0.735856 0.896876 0.710798 0.896876 0.710798 0.834715 0.661534 0.834715 0.661534 0.744129 0.589742 0.744129 0.589742 0.628202 0.497867 0.628202 0.497867 0.490883 0.389038 0.490883 0.389038 0.336848 0.266961 0.336848 0.266961 0.171341 0.135793 0.171341 0.135793 1.14195e-16 9.05025e-17 0 0 0.135793 0.0819042 0.135793 0.0819042 0.266961 0.161019 0.266961 0.161019 0.389038 0.234651 0.389038 0.234651 0.497867 0.300292 0.497867 0.300292 0.589742 0.355707 0.589742 0.355707 0.661534 0.399009 0.661534 0.399009 0.710798 0.428723 0.710798 0.428723 0.735856 0.443837 0.735856 0.443837 0.735856 0.443837 0.735856 0.443837 0.710798 0.428723 0.710798 0.428723 0.661534 0.399009 0.661534 0.399009 0.589742 0.355707 0.589742 0.355707 0.497867 0.300292 0.497867 0.300292 0.389038 0.234651 0.389038 0.234651 0.266961 0.161019 0.266961 0.161019 0.135793 0.0819042 0.135793 0.0819042 9.05025e-17 5.45872e-17 0 0 0.0819042 0.0169543 0.0819042 0.0169543 0.161019 0.0333312 0.161019 0.0333312 0.234651 0.048573 0.234651 0.048573 0.300292 0.0621608 0.300292 0.0621608 0.355707 0.0736317 0.355707 0.0736317 0.399009 0.0825953 0.399009 0.0825953 0.428723 0.0887461 0.428723 0.0887461 0.443837 0.0918748 0.443837 0.0918748 0.443837 0.0918748 0.443837 0.0918748 0.428723 0.0887461 0.428723 0.0887461 0.399009 0.0825953 0.399009 0.0825953 0.355707 0.0736317 0.355707 0.0736317 0.300292 0.0621608 0.300292 0.0621608 0.234651 0.048573 0.234651 0.048573 0.161019 0.0333312 0.161019 0.0333312 0.0819042 0.0169543 0.0819042 0.0169543 5.45872e-17 1.12996e-17 0 0 0.0169543 -0.0502854 0.0169543 -0.0502854 0.0333312 -0.0988585 0.0333312 -0.0988585 0.048573 -0.144065 0.048573 -0.144065 0.0621608 -0.184366 0.0621608 -0.184366 0.0736317 -0.218388 0.0736317 -0.218388 0.0825953 -0.244973 0.0825953 -0.244973 0.0887461 -0.263216 0.0887461 -0.263216 0.0918748 -0.272496 0.0918748 -0.272496 0.0918748 -0.272496 0.0918748 -0.272496 0.0887461 -0.263216 0.0887461 -0.263216 0.0825953 -0.244973 0.0825953 -0.244973 0.0736317 -0.218388 0.0736317 -0.218388 0.0621608 -0.184366 0.0621608 -0.184366 0.048573 -0.144065 0.048573 -0.144065 0.0333312 -0.0988585 0.0333312 -0.0988585 0.0169543 -0.0502854 0.0169543 -0.0502854 1.12996e-17 -3.3514e-17 0 0 -0.0502854 -0.110734 -0.0502854 -0.110734 -0.0988585 -0.217697 -0.0988585 -0.217697 -0.144065 -0.317246 -0.144065 -0.317246 -0.184366 -0.405992 -0.184366 -0.405992 -0.218388 -0.480913 -0.218388 -0.480913 -0.244973 -0.539456 -0.244973 -0.539456 -0.263216 -0.579629 -0.263216 -0.579629 -0.272496 -0.600064 -0.272496 -0.600064 -0.272496 -0.600064 -0.272496 -0.600064 -0.263216 -0.579629 -0.263216 -0.579629 -0.244973 -0.539456 -0.244973 -0.539456 -0.218388 -0.480913 -0.218388 -0.480913 -0.184366 -0.405992 -0.184366 -0.405992 -0.144065 -0.317246 -0.144065 -0.317246 -0.0988585 -0.217697 -0.0988585 -0.217697 -0.0502854 -0.110734 -0.0502854 -0.110734 -3.3514e-17 -7.38015e-17 0 0 -0.110734 -0.156227 -0.110734 -0.156227 -0.217697 -0.307134 -0.217697 -0.307134 -0.317246 -0.447582 -0.317246 -0.447582 -0.405992 -0.572788 -0.405992 -0.572788 -0.480913 -0.678488 -0.480913 -0.678488 -0.539456 -0.761083 -0.539456 -0.761083 -0.579629 -0.817761 -0.579629 -0.817761 -0.600064 -0.84659 -0.600064 -0.84659 -0.600064 -0.84659 -0.600064 -0.84659 -0.579629 -0.817761 -0.579629 -0.817761 -0.539456 -0.761083 -0.539456 -0.761083 -0.480913 -0.678488 -0.480913 -0.678488 -0.405992 -0.572788 -0.405992 -0.572788 -0.317246 -0.447582 -0.317246 -0.447582 -0.217697 -0.307134 -0.217697 -0.307134 -0.110734 -0.156227 -0.110734 -0.156227 -7.38015e-17 -1.04122e-16 0 0 -0.156227 -0.180621 -0.156227 -0.180621 -0.307134 -0.355091 -0.307134 -0.355091 -0.447582 -0.517469 -0.447582 -0.517469 -0.572788 -0.662225 -0.572788 -0.662225 -0.678488 -0.784429 -0.678488 -0.784429 -0.761083 -0.879921 -0.761083 -0.879921 -0.817761 -0.945449 -0.817761 -0.945449 -0.84659 -0.97878 -0.84659 -0.97878 -0.84659 -0.97878 -0.84659 -0.97878 -0.817761 -0.945449 -0.817761 -0.945449 -0.761083 -0.879921 -0.761083 -0.879921 -0.678488 -0.784429 -0.678488 -0.784429 -0.572788 -0.662225 -0.572788 -0.662225 -0.447582 -0.517469 -0.447582 -0.517469 -0.307134 -0.355091 -0.307134 -0.355091 -0.156227 -0.180621 -0.156227 -0.180621 -1.04122e-16 -1.20379e-16 0 0 -0.180621 -0.180621 -0.180621 -0.180621 -0.355091 -0.355091 -0.355091 -0.355091 -0.517469 -0.517469 -0.517469 -0.517469 -0.662225 -0.662225 -0.662225 -0.662225 -0.784429 -0.784429 -0.784429 -0.784429 -0.879921 -0.879921 -0.879921 -0.879921 -0.945449 -0.945449 -0.945449 -0.945449 -0.97878 -0.97878 -0.97878 -0.97878 -0.97878 -0.97878 -0.97878 -0.97878 -0.945449 -0.945449 -0.945449 -0.945449 -0.879921 -0.879921 -0.879921 -0.879921 -0.784429 -0.784429 -0.784429 -0.784429 -0.662225 -0.662225 -0.662225 -0.662225 -0.517469 -0.517469 -0.517469 -0.517469 -0.355091 -0.355091 -0.355091 -0.355091 -0.180621 -0.180621 -0.180621 -0.180621 -1.20379e-16 -1.20379e-16 0 0 -0.180621 -0.156227 -0.180621 -0.156227 -0.355091 -0.307134 -0.355091 -0.307134 -0.517469 -0.447582 -0.517469 -0.447582 -0.662225 -0.572788 -0.662225 -0.572788 -0.784429 -0.678488 -0.784429 -0.678488 -0.879921 -0.761083 -0.879921 -0.761083 -0.945449 -0.817761 -0.945449 -0.817761 -0.97878 -0.84659 -0.97878 -0.84659 -0.97878 -0.84659 -0.97878 -0.84659 -0.945449 -0.817761 -0.945449 -0.817761 -0.879921 -0.761083 -0.879921 -0.761083 -0.784429 -0.678488 -0.784429 -0.678488 -0.662225 -0.572788 -0.662225 -0.572788 -0.517469 -0.447582 -0.517469 -0.447582 -0.355091 -0.307134 -0.355091 -0.307134 -0.180621 -0.156227 -0.180621 -0.156227 -1.20379e-16 -1.04122e-16 0 0 -0.156227 -0.110734 -0.156227 -0.110734 -0.307134 -0.217697 -0.307134 -0.217697 -0.447582 -0.317246 -0.447582 -0.317246 -0.572788 -0.405992 -0.572788 -0.405992 -0.678488 -0.480913 -0.678488 -0.480913 -0.761083 -0.539456 -0.761083 -0.539456 -0.817761 -0.579629 -0.817761 -0.579629 -0.84659 -0.600064 -0.84659 -0.600064 -0.84659 -0.600064 -0.84659 -0.600064 -0.817761 -0.579629 -0.817761 -0.579629 -0.761083 -0.539456 -0.761083 -0.539456 -0.678488 -0.480913 -0.678488 -0.480913 -0.572788 -0.405992 -0.572788 -0.405992 -0.447582 -0.317246 -0.447582 -0.317246 -0.307134 -0.217697 -0.307134 -0.217697 -0.156227 -0.110734 -0.156227 -0.110734 -1.04122e-16 -7.38015e-17 0 0 -0.110734 -0.0502854 -0.110734 -0.0502854 -0.217697 -0.0988585 -0.217697 -0.0988585 -0.317246 -0.144065 -0.317246 -0.144065 -0.405992 -0.184366 -0.405992 -0.184366 -0.480913 -0.218388 -0.480913 -0.218388 -0.539456 -0.244973 -0.539456 -0.244973 -0.579629 -0.263216 -0.579629 -0.263216 -0.600064 -0.272496 -0.600064 -0.272496 -0.600064 -0.272496 -0.600064 -0.272496 -0.579629 -0.263216 -0.579629 -0.263216 -0.539456 -0.244973 -0.539456 -0.244973 -0.480913 -0.218388 -0.480913 -0.218388 -0.405992 -0.184366 -0.405992 -0.184366 -0.317246 -0.144065 -0.317246 -0.144065 -0.217697 -0.0988585 -0.217697 -0.0988585 -0.110734 -0.0502854 -0.110734 -0.0502854 -7.38015e-17 -3.3514e-17 0 0 -0.0502854 0.0169543 -0.0502854 0.0169543 -0.0988585 0.0333312 -0.0988585 0.0333312 -0.144065 0.048573 -0.144065 0.048573 -0.184366 0.0621608 -0.184366 0.0621608 -0.218388 0.0736317 -0.218388 0.0736317 -0.244973 0.0825953 -0.244973 0.0825953 -0.263216 0.0887461 -0.263216 0.0887461 -0.272496 0.0918748 -0.272496 0.0918748 -0.272496 0.0918748 -0.272496 0.0918748 -0.263216 0.0887461 -0.263216 0.0887461 -0.244973 0.0825953 -0.244973 0.0825953 -0.218388 0.0736317 -0.218388 0.0736317 -0.184366 0.0621608 -0.184366 0.0621608 -0.144065 0.048573 -0.144065 0.048573 -0.0988585 0.0333312 -0.0988585 0.0333312 -0.0502854 0.0169543 -0.0502854 0.0169543 -3.3514e-17 1.12996e-17 0 0 0.0169543 0.0819042 0.0169543 0.0819042 0.0333312 0.161019 0.0333312 0.161019 0.048573 0.234651 0.048573 0.234651 0.0621608 0.300292 0.0621608 0.300292 0.0736317 0.355707 0.0736317 0.355707 0.0825953 0.399009 0.0825953 0.399009 0.0887461 0.428723 0.0887461 0.428723 0.0918748 0.443837 0.0918748 0.443837 0.0918748 0.443837 0.0918748 0.443837 0.0887461 0.428723 0.0887461 0.428723 0.0825953 0.399009 0.0825953 0.399009 0.0736317 0.355707 0.0736317 0.355707 0.0621608 0.300292 0.0621608 0.300292 0.048573 0.234651 0.048573 0.234651 0.0333312 0.161019 0.0333312 0.161019 0.0169543 0.0819042 0.0169543 0.0819042 1.12996e-17 5.45872e-17 0 0 0.0819042 0.135793 0.0819042 0.135793 0.161019 0.266961 0.161019 0.266961 0.234651 0.389038 0.234651 0.389038 0.300292 0.497867 0.300292 0.497867 0.355707 0.589742 0.355707 0.589742 0.399009 0.661534 0.399009 0.661534 0.428723 0.710798 0.428723 0.710798 0.443837 0.735856 0.443837 0.735856 0.443837 0.735856 0.443837 0.735856 0.428723 0.710798 0.428723 0.710798 0.399009 0.661534 0.399009 0.661534 0.355707 0.589742 0.355707 0.589742 0.300292 0.497867 0.300292 0.497867 0.234651 0.389038 0.234651 0.389038 0.161019 0.266961 0.161019 0.266961 0.0819042 0.135793 0.0819042 0.135793 5.45872e-17 9.05025e-17 0 0 0.135793 0.171341 0.135793 0.171341 0.266961 0.336848 0.266961 0.336848 0.389038 0.490883 0.389038 0.490883 0.497867 0.628202 0.497867 0.628202 0.589742 0.744129 0.589742 0.744129 0.661534 0.834715 0.661534 0.834715 0.710798 0.896876 0.710798 0.896876 0.735856 0.928494 0.735856 0.928494 0.735856 0.928494 0.735856 0.928494 0.710798 0.896876 0.710798 0.896876 0.661534 0.834715 0.661534 0.834715 0.589742 0.744129 0.589742 0.744129 0.497867 0.628202 0.497867 0.628202 0.389038 0.490883 0.389038 0.490883 0.266961 0.336848 0.266961 0.336848 0.135793 0.171341 0.135793 0.171341 9.05025e-17 1.14195e-16 0 0 0.171341 0.18375 0.171341 0.18375 0.336848 0.361242 0.336848 0.361242 0.490883 0.526432 0.490883 0.526432 0.628202 0.673696 0.628202 0.673696 0.744129 0.798017 0.744129 0.798017 0.834715 0.895163 0.834715 0.895163 0.896876 0.961826 0.896876 0.961826 0.928494 0.995734 0.928494 0.995734 0.928494 0.995734 0.928494 0.995734 0.896876 0.961826 0.896876 0.961826 0.834715 0.895163 0.834715 0.895163 0.744129 0.798017 0.744129 0.798017 0.628202 0.673696 0.628202 0.673696 0.490883 0.526432 0.490883 0.526432 0.336848 0.361242 0.336848 0.361242 0.171341 0.18375 0.171341 0.18375 1.14195e-16 1.22465e-16 
SCALARS temperature_error double 1
LOOKUP_TABLE default
0 0 0 4.81291e-11 0 4.81291e-11 0 6.19684e-10 0 6.19684e-10 0 5.87718e-10 0 5.87718e-10 0 3.14912e-10 0 3.14912e-10 0 1.88022e-10 0 1.88022e-10 0 1.43215e-10 0 1.43215e-10 0 1.13858e-10 0 1.13858e-10 0 8.14414e-11 0 8.14414e-11 0 4.36025e-11 0 4.36025e-11 0 2.31126e-12 0 2.31126e-12 0 -4.10066e-11 0 -4.10066e-11 0 -9.50829e-11 0 -9.50829e-11 0 -2.09497e-10 0 -2.09497e-10 0 -4.49225e-10 0 -4.49225e-10 0 -4.96451e-10 0 -4.96451e-10 0 3.20388e-12 0 3.20388e-12 0 0 0 0 4.81291e-11 6.74585e-10 4.81291e-11 6.74585e-10 6.19684e-10 6.59253e-10 6.19684e-10 6.59253e-10 5.87718e-10 3.98166e-10 5.87718e-10 3.98166e-10 3.14912e-10 4.58071e-10 3.14912e-10 4.58071e-10 1.88022e-10 3.53132e-10 1.88022e-10 3.53132e-10 1.43215e-10 2.53672e-10 1.43215e-10 2.53672e-10 1.13858e-10 1.97851e-10 1.13858e-10 1.97851e-10 8.14414e-11 1.42824e-10 8.14414e-11 1.42824e-10 4.36025e-11 7.77388e-11 4.36025e-11 7.77388e-11 2.31126e-12 5.64004e-12 2.31126e-12 5.64004e-12 -4.10066e-11 -7.46586e-11 -4.10066e-11 -7.46586e-11 -9.50829e-11 -1.88249e-10 -9.50829e-11 -1.88249e-10 -2.09497e-10 -3.12972e-10 -2.09497e-10 -3.12972e-10 -4.49225e-10 -2.9552e-10 -4.49225e-10 -2.9552e-10 -4.96451e-10 -5.51395e-10 -4.96451e-10 -5.51395e-10 3.20388e-12 -5.88647e-10 3.20388e-12 -5.88647e-10 0 0 0 0 6.74585e-10 4.41461e-10 6.74585e-10 4.41461e-10 6.59253e-10 3.6037e-10 6.59253e-10 3.6037e-10 3.98166e-10 5.14773e-10 3.98166e-10 5.14773e-10 4.58071e-10 3.72147e-10 4.58071e-10 3.72147e-10 3.53132e-10 3.97577e-10 3.53132e-10 3.97577e-10 2.53672e-10 3.10225e-10 2.53672e-10 3.10225e-10 1.97851e-10 2.35905e-10 1.97851e-10 2.35905e-10 1.42824e-10 1.71636e-10 1.42824e-10 1.71636e-10 7.77388e-11 9.31505e-11 7.77388e-11 9.31505e-11 5.64004e-12 4.84451e-12 5.64004e-12 4.84451e-12 -7.46586e-11 -1.00486e-10 -7.46586e-11 -1.00486e-10 -1.88249e-10 -2.25703e-10 -1.88249e-10 -2.25703e-10 -3.12972e-10 -2.59718e-10 -3.12972e-10 -2.59718e-10 -2.9552e-10 -4.25507e-10 -2.9552e-10 -4.25507e-10 -5.51395e-10 -2.97994e-10 -5.51395e-10 -2.97994e-10 -5.88647e-10 -4.12297e-10 -5.88647e-10 -4.12297e-10 0 0 0 0 4.41461e-10 1.80393e-10 4.41461e-10 1.80393e-10 3.6037e-10 3.18084e-10 3.6037e-10 3.18084e-10 5.14773e-10 2.99461e-10 5.14773e-10 2.99461e-10 3.72147e-10 3.78015e-10 3.72147e-10 3.78015e-10 3.97577e-10 3.19401e-10 3.97577e-10 3.19401e-10 3.10225e-10 3.11081e-10 3.10225e-10 3.11081e-10 2.35905e-10 2.33649e-10 2.35905e-10 2.33649e-10 1.71636e-10 1.70905e-10 1.71636e-10 1.70905e-10 9.31505e-11 9.39614e-11 9.31505e-11 9.39614e-11 4.84451e-12 5.21382e-12 4.84451e-12 5.21382e-12 -1.00486e-10 -1.06459e-10 -1.00486e-10 -1.06459e-10 -2.25703e-10 -1.7667e-10 -2.25703e-10 -1.7667e-10 -2.59718e-10 -2.8195e-10 -2.59718e-10 -2.8195e-10 -4.25507e-10 -2.45827e-10 -4.25507e-10 -2.45827e-10 -2.97994e-10 -2.99472e-10 -2.97994e-10 -2.99472e-10 -4.12297e-10 -1.70496e-10 -4.12297e-10 -1.70496e-10 0 0 0 0 1.80393e-10 9.10528e-11 1.80393e-10 9.10528e-11 3.18084e-10 1.93383e-10 3.18084e-10 1.93383e-10 2.99461e-10 2.57789e-10 2.99461e-10 2.57789e-10 3.78015e-10 2.50033e-10 3.78015e-10 2.50033e-10 3.19401e-10 2.59001e-10 3.19401e-10 2.59001e-10 3.11081e-10 2.57824e-10 3.11081e-10 2.57824e-10 2.33649e-10 2.03004e-10 2.33649e-10 2.03004e-10 1.70905e-10 1.49918e-10 1.70905e-10 1.49918e-10 9.39614e-11 8.482e-11 9.39614e-11 8.482e-11 5.21382e-12 9.12509e-12 5.21382e-12 9.12509e-12 -1.06459e-10 -8.21149e-11 -1.06459e-10 -8.21149e-11 -1.7667e-10 -1.35997e-10 -1.7667e-10 -1.35997e-10 -2.8195e-10 -1.74633e-10 -2.8195e-10 -1.74633e-10 -2.45827e-10 -2.24034e-10 -2.45827e-10 -2.24034e-10 -2.99472e-10 -1.79567e-10 -2.99472e-10 -1.79567e-10 -1.70496e-10 -7.73353e-11 -1.70496e-10 -7.73353e-11 0 0 0 0 9.10528e-11 6.43567e-11 9.10528e-11 6.43567e-11 1.93383e-10 1.1552e-10 1.93383e-10 1.1552e-10 2.57789e-10 1.60324e-10 2.57789e-10 1.60324e-10 2.50033e-10 1.9465e-10 2.50033e-10 1.9465e-10 2.59001e-10 1.99548e-10 2.59001e-10 1.99548e-10 2.57824e-10 1.73487e-10 2.57824e-10 1.73487e-10 2.03004e-10 1.59462e-10 2.03004e-10 1.59462e-10 1.49918e-10 1.16487e-10 1.49918e-10 1.16487e-10 8.482e-11 7.08429e-11 8.482e-11 7.08429e-11 9.12509e-12 1.29817e-11 9.12509e-12 1.29817e-11 -8.21149e-11 -3.49207e-11 -8.21149e-11 -3.49207e-11 -1.35997e-10 -9.73098e-11 -1.35997e-10 -9.73098e-11 -1.74633e-10 -1.2774e-10 -1.74633e-10 -1.2774e-10 -2.24034e-10 -1.15038e-10 -2.24034e-10 -1.15038e-10 -1.79567e-10 -7.99041e-11 -1.79567e-10 -7.99041e-11 -7.73353e-11 -3.80727e-11 -7.73353e-11 -3.80727e-11 0 0 0 0 6.43567e-11 4.89659e-11 6.43567e-11 4.89659e-11 1.1552e-10 7.78105e-11 1.1552e-10 7.78105e-11 1.60324e-10 9.52492e-11 1.60324e-10 9.52492e-11 1.9465e-10 1.07091e-10 1.9465e-10 1.07091e-10 1.99548e-10 1.1417e-10 1.99548e-10 1.1417e-10 1.73487e-10 1.15215e-10 1.73487e-10 1.15215e-10 1.59462e-10 1.04623e-10 1.59462e-10 1.04623e-10 1.16487e-10 7.82345e-11 1.16487e-10 7.82345e-11 7.08429e-11 5.28254e-11 7.08429e-11 5.28254e-11 1.29817e-11 1.79403e-11 1.29817e-11 1.79403e-11 -3.49207e-11 -1.13519e-11 -3.49207e-11 -1.13519e-11 -9.73098e-11 -2.9219e-11 -9.73098e-11 -2.9219e-11 -1.2774e-10 -3.68495e-11 -1.2774e-10 -3.68495e-11 -1.15038e-10 -3.42221e-11 -1.15038e-10 -3.42221e-11 -7.99041e-11 -2.32477e-11 -7.99041e-11 -2.32477e-11 -3.80727e-11 -8.74298e-12 -3.80727e-11 -8.74298e-12 0 0 0 0 4.89659e-11 3.01002e-11 4.89659e-11 3.01002e-11 7.78105e-11 4.10931e-11 7.78105e-11 4.10931e-11 9.52492e-11 4.33469e-11 9.52492e-11 4.33469e-11 1.07091e-10 4.34599e-11 1.07091e-10 4.34599e-11 1.1417e-10 4.33432e-11 1.1417e-10 4.33432e-11 1.15215e-10 4.31382e-11 1.15215e-10 4.31382e-11 1.04623e-10 4.17694e-11 1.04623e-10 4.17694e-11 7.82345e-11 3.87976e-11 7.82345e-11 3.87976e-11 5.28254e-11 3.14149e-11 5.28254e-11 3.14149e-11 1.79403e-11 2.45988e-11 1.79403e-11 2.45988e-11 -1.13519e-11 1.81846e-11 -1.13519e-11 1.81846e-11 -2.9219e-11 1.43314e-11 -2.9219e-11 1.43314e-11 -3.68495e-11 1.45257e-11 -3.68495e-11 1.45257e-11 -3.42221e-11 1.83439e-11 -3.42221e-11 1.83439e-11 -2.32477e-11 2.17153e-11 -2.32477e-11 2.17153e-11 -8.74298e-12 1.84838e-11 -8.74298e-12 1.84838e-11 0 0 0 0 3.01002e-11 5.18574e-12 3.01002e-11 5.18574e-12 4.10931e-11 -3.42726e-12 4.10931e-11 -3.42726e-12 4.33469e-11 -1.49922e-11 4.33469e-11 -1.49922e-11 4.34599e-11 -2.30349e-11 4.34599e-11 -2.30349e-11 4.33432e-11 -2.42595e-11 4.33432e-11 -2.42595e-11 4.31382e-11 -1.93304e-11 4.31382e-11 -1.93304e-11 4.17694e-11 -1.02696e-11 4.17694e-11 -1.02696e-11 3.87976e-11 -1.00375e-12 3.87976e-11 -1.00375e-12 3.14149e-11 1.0413e-11 3.14149e-11 1.0413e-11 2.45988e-11 2.12415e-11 2.45988e-11 2.12415e-11 1.81846e-11 3.3416e-11 1.81846e-11 3.3416e-11 1.43314e-11 4.54443e-11 1.43314e-11 4.54443e-11 1.45257e-11 5.60825e-11 1.45257e-11 5.60825e-11 1.83439e-11 6.23225e-11 1.83439e-11 6.23225e-11 2.17153e-11 5.97347e-11 2.17153e-11 5.97347e-11 1.84838e-11 4.13675e-11 1.84838e-11 4.13675e-11 0 0 0 0 5.18574e-12 -2.36568e-11 5.18574e-12 -2.36568e-11 -3.42726e-12 -5.27691e-11 -3.42726e-12 -5.27691e-11 -1.49922e-11 -7.73611e-11 -1.49922e-11 -7.73611e-11 -2.30349e-11 -9.29989e-11 -2.30349e-11 -9.29989e-11 -2.42595e-11 -9.86184e-11 -2.42595e-11 -9.86184e-11 -1.93304e-11 -9.46534e-11 -1.93304e-11 -9.46534e-11 -1.02696e-11 -7.55597e-11 -1.02696e-11 -7.55597e-11 -1.00375e-12 -3.70743e-11 -1.00375e-12 -3.70743e-11 1.0413e-11 -1.13637e-11 1.0413e-11 -1.13637e-11 2.12415e-11 2.92947e-11 2.12415e-11 2.92947e-11 3.3416e-11 5.50686e-11 3.3416e-11 5.50686e-11 4.54443e-11 7.39957e-11 4.54443e-11 7.39957e-11 5.60825e-11 8.88012e-11 5.60825e-11 8.88012e-11 6.23225e-11 9.5121e-11 6.23225e-11 9.5121e-11 5.97347e-11 8.71943e-11 5.97347e-11 8.71943e-11 4.13675e-11 5.73389e-11 4.13675e-11 5.73389e-11 0 0 0 0 -2.36568e-11 -5.38603e-11 -2.36568e-11 -5.38603e-11 -5.27691e-11 -1.12653e-10 -5.27691e-11 -1.12653e-10 -7.73611e-11 -1.68916e-10 -7.73611e-11 -1.68916e-10 -9.29989e-11 -2.06622e-10 -9.29989e-11 -2.06622e-10 -9.86184e-11 -1.96842e-10 -9.86184e-11 -1.96842e-10 -9.46534e-11 -1.4476e-10 -9.46534e-11 -1.4476e-10 -7.55597e-11 -1.17287e-10 -7.55597e-11 -1.17287e-10 -3.70743e-11 -6.6783e-11 -3.70743e-11 -6.6783e-11 -1.13637e-11 -2.37514e-11 -1.13637e-11 -2.37514e-11 2.92947e-11 3.09701e-11 2.92947e-11 3.09701e-11 5.50686e-11 6.14271e-11 5.50686e-11 6.14271e-11 7.39957e-11 1.1853e-10 7.39957e-11 1.1853e-10 8.88012e-11 1.44143e-10 8.88012e-11 1.44143e-10 9.5121e-11 1.36722e-10 9.5121e-11 1.36722e-10 8.71943e-11 1.11187e-10 8.71943e-11 1.11187e-10 5.73389e-11 6.74806e-11 5.73389e-11 6.74806e-11 0 0 0 0 -5.38603e-11 -9.28395e-11 -5.38603e-11 -9.28395e-11 -1.12653e-10 -2.17568e-10 -1.12653e-10 -2.17568e-10 -1.68916e-10 -2.86436e-10 -1.68916e-10 -2.86436e-10 -2.06622e-10 -2.51055e-10 -2.06622e-10 -2.51055e-10 -1.96842e-10 -2.39731e-10 -1.96842e-10 -2.39731e-10 -1.4476e-10 -2.1818e-10 -1.4476e-10 -2.1818e-10 -1.17287e-10 -1.42845e-10 -1.17287e-10 -1.42845e-10 -6.6783e-11 -8.32889e-11 -6.6783e-11 -8.32889e-11 -2.37514e-11 -2.4766e-11 -2.37514e-11 -2.4766e-11 3.09701e-11 3.45213e-11 3.09701e-11 3.45213e-11 6.14271e-11 1.10154e-10 6.14271e-11 1.10154e-10 1.1853e-10 1.35904e-10 1.1853e-10 1.35904e-10 1.44143e-10 1.59758e-10 1.44143e-10 1.59758e-10 1.36722e-10 2.04639e-10 1.36722e-10 2.04639e-10 1.11187e-10 1.68272e-10 1.11187e-10 1.68272e-10 6.74806e-11 8.3887e-11 6.74806e-11 8.3887e-11 0 0 0 0 -9.28395e-11 -1.85974e-10 -9.28395e-11 -1.85974e-10 -2.17568e-10 -3.37556e-10 -2.17568e-10 -3.37556e-10 -2.86436e-10 -2.91835e-10 -2.86436e-10 -2.91835e-10 -2.51055e-10 -3.66526e-10 -2.51055e-10 -3.66526e-10 -2.39731e-10 -2.79179e-10 -2.39731e-10 -2.79179e-10 -2.1818e-10 -2.43553e-10 -2.1818e-10 -2.43553e-10 -1.42845e-10 -1.51312e-10 -1.42845e-10 -1.51312e-10 -8.32889e-11 -8.254e-11 -8.32889e-11 -8.254e-11 -2.4766e-11 -1.56507e-11 -2.4766e-11 -1.56507e-11 3.45213e-11 4.81557e-11 3.45213e-11 4.81557e-11 1.10154e-10 1.41626e-10 1.10154e-10 1.41626e-10 1.35904e-10 1.67873e-10 1.35904e-10 1.67873e-10 1.59758e-10 2.59489e-10 1.59758e-10 2.59489e-10 2.04639e-10 2.08725e-10 2.04639e-10 2.08725e-10 1.68272e-10 2.60766e-10 1.68272e-10 2.60766e-10 8.3887e-11 1.53349e-10 8.3887e-11 1.53349e-10 0 0 0 0 -1.85974e-10 -4.32493e-10 -1.85974e-10 -4.32493e-10 -3.37556e-10 -3.17357e-10 -3.37556e-10 -3.17357e-10 -2.91835e-10 -4.80867e-10 -2.91835e-10 -4.80867e-10 -3.66526e-10 -3.2091e-10 -3.66526e-10 -3.2091e-10 -2.79179e-10 -3.2403e-10 -2.79179e-10 -3.2403e-10 -2.43553e-10 -2.19495e-10 -2.43553e-10 -2.19495e-10 -1.51312e-10 -1.36343e-10 -1.51312e-10 -1.36343e-10 -8.254e-11 -6.73754e-11 -8.254e-11 -6.73754e-11 -1.56507e-11 -1.20459e-14 -1.56507e-11 -1.20459e-14 4.81557e-11 6.1898e-11 4.81557e-11 6.1898e-11 1.41626e-10 1.44021e-10 1.41626e-10 1.44021e-10 1.67873e-10 2.45721e-10 1.67873e-10 2.45721e-10 2.59489e-10 2.33799e-10 2.59489e-10 2.33799e-10 2.08725e-10 4.0043e-10 2.08725e-10 4.0043e-10 2.60766e-10 2.67906e-10 2.60766e-10 2.67906e-10 1.53349e-10 3.77621e-10 1.53349e-10 3.77621e-10 0 0 0 0 -4.32493e-10 -6.08931e-10 -4.32493e-10 -6.08931e-10 -3.17357e-10 -5.8034e-10 -3.17357e-10 -5.8034e-10 -4.80867e-10 -3.21952e-10 -4.80867e-10 -3.21952e-10 -3.2091e-10 -3.69718e-10 -3.2091e-10 -3.69718e-10 -3.2403e-10 -2.608e-10 -3.2403e-10 -2.608e-10 -2.19495e-10 -1.63171e-10 -2.19495e-10 -1.63171e-10 -1.36343e-10 -1.01329e-10 -1.36343e-10 -1.01329e-10 -6.73754e-11 -4.39305e-11 -6.73754e-11 -4.39305e-11 -1.20459e-14 1.22959e-11 -1.20459e-14 1.22959e-11 6.1898e-11 6.44667e-11 6.1898e-11 6.44667e-11 1.44021e-10 1.23272e-10 1.44021e-10 1.23272e-10 2.45721e-10 2.29968e-10 2.45721e-10 2.29968e-10 2.33799e-10 3.39066e-10 2.33799e-10 3.39066e-10 4.0043e-10 2.84444e-10 4.0043e-10 2.84444e-10 2.67906e-10 5.52722e-10 2.67906e-10 5.52722e-10 3.77621e-10 5.77013e-10 3.77621e-10 5.77013e-10 0 0 0 0 -6.08931e-10 -1.36277e-12 -6.08931e-10 -1.36277e-12 -5.8034e-10 -5.20579e-10 -5.8034e-10 -5.20579e-10 -3.21952e-10 -4.81405e-10 -3.21952e-10 -4.81405e-10 -3.69718e-10 -2.40252e-10 -3.69718e-10 -2.40252e-10 -2.608e-10 -1.32443e-10 -2.608e-10 -1.32443e-10 -1.63171e-10 -8.89198e-11 -1.63171e-10 -8.89198e-11 -1.01329e-10 -5.55505e-11 -1.01329e-10 -5.55505e-11 -4.39305e-11 -2.17952e-11 -4.39305e-11 -2.17952e-11 1.22959e-11 1.16677e-11 1.22959e-11 1.16677e-11 6.44667e-11 4.31555e-11 6.44667e-11 4.31555e-11 1.23272e-10 7.48086e-11 1.23272e-10 7.48086e-11 2.29968e-10 1.23968e-10 2.29968e-10 1.23968e-10 3.39066e-10 2.52511e-10 3.39066e-10 2.52511e-10 2.84444e-10 5.13683e-10 2.84444e-10 5.13683e-10 5.52722e-10 5.43612e-10 5.52722e-10 5.43612e-10 5.77013e-10 5.05624e-11 5.77013e-10 5.05624e-11 0 0 0 0 -1.36277e-12 0 -1.36277e-12 0 -5.20579e-10 0 -5.20579e-10 0 -4.81405e-10 0 -4.81405e-10 0 -2.40252e-10 0 -2.40252e-10 0 -1.32443e-10 0 -1.32443e-10 0 -8.89198e-11 0 -8.89198e-11 0 -5.55505e-11 0 -5.55505e-11 0 -2.17952e-11 0 -2.17952e-11 0 1.16677e-11 0 1.16677e-11 0 4.31555e-11 0 4.31555e-11 0 7.48086e-11 0 7.48086e-11 0 1.23968e-10 0 1.23968e-10 0 2.52511e-10 0 2.52511e-10 0 5.13683e-10 0 5.13683e-10 0 5.43612e-10 0 5.43612e-10 0 5.05624e-11 0 5.05624e-11 0 0 0 
