# vtk DataFile Version 3.0
#This file was generated by the deal.II library on 2026/9/23 at 11:12:14
ASCII
DATASET UNSTRUCTURED_GRID

POINTS 1156 double
0 0 0
0.0588235 0 0
0 0.0588235 0
0.0588235 0.0588235 0
0 0.0588235 0
0.0588235 0.0588235 0
0 0.117647 0
0.0588235 0.117647 0
0 0.117647 0
0.0588235 0.117647 0
0 0.176471 0
0.0588235 0.176471 0
0 0.176471 0
0.0588235 0.176471 0
0 0.235294 0
0.0588235 0.235294 0
0 0.235294 0
0.0588235 0.235294 0
0 0.294118 0
0.0588235 0.294118 0
0 0.294118 0
0.0588235 0.294118 0
0 0.352941 0
0.0588235 0.352941 0
0 0.352941 0
0.0588235 0.352941 0
0 0.411765 0
0.0588235 0.411765 0
0 0.411765 0
0.0588235 0.411765 0
0 0.470588 0
0.0588235 0.470588 0
0 0.470588 0
0.0588235 0.470588 0
0 0.529412 0
0.0588235 0.529412 0
0 0.529412 0
0.0588235 0.529412 0
0 0.588235 0
0.0588235 0.588235 0
0 0.588235 0
0.0588235 0.588235 0
0 0.647059 0
0.0588235 0.647059 0
0 0.647059 0
0.0588235 0.647059 0
0 0.705882 0
0.0588235 0.705882 0
0 0.705882 0
0.0588235 0.705882 0
0 0.764706 0
0.0588235 0.764706 0
0 0.764706 0
0.0588235 0.764706 0
0 0.823529 0
0.0588235 0.823529 0
0 0.823529 0
0.0588235 0.823529 0
0 0.882353 0
0.0588235 0.882353 0
0 0.882353 0
0.0588235 0.882353 0
0 0.941176 0
0.0588235 0.941176 0
0 0.941176 0
0.0588235 0.941176 0
0 1 0
0.0588235 1 0
0.0588235 0 0
0.117647 0 0
0.0588235 0.0588235 0
0.117647 0.0588235 0
0.0588235 0.0588235 0
0.117647 0.0588235 0
0.0588235 0.117647 0
0.117647 0.117647 0
0.0588235 0.117647 0
0.117647 0.117647 0
0.0588235 0.176471 0
0.117647 0.176471 0
0.0588235 0.176471 0
0.117647 0.176471 0
0.0588235 0.235294 0
0.117647 0.235294 0
0.0588235 0.235294 0
0.117647 0.235294 0
0.0588235 0.294118 0
0.117647 0.294118 0
0.0588235 0.294118 0
0.117647 0.294118 0
0.0588235 0.352941 0
0.117647 0.352941 0
0.0588235 0.352941 0
0.117647 0.352941 0
0.0588235 0.411765 0
0.117647 0.411765 0
0.0588235 0.411765 0
0.117647 0.411765 0
0.0588235 0.470588 0
0.117647 0.470588 0
0.0588235 0.470588 0
0.117647 0.470588 0
0.0588235 0.529412 0
0.117647 0.529412 0
0.0588235 0.529412 0
0.117647 0.529412 0
0.0588235 0.588235 0
0.117647 0.588235 0
0.0588235 0.588235 0
0.117647 0.588235 0
0.0588235 0.647059 0
0.117647 0.647059 0
0.0588235 0.647059 0
0.117647 0.647059 0
0.0588235 0.705882 0
0.117647 0.705882 0
0.0588235 0.705882 0
0.117647 0.705882 0
0.0588235 0.764706 0
0.117647 0.764706 0
0.0588235 0.764706 0
0.117647 0.764706 0
0.0588235 0.823529 0
0.117647 0.823529 0
0.0588235 0.823529 0
0.117647 0.823529 0
0.0588235 0.882353 0
0.117647 0.882353 0
0.0588235 0.882353 0
0.117647 0.882353 0
0.0588235 0.941176 0
0.117647 0.941176 0
0.0588235 0.941176 0
0.117647 0.941176 0
0.0588235 1 0
0.117647 1 0
0.117647 0 0
0.176471 0 0
0.117647 0.0588235 0
0.176471 0.0588235 0
0.117647 0.0588235 0
0.176471 0.0588235 0
0.117647 0.117647 0
0.176471 0.117647 0
0.117647 0.117647 0
0.176471 0.117647 0
0.117647 0.176471 0
0.176471 0.176471 0
0.117647 0.176471 0
0.176471 0.176471 0
0.117647 0.235294 0
0.176471 0.235294 0
0.117647 0.235294 0
0.176471 0.235294 0
0.117647 0.294118 0
0.176471 0.294118 0
0.117647 0.294118 0
0.176471 0.294118 0
0.117647 0.352941 0
0.176471 0.352941 0
0.117647 0.352941 0
0.176471 0.352941 0
0.117647 0.411765 0
0.176471 0.411765 0
0.117647 0.411765 0
0.176471 0.411765 0
0.117647 0.470588 0
0.176471 0.470588 0
0.117647 0.470588 0
0.176471 0.470588 0
0.117647 0.529412 0
0.176471 0.529412 0
0.117647 0.529412 0
0.176471 0.529412 0
0.117647 0.588235 0
0.176471 0.588235 0
0.117647 0.588235 0
0.176471 0.588235 0
0.117647 0.647059 0
0.176471 0.647059 0
0.117647 0.647059 0
0.176471 0.647059 0
0.117647 0.705882 0
0.176471 0.705882 0
0.117647 0.705882 0
0.176471 0.705882 0
0.117647 0.764706 0
0.176471 0.764706 0
0.117647 0.764706 0
0.176471 0.764706 0
0.117647 0.823529 0
0.176471 0.823529 0
0.117647 0.823529 0
0.176471 0.823529 0
0.117647 0.882353 0
0.176471 0.882353 0
0.117647 0.882353 0
0.176471 0.882353 0
0.117647 0.941176 0
0.176471 0.941176 0
0.117647 0.941176 0
0.176471 0.941176 0
0.117647 1 0
0.176471 1 0
0.176471 0 0
0.235294 0 0
0.176471 0.0588235 0
0.235294 0.0588235 0
0.176471 0.0588235 0
0.235294 0.0588235 0
0.176471 0.117647 0
0.235294 0.117647 0
0.176471 0.117647 0
0.235294 0.117647 0
0.176471 0.176471 0
0.235294 0.176471 0
0.176471 0.176471 0
0.235294 0.176471 0
0.176471 0.235294 0
0.235294 0.235294 0
0.176471 0.235294 0
0.235294 0.235294 0
0.176471 0.294118 0
0.235294 0.294118 0
0.176471 0.294118 0
0.235294 0.294118 0
0.176471 0.352941 0
0.235294 0.352941 0
0.176471 0.352941 0
0.235294 0.352941 0
0.176471 0.411765 0
0.235294 0.411765 0
0.176471 0.411765 0
0.235294 0.411765 0
0.176471 0.470588 0
0.235294 0.470588 0
0.176471 0.470588 0
0.235294 0.470588 0
0.176471 0.529412 0
0.235294 0.529412 0
0.176471 0.529412 0
0.235294 0.529412 0
0.176471 0.588235 0
0.235294 0.588235 0
0.176471 0.588235 0
0.235294 0.588235 0
0.176471 0.647059 0
0.235294 0.647059 0
0.176471 0.647059 0
0.235294 0.647059 0
0.176471 0.705882 0
0.235294 0.705882 0
0.176471 0.705882 0
0.235294 0.705882 0
0.176471 0.764706 0
0.235294 0.764706 0
0.176471 0.764706 0
0.235294 0.764706 0
0.176471 0.823529 0
0.235294 0.823529 0
0.176471 0.823529 0
0.235294 0.823529 0
0.176471 0.882353 0
0.235294 0.882353 0
0.176471 0.882353 0
0.235294 0.882353 0
0.176471 0.941176 0
0.235294 0.941176 0
0.176471 0.941176 0
0.235294 0.941176 0
0.176471 1 0
0.235294 1 0
0.235294 0 0
0.294118 0 0
0.235294 0.0588235 0
0.294118 0.0588235 0
0.235294 0.0588235 0
0.294118 0.0588235 0
0.235294 0.117647 0
0.294118 0.117647 0
0.235294 0.117647 0
0.294118 0.117647 0
0.235294 0.176471 0
0.294118 0.176471 0
0.235294 0.176471 0
0.294118 0.176471 0
0.235294 0.235294 0
0.294118 0.235294 0
0.235294 0.235294 0
0.294118 0.235294 0
0.235294 0.294118 0
0.294118 0.294118 0
0.235294 0.294118 0
0.294118 0.294118 0
0.235294 0.352941 0
0.294118 0.352941 0
0.235294 0.352941 0
0.294118 0.352941 0
0.235294 0.411765 0
0.294118 0.411765 0
0.235294 0.411765 0
0.294118 0.411765 0
0.235294 0.470588 0
0.294118 0.470588 0
0.235294 0.470588 0
0.294118 0.470588 0
0.235294 0.529412 0
0.294118 0.529412 0
0.235294 0.529412 0
0.294118 0.529412 0
0.235294 0.588235 0
0.294118 0.588235 0
0.235294 0.588235 0
0.294118 0.588235 0
0.235294 0.647059 0
0.294118 0.647059 0
0.235294 0.647059 0
0.294118 0.647059 0
0.235294 0.705882 0
0.294118 0.705882 0
0.235294 0.705882 0
0.294118 0.705882 0
0.235294 0.764706 0
0.294118 0.764706 0
0.235294 0.764706 0
0.294118 0.764706 0
0.235294 0.823529 0
0.294118 0.823529 0
0.235294 0.823529 0
0.294118 0.823529 0
0.235294 0.882353 0
0.294118 0.882353 0
0.235294 0.882353 0
0.294118 0.882353 0
0.235294 0.941176 0
0.294118 0.941176 0
0.235294 0.941176 0
0.294118 0.941176 0
0.235294 1 0
0.294118 1 0
0.294118 0 0
0.352941 0 0
0.294118 0.0588235 0
0.352941 0.0588235 0
0.294118 0.0588235 0
0.352941 0.0588235 0
0.294118 0.117647 0
0.352941 0.117647 0
0.294118 0.117647 0
0.352941 0.117647 0
0.294118 0.176471 0
0.352941 0.176471 0
0.294118 0.176471 0
0.352941 0.176471 0
0.294118 0.235294 0
0.352941 0.235294 0
0.294118 0.235294 0
0.352941 0.235294 0
0.294118 0.294118 0
0.352941 0.294118 0
0.294118 0.294118 0
0.352941 0.294118 0
0.294118 0.352941 0
0.352941 0.352941 0
0.294118 0.352941 0
0.352941 0.352941 0
0.294118 0.411765 0
0.352941 0.411765 0
0.294118 0.411765 0
0.352941 0.411765 0
0.294118 0.470588 0
0.352941 0.470588 0
0.294118 0.470588 0
0.352941 0.470588 0
0.294118 0.529412 0
0.352941 0.529412 0
0.294118 0.529412 0
0.352941 0.529412 0
0.294118 0.588235 0
0.352941 0.588235 0
0.294118 0.588235 0
0.352941 0.588235 0
0.294118 0.647059 0
0.352941 0.647059 0
0.294118 0.647059 0
0.352941 0.647059 0
0.294118 0.705882 0
0.352941 0.705882 0
0.294118 0.705882 0
0.352941 0.705882 0
0.294118 0.764706 0
0.352941 0.764706 0
0.294118 0.764706 0
0.352941 0.764706 0
0.294118 0.823529 0
0.352941 0.823529 0
0.294118 0.823529 0
0.352941 0.823529 0
0.294118 0.882353 0
0.352941 0.882353 0
0.294118 0.882353 0
0.352941 0.882353 0
0.294118 0.941176 0
0.352941 0.941176 0
0.294118 0.941176 0
0.352941 0.941176 0
0.294118 1 0
0.352941 1 0
0.352941 0 0
0.411765 0 0
0.352941 0.0588235 0
0.411765 0.0588235 0
0.352941 0.0588235 0
0.411765 0.0588235 0
0.352941 0.117647 0
0.411765 0.117647 0
0.352941 0.117647 0
0.411765 0.117647 0
0.352941 0.176471 0
0.411765 0.176471 0
0.352941 0.176471 0
0.411765 0.176471 0
0.352941 0.235294 0
0.411765 0.235294 0
0.352941 0.235294 0
0.411765 0.235294 0
0.352941 0.294118 0
0.411765 0.294118 0
0.352941 0.294118 0
0.411765 0.294118 0
0.352941 0.352941 0
0.411765 0.352941 0
0.352941 0.352941 0
0.411765 0.352941 0
0.352941 0.411765 0
0.411765 0.411765 0
0.352941 0.411765 0
0.411765 0.411765 0
0.352941 0.470588 0
0.411765 0.470588 0
0.352941 0.470588 0
0.411765 0.470588 0
0.352941 0.529412 0
0.411765 0.529412 0
0.352941 0.529412 0
0.411765 0.529412 0
0.352941 0.588235 0
0.411765 0.588235 0
0.352941 0.588235 0
0.411765 0.588235 0
0.352941 0.647059 0
0.411765 0.647059 0
0.352941 0.647059 0
0.411765 0.647059 0
0.352941 0.705882 0
0.411765 0.705882 0
0.352941 0.705882 0
0.411765 0.705882 0
0.352941 0.764706 0
0.411765 0.764706 0
0.352941 0.764706 0
0.411765 0.764706 0
0.352941 0.823529 0
0.411765 0.823529 0
0.352941 0.823529 0
0.411765 0.823529 0
0.352941 0.882353 0
0.411765 0.882353 0
0.352941 0.882353 0
0.411765 0.882353 0
0.352941 0.941176 0
0.411765 0.941176 0
0.352941 0.941176 0
0.411765 0.941176 0
0.352941 1 0
0.411765 1 0
0.411765 0 0
0.470588 0 0
0.411765 0.0588235 0
0.470588 0.0588235 0
0.411765 0.0588235 0
0.470588 0.0588235 0
0.411765 0.117647 0
0.470588 0.117647 0
0.411765 0.117647 0
0.470588 0.117647 0
0.411765 0.176471 0
0.470588 0.176471 0
0.411765 0.176471 0
0.470588 0.176471 0
0.411765 0.235294 0
0.470588 0.235294 0
0.411765 0.235294 0
0.470588 0.235294 0
0.411765 0.294118 0
0.470588 0.294118 0
0.411765 0.294118 0
0.470588 0.294118 0
0.411765 0.352941 0
0.470588 0.352941 0
0.411765 0.352941 0
0.470588 0.352941 0
0.411765 0.411765 0
0.470588 0.411765 0
0.411765 0.411765 0
0.470588 0.411765 0
0.411765 0.470588 0
0.470588 0.470588 0
0.411765 0.470588 0
0.470588 0.470588 0
0.411765 0.529412 0
0.470588 0.529412 0
0.411765 0.529412 0
0.470588 0.529412 0
0.411765 0.588235 0
0.470588 0.588235 0
0.411765 0.588235 0
0.470588 0.588235 0
0.411765 0.647059 0
0.470588 0.647059 0
0.411765 0.647059 0
0.470588 0.647059 0
0.411765 0.705882 0
0.470588 0.705882 0
0.411765 0.705882 0
0.470588 0.705882 0
0.411765 0.764706 0
0.470588 0.764706 0
0.411765 0.764706 0
0.470588 0.764706 0
0.411765 0.823529 0
0.470588 0.823529 0
0.411765 0.823529 0
0.470588 0.823529 0
0.411765 0.882353 0
0.470588 0.882353 0
0.411765 0.882353 0
0.470588 0.882353 0
0.411765 0.941176 0
0.470588 0.941176 0
0.411765 0.941176 0
0.470588 0.941176 0
0.411765 1 0
0.470588 1 0
0.470588 0 0
0.529412 0 0
0.470588 0.0588235 0
0.529412 0.0588235 0
0.470588 0.0588235 0
0.529412 0.0588235 0
0.470588 0.117647 0
0.529412 0.117647 0
0.470588 0.117647 0
0.529412 0.117647 0
0.470588 0.176471 0
0.529412 0.176471 0
0.470588 0.176471 0
0.529412 0.176471 0
0.470588 0.235294 0
0.529412 0.235294 0
0.470588 0.235294 0
0.529412 0.235294 0
0.470588 0.294118 0
0.529412 0.294118 0
0.470588 0.294118 0
0.529412 0.294118 0
0.470588 0.352941 0
0.529412 0.352941 0
0.470588 0.352941 0
0.529412 0.352941 0
0.470588 0.411765 0
0.529412 0.411765 0
0.470588 0.411765 0
0.529412 0.411765 0
0.470588 0.470588 0
0.529412 0.470588 0
0.470588 0.470588 0
0.529412 0.470588 0
0.470588 0.529412 0
0.529412 0.529412 0
0.470588 0.529412 0
0.529412 0.529412 0
0.470588 0.588235 0
0.529412 0.588235 0
0.470588 0.588235 0
0.529412 0.588235 0
0.470588 0.647059 0
0.529412 0.647059 0
0.470588 0.647059 0
0.529412 0.647059 0
0.470588 0.705882 0
0.529412 0.705882 0
0.470588 0.705882 0
0.529412 0.705882 0
0.470588 0.764706 0
0.529412 0.764706 0
0.470588 0.764706 0
0.529412 0.764706 0
0.470588 0.823529 0
0.529412 0.823529 0
0.470588 0.823529 0
0.529412 0.823529 0
0.470588 0.882353 0
0.529412 0.882353 0
0.470588 0.882353 0
0.529412 0.882353 0
0.470588 0.941176 0
0.529412 0.941176 0
0.470588 0.941176 0
0.529412 0.941176 0
0.470588 1 0
0.529412 1 0
0.529412 0 0
0.588235 0 0
0.529412 0.0588235 0
0.588235 0.0588235 0
0.529412 0.0588235 0
0.588235 0.0588235 0
0.529412 0.117647 0
0.588235 0.117647 0
0.529412 0.117647 0
0.588235 0.117647 0
0.529412 0.176471 0
0.588235 0.176471 0
0.529412 0.176471 0
0.588235 0.176471 0
0.529412 0.235294 0
0.588235 0.235294 0
0.529412 0.235294 0
0.588235 0.235294 0
0.529412 0.294118 0
0.588235 0.294118 0
0.529412 0.294118 0
0.588235 0.294118 0
0.529412 0.352941 0
0.588235 0.352941 0
0.529412 0.352941 0
0.588235 0.352941 0
0.529412 0.411765 0
0.588235 0.411765 0
0.529412 0.411765 0
0.588235 0.411765 0
0.529412 0.470588 0
0.588235 0.470588 0
0.529412 0.470588 0
0.588235 0.470588 0
0.529412 0.529412 0
0.588235 0.529412 0
0.529412 0.529412 0
0.588235 0.529412 0
0.529412 0.588235 0
0.588235 0.588235 0
0.529412 0.588235 0
0.588235 0.588235 0
0.529412 0.647059 0
0.588235 0.647059 0
0.529412 0.647059 0
0.588235 0.647059 0
0.529412 0.705882 0
0.588235 0.705882 0
0.529412 0.705882 0
0.588235 0.705882 0
0.529412 0.764706 0
0.588235 0.764706 0
0.529412 0.764706 0
0.588235 0.764706 0
0.529412 0.823529 0
0.588235 0.823529 0
0.529412 0.823529 0
0.588235 0.823529 0
0.529412 0.882353 0
0.588235 0.882353 0
0.529412 0.882353 0
0.588235 0.882353 0
0.529412 0.941176 0
0.588235 0.941176 0
0.529412 0.941176 0
0.588235 0.941176 0
0.529412 1 0
0.588235 1 0
0.588235 0 0
0.647059 0 0
0.588235 0.0588235 0
0.647059 0.0588235 0
0.588235 0.0588235 0
0.647059 0.0588235 0
0.588235 0.117647 0
0.647059 0.117647 0
0.588235 0.117647 0
0.647059 0.117647 0
0.588235 0.176471 0
0.647059 0.176471 0
0.588235 0.176471 0
0.647059 0.176471 0
0.588235 0.235294 0
0.647059 0.235294 0
0.588235 0.235294 0
0.647059 0.235294 0
0.588235 0.294118 0
0.647059 0.294118 0
0.588235 0.294118 0
0.647059 0.294118 0
0.588235 0.352941 0
0.647059 0.352941 0
0.588235 0.352941 0
0.647059 0.352941 0
0.588235 0.411765 0
0.647059 0.411765 0
0.588235 0.411765 0
0.647059 0.411765 0
0.588235 0.470588 0
0.647059 0.470588 0
0.588235 0.470588 0
0.647059 0.470588 0
0.588235 0.529412 0
0.647059 0.529412 0
0.588235 0.529412 0
0.647059 0.529412 0
0.588235 0.588235 0
0.647059 0.588235 0
0.588235 0.588235 0
0.647059 0.588235 0
0.588235 0.647059 0
0.647059 0.647059 0
0.588235 0.647059 0
0.647059 0.647059 0
0.588235 0.705882 0
0.647059 0.705882 0
0.588235 0.705882 0
0.647059 0.705882 0
0.588235 0.764706 0
0.647059 0.764706 0
0.588235 0.764706 0
0.647059 0.764706 0
0.588235 0.823529 0
0.647059 0.823529 0
0.588235 0.823529 0
0.647059 0.823529 0
0.588235 0.882353 0
0.647059 0.882353 0
0.588235 0.882353 0
0.647059 0.882353 0
0.588235 0.941176 0
0.647059 0.941176 0
0.588235 0.941176 0
0.647059 0.941176 0
0.588235 1 0
0.647059 1 0
0.647059 0 0
0.705882 0 0
0.647059 0.0588235 0
0.705882 0.0588235 0
0.647059 0.0588235 0
0.705882 0.0588235 0
0.647059 0.117647 0
0.705882 0.117647 0
0.647059 0.117647 0
0.705882 0.117647 0
0.647059 0.176471 0
0.705882 0.176471 0
0.647059 0.176471 0
0.705882 0.176471 0
0.647059 0.235294 0
0.705882 0.235294 0
0.647059 0.235294 0
0.705882 0.235294 0
0.647059 0.294118 0
0.705882 0.294118 0
0.647059 0.294118 0
0.705882 0.294118 0
0.647059 0.352941 0
0.705882 0.352941 0
0.647059 0.352941 0
0.705882 0.352941 0
0.647059 0.411765 0
0.705882 0.411765 0
0.647059 0.411765 0
0.705882 0.411765 0
0.647059 0.470588 0
0.705882 0.470588 0
0.647059 0.470588 0
0.705882 0.470588 0
0.647059 0.529412 0
0.705882 0.529412 0
0.647059 0.529412 0
0.705882 0.529412 0
0.647059 0.588235 0
0.705882 0.588235 0
0.647059 0.588235 0
0.705882 0.588235 0
0.647059 0.647059 0
0.705882 0.647059 0
0.647059 0.647059 0
0.705882 0.647059 0
0.647059 0.705882 0
0.705882 0.705882 0
0.647059 0.705882 0
0.705882 0.705882 0
0.647059 0.764706 0
0.705882 0.764706 0
0.647059 0.764706 0
0.705882 0.764706 0
0.647059 0.823529 0
0.705882 0.823529 0
0.647059 0.823529 0
0.705882 0.823529 0
0.647059 0.882353 0
0.705882 0.882353 0
0.647059 0.882353 0
0.705882 0.882353 0
0.647059 0.941176 0
0.705882 0.941176 0
0.647059 0.941176 0
0.705882 0.941176 0
0.647059 1 0
0.705882 1 0
0.705882 0 0
0.764706 0 0
0.705882 0.0588235 0
0.764706 0.0588235 0
0.705882 0.0588235 0
0.764706 0.0588235 0
0.705882 0.117647 0
0.764706 0.117647 0
0.705882 0.117647 0
0.764706 0.117647 0
0.705882 0.176471 0
0.764706 0.176471 0
0.705882 0.176471 0
0.764706 0.176471 0
0.705882 0.235294 0
0.764706 0.235294 0
0.705882 0.235294 0
0.764706 0.235294 0
0.705882 0.294118 0
0.764706 0.294118 0
0.705882 0.294118 0
0.764706 0.294118 0
0.705882 0.352941 0
0.764706 0.352941 0
0.705882 0.352941 0
0.764706 0.352941 0
0.705882 0.411765 0
0.764706 0.411765 0
0.705882 0.411765 0
0.764706 0.411765 0
0.705882 0.470588 0
0.764706 0.470588 0
0.705882 0.470588 0
0.764706 0.470588 0
0.705882 0.529412 0
0.764706 0.529412 0
0.705882 0.529412 0
0.764706 0.529412 0
0.705882 0.588235 0
0.764706 0.588235 0
0.705882 0.588235 0
0.764706 0.588235 0
0.705882 0.647059 0
0.764706 0.647059 0
0.705882 0.647059 0
0.764706 0.647059 0
0.705882 0.705882 0
0.764706 0.705882 0
0.705882 0.705882 0
0.764706 0.705882 0
0.705882 0.764706 0
0.764706 0.764706 0
0.705882 0.764706 0
0.764706 0.764706 0
0.705882 0.823529 0
0.764706 0.823529 0
0.705882 0.823529 0
0.764706 0.823529 0
0.705882 0.882353 0
0.764706 0.882353 0
0.705882 0.882353 0
0.764706 0.882353 0
0.705882 0.941176 0
0.764706 0.941176 0
0.705882 0.941176 0
0.764706 0.941176 0
0.705882 1 0
0.764706 1 0
0.764706 0 0
0.823529 0 0
0.764706 0.0588235 0
0.823529 0.0588235 0
0.764706 0.0588235 0
0.823529 0.0588235 0
0.764706 0.117647 0
0.823529 0.117647 0
0.764706 0.117647 0
0.823529 0.117647 0
0.764706 0.176471 0
0.823529 0.176471 0
0.764706 0.176471 0
0.823529 0.176471 0
0.764706 0.235294 0
0.823529 0.235294 0
0.764706 0.235294 0
0.823529 0.235294 0
0.764706 0.294118 0
0.823529 0.294118 0
0.764706 0.294118 0
0.823529 0.294118 0
0.764706 0.352941 0
0.823529 0.352941 0
0.764706 0.352941 0
0.823529 0.352941 0
0.764706 0.411765 0
0.823529 0.411765 0
0.764706 0.411765 0
0.823529 0.411765 0
0.764706 0.470588 0
0.823529 0.470588 0
0.764706 0.470588 0
0.823529 0.470588 0
0.764706 0.529412 0
0.823529 0.529412 0
0.764706 0.529412 0
0.823529 0.529412 0
0.764706 0.588235 0
0.823529 0.588235 0
0.764706 0.588235 0
0.823529 0.588235 0
0.764706 0.647059 0
0.823529 0.647059 0
0.764706 0.647059 0
0.823529 0.647059 0
0.764706 0.705882 0
0.823529 0.705882 0
0.764706 0.705882 0
0.823529 0.705882 0
0.764706 0.764706 0
0.823529 0.764706 0
0.764706 0.764706 0
0.823529 0.764706 0
0.764706 0.823529 0
0.823529 0.823529 0
0.764706 0.823529 0
0.823529 0.823529 0
0.764706 0.882353 0
0.823529 0.882353 0
0.764706 0.882353 0
0.823529 0.882353 0
0.764706 0.941176 0
0.823529 0.941176 0
0.764706 0.941176 0
0.823529 0.941176 0
0.764706 1 0
0.823529 1 0
0.823529 0 0
0.882353 0 0
0.823529 0.0588235 0
0.882353 0.0588235 0
0.823529 0.0588235 0
0.882353 0.0588235 0
0.823529 0.117647 0
0.882353 0.117647 0
0.823529 0.117647 0
0.882353 0.117647 0
0.823529 0.176471 0
0.882353 0.176471 0
0.823529 0.176471 0
0.882353 0.176471 0
0.823529 0.235294 0
0.882353 0.235294 0
0.823529 0.235294 0
0.882353 0.235294 0
0.823529 0.294118 0
0.882353 0.294118 0
0.823529 0.294118 0
0.882353 0.294118 0
0.823529 0.352941 0
0.882353 0.352941 0
0.823529 0.352941 0
0.882353 0.352941 0
0.823529 0.411765 0
0.882353 0.411765 0
0.823529 0.411765 0
0.882353 0.411765 0
0.823529 0.470588 0
0.882353 0.470588 0
0.823529 0.470588 0
0.882353 0.470588 0
0.823529 0.529412 0
0.882353 0.529412 0
0.823529 0.529412 0
0.882353 0.529412 0
0.823529 0.588235 0
0.882353 0.588235 0
0.823529 0.588235 0
0.882353 0.588235 0
0.823529 0.647059 0
0.882353 0.647059 0
0.823529 0.647059 0
0.882353 0.647059 0
0.823529 0.705882 0
0.882353 0.705882 0
0.823529 0.705882 0
0.882353 0.705882 0
0.823529 0.764706 0
0.882353 0.764706 0
0.823529 0.764706 0
0.882353 0.764706 0
0.823529 0.823529 0
0.882353 0.823529 0
0.823529 0.823529 0
0.882353 0.823529 0
0.823529 0.882353 0
0.882353 0.882353 0
0.823529 0.882353 0
0.882353 0.882353 0
0.823529 0.941176 0
0.882353 0.941176 0
0.823529 0.941176 0
0.882353 0.941176 0
0.823529 1 0
0.882353 1 0
0.882353 0 0
0.941176 0 0
0.882353 0.0588235 0
0.941176 0.0588235 0
0.882353 0.0588235 0
0.941176 0.0588235 0
0.882353 0.117647 0
0.941176 0.117647 0
0.882353 0.117647 0
0.941176 0.117647 0
0.882353 0.176471 0
0.941176 0.176471 0
0.882353 0.176471 0
0.941176 0.176471 0
0.882353 0.235294 0
0.941176 0.235294 0
0.882353 0.235294 0
0.941176 0.235294 0
0.882353 0.294118 0
0.941176 0.294118 0
0.882353 0.294118 0
0.941176 0.294118 0
0.882353 0.352941 0
0.941176 0.352941 0
0.882353 0.352941 0
0.941176 0.352941 0
0.882353 0.411765 0
0.941176 0.411765 0
0.882353 0.411765 0
0.941176 0.411765 0
0.882353 0.470588 0
0.941176 0.470588 0
0.882353 0.470588 0
0.941176 0.470588 0
0.882353 0.529412 0
0.941176 0.529412 0
0.882353 0.529412 0
0.941176 0.529412 0
0.882353 0.588235 0
0.941176 0.588235 0
0.882353 0.588235 0
0.941176 0.588235 0
0.882353 0.647059 0
0.941176 0.647059 0
0.882353 0.647059 0
0.941176 0.647059 0
0.882353 0.705882 0
0.941176 0.705882 0
0.882353 0.705882 0
0.941176 0.705882 0
0.882353 0.764706 0
0.941176 0.764706 0
0.882353 0.764706 0
0.941176 0.764706 0
0.882353 0.823529 0
0.941176 0.823529 0
0.882353 0.823529 0
0.941176 0.823529 0
0.882353 0.882353 0
0.941176 0.882353 0
0.882353 0.882353 0
0.941176 0.882353 0
0.882353 0.941176 0
0.941176 0.941176 0
0.882353 0.941176 0
0.941176 0.941176 0
0.882353 1 0
0.941176 1 0
0.941176 0 0
1 0 0
0.941176 0.0588235 0
1 0.0588235 0
0.941176 0.0588235 0
1 0.0588235 0
0.941176 0.117647 0
1 0.117647 0
0.941176 0.117647 0
1 0.117647 0
0.941176 0.176471 0
1 0.176471 0
0.941176 0.176471 0
1 0.176471 0
0.941176 0.235294 0
1 0.235294 0
0.941176 0.235294 0
1 0.235294 0
0.941176 0.294118 0
1 0.294118 0
0.941176 0.294118 0
1 0.294118 0
0.941176 0.352941 0
1 0.352941 0
0.941176 0.352941 0
1 0.352941 0
0.941176 0.411765 0
1 0.411765 0
0.941176 0.411765 0
1 0.411765 0
0.941176 0.470588 0
1 0.470588 0
0.941176 0.470588 0
1 0.470588 0
0.941176 0.529412 0
1 0.529412 0
0.941176 0.529412 0
1 0.529412 0
0.941176 0.588235 0
1 0.588235 0
0.941176 0.588235 0
1 0.588235 0
0.941176 0.647059 0
1 0.647059 0
0.941176 0.647059 0
1 0.647059 0
0.941176 0.705882 0
1 0.705882 0
0.941176 0.705882 0
1 0.705882 0
0.941176 0.764706 0
1 0.764706 0
0.941176 0.764706 0
1 0.764706 0
0.941176 0.823529 0
1 0.823529 0
0.941176 0.823529 0
1 0.823529 0
0.941176 0.882353 0
1 0.882353 0
0.941176 0.882353 0
1 0.882353 0
0.941176 0.941176 0
1 0.941176 0
0.941176 0.941176 0
1 0.941176 0
0.941176 1 0
1 1 0

CELLS 289 1445
4	0	1	3	2
4	4	5	7	6
4	8	9	11	10
4	12	13	15	14
4	16	17	19	18
4	20	21	23	22
4	24	25	27	26
4	28	29	31	30
4	32	33	35	34
4	36	37	39	38
4	40	41	43	42
4	44	45	47	46
4	48	49	51	50
4	52	53	55	54
4	56	57	59	58
4	60	61	63	62
4	64	65	67	66
4	68	69	71	70
4	72	73	75	74
4	76	77	79	78
4	80	81	83	82
4	84	85	87	86
4	88	89	91	90
4	92	93	95	94
4	96	97	99	98
4	100	101	103	102
4	104	105	107	106
4	108	109	111	110
4	112	113	115	114
4	116	117	119	118
4	120	121	123	122
4	124	125	127	126
4	128	129	131	130
4	132	133	135	134
4	136	137	139	138
4	140	141	143	142
4	144	145	147	146
4	148	149	151	150
4	152	153	155	154
4	156	157	159	158
4	160	161	163	162
4	164	165	167	166
4	168	169	171	170
4	172	173	175	174
4	176	177	179	178
4	180	181	183	182
4	184	185	187	186
4	188	189	191	190
4	192	193	195	194
4	196	197	199	198
4	200	201	203	202
4	204	205	207	206
4	208	209	211	210
4	212	213	215	214
4	216	217	219	218
4	220	221	223	222
4	224	225	227	226
4	228	229	231	230
4	232	233	235	234
4	236	237	239	238
4	240	241	243	242
4	244	245	247	246
4	248	249	251	250
4	252	253	255	254
4	256	257	259	258
4	260	261	263	262
4	264	265	267	266
4	268	269	271	270
4	272	273	275	274
4	276	277	279	278
4	280	281	283	282
4	284	285	287	286
4	288	289	291	290
4	292	293	295	294
4	296	297	299	298
4	300	301	303	302
4	304	305	307	306
4	308	309	311	310
4	312	313	315	314
4	316	317	319	318
4	320	321	323	322
4	324	325	327	326
4	328	329	331	330
4	332	333	335	334
4	336	337	339	338
4	340	341	343	342
4	344	345	347	346
4	348	349	351	350
4	352	353	355	354
4	356	357	359	358
4	360	361	363	362
4	364	365	367	366
4	368	369	371	370
4	372	373	375	374
4	376	377	379	378
4	380	381	383	382
4	384	385	387	386
4	388	389	391	390
4	392	393	395	394
4	396	397	399	398
4	400	401	403	402
4	404	405	407	406
4	408	409	411	410
4	412	413	415	414
4	416	417	419	418
4	420	421	423	422
4	424	425	427	426
4	428	429	431	430
4	432	433	435	434
4	436	437	439	438
4	440	441	443	442
4	444	445	447	446
4	448	449	451	450
4	452	453	455	454
4	456	457	459	458
4	460	461	463	462
4	464	465	467	466
4	468	469	471	470
4	472	473	475	474
4	476	477	479	478
4	480	481	483	482
4	484	485	487	486
4	488	489	491	490
4	492	493	495	494
4	496	497	499	498
4	500	501	503	502
4	504	505	507	506
4	508	509	511	510
4	512	513	515	514
4	516	517	519	518
4	520	521	523	522
4	524	525	527	526
4	528	529	531	530
4	532	533	535	534
4	536	537	539	538
4	540	541	543	542
4	544	545	547	546
4	548	549	551	550
4	552	553	555	554
4	556	557	559	558
4	560	561	563	562
4	564	565	567	566
4	568	569	571	570
4	572	573	575	574
4	576	577	579	578
4	580	581	583	582
4	584	585	587	586
4	588	589	591	590
4	592	593	595	594
4	596	597	599	598
4	600	601	603	602
4	604	605	607	606
4	608	609	611	610
4	612	613	615	614
4	616	617	619	618
4	620	621	623	622
4	624	625	627	626
4	628	629	631	630
4	632	633	635	634
4	636	637	639	638
4	640	641	643	642
4	644	645	647	646
4	648	649	651	650
4	652	653	655	654
4	656	657	659	658
4	660	661	663	662
4	664	665	667	666
4	668	669	671	670
4	672	673	675	674
4	676	677	679	678
4	680	681	683	682
4	684	685	687	686
4	688	689	691	690
4	692	693	695	694
4	696	697	699	698
4	700	701	703	702
4	704	705	707	706
4	708	709	711	710
4	712	713	715	714
4	716	717	719	718
4	720	721	723	722
4	724	725	727	726
4	728	729	731	730
4	732	733	735	734
4	736	737	739	738
4	740	741	743	742
4	744	745	747	746
4	748	749	751	750
4	752	753	755	754
4	756	757	759	758
4	760	761	763	762
4	764	765	767	766
4	768	769	771	770
4	772	773	775	774
4	776	777	779	778
4	780	781	783	782
4	784	785	787	786
4	788	789	791	790
4	792	793	795	794
4	796	797	799	798
4	800	801	803	802
4	804	805	807	806
4	808	809	811	810
4	812	813	815	814
4	816	817	819	818
4	820	821	823	822
4	824	825	827	826
4	828	829	831	830
4	832	833	835	834
4	836	837	839	838
4	840	841	843	842
4	844	845	847	846
4	848	849	851	850
4	852	853	855	854
4	856	857	859	858
4	860	861	863	862
4	864	865	867	866
4	868	869	871	870
4	872	873	875	874
4	876	877	879	878
4	880	881	883	882
4	884	885	887	886
4	888	889	891	890
4	892	893	895	894
4	896	897	899	898
4	900	901	903	902
4	904	905	907	906
4	908	909	911	910
4	912	913	915	914
4	916	917	919	918
4	920	921	923	922
4	924	925	927	926
4	928	929	931	930
4	932	933	935	934
4	936	937	939	938
4	940	941	943	942
4	944	945	947	946
4	948	949	951	950
4	952	953	955	954
4	956	957	959	958
4	960	961	963	962
4	964	965	967	966
4	968	969	971	970
4	972	973	975	974
4	976	977	979	978
4	980	981	983	982
4	984	985	987	986
4	988	989	991	990
4	992	993	995	994
4	996	997	999	998
4	1000	1001	1003	1002
4	1004	1005	1007	1006
4	1008	1009	1011	1010
4	1012	1013	1015	1014
4	1016	1017	1019	1018
4	1020	1021	1023	1022
4	1024	1025	1027	1026
4	1028	1029	1031	1030
4	1032	1033	1035	1034
4	1036	1037	1039	1038
4	1040	1041	1043	1042
4	1044	1045	1047	1046
4	1048	1049	1051	1050
4	1052	1053	1055	1054
4	1056	1057	1059	1058
4	1060	1061	1063	1062
4	1064	1065	1067	1066
4	1068	1069	1071	1070
4	1072	1073	1075	1074
4	1076	1077	1079	1078
4	1080	1081	1083	1082
4	1084	1085	1087	1086
4	1088	1089	1091	1090
4	1092	1093	1095	1094
4	1096	1097	1099	1098
4	1100	1101	1103	1102
4	1104	1105	1107	1106
4	1108	1109	1111	1110
4	1112	1113	1115	1114
4	1116	1117	1119	1118
4	1120	1121	1123	1122
4	1124	1125	1127	1126
4	1128	1129	1131	1130
4	1132	1133	1135	1134
4	1136	1137	1139	1138
4	1140	1141	1143	1142
4	1144	1145	1147	1146
4	1148	1149	1151	1150
4	1152	1153	1155	1154

CELL_TYPES 289
 9 9 9 9 9 9 9 9 9 9 9 9 9 9 9 9 9 9 9 9 9 9 9 9 9 9 9 9 9 9 9 9 9 9 9 9 9 9 9 9 9 9 9 9 9 9 9 9 9 9 9 9 9 9 9 9 9 9 9 9 9 9 9 9 9 9 9 9 9 9 9 9 9 9 9 9 9 9 9 9 9 9 9 9 9 9 9 9 9 9 9 9 9 9 9 9 9 9 9 9 9 9 9 9 9 9 9 9 9 9 9 9 9 9 9 9 9 9 9 9 9 9 9 9 9 9 9 9 9 9 9 9 9 9 9 9 9 9 9 9 9 9 9 9 9 9 9 9 9 9 9 9 9 9 9 9 9 9 9 9 9 9 9 9 9 9 9 9 9 9 9 9 9 9 9 9 9 9 9 9 9 9 9 9 9 9 9 9 9 9 9 9 9 9 9 9 9 9 9 9 9 9 9 9 9 9 9 9 9 9 9 9 9 9 9 9 9 9 9 9 9 9 9 9 9 9 9 9 9 9 9 9 9 9 9 9 9 9 9 9 9 9 9 9 9 9 9 9 9 9 9 9 9 9 9 9 9 9 9 9 9 9 9 9 9 9 9 9 9 9 9 9 9 9 9 9 9 9 9 9 9 9 9 9 9 9 9 9 9
POINT_DATA 1156
VECTORS velocity double
0 0 0
0.18375 0 0
0 -0.18375 0
0.180621 -0.180622 0
0 -0.18375 0
0.180621 -0.180622 0
0 -0.361242 0
0.171342 -0.355094 0
0 -0.361242 0
0.171342 -0.355094 0
0 -0.526432 0
0.156227 -0.517472 0
0 -0.526432 0
0.156227 -0.517472 0
0 -0.673696 0
0.135793 -0.662228 0
0 -0.673696 0
0.135793 -0.662228 0
0 -0.798017 0
0.110734 -0.784432 0
0 -0.798017 0
0.110734 -0.784432 0
0 -0.895163 0
0.081904 -0.879923 0
0 -0.895163 0
0.081904 -0.879923 0
0 -0.961826 0
0.0502852 -0.945449 0
0 -0.961826 0
0.0502852 -0.945449 0
0 -0.995734 0
0.016954 -0.97878 0
0 -0.995734 0
0.016954 -0.97878 0
0 -0.995734 0
-0.0169546 -0.978779 0
0 -0.995734 0
-0.0169546 -0.978779 0
0 -0.961826 0
-0.0502858 -0.945448 0
0 -0.961826 0
-0.0502858 -0.945448 0
0 -0.895163 0
-0.0819047 -0.87992 0
0 -0.895163 0
-0.0819047 -0.87992 0
0 -0.798017 0
-0.110734 -0.784428 0
0 -0.798017 0
-0.110734 -0.784428 0
0 -0.673696 0
-0.135793 -0.662224 0
0 -0.673696 0
-0.135793 -0.662224 0
0 -0.526432 0
-0.156228 -0.517468 0
0 -0.526432 0
-0.156228 -0.517468 0
0 -0.361242 0
-0.171343 -0.35509 0
0 -0.361242 0
-0.171343 -0.35509 0
0 -0.18375 0
-0.180621 -0.180619 0
0 -0.18375 0
-0.180621 -0.180619 0
0 -1.22465e-16 0
-0.18375 -1.20379e-16 0
0.18375 0 0
0.361242 0 0
0.180621 -0.180622 0
0.355091 -0.171343 0
0.180621 -0.180622 0
0.355091 -0.171343 0
0.171342 -0.355094 0
0.336848 -0.33685 0
0.171342 -0.355094 0
0.336848 -0.33685 0
0.156227 -0.517472 0
0.307133 -0.490886 0
0.156227 -0.517472 0
0.307133 -0.490886 0
0.135793 -0.662228 0
0.26696 -0.628207 0
0.135793 -0.662228 0
0.26696 -0.628207 0
0.110734 -0.784432 0
0.217696 -0.744134 0
0.110734 -0.784432 0
0.217696 -0.744134 0
0.081904 -0.879923 0
0.161019 -0.834718 0
0.081904 -0.879923 0
0.161019 -0.834718 0
0.0502852 -0.945449 0
0.0988577 -0.896877 0
0.0502852 -0.945449 0
0.0988577 -0.896877 0
0.016954 -0.97878 0
0.0333304 -0.928494 0
0.016954 -0.97878 0
0.0333304 -0.928494 0
-0.0169546 -0.978779 0
-0.033332 -0.928493 0
-0.0169546 -0.978779 0
-0.033332 -0.928493 0
-0.0502858 -0.945448 0
-0.0988593 -0.896874 0
-0.0502858 -0.945448 0
-0.0988593 -0.896874 0
-0.0819047 -0.87992 0
-0.16102 -0.834713 0
-0.0819047 -0.87992 0
-0.16102 -0.834713 0
-0.110734 -0.784428 0
-0.217698 -0.744127 0
-0.110734 -0.784428 0
-0.217698 -0.744127 0
-0.135793 -0.662224 0
-0.266962 -0.628201 0
-0.135793 -0.662224 0
-0.266962 -0.628201 0
-0.156228 -0.517468 0
-0.307135 -0.490882 0
-0.156228 -0.517468 0
-0.307135 -0.490882 0
-0.171343 -0.35509 0
-0.33685 -0.336847 0
-0.171343 -0.35509 0
-0.33685 -0.336847 0
-0.180621 -0.180619 0
-0.355094 -0.171341 0
-0.180621 -0.180619 0
-0.355094 -0.171341 0
-0.18375 -1.20379e-16 0
-0.361242 -1.14195e-16 0
0.361242 0 0
0.526432 0 0
0.355091 -0.171343 0
0.517469 -0.156229 0
0.355091 -0.171343 0
0.517469 -0.156229 0
0.336848 -0.33685 0
0.490883 -0.307136 0
0.336848 -0.33685 0
0.490883 -0.307136 0
0.307133 -0.490886 0
0.447581 -0.447584 0
0.307133 -0.490886 0
0.447581 -0.447584 0
0.26696 -0.628207 0
0.389037 -0.572791 0
0.26696 -0.628207 0
0.389037 -0.572791 0
0.217696 -0.744134 0
0.317245 -0.678493 0
0.217696 -0.744134 0
0.317245 -0.678493 0
0.161019 -0.834718 0
0.23465 -0.761088 0
0.161019 -0.834718 0
0.23465 -0.761088 0
0.0988577 -0.896877 0
0.144064 -0.817763 0
0.0988577 -0.896877 0
0.144064 -0.817763 0
0.0333304 -0.928494 0
0.0485718 -0.84659 0
0.0333304 -0.928494 0
0.0485718 -0.84659 0
-0.033332 -0.928493 0
-0.0485743 -0.846588 0
-0.033332 -0.928493 0
-0.0485743 -0.846588 0
-0.0988593 -0.896874 0
-0.144066 -0.817758 0
-0.0988593 -0.896874 0
-0.144066 -0.817758 0
-0.16102 -0.834713 0
-0.234652 -0.76108 0
-0.16102 -0.834713 0
-0.234652 -0.76108 0
-0.217698 -0.744127 0
-0.317248 -0.678485 0
-0.217698 -0.744127 0
-0.317248 -0.678485 0
-0.266962 -0.628201 0
-0.38904 -0.572785 0
-0.266962 -0.628201 0
-0.38904 -0.572785 0
-0.307135 -0.490882 0
-0.447584 -0.44758 0
-0.307135 -0.490882 0
-0.447584 -0.44758 0
-0.33685 -0.336847 0
-0.490885 -0.307133 0
-0.33685 -0.336847 0
-0.490885 -0.307133 0
-0.355094 -0.171341 0
-0.517475 -0.156227 0
-0.355094 -0.171341 0
-0.517475 -0.156227 0
-0.361242 -1.14195e-16 0
-0.526432 -1.04122e-16 0
0.526432 0 0
0.673696 0 0
0.517469 -0.156229 0
0.662225 -0.135794 0
0.517469 -0.156229 0
0.662225 -0.135794 0
0.490883 -0.307136 0
0.628202 -0.266963 0
0.490883 -0.307136 0
0.628202 -0.266963 0
0.447581 -0.447584 0
0.572786 -0.38904 0
0.447581 -0.447584 0
0.572786 -0.38904 0
0.389037 -0.572791 0
0.497866 -0.49787 0
0.389037 -0.572791 0
0.497866 -0.49787 0
0.317245 -0.678493 0
0.405991 -0.589747 0
0.317245 -0.678493 0
0.405991 -0.589747 0
0.23465 -0.761088 0
0.30029 -0.66154 0
0.23465 -0.761088 0
0.30029 -0.66154 0
0.144064 -0.817763 0
0.184364 -0.710801 0
0.144064 -0.817763 0
0.184364 -0.710801 0
0.0485718 -0.84659 0
0.0621588 -0.735856 0
0.0485718 -0.84659 0
0.0621588 -0.735856 0
-0.0485743 -0.846588 0
-0.0621629 -0.735854 0
-0.0485743 -0.846588 0
-0.0621629 -0.735854 0
-0.144066 -0.817758 0
-0.184368 -0.710794 0
-0.144066 -0.817758 0
-0.184368 -0.710794 0
-0.234652 -0.76108 0
-0.300294 -0.66153 0
-0.234652 -0.76108 0
-0.300294 -0.66153 0
-0.317248 -0.678485 0
-0.405995 -0.589739 0
-0.317248 -0.678485 0
-0.405995 -0.589739 0
-0.38904 -0.572785 0
-0.49787 -0.497865 0
-0.38904 -0.572785 0
-0.49787 -0.497865 0
-0.447584 -0.44758 0
-0.572791 -0.389036 0
-0.447584 -0.44758 0
-0.572791 -0.389036 0
-0.490885 -0.307133 0
-0.628208 -0.26696 0
-0.490885 -0.307133 0
-0.628208 -0.26696 0
-0.517475 -0.156227 0
-0.662231 -0.135793 0
-0.517475 -0.156227 0
-0.662231 -0.135793 0
-0.526432 -1.04122e-16 0
-0.673696 -9.05025e-17 0
0.673696 0 0
0.798017 0 0
0.662225 -0.135794 0
0.78443 -0.110735 0
0.662225 -0.135794 0
0.78443 -0.110735 0
0.628202 -0.266963 0
0.744129 -0.217698 0
0.628202 -0.266963 0
0.744129 -0.217698 0
0.572786 -0.38904 0
0.678487 -0.317248 0
0.572786 -0.38904 0
0.678487 -0.317248 0
0.497866 -0.49787 0
0.58974 -0.405995 0
0.497866 -0.49787 0
0.58974 -0.405995 0
0.405991 -0.589747 0
0.48091 -0.480917 0
0.405991 -0.589747 0
0.48091 -0.480917 0
0.30029 -0.66154 0
0.355704 -0.539463 0
0.30029 -0.66154 0
0.355704 -0.539463 0
0.184364 -0.710801 0
0.218385 -0.579634 0
0.184364 -0.710801 0
0.218385 -0.579634 0
0.0621588 -0.735856 0
0.0736286 -0.600064 0
0.0621588 -0.735856 0
0.0736286 -0.600064 0
-0.0621629 -0.735854 0
-0.0736351 -0.600061 0
-0.0621629 -0.735854 0
-0.0736351 -0.600061 0
-0.184368 -0.710794 0
-0.218391 -0.579625 0
-0.184368 -0.710794 0
-0.218391 -0.579625 0
-0.300294 -0.66153 0
-0.355711 -0.539452 0
-0.300294 -0.66153 0
-0.355711 -0.539452 0
-0.405995 -0.589739 0
-0.480917 -0.48091 0
-0.405995 -0.589739 0
-0.480917 -0.48091 0
-0.49787 -0.497865 0
-0.589747 -0.40599 0
-0.49787 -0.497865 0
-0.589747 -0.40599 0
-0.572791 -0.389036 0
-0.678494 -0.317245 0
-0.572791 -0.389036 0
-0.678494 -0.317245 0
-0.628208 -0.26696 0
-0.744136 -0.217697 0
-0.628208 -0.26696 0
-0.744136 -0.217697 0
-0.662231 -0.135793 0
-0.784434 -0.110734 0
-0.662231 -0.135793 0
-0.784434 -0.110734 0
-0.673696 -9.05025e-17 0
-0.798017 -7.38015e-17 0
0.798017 0 0
0.895163 0 0
0.78443 -0.110735 0
0.879922 -0.0819054 0
0.78443 -0.110735 0
0.879922 -0.0819054 0
0.744129 -0.217698 0
0.834715 -0.161021 0
0.744129 -0.217698 0
0.834715 -0.161021 0
0.678487 -0.317248 0
0.761082 -0.234653 0
0.678487 -0.317248 0
0.761082 -0.234653 0
0.58974 -0.405995 0
0.661532 -0.300295 0
0.58974 -0.405995 0
0.661532 -0.300295 0
0.48091 -0.480917 0
0.539454 -0.355711 0
0.48091 -0.480917 0
0.539454 -0.355711 0
0.355704 -0.539463 0
0.399005 -0.399015 0
0.355704 -0.539463 0
0.399005 -0.399015 0
0.218385 -0.579634 0
0.244969 -0.428729 0
0.218385 -0.579634 0
0.244969 -0.428729 0
0.0736286 -0.600064 0
0.0825908 -0.443838 0
0.0736286 -0.600064 0
0.0825908 -0.443838 0
-0.0736351 -0.600061 0
-0.0826003 -0.443833 0
-0.0736351 -0.600061 0
-0.0826003 -0.443833 0
-0.218391 -0.579625 0
-0.244979 -0.428718 0
-0.218391 -0.579625 0
-0.244979 -0.428718 0
-0.355711 -0.539452 0
-0.399015 -0.399004 0
-0.355711 -0.539452 0
-0.399015 -0.399004 0
-0.480917 -0.48091 0
-0.539463 -0.355704 0
-0.480917 -0.48091 0
-0.539463 -0.355704 0
-0.589747 -0.40599 0
-0.661541 -0.30029 0
-0.589747 -0.40599 0
-0.661541 -0.30029 0
-0.678494 -0.317245 0
-0.761089 -0.23465 0
-0.678494 -0.317245 0
-0.761089 -0.23465 0
-0.744136 -0.217697 0
-0.834719 -0.161019 0
-0.744136 -0.217697 0
-0.834719 -0.161019 0
-0.784434 -0.110734 0
-0.879924 -0.0819042 0
-0.784434 -0.110734 0
-0.879924 -0.0819042 0
-0.798017 -7.38015e-17 0
-0.895163 -5.45872e-17 0
0.895163 0 0
0.961826 0 0
0.879922 -0.0819054 0
0.945449 -0.0502866 0
0.879922 -0.0819054 0
0.945449 -0.0502866 0
0.834715 -0.161021 0
0.896876 -0.0988601 0
0.834715 -0.161021 0
0.896876 -0.0988601 0
0.761082 -0.234653 0
0.81776 -0.144067 0
0.761082 -0.234653 0
0.81776 -0.144067 0
0.661532 -0.300295 0
0.710796 -0.184369 0
0.661532 -0.300295 0
0.710796 -0.184369 0
0.539454 -0.355711 0
0.579626 -0.218392 0
0.539454 -0.355711 0
0.579626 -0.218392 0
0.399005 -0.399015 0
0.428719 -0.244979 0
0.399005 -0.399015 0
0.428719 -0.244979 0
0.244969 -0.428729 0
0.263212 -0.263223 0
0.244969 -0.428729 0
0.263212 -0.263223 0
0.0825908 -0.443838 0
0.0887409 -0.272498 0
0.0825908 -0.443838 0
0.0887409 -0.272498 0
-0.0826003 -0.443833 0
-0.0887519 -0.272492 0
-0.0826003 -0.443833 0
-0.0887519 -0.272492 0
-0.244979 -0.428718 0
-0.263222 -0.263211 0
-0.244979 -0.428718 0
-0.263222 -0.263211 0
-0.399015 -0.399004 0
-0.428729 -0.244969 0
-0.399015 -0.399004 0
-0.428729 -0.244969 0
-0.539463 -0.355704 0
-0.579635 -0.218385 0
-0.539463 -0.355704 0
-0.579635 -0.218385 0
-0.661541 -0.30029 0
-0.710802 -0.184364 0
-0.661541 -0.30029 0
-0.710802 -0.184364 0
-0.761089 -0.23465 0
-0.817763 -0.144064 0
-0.761089 -0.23465 0
-0.817763 -0.144064 0
-0.834719 -0.161019 0
-0.896877 -0.0988582 0
-0.834719 -0.161019 0
-0.896877 -0.0988582 0
-0.879924 -0.0819042 0
-0.945449 -0.0502855 0
-0.879924 -0.0819042 0
-0.945449 -0.0502855 0
-0.895163 -5.45872e-17 0
-0.961826 -3.3514e-17 0
0.961826 0 0
0.995734 0 0
0.945449 -0.0502866 0
0.978781 -0.0169554 0
0.945449 -0.0502866 0
0.978781 -0.0169554 0
0.896876 -0.0988601 0
0.928495 -0.0333328 0
0.896876 -0.0988601 0
0.928495 -0.0333328 0
0.81776 -0.144067 0
0.84659 -0.0485752 0
0.81776 -0.144067 0
0.84659 -0.0485752 0
0.710796 -0.184369 0
0.735855 -0.0621638 0
0.710796 -0.184369 0
0.735855 -0.0621638 0
0.579626 -0.218392 0
0.600062 -0.073636 0
0.579626 -0.218392 0
0.600062 -0.073636 0
0.428719 -0.244979 0
0.443834 -0.0826013 0
0.428719 -0.244979 0
0.443834 -0.0826013 0
0.263212 -0.263223 0
0.272493 -0.0887528 0
0.263212 -0.263223 0
0.272493 -0.0887528 0
0.0887409 -0.272498 0
0.0918719 -0.0918781 0
0.0887409 -0.272498 0
0.0918719 -0.0918781 0
-0.0887519 -0.272492 0
-0.0918775 -0.0918716 0
-0.0887519 -0.272492 0
-0.0918775 -0.0918716 0
-0.263222 -0.263211 0
-0.272497 -0.0887406 0
-0.263222 -0.263211 0
-0.272497 -0.0887406 0
-0.428729 -0.244969 0
-0.443837 -0.0825908 0
-0.428729 -0.244969 0
-0.443837 -0.0825908 0
-0.579635 -0.218385 0
-0.600063 -0.0736289 0
-0.579635 -0.218385 0
-0.600063 -0.0736289 0
-0.710802 -0.184364 0
-0.735855 -0.0621592 0
-0.710802 -0.184364 0
-0.735855 -0.0621592 0
-0.817763 -0.144064 0
-0.846589 -0.0485723 0
-0.817763 -0.144064 0
-0.846589 -0.0485723 0
-0.896877 -0.0988582 0
-0.928493 -0.033331 0
-0.896877 -0.0988582 0
-0.928493 -0.033331 0
-0.945449 -0.0502855 0
-0.978779 -0.0169544 0
-0.945449 -0.0502855 0
-0.978779 -0.0169544 0
-0.961826 -3.3514e-17 0
-0.995734 -1.12996e-17 0
0.995734 0 0
0.995734 0 0
0.978781 -0.0169554 0
0.97878 0.0169532 0
0.978781 -0.0169554 0
0.97878 0.0169532 0
0.928495 -0.0333328 0
0.928495 0.0333296 0
0.928495 -0.0333328 0
0.928495 0.0333296 0
0.84659 -0.0485752 0
0.84659 0.0485708 0
0.84659 -0.0485752 0
0.84659 0.0485708 0
0.735855 -0.0621638 0
0.735856 0.0621578 0
0.735855 -0.0621638 0
0.735856 0.0621578 0
0.600062 -0.073636 0
0.600064 0.0736275 0
0.600062 -0.073636 0
0.600064 0.0736275 0
0.443834 -0.0826013 0
0.443838 0.0825895 0
0.443834 -0.0826013 0
0.443838 0.0825895 0
0.272493 -0.0887528 0
0.272498 0.0887396 0
0.272493 -0.0887528 0
0.272498 0.0887396 0
0.0918719 -0.0918781 0
0.0918782 0.091871 0
0.0918719 -0.0918781 0
0.0918782 0.091871 0
-0.0918775 -0.0918716 0
-0.0918707 0.0918776 0
-0.0918775 -0.0918716 0
-0.0918707 0.0918776 0
-0.272497 -0.0887406 0
-0.272491 0.0887519 0
-0.272497 -0.0887406 0
-0.272491 0.0887519 0
-0.443837 -0.0825908 0
-0.443832 0.0826 0
-0.443837 -0.0825908 0
-0.443832 0.0826 0
-0.600063 -0.0736289 0
-0.600059 0.0736346 0
-0.600063 -0.0736289 0
-0.600059 0.0736346 0
-0.735855 -0.0621592 0
-0.735852 0.0621623 0
-0.735855 -0.0621592 0
-0.735852 0.0621623 0
-0.846589 -0.0485723 0
-0.846587 0.0485737 0
-0.846589 -0.0485723 0
-0.846587 0.0485737 0
-0.928493 -0.033331 0
-0.928492 0.0333313 0
-0.928493 -0.033331 0
-0.928492 0.0333313 0
-0.978779 -0.0169544 0
-0.978779 0.016954 0
-0.978779 -0.0169544 0
-0.978779 0.016954 0
-0.995734 -1.12996e-17 0
-0.995734 1.12996e-17 0
0.995734 0 0
0.961826 0 0
0.97878 0.0169532 0
0.945449 0.0502844 0
0.97878 0.0169532 0
0.945449 0.0502844 0
0.928495 0.0333296 0
0.896876 0.0988569 0
0.928495 0.0333296 0
0.896876 0.0988569 0
0.84659 0.0485708 0
0.817762 0.144063 0
0.84659 0.0485708 0
0.817762 0.144063 0
0.735856 0.0621578 0
0.7108 0.184363 0
0.735856 0.0621578 0
0.7108 0.184363 0
0.600064 0.0736275 0
0.579633 0.218384 0
0.600064 0.0736275 0
0.579633 0.218384 0
0.443838 0.0825895 0
0.428728 0.244968 0
0.443838 0.0825895 0
0.428728 0.244968 0
0.272498 0.0887396 0
0.263222 0.26321 0
0.272498 0.0887396 0
0.263222 0.26321 0
0.0918782 0.091871 0
0.0887528 0.272492 0
0.0918782 0.091871 0
0.0887528 0.272492 0
-0.0918707 0.0918776 0
-0.0887394 0.272497 0
-0.0918707 0.0918776 0
-0.0887394 0.272497 0
-0.272491 0.0887519 0
-0.26321 0.263222 0
-0.272491 0.0887519 0
-0.26321 0.263222 0
-0.443832 0.0826 0
-0.428716 0.244978 0
-0.443832 0.0826 0
-0.428716 0.244978 0
-0.600059 0.0736346 0
-0.579623 0.218391 0
-0.600059 0.0736346 0
-0.579623 0.218391 0
-0.735852 0.0621623 0
-0.710792 0.184367 0
-0.735852 0.0621623 0
-0.710792 0.184367 0
-0.846587 0.0485737 0
-0.817756 0.144066 0
-0.846587 0.0485737 0
-0.817756 0.144066 0
-0.928492 0.0333313 0
-0.896872 0.0988585 0
-0.928492 0.0333313 0
-0.896872 0.0988585 0
-0.978779 0.016954 0
-0.945447 0.0502851 0
-0.978779 0.016954 0
-0.945447 0.0502851 0
-0.995734 1.12996e-17 0
-0.961826 3.3514e-17 0
0.961826 0 0
0.895163 0 0
0.945449 0.0502844 0
0.879921 0.0819032 0
0.945449 0.0502844 0
0.879921 0.0819032 0
0.896876 0.0988569 0
0.834716 0.161018 0
0.896876 0.0988569 0
0.834716 0.161018 0
0.817762 0.144063 0
0.761086 0.234649 0
0.817762 0.144063 0
0.761086 0.234649 0
0.7108 0.184363 0
0.661538 0.300289 0
0.7108 0.184363 0
0.661538 0.300289 0
0.579633 0.218384 0
0.539462 0.355703 0
0.579633 0.218384 0
0.539462 0.355703 0
0.428728 0.244968 0
0.399014 0.399003 0
0.428728 0.244968 0
0.399014 0.399003 0
0.263222 0.26321 0
0.244979 0.428717 0
0.263222 0.26321 0
0.244979 0.428717 0
0.0887528 0.272492 0
0.082601 0.443833 0
0.0887528 0.272492 0
0.082601 0.443833 0
-0.0887394 0.272497 0
-0.0825895 0.443837 0
-0.0887394 0.272497 0
-0.0825895 0.443837 0
-0.26321 0.263222 0
-0.244968 0.428728 0
-0.26321 0.263222 0
-0.244968 0.428728 0
-0.428716 0.244978 0
-0.399003 0.399014 0
-0.428716 0.244978 0
-0.399003 0.399014 0
-0.579623 0.218391 0
-0.539451 0.35571 0
-0.579623 0.218391 0
-0.539451 0.35571 0
-0.710792 0.184367 0
-0.661528 0.300293 0
-0.710792 0.184367 0
-0.661528 0.300293 0
-0.817756 0.144066 0
-0.761078 0.234651 0
-0.817756 0.144066 0
-0.761078 0.234651 0
-0.896872 0.0988585 0
-0.834711 0.161019 0
-0.896872 0.0988585 0
-0.834711 0.161019 0
-0.945447 0.0502851 0
-0.879919 0.0819037 0
-0.945447 0.0502851 0
-0.879919 0.0819037 0
-0.961826 3.3514e-17 0
-0.895163 5.45872e-17 0
0.895163 0 0
0.798017 0 0
0.879921 0.0819032 0
0.784429 0.110733 0
0.879921 0.0819032 0
0.784429 0.110733 0
0.834716 0.161018 0
0.74413 0.217695 0
0.834716 0.161018 0
0.74413 0.217695 0
0.761086 0.234649 0
0.678491 0.317244 0
0.761086 0.234649 0
0.678491 0.317244 0
0.661538 0.300289 0
0.589745 0.405989 0
0.661538 0.300289 0
0.589745 0.405989 0
0.539462 0.355703 0
0.480916 0.480909 0
0.539462 0.355703 0
0.480916 0.480909 0
0.399014 0.399003 0
0.35571 0.539452 0
0.399014 0.399003 0
0.35571 0.539452 0
0.244979 0.428717 0
0.218391 0.579624 0
0.244979 0.428717 0
0.218391 0.579624 0
0.082601 0.443833 0
0.0736356 0.60006 0
0.082601 0.443833 0
0.0736356 0.60006 0
-0.0825895 0.443837 0
-0.0736278 0.600064 0
-0.0825895 0.443837 0
-0.0736278 0.600064 0
-0.244968 0.428728 0
-0.218384 0.579634 0
-0.244968 0.428728 0
-0.218384 0.579634 0
-0.399003 0.399014 0
-0.355703 0.539462 0
-0.399003 0.399014 0
-0.355703 0.539462 0
-0.539451 0.35571 0
-0.480908 0.480915 0
-0.539451 0.35571 0
-0.480908 0.480915 0
-0.661528 0.300293 0
-0.589737 0.405993 0
-0.661528 0.300293 0
-0.589737 0.405993 0
-0.761078 0.234651 0
-0.678484 0.317246 0
-0.761078 0.234651 0
-0.678484 0.317246 0
-0.834711 0.161019 0
-0.744125 0.217696 0
-0.834711 0.161019 0
-0.744125 0.217696 0
-0.879919 0.0819037 0
-0.784428 0.110733 0
-0.879919 0.0819037 0
-0.784428 0.110733 0
-0.895163 5.45872e-17 0
-0.798017 7.38015e-17 0
0.798017 0 0
0.673696 0 0
0.784429 0.110733 0
0.662224 0.135792 0
0.784429 0.110733 0
0.662224 0.135792 0
0.74413 0.217695 0
0.628204 0.26696 0
0.74413 0.217695 0
0.628204 0.26696 0
0.678491 0.317244 0
0.572789 0.389036 0
0.678491 0.317244 0
0.572789 0.389036 0
0.589745 0.405989 0
0.497868 0.497864 0
0.589745 0.405989 0
0.497868 0.497864 0
0.480916 0.480909 0
0.405994 0.589738 0
0.480916 0.480909 0
0.405994 0.589738 0
0.35571 0.539452 0
0.300294 0.66153 0
0.35571 0.539452 0
0.300294 0.66153 0
0.218391 0.579624 0
0.184368 0.710794 0
0.218391 0.579624 0
0.184368 0.710794 0
0.0736356 0.60006 0
0.0621632 0.735853 0
0.0736356 0.60006 0
0.0621632 0.735853 0
-0.0736278 0.600064 0
-0.0621582 0.735856 0
-0.0736278 0.600064 0
-0.0621582 0.735856 0
-0.218384 0.579634 0
-0.184363 0.710801 0
-0.218384 0.579634 0
-0.184363 0.710801 0
-0.355703 0.539462 0
-0.300289 0.661539 0
-0.355703 0.539462 0
-0.300289 0.661539 0
-0.480908 0.480915 0
-0.405989 0.589745 0
-0.480908 0.480915 0
-0.405989 0.589745 0
-0.589737 0.405993 0
-0.497864 0.497868 0
-0.589737 0.405993 0
-0.497864 0.497868 0
-0.678484 0.317246 0
-0.572784 0.389038 0
-0.678484 0.317246 0
-0.572784 0.389038 0
-0.744125 0.217696 0
-0.628199 0.266961 0
-0.744125 0.217696 0
-0.628199 0.266961 0
-0.784428 0.110733 0
-0.662223 0.135792 0
-0.784428 0.110733 0
-0.662223 0.135792 0
-0.798017 7.38015e-17 0
-0.673696 9.05025e-17 0
0.673696 0 0
0.526432 0 0
0.662224 0.135792 0
0.517468 0.156226 0
0.662224 0.135792 0
0.517468 0.156226 0
0.628204 0.26696 0
0.490883 0.307132 0
0.628204 0.26696 0
0.490883 0.307132 0
0.572789 0.389036 0
0.447582 0.44758 0
0.572789 0.389036 0
0.447582 0.44758 0
0.497868 0.497864 0
0.389039 0.572785 0
0.497868 0.497864 0
0.389039 0.572785 0
0.405994 0.589738 0
0.317247 0.678485 0
0.405994 0.589738 0
0.317247 0.678485 0
0.300294 0.66153 0
0.234652 0.76108 0
0.300294 0.66153 0
0.234652 0.76108 0
0.184368 0.710794 0
0.144066 0.817758 0
0.184368 0.710794 0
0.144066 0.817758 0
0.0621632 0.735853 0
0.0485746 0.846588 0
0.0621632 0.735853 0
0.0485746 0.846588 0
-0.0621582 0.735856 0
-0.0485713 0.84659 0
-0.0621582 0.735856 0
-0.0485713 0.84659 0
-0.184363 0.710801 0
-0.144063 0.817762 0
-0.184363 0.710801 0
-0.144063 0.817762 0
-0.300289 0.661539 0
-0.234649 0.761087 0
-0.300289 0.661539 0
-0.234649 0.761087 0
-0.405989 0.589745 0
-0.317244 0.678492 0
-0.405989 0.589745 0
-0.317244 0.678492 0
-0.497864 0.497868 0
-0.389035 0.572789 0
-0.497864 0.497868 0
-0.389035 0.572789 0
-0.572784 0.389038 0
-0.447579 0.447582 0
-0.572784 0.389038 0
-0.447579 0.447582 0
-0.628199 0.266961 0
-0.490881 0.307133 0
-0.628199 0.266961 0
-0.490881 0.307133 0
-0.662223 0.135792 0
-0.517467 0.156226 0
-0.662223 0.135792 0
-0.517467 0.156226 0
-0.673696 9.05025e-17 0
-0.526432 1.04122e-16 0
0.526432 0 0
0.361242 0 0
0.517468 0.156226 0
0.355091 0.171341 0
0.517468 0.156226 0
0.355091 0.171341 0
0.490883 0.307132 0
0.336847 0.336847 0
0.490883 0.307132 0
0.336847 0.336847 0
0.447582 0.44758 0
0.307134 0.490882 0
0.447582 0.44758 0
0.307134 0.490882 0
0.389039 0.572785 0
0.266961 0.628201 0
0.389039 0.572785 0
0.266961 0.628201 0
0.317247 0.678485 0
0.217697 0.744127 0
0.317247 0.678485 0
0.217697 0.744127 0
0.234652 0.76108 0
0.16102 0.834713 0
0.234652 0.76108 0
0.16102 0.834713 0
0.144066 0.817758 0
0.0988593 0.896874 0
0.144066 0.817758 0
0.0988593 0.896874 0
0.0485746 0.846588 0
0.0333321 0.928493 0
0.0485746 0.846588 0
0.0333321 0.928493 0
-0.0485713 0.84659 0
-0.0333301 0.928494 0
-0.0485713 0.84659 0
-0.0333301 0.928494 0
-0.144063 0.817762 0
-0.0988573 0.896876 0
-0.144063 0.817762 0
-0.0988573 0.896876 0
-0.234649 0.761087 0
-0.161018 0.834717 0
-0.234649 0.761087 0
-0.161018 0.834717 0
-0.317244 0.678492 0
-0.217696 0.744132 0
-0.317244 0.678492 0
-0.217696 0.744132 0
-0.389035 0.572789 0
-0.266959 0.628205 0
-0.389035 0.572789 0
-0.266959 0.628205 0
-0.447579 0.447582 0
-0.307132 0.490883 0
-0.447579 0.447582 0
-0.307132 0.490883 0
-0.490881 0.307133 0
-0.336846 0.336847 0
-0.490881 0.307133 0
-0.336846 0.336847 0
-0.517467 0.156226 0
-0.35509 0.171341 0
-0.517467 0.156226 0
-0.35509 0.171341 0
-0.526432 1.04122e-16 0
-0.361242 1.14195e-16 0
0.361242 0 0
0.18375 0 0
0.355091 0.171341 0
0.180621 0.180622 0
0.355091 0.171341 0
0.180621 0.180622 0
0.336847 0.336847 0
0.171341 0.355091 0
0.336847 0.336847 0
0.171341 0.355091 0
0.307134 0.490882 0
0.156227 0.517469 0
0.307134 0.490882 0
0.156227 0.517469 0
0.266961 0.628201 0
0.135792 0.662224 0
0.266961 0.628201 0
0.135792 0.662224 0
0.217697 0.744127 0
0.110734 0.784429 0
0.217697 0.744127 0
0.110734 0.784429 0
0.16102 0.834713 0
0.0819045 0.879921 0
0.16102 0.834713 0
0.0819045 0.879921 0
0.0988593 0.896874 0
0.0502858 0.945448 0
0.0988593 0.896874 0
0.0502858 0.945448 0
0.0333321 0.928493 0
0.0169548 0.97878 0
0.0333321 0.928493 0
0.0169548 0.97878 0
-0.0333301 0.928494 0
-0.0169537 0.97878 0
-0.0333301 0.928494 0
-0.0169537 0.97878 0
-0.0988573 0.896876 0
-0.0502847 0.945449 0
-0.0988573 0.896876 0
-0.0502847 0.945449 0
-0.161018 0.834717 0
-0.0819034 0.879922 0
-0.161018 0.834717 0
-0.0819034 0.879922 0
-0.217696 0.744132 0
-0.110733 0.784431 0
-0.217696 0.744132 0
-0.110733 0.784431 0
-0.266959 0.628205 0
-0.135792 0.662226 0
-0.266959 0.628205 0
-0.135792 0.662226 0
-0.307132 0.490883 0
-0.156226 0.51747 0
-0.307132 0.490883 0
-0.156226 0.51747 0
-0.336846 0.336847 0
-0.171341 0.355091 0
-0.336846 0.336847 0
-0.171341 0.355091 0
-0.35509 0.171341 0
-0.18062 0.18062 0
-0.35509 0.171341 0
-0.18062 0.18062 0
-0.361242 1.14195e-16 0
-0.18375 1.20379e-16 0
0.18375 0 0
1.22465e-16 0 0
0.180621 0.180622 0
1.20379e-16 0.18375 0
0.180621 0.180622 0
1.20379e-16 0.18375 0
0.171341 0.355091 0
1.14195e-16 0.361242 0
0.171341 0.355091 0
1.14195e-16 0.361242 0
0.156227 0.517469 0
1.04122e-16 0.526432 0
0.156227 0.517469 0
1.04122e-16 0.526432 0
0.135792 0.662224 0
9.05025e-17 0.673696 0
0.135792 0.662224 0
9.05025e-17 0.673696 0
0.110734 0.784429 0
7.38015e-17 0.798017 0
0.110734 0.784429 0
7.38015e-17 0.798017 0
0.0819045 0.879921 0
5.45872e-17 0.895163 0
0.0819045 0.879921 0
5.45872e-17 0.895163 0
0.0502858 0.945448 0
3.3514e-17 0.961826 0
0.0502858 0.945448 0
3.3514e-17 0.961826 0
0.0169548 0.97878 0
1.12996e-17 0.995734 0
0.0169548 0.97878 0
1.12996e-17 0.995734 0
-0.0169537 0.97878 0
-1.12996e-17 0.995734 0
-0.0169537 0.97878 0
-1.12996e-17 0.995734 0
-0.0502847 0.945449 0
-3.3514e-17 0.961826 0
-0.0502847 0.945449 0
-3.3514e-17 0.961826 0
-0.0819034 0.879922 0
-5.45872e-17 0.895163 0
-0.0819034 0.879922 0
-5.45872e-17 0.895163 0
-0.110733 0.784431 0
-7.38015e-17 0.798017 0
-0.110733 0.784431 0
-7.38015e-17 0.798017 0
-0.135792 0.662226 0
-9.05025e-17 0.673696 0
-0.135792 0.662226 0
-9.05025e-17 0.673696 0
-0.156226 0.51747 0
-1.04122e-16 0.526432 0
-0.156226 0.51747 0
-1.04122e-16 0.526432 0
-0.171341 0.355091 0
-1.14195e-16 0.361242 0
-0.171341 0.355091 0
-1.14195e-16 0.361242 0
-0.18062 0.18062 0
-1.20379e-16 0.18375 0
-0.18062 0.18062 0
-1.20379e-16 0.18375 0
-0.18375 1.20379e-16 0
-1.22465e-16 1.22465e-16 0
VECTORS velocity_error double
0 0 0
0 0 0
0 0 0
2.05741e-07 1.27687e-06 0
0 0 0
2.05741e-07 1.27687e-06 0
0 0 0
-5.3573e-07 2.66365e-06 0
0 0 0
-5.3573e-07 2.66365e-06 0
0 0 0
-3.45131e-07 3.68319e-06 0
0 0 0
-3.45131e-07 3.68319e-06 0
0 0 0
9.44165e-09 3.34581e-06 0
0 0 0
9.44165e-09 3.34581e-06 0
0 0 0
1.71049e-07 2.25811e-06 0
0 0 0
1.71049e-07 2.25811e-06 0
0 0 0
2.19862e-07 1.21687e-06 0
0 0 0
2.19862e-07 1.21687e-06 0
0 0 0
2.54666e-07 4.66268e-07 0
0 0 0
2.54666e-07 4.66268e-07 0
0 0 0
2.97807e-07 -6.61901e-08 0
0 0 0
2.97807e-07 -6.61901e-08 0
0 0 0
3.47908e-07 -4.6044e-07 0
0 0 0
3.47908e-07 -4.6044e-07 0
0 0 0
4.06486e-07 -7.57116e-07 0
0 0 0
4.06486e-07 -7.57116e-07 0
0 0 0
4.80691e-07 -9.75539e-07 0
0 0 0
4.80691e-07 -9.75539e-07 0
0 0 0
5.86616e-07 -1.08708e-06 0
0 0 0
5.86616e-07 -1.08708e-06 0
0 0 0
8.04585e-07 -9.203e-07 0
0 0 0
8.04585e-07 -9.203e-07 0
0 0 0
1.38633e-06 -4.88685e-07 0
0 0 0
1.38633e-06 -4.88685e-07 0
0 0 0
1.97956e-06 -8.76822e-07 0
0 0 0
1.97956e-06 -8.76822e-07 0
0 0 0
4.71705e-07 -2.00093e-06 0
0 0 0
4.71705e-07 -2.00093e-06 0
0 0 0
0 0 0
0 0 0
0 0 0
2.05741e-07 1.27687e-06 0
-5.18438e-07 1.86215e-06 0
2.05741e-07 1.27687e-06 0
-5.18438e-07 1.86215e-06 0
-5.3573e-07 2.66365e-06 0
-2.70752e-08 1.88242e-06 0
-5.3573e-07 2.66365e-06 0
-2.70752e-08 1.88242e-06 0
-3.45131e-07 3.68319e-06 0
6.50521e-07 2.17883e-06 0
-3.45131e-07 3.68319e-06 0
6.50521e-07 2.17883e-06 0
9.44165e-09 3.34581e-06 0
3.41259e-07 4.37838e-06 0
9.44165e-09 3.34581e-06 0
3.41259e-07 4.37838e-06 0
1.71049e-07 2.25811e-06 0
4.99515e-07 4.71295e-06 0
1.71049e-07 2.25811e-06 0
4.99515e-07 4.71295e-06 0
2.19862e-07 1.21687e-06 0
6.81793e-07 2.9954e-06 0
2.19862e-07 1.21687e-06 0
6.81793e-07 2.9954e-06 0
2.54666e-07 4.66268e-07 0
7.44103e-07 1.10208e-06 0
2.54666e-07 4.66268e-07 0
7.44103e-07 1.10208e-06 0
2.97807e-07 -6.61901e-08 0
7.74411e-07 -3.16626e-07 0
2.97807e-07 -6.61901e-08 0
7.74411e-07 -3.16626e-07 0
3.47908e-07 -4.6044e-07 0
7.97536e-07 -1.24482e-06 0
3.47908e-07 -4.6044e-07 0
7.97536e-07 -1.24482e-06 0
4.06486e-07 -7.57116e-07 0
8.24217e-07 -1.76703e-06 0
4.06486e-07 -7.57116e-07 0
8.24217e-07 -1.76703e-06 0
4.80691e-07 -9.75539e-07 0
8.68267e-07 -1.97332e-06 0
4.80691e-07 -9.75539e-07 0
8.68267e-07 -1.97332e-06 0
5.86616e-07 -1.08708e-06 0
9.5888e-07 -1.88168e-06 0
5.86616e-07 -1.08708e-06 0
9.5888e-07 -1.88168e-06 0
8.04585e-07 -9.203e-07 0
1.17099e-06 -1.68547e-06 0
8.04585e-07 -9.203e-07 0
1.17099e-06 -1.68547e-06 0
1.38633e-06 -4.88685e-07 0
1.18276e-06 -1.87965e-06 0
1.38633e-06 -4.88685e-07 0
1.18276e-06 -1.87965e-06 0
1.97956e-06 -8.76822e-07 0
2.09638e-06 -4.54617e-07 0
1.97956e-06 -8.76822e-07 0
2.09638e-06 -4.54617e-07 0
4.71705e-07 -2.00093e-06 0
3.14691e-06 8.68983e-08 0
4.71705e-07 -2.00093e-06 0
3.14691e-06 8.68983e-08 0
0 0 0
0 0 0
0 0 0
0 0 0
-5.18438e-07 1.86215e-06 0
-6.63928e-07 1.53079e-06 0
-5.18438e-07 1.86215e-06 0
-6.63928e-07 1.53079e-06 0
-2.70752e-08 1.88242e-06 0
3.7495e-07 1.75818e-06 0
-2.70752e-08 1.88242e-06 0
3.7495e-07 1.75818e-06 0
6.50521e-07 2.17883e-06 0
6.10582e-07 2.38599e-06 0
6.50521e-07 2.17883e-06 0
6.10582e-07 2.38599e-06 0
3.41259e-07 4.37838e-06 0
1.23162e-06 3.10633e-06 0
3.41259e-07 4.37838e-06 0
1.23162e-06 3.10633e-06 0
4.99515e-07 4.71295e-06 0
9.19309e-07 5.53013e-06 0
4.99515e-07 4.71295e-06 0
9.19309e-07 5.53013e-06 0
6.81793e-07 2.9954e-06 0
1.06721e-06 4.91638e-06 0
6.81793e-07 2.9954e-06 0
1.06721e-06 4.91638e-06 0
7.44103e-07 1.10208e-06 0
1.20643e-06 2.12392e-06 0
7.44103e-07 1.10208e-06 0
1.20643e-06 2.12392e-06 0
7.74411e-07 -3.16626e-07 0
1.27317e-06 -4.26789e-07 0
7.74411e-07 -3.16626e-07 0
1.27317e-06 -4.26789e-07 0
7.97536e-07 -1.24482e-06 0
1.31392e-06 -2.05817e-06 0
7.97536e-07 -1.24482e-06 0
1.31392e-06 -2.05817e-06 0
8.24217e-07 -1.76703e-06 0
1.34733e-06 -2.80781e-06 0
8.24217e-07 -1.76703e-06 0
1.34733e-06 -2.80781e-06 0
8.68267e-07 -1.97332e-06 0
1.39187e-06 -2.90025e-06 0
8.68267e-07 -1.97332e-06 0
1.39187e-06 -2.90025e-06 0
9.5888e-07 -1.88168e-06 0
1.51289e-06 -2.54918e-06 0
9.5888e-07 -1.88168e-06 0
1.51289e-06 -2.54918e-06 0
1.17099e-06 -1.68547e-06 0
1.60334e-06 -2.3e-06 0
1.17099e-06 -1.68547e-06 0
1.60334e-06 -2.3e-06 0
1.18276e-06 -1.87965e-06 0
2.19013e-06 -1.25115e-06 0
1.18276e-06 -1.87965e-06 0
2.19013e-06 -1.25115e-06 0
2.09638e-06 -4.54617e-07 0
1.95328e-06 -1.3269e-06 0
2.09638e-06 -4.54617e-07 0
1.95328e-06 -1.3269e-06 0
3.14691e-06 8.68983e-08 0
5.98946e-06 5.09651e-07 0
3.14691e-06 8.68983e-08 0
5.98946e-06 5.09651e-07 0
0 0 0
0 0 0
0 0 0
0 0 0
-6.63928e-07 1.53079e-06 0
-5.07907e-07 1.33164e-06 0
-6.63928e-07 1.53079e-06 0
-5.07907e-07 1.33164e-06 0
3.7495e-07 1.75818e-06 0
3.09749e-08 1.8248e-06 0
3.7495e-07 1.75818e-06 0
3.09749e-08 1.8248e-06 0
6.10582e-07 2.38599e-06 0
1.15214e-06 2.18397e-06 0
6.10582e-07 2.38599e-06 0
1.15214e-06 2.18397e-06 0
1.23162e-06 3.10633e-06 0
1.49725e-06 3.02477e-06 0
1.23162e-06 3.10633e-06 0
1.49725e-06 3.02477e-06 0
9.19309e-07 5.53013e-06 0
1.70642e-06 4.89782e-06 0
9.19309e-07 5.53013e-06 0
1.70642e-06 4.89782e-06 0
1.06721e-06 4.91638e-06 0
1.5909e-06 6.29278e-06 0
1.06721e-06 4.91638e-06 0
1.5909e-06 6.29278e-06 0
1.20643e-06 2.12392e-06 0
1.84131e-06 3.40242e-06 0
1.20643e-06 2.12392e-06 0
1.84131e-06 3.40242e-06 0
1.27317e-06 -4.26789e-07 0
1.99556e-06 -3.18416e-07 0
1.27317e-06 -4.26789e-07 0
1.99556e-06 -3.18416e-07 0
1.31392e-06 -2.05817e-06 0
2.0941e-06 -2.73715e-06 0
1.31392e-06 -2.05817e-06 0
2.0941e-06 -2.73715e-06 0
1.34733e-06 -2.80781e-06 0
2.16705e-06 -3.67105e-06 0
1.34733e-06 -2.80781e-06 0
2.16705e-06 -3.67105e-06 0
1.39187e-06 -2.90025e-06 0
2.25783e-06 -3.51999e-06 0
1.39187e-06 -2.90025e-06 0
2.25783e-06 -3.51999e-06 0
1.51289e-06 -2.54918e-06 0
2.43834e-06 -2.98866e-06 0
1.51289e-06 -2.54918e-06 0
2.43834e-06 -2.98866e-06 0
1.60334e-06 -2.3e-06 0
2.74345e-06 -2.10498e-06 0
1.60334e-06 -2.3e-06 0
2.74345e-06 -2.10498e-06 0
2.19013e-06 -1.25115e-06 0
3.07748e-06 -1.63127e-06 0
2.19013e-06 -1.25115e-06 0
3.07748e-06 -1.63127e-06 0
1.95328e-06 -1.3269e-06 0
5.39287e-06 -4.2664e-07 0
1.95328e-06 -1.3269e-06 0
5.39287e-06 -4.2664e-07 0
5.98946e-06 5.09651e-07 0
5.99429e-06 1.26135e-07 0
5.98946e-06 5.09651e-07 0
5.99429e-06 1.26135e-07 0
0 0 0
0 0 0
0 0 0
0 0 0
-5.07907e-07 1.33164e-06 0
-5.37051e-07 1.28143e-06 0
-5.07907e-07 1.33164e-06 0
-5.37051e-07 1.28143e-06 0
3.09749e-08 1.8248e-06 0
9.65488e-08 1.71755e-06 0
3.09749e-08 1.8248e-06 0
9.65488e-08 1.71755e-06 0
1.15214e-06 2.18397e-06 0
1.09928e-06 2.21339e-06 0
1.15214e-06 2.18397e-06 0
1.09928e-06 2.21339e-06 0
1.49725e-06 3.02477e-06 0
1.93342e-06 3.00465e-06 0
1.49725e-06 3.02477e-06 0
1.93342e-06 3.00465e-06 0
1.70642e-06 4.89782e-06 0
2.45309e-06 4.41938e-06 0
1.70642e-06 4.89782e-06 0
2.45309e-06 4.41938e-06 0
1.5909e-06 6.29278e-06 0
2.39627e-06 6.7131e-06 0
1.5909e-06 6.29278e-06 0
2.39627e-06 6.7131e-06 0
1.84131e-06 3.40242e-06 0
2.73582e-06 4.84287e-06 0
1.84131e-06 3.40242e-06 0
2.73582e-06 4.84287e-06 0
1.99556e-06 -3.18416e-07 0
3.09856e-06 7.48813e-08 0
1.99556e-06 -3.18416e-07 0
3.09856e-06 7.48813e-08 0
2.0941e-06 -2.73715e-06 0
3.35298e-06 -3.22058e-06 0
2.0941e-06 -2.73715e-06 0
3.35298e-06 -3.22058e-06 0
2.16705e-06 -3.67105e-06 0
3.55914e-06 -4.31689e-06 0
2.16705e-06 -3.67105e-06 0
3.55914e-06 -4.31689e-06 0
2.25783e-06 -3.51999e-06 0
3.85258e-06 -3.88813e-06 0
2.25783e-06 -3.51999e-06 0
3.85258e-06 -3.88813e-06 0
2.43834e-06 -2.98866e-06 0
4.12273e-06 -3.10379e-06 0
2.43834e-06 -2.98866e-06 0
4.12273e-06 -3.10379e-06 0
2.74345e-06 -2.10498e-06 0
4.98391e-06 -2.05729e-06 0
2.74345e-06 -2.10498e-06 0
4.98391e-06 -2.05729e-06 0
3.07748e-06 -1.63127e-06 0
6.45806e-06 -9.27066e-07 0
3.07748e-06 -1.63127e-06 0
6.45806e-06 -9.27066e-07 0
5.39287e-06 -4.2664e-07 0
6.72082e-06 -2.35218e-07 0
5.39287e-06 -4.2664e-07 0
6.72082e-06 -2.35218e-07 0
5.99429e-06 1.26135e-07 0
4.14494e-06 -7.12817e-08 0
5.99429e-06 1.26135e-07 0
4.14494e-06 -7.12817e-08 0
0 0 0
0 0 0
0 0 0
0 0 0
-5.37051e-07 1.28143e-06 0
-6.29253e-07 1.23664e-06 0
-5.37051e-07 1.28143e-06 0
-6.29253e-07 1.23664e-06 0
9.65488e-08 1.71755e-06 0
7.6006e-08 1.68429e-06 0
9.65488e-08 1.71755e-06 0
7.6006e-08 1.68429e-06 0
1.09928e-06 2.21339e-06 0
1.19905e-06 2.18247e-06 0
1.09928e-06 2.21339e-06 0
1.19905e-06 2.18247e-06 0
1.93342e-06 3.00465e-06 0
2.14413e-06 2.96827e-06 0
1.93342e-06 3.00465e-06 0
2.14413e-06 2.96827e-06 0
2.45309e-06 4.41938e-06 0
2.84263e-06 4.41834e-06 0
2.45309e-06 4.41938e-06 0
2.84263e-06 4.41834e-06 0
2.39627e-06 6.7131e-06 0
3.46047e-06 6.37851e-06 0
2.39627e-06 6.7131e-06 0
3.46047e-06 6.37851e-06 0
2.73582e-06 4.84287e-06 0
3.7322e-06 6.1722e-06 0
2.73582e-06 4.84287e-06 0
3.7322e-06 6.1722e-06 0
3.09856e-06 7.48813e-08 0
4.48181e-06 8.25845e-07 0
3.09856e-06 7.48813e-08 0
4.48181e-06 8.25845e-07 0
3.35298e-06 -3.22058e-06 0
5.02818e-06 -3.46746e-06 0
3.35298e-06 -3.22058e-06 0
5.02818e-06 -3.46746e-06 0
3.55914e-06 -4.31689e-06 0
5.4905e-06 -4.70079e-06 0
3.55914e-06 -4.31689e-06 0
5.4905e-06 -4.70079e-06 0
3.85258e-06 -3.88813e-06 0
6.01771e-06 -4.17531e-06 0
3.85258e-06 -3.88813e-06 0
6.01771e-06 -4.17531e-06 0
4.12273e-06 -3.10379e-06 0
6.87226e-06 -2.71193e-06 0
4.12273e-06 -3.10379e-06 0
6.87226e-06 -2.71193e-06 0
4.98391e-06 -2.05729e-06 0
7.12298e-06 -1.56144e-06 0
4.98391e-06 -2.05729e-06 0
7.12298e-06 -1.56144e-06 0
6.45806e-06 -9.27066e-07 0
6.294e-06 -8.07716e-07 0
6.45806e-06 -9.27066e-07 0
6.294e-06 -8.07716e-07 0
6.72082e-06 -2.35218e-07 0
4.52407e-06 -3.16941e-07 0
6.72082e-06 -2.35218e-07 0
4.52407e-06 -3.16941e-07 0
4.14494e-06 -7.12817e-08 0
2.083e-06 -4.61091e-08 0
4.14494e-06 -7.12817e-08 0
2.083e-06 -4.61091e-08 0
0 0 0
0 0 0
0 0 0
0 0 0
-6.29253e-07 1.23664e-06 0
-6.51877e-07 1.18178e-06 0
-6.29253e-07 1.23664e-06 0
-6.51877e-07 1.18178e-06 0
7.6006e-08 1.68429e-06 0
-2.30341e-08 1.65638e-06 0
7.6006e-08 1.68429e-06 0
-2.30341e-08 1.65638e-06 0
1.19905e-06 2.18247e-06 0
1.05229e-06 2.18725e-06 0
1.19905e-06 2.18247e-06 0
1.05229e-06 2.18725e-06 0
2.14413e-06 2.96827e-06 0
2.10791e-06 2.98877e-06 0
2.14413e-06 2.96827e-06 0
2.10791e-06 2.98877e-06 0
2.84263e-06 4.41834e-06 0
3.02141e-06 4.33728e-06 0
2.84263e-06 4.41834e-06 0
3.02141e-06 4.33728e-06 0
3.46047e-06 6.37851e-06 0
3.72093e-06 6.17966e-06 0
3.46047e-06 6.37851e-06 0
3.72093e-06 6.17966e-06 0
3.7322e-06 6.1722e-06 0
4.22689e-06 6.8171e-06 0
3.7322e-06 6.1722e-06 0
4.22689e-06 6.8171e-06 0
4.48181e-06 8.25845e-07 0
5.16953e-06 1.97622e-06 0
4.48181e-06 8.25845e-07 0
5.16953e-06 1.97622e-06 0
5.02818e-06 -3.46746e-06 0
5.84662e-06 -3.45827e-06 0
5.02818e-06 -3.46746e-06 0
5.84662e-06 -3.45827e-06 0
5.4905e-06 -4.70079e-06 0
6.32967e-06 -4.88549e-06 0
5.4905e-06 -4.70079e-06 0
6.32967e-06 -4.88549e-06 0
6.01771e-06 -4.17531e-06 0
6.15651e-06 -4.02621e-06 0
6.01771e-06 -4.17531e-06 0
6.15651e-06 -4.02621e-06 0
6.87226e-06 -2.71193e-06 0
5.17039e-06 -2.70248e-06 0
6.87226e-06 -2.71193e-06 0
5.17039e-06 -2.70248e-06 0
7.12298e-06 -1.56144e-06 0
3.90131e-06 -1.595e-06 0
7.12298e-06 -1.56144e-06 0
3.90131e-06 -1.595e-06 0
6.294e-06 -8.07716e-07 0
2.6469e-06 -8.25751e-07 0
6.294e-06 -8.07716e-07 0
2.6469e-06 -8.25751e-07 0
4.52407e-06 -3.16941e-07 0
1.48273e-06 -2.96169e-07 0
4.52407e-06 -3.16941e-07 0
1.48273e-06 -2.96169e-07 0
2.083e-06 -4.61091e-08 0
4.87868e-07 5.01956e-08 0
2.083e-06 -4.61091e-08 0
4.87868e-07 5.01956e-08 0
0 0 0
0 0 0
0 0 0
0 0 0
-6.51877e-07 1.18178e-06 0
-5.75208e-07 1.12189e-06 0
-6.51877e-07 1.18178e-06 0
-5.75208e-07 1.12189e-06 0
-2.30341e-08 1.65638e-06 0
-1.16147e-07 1.63044e-06 0
-2.30341e-08 1.65638e-06 0
-1.16147e-07 1.63044e-06 0
1.05229e-06 2.18725e-06 0
6.65591e-07 2.18967e-06 0
1.05229e-06 2.18725e-06 0
6.65591e-07 2.18967e-06 0
2.10791e-06 2.98877e-06 0
1.44501e-06 3.00712e-06 0
2.10791e-06 2.98877e-06 0
1.44501e-06 3.00712e-06 0
3.02141e-06 4.33728e-06 0
2.10635e-06 4.3075e-06 0
3.02141e-06 4.33728e-06 0
2.10635e-06 4.3075e-06 0
3.72093e-06 6.17966e-06 0
2.58277e-06 6.01562e-06 0
3.72093e-06 6.17966e-06 0
2.58277e-06 6.01562e-06 0
4.22689e-06 6.8171e-06 0
2.84184e-06 6.74658e-06 0
4.22689e-06 6.8171e-06 0
2.84184e-06 6.74658e-06 0
5.16953e-06 1.97622e-06 0
2.82585e-06 3.30087e-06 0
5.16953e-06 1.97622e-06 0
2.82585e-06 3.30087e-06 0
5.84662e-06 -3.45827e-06 0
2.69783e-06 -3.1213e-06 0
5.84662e-06 -3.45827e-06 0
2.69783e-06 -3.1213e-06 0
6.32967e-06 -4.88549e-06 0
1.50044e-06 -5.43579e-06 0
6.32967e-06 -4.88549e-06 0
1.50044e-06 -5.43579e-06 0
6.15651e-06 -4.02621e-06 0
3.173e-07 -4.47078e-06 0
6.15651e-06 -4.02621e-06 0
3.173e-07 -4.47078e-06 0
5.17039e-06 -2.70248e-06 0
-5.10645e-07 -2.83885e-06 0
5.17039e-06 -2.70248e-06 0
-5.10645e-07 -2.83885e-06 0
3.90131e-06 -1.595e-06 0
-9.73501e-07 -1.59059e-06 0
3.90131e-06 -1.595e-06 0
-9.73501e-07 -1.59059e-06 0
2.6469e-06 -8.25751e-07 0
-1.12285e-06 -7.79627e-07 0
2.6469e-06 -8.25751e-07 0
-1.12285e-06 -7.79627e-07 0
1.48273e-06 -2.96169e-07 0
-1.00151e-06 -2.21375e-07 0
1.48273e-06 -2.96169e-07 0
-1.00151e-06 -2.21375e-07 0
4.87868e-07 5.01956e-08 0
-6.20711e-07 1.59707e-07 0
4.87868e-07 5.01956e-08 0
-6.20711e-07 1.59707e-07 0
0 0 0
0 0 0
0 0 0
0 0 0
-5.75208e-07 1.12189e-06 0
-3.82236e-07 1.05998e-06 0
-5.75208e-07 1.12189e-06 0
-3.82236e-07 1.05998e-06 0
-1.16147e-07 1.63044e-06 0
-1.9694e-07 1.60986e-06 0
-1.16147e-07 1.63044e-06 0
-1.9694e-07 1.60986e-06 0
6.65591e-07 2.18967e-06 0
-2.51518e-08 2.19217e-06 0
6.65591e-07 2.18967e-06 0
-2.51518e-08 2.19217e-06 0
1.44501e-06 3.00712e-06 0
-2.44127e-08 3.01012e-06 0
1.44501e-06 3.00712e-06 0
-2.44127e-08 3.01012e-06 0
2.10635e-06 4.3075e-06 0
-2.88524e-07 4.23535e-06 0
2.10635e-06 4.3075e-06 0
-2.88524e-07 4.23535e-06 0
2.58277e-06 6.01562e-06 0
-9.21172e-07 5.75005e-06 0
2.58277e-06 6.01562e-06 0
-9.21172e-07 5.75005e-06 0
2.84184e-06 6.74658e-06 0
-2.00887e-06 6.43614e-06 0
2.84184e-06 6.74658e-06 0
-2.00887e-06 6.43614e-06 0
2.82585e-06 3.30087e-06 0
-3.40362e-06 3.74283e-06 0
2.82585e-06 3.30087e-06 0
-3.40362e-06 3.74283e-06 0
2.69783e-06 -3.1213e-06 0
-4.03828e-06 -2.80059e-06 0
2.69783e-06 -3.1213e-06 0
-4.03828e-06 -2.80059e-06 0
1.50044e-06 -5.43579e-06 0
-4.61154e-06 -5.80117e-06 0
1.50044e-06 -5.43579e-06 0
-4.61154e-06 -5.80117e-06 0
3.173e-07 -4.47078e-06 0
-4.84107e-06 -4.71757e-06 0
3.173e-07 -4.47078e-06 0
-4.84107e-06 -4.71757e-06 0
-5.10645e-07 -2.83885e-06 0
-4.75546e-06 -2.85807e-06 0
-5.10645e-07 -2.83885e-06 0
-4.75546e-06 -2.85807e-06 0
-9.73501e-07 -1.59059e-06 0
-4.35301e-06 -1.51421e-06 0
-9.73501e-07 -1.59059e-06 0
-4.35301e-06 -1.51421e-06 0
-1.12285e-06 -7.79627e-07 0
-3.65339e-06 -6.83108e-07 0
-1.12285e-06 -7.79627e-07 0
-3.65339e-06 -6.83108e-07 0
-1.00151e-06 -2.21375e-07 0
-2.6467e-06 -1.17043e-07 0
-1.00151e-06 -2.21375e-07 0
-2.6467e-06 -1.17043e-07 0
-6.20711e-07 1.59707e-07 0
-1.34726e-06 2.72602e-07 0
-6.20711e-07 1.59707e-07 0
-1.34726e-06 2.72602e-07 0
0 0 0
0 0 0
0 0 0
0 0 0
-3.82236e-07 1.05998e-06 0
-6.25138e-08 1.00237e-06 0
-3.82236e-07 1.05998e-06 0
-6.25138e-08 1.00237e-06 0
-1.9694e-07 1.60986e-06 0
-3.16903e-07 1.59902e-06 0
-1.9694e-07 1.60986e-06 0
-3.16903e-07 1.59902e-06 0
-2.51518e-08 2.19217e-06 0
-1.10221e-06 2.19047e-06 0
-2.51518e-08 2.19217e-06 0
-1.10221e-06 2.19047e-06 0
-2.44127e-08 3.01012e-06 0
-2.28384e-06 2.97911e-06 0
-2.44127e-08 3.01012e-06 0
-2.28384e-06 2.97911e-06 0
-2.88524e-07 4.23535e-06 0
-3.77746e-06 4.06928e-06 0
-2.88524e-07 4.23535e-06 0
-3.77746e-06 4.06928e-06 0
-9.21172e-07 5.75005e-06 0
-5.34869e-06 5.26385e-06 0
-9.21172e-07 5.75005e-06 0
-5.34869e-06 5.26385e-06 0
-2.00887e-06 6.43614e-06 0
-6.39414e-06 5.76063e-06 0
-2.00887e-06 6.43614e-06 0
-6.39414e-06 5.76063e-06 0
-3.40362e-06 3.74283e-06 0
-6.70114e-06 3.99511e-06 0
-3.40362e-06 3.74283e-06 0
-6.70114e-06 3.99511e-06 0
-4.03828e-06 -2.80059e-06 0
-6.70239e-06 -1.53309e-06 0
-4.03828e-06 -2.80059e-06 0
-6.70239e-06 -1.53309e-06 0
-4.61154e-06 -5.80117e-06 0
-6.41923e-06 -5.90671e-06 0
-4.61154e-06 -5.80117e-06 0
-6.41923e-06 -5.90671e-06 0
-4.84107e-06 -4.71757e-06 0
-6.47296e-06 -4.82837e-06 0
-4.84107e-06 -4.71757e-06 0
-6.47296e-06 -4.82837e-06 0
-4.75546e-06 -2.85807e-06 0
-6.24855e-06 -2.79016e-06 0
-4.75546e-06 -2.85807e-06 0
-6.24855e-06 -2.79016e-06 0
-4.35301e-06 -1.51421e-06 0
-5.6919e-06 -1.37656e-06 0
-4.35301e-06 -1.51421e-06 0
-5.6919e-06 -1.37656e-06 0
-3.65339e-06 -6.83108e-07 0
-4.81046e-06 -5.45954e-07 0
-3.65339e-06 -6.83108e-07 0
-4.81046e-06 -5.45954e-07 0
-2.6467e-06 -1.17043e-07 0
-3.5148e-06 6.98728e-09 0
-2.6467e-06 -1.17043e-07 0
-3.5148e-06 6.98728e-09 0
-1.34726e-06 2.72602e-07 0
-1.77529e-06 3.85354e-07 0
-1.34726e-06 2.72602e-07 0
-1.77529e-06 3.85354e-07 0
0 0 0
0 0 0
0 0 0
0 0 0
-6.25138e-08 1.00237e-06 0
3.51054e-07 9.63782e-07 0
-6.25138e-08 1.00237e-06 0
3.51054e-07 9.63782e-07 0
-3.16903e-07 1.59902e-06 0
-6.41521e-07 1.5907e-06 0
-3.16903e-07 1.59902e-06 0
-6.41521e-07 1.5907e-06 0
-1.10221e-06 2.19047e-06 0
-2.45504e-06 2.13789e-06 0
-1.10221e-06 2.19047e-06 0
-2.45504e-06 2.13789e-06 0
-2.28384e-06 2.97911e-06 0
-4.15403e-06 2.83927e-06 0
-2.28384e-06 2.97911e-06 0
-4.15403e-06 2.83927e-06 0
-3.77746e-06 4.06928e-06 0
-5.13027e-06 3.84598e-06 0
-3.77746e-06 4.06928e-06 0
-5.13027e-06 3.84598e-06 0
-5.34869e-06 5.26385e-06 0
-5.32346e-06 5.12767e-06 0
-5.34869e-06 5.26385e-06 0
-5.32346e-06 5.12767e-06 0
-6.39414e-06 5.76063e-06 0
-5.51753e-06 5.49309e-06 0
-6.39414e-06 5.76063e-06 0
-5.51753e-06 5.49309e-06 0
-6.70114e-06 3.99511e-06 0
-5.70502e-06 3.95638e-06 0
-6.70114e-06 3.99511e-06 0
-5.70502e-06 3.95638e-06 0
-6.70239e-06 -1.53309e-06 0
-5.73902e-06 -4.12625e-07 0
-6.70239e-06 -1.53309e-06 0
-5.73902e-06 -4.12625e-07 0
-6.41923e-06 -5.90671e-06 0
-5.55785e-06 -5.333e-06 0
-6.41923e-06 -5.90671e-06 0
-5.55785e-06 -5.333e-06 0
-6.47296e-06 -4.82837e-06 0
-5.8425e-06 -4.96266e-06 0
-6.47296e-06 -4.82837e-06 0
-5.8425e-06 -4.96266e-06 0
-6.24855e-06 -2.79016e-06 0
-5.73382e-06 -2.75207e-06 0
-6.24855e-06 -2.79016e-06 0
-5.73382e-06 -2.75207e-06 0
-5.6919e-06 -1.37656e-06 0
-5.4976e-06 -1.21252e-06 0
-5.6919e-06 -1.37656e-06 0
-5.4976e-06 -1.21252e-06 0
-4.81046e-06 -5.45954e-07 0
-4.91421e-06 -3.84906e-07 0
-4.81046e-06 -5.45954e-07 0
-4.91421e-06 -3.84906e-07 0
-3.5148e-06 6.98728e-09 0
-3.76874e-06 1.39617e-07 0
-3.5148e-06 6.98728e-09 0
-3.76874e-06 1.39617e-07 0
-1.77529e-06 3.85354e-07 0
-1.96872e-06 4.94385e-07 0
-1.77529e-06 3.85354e-07 0
-1.96872e-06 4.94385e-07 0
0 0 0
0 0 0
0 0 0
0 0 0
3.51054e-07 9.63782e-07 0
7.40001e-07 9.6177e-07 0
3.51054e-07 9.63782e-07 0
7.40001e-07 9.6177e-07 0
-6.41521e-07 1.5907e-06 0
-1.20998e-06 1.49744e-06 0
-6.41521e-07 1.5907e-06 0
-1.20998e-06 1.49744e-06 0
-2.45504e-06 2.13789e-06 0
-2.77202e-06 2.0078e-06 0
-2.45504e-06 2.13789e-06 0
-2.77202e-06 2.0078e-06 0
-4.15403e-06 2.83927e-06 0
-2.94393e-06 2.94373e-06 0
-4.15403e-06 2.83927e-06 0
-2.94393e-06 2.94373e-06 0
-5.13027e-06 3.84598e-06 0
-2.94498e-06 4.00954e-06 0
-5.13027e-06 3.84598e-06 0
-2.94498e-06 4.00954e-06 0
-5.32346e-06 5.12767e-06 0
-3.31784e-06 4.68831e-06 0
-5.32346e-06 5.12767e-06 0
-3.31784e-06 4.68831e-06 0
-5.51753e-06 5.49309e-06 0
-3.5683e-06 4.95307e-06 0
-5.51753e-06 5.49309e-06 0
-3.5683e-06 4.95307e-06 0
-5.70502e-06 3.95638e-06 0
-3.81258e-06 3.64122e-06 0
-5.70502e-06 3.95638e-06 0
-3.81258e-06 3.64122e-06 0
-5.73902e-06 -4.12625e-07 0
-3.97564e-06 2.97004e-07 0
-5.73902e-06 -4.12625e-07 0
-3.97564e-06 2.97004e-07 0
-5.55785e-06 -5.333e-06 0
-4.03595e-06 -4.10497e-06 0
-5.55785e-06 -5.333e-06 0
-4.03595e-06 -4.10497e-06 0
-5.8425e-06 -4.96266e-06 0
-4.16165e-06 -5.28942e-06 0
-5.8425e-06 -4.96266e-06 0
-4.16165e-06 -5.28942e-06 0
-5.73382e-06 -2.75207e-06 0
-4.66024e-06 -2.64833e-06 0
-5.73382e-06 -2.75207e-06 0
-4.66024e-06 -2.64833e-06 0
-5.4976e-06 -1.21252e-06 0
-4.64981e-06 -1.10105e-06 0
-5.4976e-06 -1.21252e-06 0
-4.64981e-06 -1.10105e-06 0
-4.91421e-06 -3.84906e-07 0
-4.32788e-06 -2.56484e-07 0
-4.91421e-06 -3.84906e-07 0
-4.32788e-06 -2.56484e-07 0
-3.76874e-06 1.39617e-07 0
-3.53148e-06 2.63989e-07 0
-3.76874e-06 1.39617e-07 0
-3.53148e-06 2.63989e-07 0
-1.96872e-06 4.94385e-07 0
-1.96315e-06 5.98989e-07 0
-1.96872e-06 4.94385e-07 0
-1.96315e-06 5.98989e-07 0
0 0 0
0 0 0
0 0 0
0 0 0
7.40001e-07 9.6177e-07 0
9.55197e-07 9.78298e-07 0
7.40001e-07 9.6177e-07 0
9.55197e-07 9.78298e-07 0
-1.20998e-06 1.49744e-06 0
-1.18215e-06 1.29646e-06 0
-1.20998e-06 1.49744e-06 0
-1.18215e-06 1.29646e-06 0
-2.77202e-06 2.0078e-06 0
-1.00504e-06 2.24627e-06 0
-2.77202e-06 2.0078e-06 0
-1.00504e-06 2.24627e-06 0
-2.94393e-06 2.94373e-06 0
-1.29372e-06 2.88804e-06 0
-2.94393e-06 2.94373e-06 0
-1.29372e-06 2.88804e-06 0
-2.94498e-06 4.00954e-06 0
-1.66736e-06 3.59457e-06 0
-2.94498e-06 4.00954e-06 0
-1.66736e-06 3.59457e-06 0
-3.31784e-06 4.68831e-06 0
-1.92296e-06 4.12174e-06 0
-3.31784e-06 4.68831e-06 0
-1.92296e-06 4.12174e-06 0
-3.5683e-06 4.95307e-06 0
-2.19829e-06 4.12876e-06 0
-3.5683e-06 4.95307e-06 0
-2.19829e-06 4.12876e-06 0
-3.81258e-06 3.64122e-06 0
-2.42723e-06 3.06088e-06 0
-3.81258e-06 3.64122e-06 0
-2.42723e-06 3.06088e-06 0
-3.97564e-06 2.97004e-07 0
-2.60516e-06 6.30674e-07 0
-3.97564e-06 2.97004e-07 0
-2.60516e-06 6.30674e-07 0
-4.03595e-06 -4.10497e-06 0
-2.7328e-06 -2.78272e-06 0
-4.03595e-06 -4.10497e-06 0
-2.7328e-06 -2.78272e-06 0
-4.16165e-06 -5.28942e-06 0
-2.80982e-06 -4.98422e-06 0
-4.16165e-06 -5.28942e-06 0
-2.80982e-06 -4.98422e-06 0
-4.66024e-06 -2.64833e-06 0
-3.29461e-06 -3.03002e-06 0
-4.66024e-06 -2.64833e-06 0
-3.29461e-06 -3.03002e-06 0
-4.64981e-06 -1.10105e-06 0
-3.49576e-06 -1.0124e-06 0
-4.64981e-06 -1.10105e-06 0
-3.49576e-06 -1.0124e-06 0
-4.32788e-06 -2.56484e-07 0
-3.69939e-06 -8.26735e-08 0
-4.32788e-06 -2.56484e-07 0
-3.69939e-06 -8.26735e-08 0
-3.53148e-06 2.63989e-07 0
-2.99964e-06 3.16264e-07 0
-3.53148e-06 2.63989e-07 0
-2.99964e-06 3.16264e-07 0
-1.96315e-06 5.98989e-07 0
-1.69184e-06 6.77589e-07 0
-1.96315e-06 5.98989e-07 0
-1.69184e-06 6.77589e-07 0
0 0 0
0 0 0
0 0 0
0 0 0
9.55197e-07 9.78298e-07 0
8.48308e-07 8.78832e-07 0
9.55197e-07 9.78298e-07 0
8.48308e-07 8.78832e-07 0
-1.18215e-06 1.29646e-06 0
-4.14695e-08 1.36913e-06 0
-1.18215e-06 1.29646e-06 0
-4.14695e-08 1.36913e-06 0
-1.00504e-06 2.24627e-06 0
-3.77582e-07 1.86189e-06 0
-1.00504e-06 2.24627e-06 0
-3.77582e-07 1.86189e-06 0
-1.29372e-06 2.88804e-06 0
-6.633e-07 2.55152e-06 0
-1.29372e-06 2.88804e-06 0
-6.633e-07 2.55152e-06 0
-1.66736e-06 3.59457e-06 0
-9.56985e-07 2.87798e-06 0
-1.66736e-06 3.59457e-06 0
-9.56985e-07 2.87798e-06 0
-1.92296e-06 4.12174e-06 0
-1.17551e-06 3.21301e-06 0
-1.92296e-06 4.12174e-06 0
-1.17551e-06 3.21301e-06 0
-2.19829e-06 4.12876e-06 0
-1.38588e-06 3.05495e-06 0
-2.19829e-06 4.12876e-06 0
-1.38588e-06 3.05495e-06 0
-2.42723e-06 3.06088e-06 0
-1.55886e-06 2.26081e-06 0
-2.42723e-06 3.06088e-06 0
-1.55886e-06 2.26081e-06 0
-2.60516e-06 6.30674e-07 0
-1.69864e-06 6.70909e-07 0
-2.60516e-06 6.30674e-07 0
-1.69864e-06 6.70909e-07 0
-2.7328e-06 -2.78272e-06 0
-1.80979e-06 -1.62518e-06 0
-2.7328e-06 -2.78272e-06 0
-1.80979e-06 -1.62518e-06 0
-2.80982e-06 -4.98422e-06 0
-1.8784e-06 -3.83267e-06 0
-2.80982e-06 -4.98422e-06 0
-1.8784e-06 -3.83267e-06 0
-3.29461e-06 -3.03002e-06 0
-2.01556e-06 -3.69995e-06 0
-3.29461e-06 -3.03002e-06 0
-2.01556e-06 -3.69995e-06 0
-3.49576e-06 -1.0124e-06 0
-2.64592e-06 -9.76189e-07 0
-3.49576e-06 -1.0124e-06 0
-2.64592e-06 -9.76189e-07 0
-3.69939e-06 -8.26735e-08 0
-2.50246e-06 -1.8172e-07 0
-3.69939e-06 -8.26735e-08 0
-2.50246e-06 -1.8172e-07 0
-2.99964e-06 3.16264e-07 0
-2.71714e-06 5.31471e-07 0
-2.99964e-06 3.16264e-07 0
-2.71714e-06 5.31471e-07 0
-1.69184e-06 6.77589e-07 0
-1.1298e-06 5.99358e-07 0
-1.69184e-06 6.77589e-07 0
-1.1298e-06 5.99358e-07 0
0 0 0
0 0 0
0 0 0
0 0 0
8.48308e-07 8.78832e-07 0
2.97965e-07 2.71864e-07 0
8.48308e-07 8.78832e-07 0
2.97965e-07 2.71864e-07 0
-4.14695e-08 1.36913e-06 0
6.51658e-07 1.15355e-06 0
-4.14695e-08 1.36913e-06 0
6.51658e-07 1.15355e-06 0
-3.77582e-07 1.86189e-06 0
-4.39524e-08 1.21244e-06 0
-3.77582e-07 1.86189e-06 0
-4.39524e-08 1.21244e-06 0
-6.633e-07 2.55152e-06 0
-3.37552e-07 1.34514e-06 0
-6.633e-07 2.55152e-06 0
-3.37552e-07 1.34514e-06 0
-9.56985e-07 2.87798e-06 0
-4.94688e-07 1.74635e-06 0
-9.56985e-07 2.87798e-06 0
-4.94688e-07 1.74635e-06 0
-1.17551e-06 3.21301e-06 0
-6.76412e-07 1.87143e-06 0
-1.17551e-06 3.21301e-06 0
-6.76412e-07 1.87143e-06 0
-1.38588e-06 3.05495e-06 0
-8.25182e-07 1.72474e-06 0
-1.38588e-06 3.05495e-06 0
-8.25182e-07 1.72474e-06 0
-1.55886e-06 2.26081e-06 0
-9.49952e-07 1.28573e-06 0
-1.55886e-06 2.26081e-06 0
-9.49952e-07 1.28573e-06 0
-1.69864e-06 6.70909e-07 0
-1.05683e-06 4.87943e-07 0
-1.69864e-06 6.70909e-07 0
-1.05683e-06 4.87943e-07 0
-1.80979e-06 -1.62518e-06 0
-1.15109e-06 -6.97553e-07 0
-1.80979e-06 -1.62518e-06 0
-1.15109e-06 -6.97553e-07 0
-1.8784e-06 -3.83267e-06 0
-1.22585e-06 -2.17019e-06 0
-1.8784e-06 -3.83267e-06 0
-1.22585e-06 -2.17019e-06 0
-2.01556e-06 -3.69995e-06 0
-1.23315e-06 -3.21785e-06 0
-2.01556e-06 -3.69995e-06 0
-1.23315e-06 -3.21785e-06 0
-2.64592e-06 -9.76189e-07 0
-1.38184e-06 -2.19664e-06 0
-2.64592e-06 -9.76189e-07 0
-1.38184e-06 -2.19664e-06 0
-2.50246e-06 -1.8172e-07 0
-2.04551e-06 1.84078e-07 0
-2.50246e-06 -1.8172e-07 0
-2.04551e-06 1.84078e-07 0
-2.71714e-06 5.31471e-07 0
-1.63524e-06 4.37703e-07 0
-2.71714e-06 5.31471e-07 0
-1.63524e-06 4.37703e-07 0
-1.1298e-06 5.99358e-07 0
-7.94428e-07 4.08279e-07 0
-1.1298e-06 5.99358e-07 0
-7.94428e-07 4.08279e-07 0
0 0 0
0 0 0
0 0 0
0 0 0
2.97965e-07 2.71864e-07 0
7.26187e-08 -9.87838e-07 0
2.97965e-07 2.71864e-07 0
7.26187e-08 -9.87838e-07 0
6.51658e-07 1.15355e-06 0
5.25692e-07 -6.00818e-07 0
6.51658e-07 1.15355e-06 0
5.25692e-07 -6.00818e-07 0
-4.39524e-08 1.21244e-06 0
4.54891e-07 -2.27981e-08 0
-4.39524e-08 1.21244e-06 0
4.54891e-07 -2.27981e-08 0
-3.37552e-07 1.34514e-06 0
1.50532e-07 2.63643e-07 0
-3.37552e-07 1.34514e-06 0
1.50532e-07 2.63643e-07 0
-4.94688e-07 1.74635e-06 0
-9.58298e-08 3.39029e-07 0
-4.94688e-07 1.74635e-06 0
-9.58298e-08 3.39029e-07 0
-6.76412e-07 1.87143e-06 0
-2.61565e-07 3.63932e-07 0
-6.76412e-07 1.87143e-06 0
-2.61565e-07 3.63932e-07 0
-8.25182e-07 1.72474e-06 0
-3.89943e-07 3.66302e-07 0
-8.25182e-07 1.72474e-06 0
-3.89943e-07 3.66302e-07 0
-9.49952e-07 1.28573e-06 0
-5.01378e-07 3.1162e-07 0
-9.49952e-07 1.28573e-06 0
-5.01378e-07 3.1162e-07 0
-1.05683e-06 4.87943e-07 0
-6.02464e-07 1.72289e-07 0
-1.05683e-06 4.87943e-07 0
-6.02464e-07 1.72289e-07 0
-1.15109e-06 -6.97553e-07 0
-6.97514e-07 -8.41123e-08 0
-1.15109e-06 -6.97553e-07 0
-6.97514e-07 -8.41123e-08 0
-1.22585e-06 -2.17019e-06 0
-7.90032e-07 -5.15084e-07 0
-1.22585e-06 -2.17019e-06 0
-7.90032e-07 -5.15084e-07 0
-1.23315e-06 -3.21785e-06 0
-8.62006e-07 -1.14683e-06 0
-1.23315e-06 -3.21785e-06 0
-8.62006e-07 -1.14683e-06 0
-1.38184e-06 -2.19664e-06 0
-8.42726e-07 -1.6933e-06 0
-1.38184e-06 -2.19664e-06 0
-8.42726e-07 -1.6933e-06 0
-2.04551e-06 1.84078e-07 0
-7.14312e-07 -1.45798e-06 0
-2.04551e-06 1.84078e-07 0
-7.14312e-07 -1.45798e-06 0
-1.63524e-06 4.37703e-07 0
-7.20683e-07 -1.85311e-07 0
-1.63524e-06 4.37703e-07 0
-7.20683e-07 -1.85311e-07 0
-7.94428e-07 4.08279e-07 0
-8.07339e-07 8.77778e-07 0
-7.94428e-07 4.08279e-07 0
-8.07339e-07 8.77778e-07 0
0 0 0
0 0 0
0 0 0
0 0 0
7.26187e-08 -9.87838e-07 0
0 0 0
7.26187e-08 -9.87838e-07 0
0 0 0
5.25692e-07 -6.00818e-07 0
0 0 0
5.25692e-07 -6.00818e-07 0
0 0 0
4.54891e-07 -2.27981e-08 0
0 0 0
4.54891e-07 -2.27981e-08 0
0 0 0
1.50532e-07 2.63643e-07 0
0 0 0
1.50532e-07 2.63643e-07 0
0 0 0
-9.58298e-08 3.39029e-07 0
0 0 0
-9.58298e-08 3.39029e-07 0
0 0 0
-2.61565e-07 3.63932e-07 0
0 0 0
-2.61565e-07 3.63932e-07 0
0 0 0
-3.89943e-07 3.66302e-07 0
0 0 0
-3.89943e-07 3.66302e-07 0
0 0 0
-5.01378e-07 3.1162e-07 0
0 0 0
-5.01378e-07 3.1162e-07 0
0 0 0
-6.02464e-07 1.72289e-07 0
0 0 0
-6.02464e-07 1.72289e-07 0
0 0 0
-6.97514e-07 -8.41123e-08 0
0 0 0
-6.97514e-07 -8.41123e-08 0
0 0 0
-7.90032e-07 -5.15084e-07 0
0 0 0
-7.90032e-07 -5.15084e-07 0
0 0 0
-8.62006e-07 -1.14683e-06 0
0 0 0
-8.62006e-07 -1.14683e-06 0
0 0 0
-8.42726e-07 -1.6933e-06 0
0 0 0
-8.42726e-07 -1.6933e-06 0
0 0 0
-7.14312e-07 -1.45798e-06 0
0 0 0
-7.14312e-07 -1.45798e-06 0
0 0 0
-7.20683e-07 -1.85311e-07 0
0 0 0
-7.20683e-07 -1.85311e-07 0
0 0 0
-8.07339e-07 8.77778e-07 0
0 0 0
-8.07339e-07 8.77778e-07 0
0 0 0
0 0 0
0 0 0
SCALARS pressure double 1
LOOKUP_TABLE default
-9.1089e-05 -7.56125e-05 0.183737 0.180611 0.183737 0.180611 0.361245 0.355094 0.361245 0.355094 0.52644 0.517477 0.52644 0.517477 0.673707 0.662236 0.673707 0.662236 0.79803 0.784443 0.79803 0.784443 0.895178 0.879936 0.895178 0.879936 0.961842 0.945465 0.961842 0.945465 0.995751 0.978797 0.995751 0.978797 0.995752 0.978797 0.995752 0.978797 0.961843 0.945465 0.961843 0.945465 0.895179 0.879937 0.895179 0.879937 0.798032 0.784443 0.798032 0.784443 0.673708 0.662236 0.673708 0.662236 0.526442 0.517478 0.526442 0.517478 0.361246 0.355095 0.361246 0.355095 0.183737 0.180611 0.183737 0.180611 -9.20337e-05 -7.62763e-05 -7.56125e-05 -6.92439e-05 0.180611 0.171332 0.180611 0.171332 0.355094 0.336851 0.355094 0.336851 0.517477 0.490891 0.517477 0.490891 0.662236 0.628213 0.662236 0.628213 0.784443 0.744141 0.784443 0.744141 0.879936 0.834729 0.879936 0.834729 0.945465 0.896891 0.945465 0.896891 0.978797 0.92851 0.978797 0.92851 0.978797 0.928511 0.978797 0.928511 0.945465 0.896891 0.945465 0.896891 0.879937 0.83473 0.879937 0.83473 0.784443 0.744142 0.784443 0.744142 0.662236 0.628214 0.662236 0.628214 0.517478 0.490892 0.517478 0.490892 0.355095 0.336851 0.355095 0.336851 0.180611 0.171332 0.180611 0.171332 -7.62763e-05 -6.95809e-05 -6.92439e-05 -6.28212e-05 0.171332 0.156219 0.171332 0.156219 0.336851 0.307137 0.336851 0.307137 0.490891 0.447589 0.490891 0.447589 0.628213 0.572797 0.628213 0.572797 0.744141 0.678499 0.744141 0.678499 0.834729 0.761096 0.834729 0.761096 0.896891 0.817775 0.896891 0.817775 0.92851 0.846605 0.92851 0.846605 0.928511 0.846605 0.928511 0.846605 0.896891 0.817775 0.896891 0.817775 0.83473 0.761097 0.83473 0.761097 0.744142 0.6785 0.744142 0.6785 0.628214 0.572798 0.628214 0.572798 0.490892 0.447589 0.490892 0.447589 0.336851 0.307137 0.336851 0.307137 0.171332 0.156219 0.171332 0.156219 -6.95809e-05 -6.29111e-05 -6.28212e-05 -5.46956e-05 0.156219 0.135785 0.156219 0.135785 0.307137 0.266963 0.307137 0.266963 0.447589 0.389044 0.447589 0.389044 0.572797 0.497875 0.572797 0.497875 0.678499 0.589752 0.678499 0.589752 0.761096 0.661545 0.761096 0.661545 0.817775 0.71081 0.817775 0.71081 0.846605 0.735869 0.846605 0.735869 0.846605 0.735869 0.846605 0.735869 0.817775 0.71081 0.817775 0.71081 0.761097 0.661545 0.761097 0.661545 0.6785 0.589752 0.6785 0.589752 0.572798 0.497876 0.572798 0.497876 0.447589 0.389045 0.447589 0.389045 0.307137 0.266964 0.307137 0.266964 0.156219 0.135785 0.156219 0.135785 -6.29111e-05 -5.47057e-05 -5.46956e-05 -4.47646e-05 0.135785 0.110728 0.135785 0.110728 0.266963 0.217699 0.266963 0.217699 0.389044 0.317251 0.389044 0.317251 0.497875 0.405999 0.497875 0.405999 0.589752 0.480921 0.589752 0.480921 0.661545 0.539466 0.661545 0.539466 0.71081 0.579639 0.71081 0.579639 0.735869 0.600074 0.735869 0.600074 0.735869 0.600074 0.735869 0.600074 0.71081 0.57964 0.71081 0.57964 0.661545 0.539466 0.661545 0.539466 0.589752 0.480921 0.589752 0.480921 0.497876 0.406 0.497876 0.406 0.389045 0.317252 0.389045 0.317252 0.266964 0.217699 0.266964 0.217699 0.135785 0.110728 0.135785 0.110728 -5.47057e-05 -4.47409e-05 -4.47646e-05 -3.33119e-05 0.110728 0.0818994 0.110728 0.0818994 0.217699 0.16102 0.217699 0.16102 0.317251 0.234654 0.317251 0.234654 0.405999 0.300297 0.405999 0.300297 0.480921 0.355713 0.480921 0.355713 0.539466 0.399015 0.539466 0.399015 0.579639 0.42873 0.579639 0.42873 0.600074 0.443845 0.600074 0.443845 0.600074 0.443845 0.600074 0.443845 0.57964 0.42873 0.57964 0.42873 0.539466 0.399016 0.539466 0.399016 0.480921 0.355713 0.480921 0.355713 0.406 0.300297 0.406 0.300297 0.317252 0.234655 0.317252 0.234655 0.217699 0.161021 0.217699 0.161021 0.110728 0.0818996 0.110728 0.0818996 -4.47409e-05 -3.32858e-05 -3.33119e-05 -2.07231e-05 0.0818994 0.0502821 0.0818994 0.0502821 0.16102 0.0988589 0.16102 0.0988589 0.234654 0.144067 0.234654 0.144067 0.300297 0.184368 0.300297 0.184368 0.355713 0.218391 0.355713 0.218391 0.399015 0.244977 0.399015 0.244977 0.42873 0.26322 0.42873 0.26322 0.443845 0.2725 0.443845 0.2725 0.443845 0.2725 0.443845 0.2725 0.42873 0.263221 0.42873 0.263221 0.399016 0.244977 0.399016 0.244977 0.355713 0.218392 0.355713 0.218392 0.300297 0.184369 0.300297 0.184369 0.234655 0.144067 0.234655 0.144067 0.161021 0.0988592 0.161021 0.0988592 0.0818996 0.0502824 0.0818996 0.0502824 -3.32858e-05 -2.07106e-05 -2.07231e-05 -7.4282e-06 0.0502821 0.0169526 0.0502821 0.0169526 0.0988589 0.0333308 0.0988589 0.0333308 0.144067 0.0485731 0.144067 0.0485731 0.184368 0.0621612 0.184368 0.0621612 0.218391 0.0736325 0.218391 0.0736325 0.244977 0.0825963 0.244977 0.0825963 0.26322 0.0887473 0.26322 0.0887473 0.2725 0.0918761 0.2725 0.0918761 0.2725 0.0918762 0.2725 0.0918762 0.263221 0.0887476 0.263221 0.0887476 0.244977 0.0825967 0.244977 0.0825967 0.218392 0.073633 0.218392 0.073633 0.184369 0.0621617 0.184369 0.0621617 0.144067 0.0485736 0.144067 0.0485736 0.0988592 0.0333311 0.0988592 0.0333311 0.0502824 0.0169529 0.0502824 0.0169529 -2.07106e-05 -7.42292e-06 -7.4282e-06 6.12031e-06 0.0169526 -0.0169542 0.0169526 -0.0169542 0.0333308 -0.0333324 0.0333308 -0.0333324 0.0485731 -0.0485746 0.0485731 -0.0485746 0.0621612 -0.0621626 0.0621612 -0.0621626 0.0736325 -0.0736336 0.0736325 -0.0736336 0.0825963 -0.0825972 0.0825963 -0.0825972 0.0887473 -0.088748 0.0887473 -0.088748 0.0918761 -0.0918768 0.0918761 -0.0918768 0.0918762 -0.0918767 0.0918762 -0.0918767 0.0887476 -0.0887477 0.0887476 -0.0887477 0.0825967 -0.0825967 0.0825967 -0.0825967 0.073633 -0.0736331 0.073633 -0.0736331 0.0621617 -0.062162 0.0621617 -0.062162 0.0485736 -0.0485741 0.0485736 -0.0485741 0.0333311 -0.033332 0.0333311 -0.033332 0.0169529 -0.0169539 0.0169529 -0.0169539 -7.42292e-06 6.12851e-06 6.12031e-06 1.94607e-05 -0.0169542 -0.0502837 -0.0169542 -0.0502837 -0.0333324 -0.0988605 -0.0333324 -0.0988605 -0.0485746 -0.144068 -0.0485746 -0.144068 -0.0621626 -0.18437 -0.0621626 -0.18437 -0.0736336 -0.218392 -0.0736336 -0.218392 -0.0825972 -0.244978 -0.0825972 -0.244978 -0.088748 -0.263221 -0.088748 -0.263221 -0.0918768 -0.272501 -0.0918768 -0.272501 -0.0918767 -0.272501 -0.0918767 -0.272501 -0.0887477 -0.263221 -0.0887477 -0.263221 -0.0825967 -0.244977 -0.0825967 -0.244977 -0.0736331 -0.218392 -0.0736331 -0.218392 -0.062162 -0.184369 -0.062162 -0.184369 -0.0485741 -0.144068 -0.0485741 -0.144068 -0.033332 -0.09886 -0.033332 -0.09886 -0.0169539 -0.0502834 -0.0169539 -0.0502834 6.12851e-06 1.94785e-05 1.94607e-05 3.21358e-05 -0.0502837 -0.0819008 -0.0502837 -0.0819008 -0.0988605 -0.161022 -0.0988605 -0.161022 -0.144068 -0.234656 -0.144068 -0.234656 -0.18437 -0.300298 -0.18437 -0.300298 -0.218392 -0.355714 -0.218392 -0.355714 -0.244978 -0.399016 -0.244978 -0.399016 -0.263221 -0.428731 -0.263221 -0.428731 -0.272501 -0.443845 -0.272501 -0.443845 -0.272501 -0.443845 -0.272501 -0.443845 -0.263221 -0.42873 -0.263221 -0.42873 -0.244977 -0.399016 -0.244977 -0.399016 -0.218392 -0.355713 -0.218392 -0.355713 -0.184369 -0.300297 -0.184369 -0.300297 -0.144068 -0.234655 -0.144068 -0.234655 -0.09886 -0.161022 -0.09886 -0.161022 -0.0502834 -0.0819005 -0.0502834 -0.0819005 1.94785e-05 3.21684e-05 3.21358e-05 4.3707e-05 -0.0819008 -0.110729 -0.0819008 -0.110729 -0.161022 -0.2177 -0.161022 -0.2177 -0.234656 -0.317252 -0.234656 -0.317252 -0.300298 -0.406 -0.300298 -0.406 -0.355714 -0.480922 -0.355714 -0.480922 -0.399016 -0.539467 -0.399016 -0.539467 -0.428731 -0.57964 -0.428731 -0.57964 -0.443845 -0.600075 -0.443845 -0.600075 -0.443845 -0.600075 -0.443845 -0.600075 -0.42873 -0.57964 -0.42873 -0.57964 -0.399016 -0.539466 -0.399016 -0.539466 -0.355713 -0.480921 -0.355713 -0.480921 -0.300297 -0.406 -0.300297 -0.406 -0.234655 -0.317252 -0.234655 -0.317252 -0.161022 -0.2177 -0.161022 -0.2177 -0.0819005 -0.110729 -0.0819005 -0.110729 3.21684e-05 4.37666e-05 4.3707e-05 5.37913e-05 -0.110729 -0.135786 -0.110729 -0.135786 -0.2177 -0.266965 -0.2177 -0.266965 -0.317252 -0.389045 -0.317252 -0.389045 -0.406 -0.497877 -0.406 -0.497877 -0.480922 -0.589753 -0.480922 -0.589753 -0.539467 -0.661546 -0.539467 -0.661546 -0.57964 -0.710811 -0.57964 -0.710811 -0.600075 -0.73587 -0.600075 -0.73587 -0.600075 -0.73587 -0.600075 -0.73587 -0.57964 -0.710811 -0.57964 -0.710811 -0.539466 -0.661546 -0.539466 -0.661546 -0.480921 -0.589752 -0.480921 -0.589752 -0.406 -0.497876 -0.406 -0.497876 -0.317252 -0.389045 -0.317252 -0.389045 -0.2177 -0.266964 -0.2177 -0.266964 -0.110729 -0.135786 -0.110729 -0.135786 4.37666e-05 5.38884e-05 5.37913e-05 6.21528e-05 -0.135786 -0.15622 -0.135786 -0.15622 -0.266965 -0.307138 -0.266965 -0.307138 -0.389045 -0.44759 -0.389045 -0.44759 -0.497877 -0.572798 -0.497877 -0.572798 -0.589753 -0.678501 -0.589753 -0.678501 -0.661546 -0.761097 -0.661546 -0.761097 -0.710811 -0.817776 -0.710811 -0.817776 -0.73587 -0.846606 -0.73587 -0.846606 -0.73587 -0.846606 -0.73587 -0.846606 -0.710811 -0.817776 -0.710811 -0.817776 -0.661546 -0.761097 -0.661546 -0.761097 -0.589752 -0.6785 -0.589752 -0.6785 -0.497876 -0.572798 -0.497876 -0.572798 -0.389045 -0.44759 -0.389045 -0.44759 -0.266964 -0.307138 -0.266964 -0.307138 -0.135786 -0.156219 -0.135786 -0.156219 5.38884e-05 6.22416e-05 6.21528e-05 6.8911e-05 -0.15622 -0.171333 -0.15622 -0.171333 -0.307138 -0.336852 -0.307138 -0.336852 -0.44759 -0.490892 -0.44759 -0.490892 -0.572798 -0.628214 -0.572798 -0.628214 -0.678501 -0.744143 -0.678501 -0.744143 -0.761097 -0.834731 -0.761097 -0.834731 -0.817776 -0.896893 -0.817776 -0.896893 -0.846606 -0.928512 -0.846606 -0.928512 -0.846606 -0.928512 -0.846606 -0.928512 -0.817776 -0.896892 -0.817776 -0.896892 -0.761097 -0.83473 -0.761097 -0.83473 -0.6785 -0.744142 -0.6785 -0.744142 -0.572798 -0.628214 -0.572798 -0.628214 -0.44759 -0.490892 -0.44759 -0.490892 -0.307138 -0.336852 -0.307138 -0.336852 -0.156219 -0.171333 -0.156219 -0.171333 6.22416e-05 6.88046e-05 6.8911e-05 7.57011e-05 -0.171333 -0.180611 -0.171333 -0.180611 -0.336852 -0.355096 -0.336852 -0.355096 -0.490892 -0.517478 -0.490892 -0.517478 -0.628214 -0.662237 -0.628214 -0.662237 -0.744143 -0.784444 -0.744143 -0.784444 -0.834731 -0.879938 -0.834731 -0.879938 -0.896893 -0.945467 -0.896893 -0.945467 -0.928512 -0.978798 -0.928512 -0.978798 -0.928512 -0.978798 -0.928512 -0.978798 -0.896892 -0.945466 -0.896892 -0.945466 -0.83473 -0.879938 -0.83473 -0.879938 -0.744142 -0.784444 -0.744142 -0.784444 -0.628214 -0.662237 -0.628214 -0.662237 -0.490892 -0.517478 -0.490892 -0.517478 -0.336852 -0.355095 -0.336852 -0.355095 -0.171333 -0.180611 -0.171333 -0.180611 6.88046e-05 7.51461e-05 7.57011e-05 9.32912e-05 -0.180611 -0.183737 -0.180611 -0.183737 -0.355096 -0.361246 -0.355096 -0.361246 -0.517478 -0.526442 -0.517478 -0.526442 -0.662237 -0.673709 -0.662237 -0.673709 -0.784444 -0.798033 -0.784444 -0.798033 -0.879938 -0.895181 -0.879938 -0.895181 -0.945467 -0.961844 -0.945467 -0.961844 -0.978798 -0.995753 -0.978798 -0.995753 -0.978798 -0.995753 -0.978798 -0.995753 -0.945466 -0.961843 -0.945466 -0.961843 -0.879938 -0.895179 -0.879938 -0.895179 -0.784444 -0.798031 -0.784444 -0.798031 -0.662237 -0.673707 -0.662237 -0.673707 -0.517478 -0.526441 -0.517478 -0.526441 -0.355095 -0.361245 -0.355095 -0.361245 -0.180611 -0.183737 -0.180611 -0.183737 7.51461e-05 9.23466e-05 
SCALARS pressure_error double 1
LOOKUP_TABLE default
9.10818e-05 7.56054e-05 1.29653e-05 1.01435e-05 1.29653e-05 1.01435e-05 -3.01448e-06 -3.60796e-06 -3.01448e-06 -3.60796e-06 -8.01572e-06 -8.13851e-06 -8.01572e-06 -8.13851e-06 -1.08873e-05 -1.09145e-05 -1.08873e-05 -1.09145e-05 -1.31409e-05 -1.3127e-05 -1.31409e-05 -1.3127e-05 -1.49451e-05 -1.48683e-05 -1.49451e-05 -1.48683e-05 -1.62786e-05 -1.61052e-05 -1.62786e-05 -1.61052e-05 -1.70999e-05 -1.68079e-05 -1.70999e-05 -1.68079e-05 -1.73638e-05 -1.69498e-05 -1.73638e-05 -1.69498e-05 -1.70376e-05 -1.65142e-05 -1.70376e-05 -1.65142e-05 -1.61108e-05 -1.55011e-05 -1.61108e-05 -1.55011e-05 -1.45972e-05 -1.39204e-05 -1.45972e-05 -1.39204e-05 -1.24964e-05 -1.17584e-05 -1.24964e-05 -1.17584e-05 -9.56282e-06 -8.86375e-06 -9.56282e-06 -8.86375e-06 -4.07801e-06 -4.06066e-06 -4.07801e-06 -4.06066e-06 1.30081e-05 1.0296e-05 1.30081e-05 1.0296e-05 9.20265e-05 7.62691e-05 7.56054e-05 6.92367e-05 1.01435e-05 9.17869e-06 1.01435e-05 9.17869e-06 -3.60796e-06 -3.3166e-06 -3.60796e-06 -3.3166e-06 -8.13851e-06 -7.75554e-06 -8.13851e-06 -7.75554e-06 -1.09145e-05 -1.04209e-05 -1.09145e-05 -1.04209e-05 -1.3127e-05 -1.2438e-05 -1.3127e-05 -1.2438e-05 -1.48683e-05 -1.40872e-05 -1.48683e-05 -1.40872e-05 -1.61052e-05 -1.52791e-05 -1.61052e-05 -1.52791e-05 -1.68079e-05 -1.59573e-05 -1.68079e-05 -1.59573e-05 -1.69498e-05 -1.60961e-05 -1.69498e-05 -1.60961e-05 -1.65142e-05 -1.56765e-05 -1.65142e-05 -1.56765e-05 -1.55011e-05 -1.46936e-05 -1.55011e-05 -1.46936e-05 -1.39204e-05 -1.31523e-05 -1.39204e-05 -1.31523e-05 -1.17584e-05 -1.10695e-05 -1.17584e-05 -1.10695e-05 -8.86375e-06 -8.24096e-06 -8.86375e-06 -8.24096e-06 -4.06066e-06 -3.56289e-06 -4.06066e-06 -3.56289e-06 1.0296e-05 9.01983e-06 1.0296e-05 9.01983e-06 7.62691e-05 6.95737e-05 6.92367e-05 6.2814e-05 9.17869e-06 8.42411e-06 9.17869e-06 8.42411e-06 -3.3166e-06 -3.05454e-06 -3.3166e-06 -3.05454e-06 -7.75554e-06 -6.96886e-06 -7.75554e-06 -6.96886e-06 -1.04209e-05 -9.47824e-06 -1.04209e-05 -9.47824e-06 -1.2438e-05 -1.13762e-05 -1.2438e-05 -1.13762e-05 -1.40872e-05 -1.28381e-05 -1.40872e-05 -1.28381e-05 -1.52791e-05 -1.39361e-05 -1.52791e-05 -1.39361e-05 -1.59573e-05 -1.45737e-05 -1.59573e-05 -1.45737e-05 -1.60961e-05 -1.47181e-05 -1.60961e-05 -1.47181e-05 -1.56765e-05 -1.43434e-05 -1.56765e-05 -1.43434e-05 -1.46936e-05 -1.34348e-05 -1.46936e-05 -1.34348e-05 -1.31523e-05 -1.2006e-05 -1.31523e-05 -1.2006e-05 -1.10695e-05 -1.00592e-05 -1.10695e-05 -1.00592e-05 -8.24096e-06 -7.46013e-06 -8.24096e-06 -7.46013e-06 -3.56289e-06 -3.33823e-06 -3.56289e-06 -3.33823e-06 9.01983e-06 8.28236e-06 9.01983e-06 8.28236e-06 6.95737e-05 6.29039e-05 6.2814e-05 5.46884e-05 8.42411e-06 7.4398e-06 8.42411e-06 7.4398e-06 -3.05454e-06 -2.53894e-06 -3.05454e-06 -2.53894e-06 -6.96886e-06 -5.99998e-06 -6.96886e-06 -5.99998e-06 -9.47824e-06 -8.15249e-06 -9.47824e-06 -8.15249e-06 -1.13762e-05 -9.9082e-06 -1.13762e-05 -9.9082e-06 -1.28381e-05 -1.11779e-05 -1.28381e-05 -1.11779e-05 -1.39361e-05 -1.21254e-05 -1.39361e-05 -1.21254e-05 -1.45737e-05 -1.27014e-05 -1.45737e-05 -1.27014e-05 -1.47181e-05 -1.28521e-05 -1.47181e-05 -1.28521e-05 -1.43434e-05 -1.25436e-05 -1.43434e-05 -1.25436e-05 -1.34348e-05 -1.17471e-05 -1.34348e-05 -1.17471e-05 -1.2006e-05 -1.04919e-05 -1.2006e-05 -1.04919e-05 -1.00592e-05 -8.73883e-06 -1.00592e-05 -8.73883e-06 -7.46013e-06 -6.5043e-06 -7.46013e-06 -6.5043e-06 -3.33823e-06 -2.92002e-06 -3.33823e-06 -2.92002e-06 8.28236e-06 7.35245e-06 8.28236e-06 7.35245e-06 6.29039e-05 5.46985e-05 5.46884e-05 4.47575e-05 7.4398e-06 6.23922e-06 7.4398e-06 6.23922e-06 -2.53894e-06 -1.90061e-06 -2.53894e-06 -1.90061e-06 -5.99998e-06 -4.75313e-06 -5.99998e-06 -4.75313e-06 -8.15249e-06 -6.57951e-06 -8.15249e-06 -6.57951e-06 -9.9082e-06 -8.02064e-06 -9.9082e-06 -8.02064e-06 -1.11779e-05 -9.14722e-06 -1.11779e-05 -9.14722e-06 -1.21254e-05 -9.89167e-06 -1.21254e-05 -9.89167e-06 -1.27014e-05 -1.03854e-05 -1.27014e-05 -1.03854e-05 -1.28521e-05 -1.05431e-05 -1.28521e-05 -1.05431e-05 -1.25436e-05 -1.03169e-05 -1.25436e-05 -1.03169e-05 -1.17471e-05 -9.67522e-06 -1.17471e-05 -9.67522e-06 -1.04919e-05 -8.60215e-06 -1.04919e-05 -8.60215e-06 -8.73883e-06 -7.18007e-06 -8.73883e-06 -7.18007e-06 -6.5043e-06 -5.25867e-06 -6.5043e-06 -5.25867e-06 -2.92002e-06 -2.21132e-06 -2.92002e-06 -2.21132e-06 7.35245e-06 6.1027e-06 7.35245e-06 6.1027e-06 5.46985e-05 4.47337e-05 4.47575e-05 3.33047e-05 6.23922e-06 4.84989e-06 6.23922e-06 4.84989e-06 -1.90061e-06 -1.1845e-06 -1.90061e-06 -1.1845e-06 -4.75313e-06 -3.31993e-06 -4.75313e-06 -3.31993e-06 -6.57951e-06 -4.70575e-06 -6.57951e-06 -4.70575e-06 -8.02064e-06 -5.84359e-06 -8.02064e-06 -5.84359e-06 -9.14722e-06 -6.7431e-06 -9.14722e-06 -6.7431e-06 -9.89167e-06 -7.29381e-06 -9.89167e-06 -7.29381e-06 -1.03854e-05 -7.66783e-06 -1.03854e-05 -7.66783e-06 -1.05431e-05 -7.83065e-06 -1.05431e-05 -7.83065e-06 -1.03169e-05 -7.69365e-06 -1.03169e-05 -7.69365e-06 -9.67522e-06 -7.23013e-06 -9.67522e-06 -7.23013e-06 -8.60215e-06 -6.39349e-06 -8.60215e-06 -6.39349e-06 -7.18007e-06 -5.22137e-06 -7.18007e-06 -5.22137e-06 -5.25867e-06 -3.74458e-06 -5.25867e-06 -3.74458e-06 -2.21132e-06 -1.49448e-06 -2.21132e-06 -1.49448e-06 6.1027e-06 4.65051e-06 6.1027e-06 4.65051e-06 4.47337e-05 3.32786e-05 3.33047e-05 2.07159e-05 4.84989e-06 3.3027e-06 4.84989e-06 3.3027e-06 -1.1845e-06 -4.05615e-07 -1.1845e-06 -4.05615e-07 -3.31993e-06 -1.74475e-06 -3.31993e-06 -1.74475e-06 -4.70575e-06 -2.64545e-06 -4.70575e-06 -2.64545e-06 -5.84359e-06 -3.40227e-06 -5.84359e-06 -3.40227e-06 -6.7431e-06 -4.00517e-06 -6.7431e-06 -4.00517e-06 -7.29381e-06 -4.40399e-06 -7.29381e-06 -4.40399e-06 -7.66783e-06 -4.5996e-06 -7.66783e-06 -4.5996e-06 -7.83065e-06 -4.75342e-06 -7.83065e-06 -4.75342e-06 -7.69365e-06 -4.72197e-06 -7.69365e-06 -4.72197e-06 -7.23013e-06 -4.39724e-06 -7.23013e-06 -4.39724e-06 -6.39349e-06 -3.84901e-06 -6.39349e-06 -3.84901e-06 -5.22137e-06 -3.1106e-06 -5.22137e-06 -3.1106e-06 -3.74458e-06 -2.17043e-06 -3.74458e-06 -2.17043e-06 -1.49448e-06 -7.47045e-07 -1.49448e-06 -7.47045e-07 4.65051e-06 3.06737e-06 4.65051e-06 3.06737e-06 3.32786e-05 2.07034e-05 2.07159e-05 7.42103e-06 3.3027e-06 1.64519e-06 3.3027e-06 1.64519e-06 -4.05615e-07 4.00847e-07 -4.05615e-07 4.00847e-07 -1.74475e-06 -8.19847e-08 -1.74475e-06 -8.19847e-08 -2.64545e-06 -4.50334e-07 -2.64545e-06 -4.50334e-07 -3.40227e-06 -7.93336e-07 -3.40227e-06 -7.93336e-07 -4.00517e-06 -1.08224e-06 -4.00517e-06 -1.08224e-06 -4.40399e-06 -1.25732e-06 -4.40399e-06 -1.25732e-06 -4.5996e-06 -1.31063e-06 -4.5996e-06 -1.31063e-06 -4.75342e-06 -1.41535e-06 -4.75342e-06 -1.41535e-06 -4.72197e-06 -1.5013e-06 -4.72197e-06 -1.5013e-06 -4.39724e-06 -1.46259e-06 -4.39724e-06 -1.46259e-06 -3.84901e-06 -1.26295e-06 -3.84901e-06 -1.26295e-06 -3.1106e-06 -9.45185e-07 -3.1106e-06 -9.45185e-07 -2.17043e-06 -5.39027e-07 -2.17043e-06 -5.39027e-07 -7.47045e-07 2.907e-08 -7.47045e-07 2.907e-08 3.06737e-06 1.38958e-06 3.06737e-06 1.38958e-06 2.07034e-05 7.41574e-06 7.42103e-06 -6.12749e-06 1.64519e-06 -6.7846e-08 1.64519e-06 -6.7846e-08 4.00847e-07 1.20441e-06 4.00847e-07 1.20441e-06 -8.19847e-08 1.60386e-06 -8.19847e-08 1.60386e-06 -4.50334e-07 1.78674e-06 -4.50334e-07 1.78674e-06 -7.93336e-07 1.87448e-06 -7.93336e-07 1.87448e-06 -1.08224e-06 1.91884e-06 -1.08224e-06 1.91884e-06 -1.25732e-06 1.96638e-06 -1.25732e-06 1.96638e-06 -1.31063e-06 1.99394e-06 -1.31063e-06 1.99394e-06 -1.41535e-06 1.88921e-06 -1.41535e-06 1.88921e-06 -1.5013e-06 1.63727e-06 -1.5013e-06 1.63727e-06 -1.46259e-06 1.44516e-06 -1.46259e-06 1.44516e-06 -1.26295e-06 1.32472e-06 -1.26295e-06 1.32472e-06 -9.45185e-07 1.22725e-06 -9.45185e-07 1.22725e-06 -5.39027e-07 1.09768e-06 -5.39027e-07 1.09768e-06 2.907e-08 8.0087e-07 2.907e-08 8.0087e-07 1.38958e-06 -3.36475e-07 1.38958e-06 -3.36475e-07 7.41574e-06 -6.13568e-06 -6.12749e-06 -1.94678e-05 -6.7846e-08 -1.77848e-06 -6.7846e-08 -1.77848e-06 1.20441e-06 1.97749e-06 1.20441e-06 1.97749e-06 1.60386e-06 3.25288e-06 1.60386e-06 3.25288e-06 1.78674e-06 3.98315e-06 1.78674e-06 3.98315e-06 1.87448e-06 4.49382e-06 1.87448e-06 4.49382e-06 1.91884e-06 4.8413e-06 1.91884e-06 4.8413e-06 1.96638e-06 5.03663e-06 1.96638e-06 5.03663e-06 1.99394e-06 5.13336e-06 1.99394e-06 5.13336e-06 1.88921e-06 5.06469e-06 1.88921e-06 5.06469e-06 1.63727e-06 4.71865e-06 1.63727e-06 4.71865e-06 1.44516e-06 4.30873e-06 1.44516e-06 4.30873e-06 1.32472e-06 3.86412e-06 1.32472e-06 3.86412e-06 1.22725e-06 3.35439e-06 1.22725e-06 3.35439e-06 1.09768e-06 2.69564e-06 1.09768e-06 2.69564e-06 8.0087e-07 1.54499e-06 8.0087e-07 1.54499e-06 -3.36475e-07 -2.05313e-06 -3.36475e-07 -2.05313e-06 -6.13568e-06 -1.94857e-05 -1.94678e-05 -3.2143e-05 -1.77848e-06 -3.42511e-06 -1.77848e-06 -3.42511e-06 1.97749e-06 2.7011e-06 1.97749e-06 2.7011e-06 3.25288e-06 4.81231e-06 3.25288e-06 4.81231e-06 3.98315e-06 6.04702e-06 3.98315e-06 6.04702e-06 4.49382e-06 6.91726e-06 4.49382e-06 6.91726e-06 4.8413e-06 7.54941e-06 4.8413e-06 7.54941e-06 5.03663e-06 7.99721e-06 5.03663e-06 7.99721e-06 5.13336e-06 8.19356e-06 5.13336e-06 8.19356e-06 5.06469e-06 8.12407e-06 5.06469e-06 8.12407e-06 4.71865e-06 7.73787e-06 4.71865e-06 7.73787e-06 4.30873e-06 7.06238e-06 4.30873e-06 7.06238e-06 3.86412e-06 6.30904e-06 3.86412e-06 6.30904e-06 3.35439e-06 5.39774e-06 3.35439e-06 5.39774e-06 2.69564e-06 4.21781e-06 2.69564e-06 4.21781e-06 1.54499e-06 2.24236e-06 1.54499e-06 2.24236e-06 -2.05313e-06 -3.69984e-06 -2.05313e-06 -3.69984e-06 -1.94857e-05 -3.21756e-05 -3.2143e-05 -4.37142e-05 -3.42511e-06 -4.94166e-06 -3.42511e-06 -4.94166e-06 2.7011e-06 3.34532e-06 2.7011e-06 3.34532e-06 4.81231e-06 6.17454e-06 4.81231e-06 6.17454e-06 6.04702e-06 7.86723e-06 6.04702e-06 7.86723e-06 6.91726e-06 9.17891e-06 6.91726e-06 9.17891e-06 7.54941e-06 1.01407e-05 7.54941e-06 1.01407e-05 7.99721e-06 1.07787e-05 7.99721e-06 1.07787e-05 8.19356e-06 1.10745e-05 8.19356e-06 1.10745e-05 8.12407e-06 1.09969e-05 8.12407e-06 1.09969e-05 7.73787e-06 1.05365e-05 7.73787e-06 1.05365e-05 7.06238e-06 9.67099e-06 7.06238e-06 9.67099e-06 6.30904e-06 8.59739e-06 6.30904e-06 8.59739e-06 5.39774e-06 7.2752e-06 5.39774e-06 7.2752e-06 4.21781e-06 5.61505e-06 4.21781e-06 5.61505e-06 2.24236e-06 2.87728e-06 2.24236e-06 2.87728e-06 -3.69984e-06 -5.21554e-06 -3.69984e-06 -5.21554e-06 -3.21756e-05 -4.37737e-05 -4.37142e-05 -5.37985e-05 -4.94166e-06 -6.27148e-06 -4.94166e-06 -6.27148e-06 3.34532e-06 3.82181e-06 3.34532e-06 3.82181e-06 6.17454e-06 7.33334e-06 6.17454e-06 7.33334e-06 7.86723e-06 9.55103e-06 7.86723e-06 9.55103e-06 9.17891e-06 1.11876e-05 9.17891e-06 1.11876e-05 1.01407e-05 1.24391e-05 1.01407e-05 1.24391e-05 1.07787e-05 1.32525e-05 1.07787e-05 1.32525e-05 1.10745e-05 1.3629e-05 1.10745e-05 1.3629e-05 1.09969e-05 1.3543e-05 1.09969e-05 1.3543e-05 1.05365e-05 1.29979e-05 1.05365e-05 1.29979e-05 9.67099e-06 1.20035e-05 9.67099e-06 1.20035e-05 8.59739e-06 1.05954e-05 8.59739e-06 1.05954e-05 7.2752e-06 8.96469e-06 7.2752e-06 8.96469e-06 5.61505e-06 6.83516e-06 5.61505e-06 6.83516e-06 2.87728e-06 3.41593e-06 2.87728e-06 3.41593e-06 -5.21554e-06 -6.53766e-06 -5.21554e-06 -6.53766e-06 -4.37737e-05 -5.38956e-05 -5.37985e-05 -6.216e-05 -6.27148e-06 -7.39043e-06 -6.27148e-06 -7.39043e-06 3.82181e-06 4.16088e-06 3.82181e-06 4.16088e-06 7.33334e-06 8.35861e-06 7.33334e-06 8.35861e-06 9.55103e-06 1.08944e-05 9.55103e-06 1.08944e-05 1.11876e-05 1.28679e-05 1.11876e-05 1.28679e-05 1.24391e-05 1.43327e-05 1.24391e-05 1.43327e-05 1.32525e-05 1.52943e-05 1.32525e-05 1.52943e-05 1.3629e-05 1.57338e-05 1.3629e-05 1.57338e-05 1.3543e-05 1.56385e-05 1.3543e-05 1.56385e-05 1.29979e-05 1.50186e-05 1.29979e-05 1.50186e-05 1.20035e-05 1.39058e-05 1.20035e-05 1.39058e-05 1.05954e-05 1.22921e-05 1.05954e-05 1.22921e-05 8.96469e-06 1.03073e-05 8.96469e-06 1.03073e-05 6.83516e-06 7.86734e-06 6.83516e-06 7.86734e-06 3.41593e-06 3.86396e-06 3.41593e-06 3.86396e-06 -6.53766e-06 -7.63423e-06 -6.53766e-06 -7.63423e-06 -5.38956e-05 -6.22487e-05 -6.216e-05 -6.89181e-05 -7.39043e-06 -8.38572e-06 -7.39043e-06 -8.38572e-06 4.16088e-06 4.51529e-06 4.16088e-06 4.51529e-06 8.35861e-06 9.05038e-06 8.35861e-06 9.05038e-06 1.08944e-05 1.19465e-05 1.08944e-05 1.19465e-05 1.28679e-05 1.4129e-05 1.28679e-05 1.4129e-05 1.43327e-05 1.57515e-05 1.43327e-05 1.57515e-05 1.52943e-05 1.68159e-05 1.52943e-05 1.68159e-05 1.57338e-05 1.72978e-05 1.57338e-05 1.72978e-05 1.56385e-05 1.71907e-05 1.56385e-05 1.71907e-05 1.50186e-05 1.65095e-05 1.50186e-05 1.65095e-05 1.39058e-05 1.52938e-05 1.39058e-05 1.52938e-05 1.22921e-05 1.3572e-05 1.22921e-05 1.3572e-05 1.03073e-05 1.13227e-05 1.03073e-05 1.13227e-05 7.86734e-06 8.57819e-06 7.86734e-06 8.57819e-06 3.86396e-06 4.269e-06 3.86396e-06 4.269e-06 -7.63423e-06 -8.5592e-06 -7.63423e-06 -8.5592e-06 -6.22487e-05 -6.88118e-05 -6.89181e-05 -7.57082e-05 -8.38572e-06 -9.62163e-06 -8.38572e-06 -9.62163e-06 4.51529e-06 4.68015e-06 4.51529e-06 4.68015e-06 9.05038e-06 9.65363e-06 9.05038e-06 9.65363e-06 1.19465e-05 1.26605e-05 1.19465e-05 1.26605e-05 1.4129e-05 1.49441e-05 1.4129e-05 1.49441e-05 1.57515e-05 1.66512e-05 1.57515e-05 1.66512e-05 1.68159e-05 1.77637e-05 1.68159e-05 1.77637e-05 1.72978e-05 1.82585e-05 1.72978e-05 1.82585e-05 1.71907e-05 1.81297e-05 1.71907e-05 1.81297e-05 1.65095e-05 1.73941e-05 1.65095e-05 1.73941e-05 1.52938e-05 1.60937e-05 1.52938e-05 1.60937e-05 1.3572e-05 1.4288e-05 1.3572e-05 1.4288e-05 1.13227e-05 1.19955e-05 1.13227e-05 1.19955e-05 8.57819e-06 9.03043e-06 8.57819e-06 9.03043e-06 4.269e-06 4.24206e-06 4.269e-06 4.24206e-06 -8.5592e-06 -9.46912e-06 -8.5592e-06 -9.46912e-06 -6.88118e-05 -7.51533e-05 -7.57082e-05 -9.32984e-05 -9.62163e-06 -1.2556e-05 -9.62163e-06 -1.2556e-05 4.68015e-06 4.50296e-06 4.68015e-06 4.50296e-06 9.65363e-06 1.01281e-05 9.65363e-06 1.01281e-05 1.26605e-05 1.32892e-05 1.26605e-05 1.32892e-05 1.49441e-05 1.55809e-05 1.49441e-05 1.55809e-05 1.66512e-05 1.724e-05 1.66512e-05 1.724e-05 1.77637e-05 1.82678e-05 1.77637e-05 1.82678e-05 1.82585e-05 1.86492e-05 1.82585e-05 1.86492e-05 1.81297e-05 1.83882e-05 1.81297e-05 1.83882e-05 1.73941e-05 1.75141e-05 1.73941e-05 1.75141e-05 1.60937e-05 1.60807e-05 1.60937e-05 1.60807e-05 1.4288e-05 1.41605e-05 1.4288e-05 1.41605e-05 1.19955e-05 1.17874e-05 1.19955e-05 1.17874e-05 9.03043e-06 8.75962e-06 9.03043e-06 8.75962e-06 4.24206e-06 3.67004e-06 4.24206e-06 3.67004e-06 -9.46912e-06 -1.24045e-05 -9.46912e-06 -1.24045e-05 -7.51533e-05 -9.23537e-05 
SCALARS temperature double 1
LOOKUP_TABLE default
0 0 0.18375 0.171341 0.18375 0.171341 0.361242 0.336848 0.361242 0.336848 0.526432 0.490883 0.526432 0.490883 0.673696 0.628202 0.673696 0.628202 0.798017 0.744129 0.798017 0.744129 0.895163 0.834715 0.895163 0.834715 0.961826 0.896876 0.961826 0.896876 0.995734 0.928494 0.995734 0.928494 0.995734 0.928494 0.995734 0.928494 0.961826 0.896876 0.961826 0.896876 0.895163 0.834715 0.895163 0.834715 0.798017 0.744129 0.798017 0.744129 0.673696 0.628202 0.673696 0.628202 0.526432 0.490883 0.526432 0.490883 0.361242 0.336848 0.361242 0.336848 0.18375 0.171341 0.18375 0.171341 1.22465e-16 1.14195e-16 0 0 0.171341 0.135793 0.171341 0.135793 0.336848 0.266961 0.336848 0.266961 0.490883 0.389038 0.490883 0.389038 0.628202 0.497867 0.628202 0.497867 0.744129 0.589742 0.744129 0.589742 0.834715 0.661534 0.834715 0.661534 0.896876 0.710798 0.896876 0.710798 0.928494 0.735856 0.928494 0.735856 0.928494 0.735856 0.928494 0.735856 0.896876 0.710798 0.896876 0.710798 0.834715 0.661534 0.834715 0.661534 0.744129 0.589742 0.744129 0.589742 0.628202 0.497867 0.628202 0.497867 0.490883 0.389038 0.490883 0.389038 0.336848 0.266961 0.336848 0.266961 0.171341 0.135793 0.171341 0.135793 1.14195e-16 9.05025e-17 0 0 0.135793 0.0819042 0.135793 0.0819042 0.266961 0.161019 0.266961 0.161019 0.389038 0.234651 0.389038 0.234651 0.497867 0.300292 0.497867 0.300292 0.589742 0.355707 0.589742 0.355707 0.661534 0.399009 0.661534 0.399009 0.710798 0.428723 0.710798 0.428723 0.735856 0.443837 0.735856 0.443837 0.735856 0.443837 0.735856 0.443837 0.710798 0.428723 0.710798 0.428723 0.661534 0.399009 0.661534 0.399009 0.589742 0.355707 0.589742 0.355707 0.497867 0.300292 0.497867 0.300292 0.389038 0.234651 0.389038 0.234651 0.266961 0.161019 0.266961 0.161019 0.135793 0.0819042 0.135793 0.0819042 9.05025e-17 5.45872e-17 0 0 0.0819042 0.0169543 0.0819042 0.0169543 0.161019 0.0333312 0.161019 0.0333312 0.234651 0.048573 0.234651 0.048573 0.300292 0.0621608 0.300292 0.0621608 0.355707 0.0736317 0.355707 0.0736317 0.399009 0.0825952 0.399009 0.0825952 0.428723 0.0887461 0.428723 0.0887461 0.443837 0.0918747 0.443837 0.0918747 0.443837 0.0918747 0.443837 0.0918747 0.428723 0.0887461 0.428723 0.0887461 0.399009 0.0825952 0.399009 0.0825952 0.355707 0.0736317 0.355707 0.0736317 0.300292 0.0621608 0.300292 0.0621608 0.234651 0.048573 0.234651 0.048573 0.161019 0.0333312 0.161019 0.0333312 0.0819042 0.0169543 0.0819042 0.0169543 5.45872e-17 1.12996e-17 0 0 0.0169543 -0.0502854 0.0169543 -0.0502854 0.0333312 -0.0988585 0.0333312 -0.0988585 0.048573 -0.144065 0.048573 -0.144065 0.0621608 -0.184366 0.0621608 -0.184366 0.0736317 -0.218388 0.0736317 -0.218388 0.0825952 -0.244973 0.0825952 -0.244973 0.0887461 -0.263216 0.0887461 -0.263216 0.0918747 -0.272496 0.0918747 -0.272496 0.0918747 -0.272496 0.0918747 -0.272496 0.0887461 -0.263216 0.0887461 -0.263216 0.0825952 -0.244973 0.0825952 -0.244973 0.0736317 -0.218388 0.0736317 -0.218388 0.0621608 -0.184366 0.0621608 -0.184366 0.048573 -0.144065 0.048573 -0.144065 0.0333312 -0.0988585 0.0333312 -0.0988585 0.0169543 -0.0502854 0.0169543 -0.0502854 1.12996e-17 -3.3514e-17 0 0 -0.0502854 -0.110734 -0.0502854 -0.110734 -0.0988585 -0.217697 -0.0988585 -0.217697 -0.144065 -0.317246 -0.144065 -0.317246 -0.184366 -0.405992 -0.184366 -0.405992 -0.218388 -0.480913 -0.218388 -0.480913 -0.244973 -0.539456 -0.244973 -0.539456 -0.263216 -0.579629 -0.263216 -0.579629 -0.272496 -0.600064 -0.272496 -0.600064 -0.272496 -0.600064 -0.272496 -0.600064 -0.263216 -0.579629 -0.263216 -0.579629 -0.244973 -0.539456 -0.244973 -0.539456 -0.218388 -0.480913 -0.218388 -0.480913 -0.184366 -0.405992 -0.184366 -0.405992 -0.144065 -0.317246 -0.144065 -0.317246 -0.0988585 -0.217697 -0.0988585 -0.217697 -0.0502854 -0.110734 -0.0502854 -0.110734 -3.3514e-17 -7.38015e-17 0 0 -0.110734 -0.156227 -0.110734 -0.156227 -0.217697 -0.307134 -0.217697 -0.307134 -0.317246 -0.447582 -0.317246 -0.447582 -0.405992 -0.572788 -0.405992 -0.572788 -0.480913 -0.678488 -0.480913 -0.678488 -0.539456 -0.761083 -0.539456 -0.761083 -0.579629 -0.817761 -0.579629 -0.817761 -0.600064 -0.84659 -0.600064 -0.84659 -0.600064 -0.84659 -0.600064 -0.84659 -0.579629 -0.817761 -0.579629 -0.817761 -0.539456 -0.761083 -0.539456 -0.761083 -0.480913 -0.678488 -0.480913 -0.678488 -0.405992 -0.572788 -0.405992 -0.572788 -0.317246 -0.447582 -0.317246 -0.447582 -0.217697 -0.307134 -0.217697 -0.307134 -0.110734 -0.156227 -0.110734 -0.156227 -7.38015e-17 -1.04122e-16 0 0 -0.156227 -0.180621 -0.156227 -0.180621 -0.307134 -0.355091 -0.307134 -0.355091 -0.447582 -0.517469 -0.447582 -0.517469 -0.572788 -0.662225 -0.572788 -0.662225 -0.678488 -0.784429 -0.678488 -0.784429 -0.761083 -0.879921 -0.761083 -0.879921 -0.817761 -0.945449 -0.817761 -0.945449 -0.84659 -0.97878 -0.84659 -0.97878 -0.84659 -0.97878 -0.84659 -0.97878 -0.817761 -0.945449 -0.817761 -0.945449 -0.761083 -0.879921 -0.761083 -0.879921 -0.678488 -0.784429 -0.678488 -0.784429 -0.572788 -0.662225 -0.572788 -0.662225 -0.447582 -0.517469 -0.447582 -0.517469 -0.307134 -0.355091 -0.307134 -0.355091 -0.156227 -0.180621 -0.156227 -0.180621 -1.04122e-16 -1.20379e-16 0 0 -0.180621 -0.180621 -0.180621 -0.180621 -0.355091 -0.355091 -0.355091 -0.355091 -0.517469 -0.517469 -0.517469 -0.517469 -0.662225 -0.662225 -0.662225 -0.662225 -0.784429 -0.784429 -0.784429 -0.784429 -0.879921 -0.879921 -0.879921 -0.879921 -0.945449 -0.945449 -0.945449 -0.945449 -0.97878 -0.97878 -0.97878 -0.97878 -0.97878 -0.97878 -0.97878 -0.97878 -0.945449 -0.945449 -0.945449 -0.945449 -0.879921 -0.879921 -0.879921 -0.879921 -0.784429 -0.784429 -0.784429 -0.784429 -0.662225 -0.662225 -0.662225 -0.662225 -0.517469 -0.517469 -0.517469 -0.517469 -0.355091 -0.355091 -0.355091 -0.355091 -0.180621 -0.180621 -0.180621 -0.180621 -1.20379e-16 -1.20379e-16 0 0 -0.180621 -0.156227 -0.180621 -0.156227 -0.355091 -0.307134 -0.355091 -0.307134 -0.517469 -0.447582 -0.517469 -0.447582 -0.662225 -0.572788 -0.662225 -0.572788 -0.784429 -0.678488 -0.784429 -0.678488 -0.879921 -0.761083 -0.879921 -0.761083 -0.945449 -0.817761 -0.945449 -0.817761 -0.97878 -0.84659 -0.97878 -0.84659 -0.97878 -0.84659 -0.97878 -0.84659 -0.945449 -0.817761 -0.945449 -0.817761 -0.879921 -0.761083 -0.879921 -0.761083 -0.784429 -0.678488 -0.784429 -0.678488 -0.662225 -0.572788 -0.662225 -0.572788 -0.517469 -0.447582 -0.517469 -0.447582 -0.355091 -0.307134 -0.355091 -0.307134 -0.180621 -0.156227 -0.180621 -0.156227 -1.20379e-16 -1.04122e-16 0 0 -0.156227 -0.110734 -0.156227 -0.110734 -0.307134 -0.217697 -0.307134 -0.217697 -0.447582 -0.317246 -0.447582 -0.317246 -0.572788 -0.405992 -0.572788 -0.405992 -0.678488 -0.480913 -0.678488 -0.480913 -0.761083 -0.539456 -0.761083 -0.539456 -0.817761 -0.579629 -0.817761 -0.579629 -0.84659 -0.600064 -0.84659 -0.600064 -0.84659 -0.600064 -0.84659 -0.600064 -0.817761 -0.579629 -0.817761 -0.579629 -0.761083 -0.539456 -0.761083 -0.539456 -0.678488 -0.480913 -0.678488 -0.480913 -0.572788 -0.405992 -0.572788 -0.405992 -0.447582 -0.317246 -0.447582 -0.317246 -0.307134 -0.217697 -0.307134 -0.217697 -0.156227 -0.110734 -0.156227 -0.110734 -1.04122e-16 -7.38015e-17 0 0 -0.110734 -0.0502854 -0.110734 -0.0502854 -0.217697 -0.0988585 -0.217697 -0.0988585 -0.317246 -0.144065 -0.317246 -0.144065 -0.405992 -0.184366 -0.405992 -0.184366 -0.480913 -0.218388 -0.480913 -0.218388 -0.539456 -0.244973 -0.539456 -0.244973 -0.579629 -0.263216 -0.579629 -0.263216 -0.600064 -0.272496 -0.600064 -0.272496 -0.600064 -0.272496 -0.600064 -0.272496 -0.579629 -0.263216 -0.579629 -0.263216 -0.539456 -0.244973 -0.539456 -0.244973 -0.480913 -0.218388 -0.480913 -0.218388 -0.405992 -0.184366 -0.405992 -0.184366 -0.317246 -0.144065 -0.317246 -0.144065 -0.217697 -0.0988585 -0.217697 -0.0988585 -0.110734 -0.0502854 -0.110734 -0.0502854 -7.38015e-17 -3.3514e-17 0 0 -0.0502854 0.0169543 -0.0502854 0.0169543 -0.0988585 0.0333312 -0.0988585 0.0333312 -0.144065 0.048573 -0.144065 0.048573 -0.184366 0.0621608 -0.184366 0.0621608 -0.218388 0.0736318 -0.218388 0.0736318 -0.244973 0.0825953 -0.244973 0.0825953 -0.263216 0.0887461 -0.263216 0.0887461 -0.272496 0.0918748 -0.272496 0.0918748 -0.272496 0.0918748 -0.272496 0.0918748 -0.263216 0.0887461 -0.263216 0.0887461 -0.244973 0.0825953 -0.244973 0.0825953 -0.218388 0.0736317 -0.218388 0.0736317 -0.184366 0.0621608 -0.184366 0.0621608 -0.144065 0.048573 -0.144065 0.048573 -0.0988585 0.0333312 -0.0988585 0.0333312 -0.0502854 0.0169543 -0.0502854 0.0169543 -3.3514e-17 1.12996e-17 0 0 0.0169543 0.0819042 0.0169543 0.0819042 0.0333312 0.161019 0.0333312 0.161019 0.048573 0.234651 0.048573 0.234651 0.0621608 0.300292 0.0621608 0.300292 0.0736318 0.355707 0.0736318 0.355707 0.0825953 0.399009 0.0825953 0.399009 0.0887461 0.428723 0.0887461 0.428723 0.0918748 0.443837 0.0918748 0.443837 0.0918748 0.443837 0.0918748 0.443837 0.0887461 0.428723 0.0887461 0.428723 0.0825953 0.399009 0.0825953 0.399009 0.0736317 0.355707 0.0736317 0.355707 0.0621608 0.300292 0.0621608 0.300292 0.048573 0.234651 0.048573 0.234651 0.0333312 0.161019 0.0333312 0.161019 0.0169543 0.0819042 0.0169543 0.0819042 1.12996e-17 5.45872e-17 0 0 0.0819042 0.135793 0.0819042 0.135793 0.161019 0.266961 0.161019 0.266961 0.234651 0.389038 0.234651 0.389038 0.300292 0.497867 0.300292 0.497867 0.355707 0.589742 0.355707 0.589742 0.399009 0.661534 0.399009 0.661534 0.428723 0.710798 0.428723 0.710798 0.443837 0.735856 0.443837 0.735856 0.443837 0.735856 0.443837 0.735856 0.428723 0.710798 0.428723 0.710798 0.399009 0.661534 0.399009 0.661534 0.355707 0.589742 0.355707 0.589742 0.300292 0.497867 0.300292 0.497867 0.234651 0.389038 0.234651 0.389038 0.161019 0.266961 0.161019 0.266961 0.0819042 0.135793 0.0819042 0.135793 5.45872e-17 9.05025e-17 0 0 0.135793 0.171341 0.135793 0.171341 0.266961 0.336848 0.266961 0.336848 0.389038 0.490883 0.389038 0.490883 0.497867 0.628202 0.497867 0.628202 0.589742 0.744129 0.589742 0.744129 0.661534 0.834715 0.661534 0.834715 0.710798 0.896876 0.710798 0.896876 0.735856 0.928494 0.735856 0.928494 0.735856 0.928494 0.735856 0.928494 0.710798 0.896876 0.710798 0.896876 0.661534 0.834715 0.661534 0.834715 0.589742 0.744129 0.589742 0.744129 0.497867 0.628202 0.497867 0.628202 0.389038 0.490883 0.389038 0.490883 0.266961 0.336848 0.266961 0.336848 0.135793 0.171341 0.135793 0.171341 9.05025e-17 1.14195e-16 0 0 0.171341 0.18375 0.171341 0.18375 0.336848 0.361242 0.336848 0.361242 0.490883 0.526432 0.490883 0.526432 0.628202 0.673696 0.628202 0.673696 0.744129 0.798017 0.744129 0.798017 0.834715 0.895163 0.834715 0.895163 0.896876 0.961826 0.896876 0.961826 0.928494 0.995734 0.928494 0.995734 0.928494 0.995734 0.928494 0.995734 0.896876 0.961826 0.896876 0.961826 0.834715 0.895163 0.834715 0.895163 0.744129 0.798017 0.744129 0.798017 0.628202 0.673696 0.628202 0.673696 0.490883 0.526432 0.490883 0.526432 0.336848 0.361242 0.336848 0.361242 0.171341 0.18375 0.171341 0.18375 1.14195e-16 1.22465e-16 
SCALARS temperature_error double 1
LOOKUP_TABLE default
0 0 0 9.22477e-10 0 9.22477e-10 0 9.21514e-10 0 9.21514e-10 0 1.9222e-09 0 1.9222e-09 0 3.67522e-09 0 3.67522e-09 0 4.93661e-09 0 4.93661e-09 0 5.4789e-09 0 5.4789e-09 0 5.40962e-09 0 5.40962e-09 0 4.85633e-09 0 4.85633e-09 0 3.95689e-09 0 3.95689e-09 0 2.86249e-09 0 2.86249e-09 0 1.72695e-09 0 1.72695e-09 0 7.00471e-10 0 7.00471e-10 0 -3.46323e-11 0 -3.46323e-11 0 -4.36546e-10 0 -4.36546e-10 0 -1.85058e-09 0 -1.85058e-09 0 -4.01085e-09 0 -4.01085e-09 0 0 0 0 9.22477e-10 6.53935e-10 9.22477e-10 6.53935e-10 9.21514e-10 2.81286e-09 9.21514e-10 2.81286e-09 1.9222e-09 5.56271e-09 1.9222e-09 5.56271e-09 3.67522e-09 6.93401e-09 3.67522e-09 6.93401e-09 4.93661e-09 8.27368e-09 4.93661e-09 8.27368e-09 5.4789e-09 9.07183e-09 5.4789e-09 9.07183e-09 5.40962e-09 8.91693e-09 5.40962e-09 8.91693e-09 4.85633e-09 7.95106e-09 4.85633e-09 7.95106e-09 3.95689e-09 6.43891e-09 3.95689e-09 6.43891e-09 2.86249e-09 4.67727e-09 2.86249e-09 4.67727e-09 1.72695e-09 2.96145e-09 1.72695e-09 2.96145e-09 7.00471e-10 1.56823e-09 7.00471e-10 1.56823e-09 -3.46323e-11 6.95158e-10 -3.46323e-11 6.95158e-10 -4.36546e-10 2.5866e-10 -4.36546e-10 2.5866e-10 -1.85058e-09 1.34023e-09 -1.85058e-09 1.34023e-09 -4.01085e-09 6.89478e-10 -4.01085e-09 6.89478e-10 0 0 0 0 6.53935e-10 2.2511e-09 6.53935e-10 2.2511e-09 2.81286e-09 5.4026e-09 2.81286e-09 5.4026e-09 5.56271e-09 7.95238e-09 5.56271e-09 7.95238e-09 6.93401e-09 1.03856e-08 6.93401e-09 1.03856e-08 8.27368e-09 1.14461e-08 8.27368e-09 1.14461e-08 9.07183e-09 1.20264e-08 9.07183e-09 1.20264e-08 8.91693e-09 1.17248e-08 8.91693e-09 1.17248e-08 7.95106e-09 1.04578e-08 7.95106e-09 1.04578e-08 6.43891e-09 8.53003e-09 6.43891e-09 8.53003e-09 4.67727e-09 6.31957e-09 4.67727e-09 6.31957e-09 2.96145e-09 4.18985e-09 2.96145e-09 4.18985e-09 1.56823e-09 2.45898e-09 1.56823e-09 2.45898e-09 6.95158e-10 1.21945e-09 6.95158e-10 1.21945e-09 2.5866e-10 8.66813e-10 2.5866e-10 8.66813e-10 1.34023e-09 4.16454e-10 1.34023e-09 4.16454e-10 6.89478e-10 1.68547e-09 6.89478e-10 1.68547e-09 0 0 0 0 2.2511e-09 3.50224e-09 2.2511e-09 3.50224e-09 5.4026e-09 6.93676e-09 5.4026e-09 6.93676e-09 7.95238e-09 1.01039e-08 7.95238e-09 1.01039e-08 1.03856e-08 1.23872e-08 1.03856e-08 1.23872e-08 1.14461e-08 1.37654e-08 1.14461e-08 1.37654e-08 1.20264e-08 1.39398e-08 1.20264e-08 1.39398e-08 1.17248e-08 1.33845e-08 1.17248e-08 1.33845e-08 1.04578e-08 1.1864e-08 1.04578e-08 1.1864e-08 8.53003e-09 9.65145e-09 8.53003e-09 9.65145e-09 6.31957e-09 7.12479e-09 6.31957e-09 7.12479e-09 4.18985e-09 4.6526e-09 4.18985e-09 4.6526e-09 2.45898e-09 2.51722e-09 2.45898e-09 2.51722e-09 1.21945e-09 9.34953e-10 1.21945e-09 9.34953e-10 8.66813e-10 -1.72043e-10 8.66813e-10 -1.72043e-10 4.16454e-10 -1.83509e-10 4.16454e-10 -1.83509e-10 1.68547e-09 8.2468e-11 1.68547e-09 8.2468e-11 0 0 0 0 3.50224e-09 3.91508e-09 3.50224e-09 3.91508e-09 6.93676e-09 7.51874e-09 6.93676e-09 7.51874e-09 1.01039e-08 1.05923e-08 1.01039e-08 1.05923e-08 1.23872e-08 1.28893e-08 1.23872e-08 1.28893e-08 1.37654e-08 1.4202e-08 1.37654e-08 1.4202e-08 1.39398e-08 1.42414e-08 1.39398e-08 1.42414e-08 1.33845e-08 1.33739e-08 1.33845e-08 1.33739e-08 1.1864e-08 1.17058e-08 1.1864e-08 1.17058e-08 9.65145e-09 9.41394e-09 9.65145e-09 9.41394e-09 7.12479e-09 6.80944e-09 7.12479e-09 6.80944e-09 4.6526e-09 4.22571e-09 4.6526e-09 4.22571e-09 2.51722e-09 1.85366e-09 2.51722e-09 1.85366e-09 9.34953e-10 7.09887e-11 9.34953e-10 7.09887e-11 -1.72043e-10 -9.77823e-10 -1.72043e-10 -9.77823e-10 -1.83509e-10 -1.49416e-09 -1.83509e-10 -1.49416e-09 8.2468e-11 -1.35443e-09 8.2468e-11 -1.35443e-09 0 0 0 0 3.91508e-09 3.62469e-09 3.91508e-09 3.62469e-09 7.51874e-09 6.81872e-09 7.51874e-09 6.81872e-09 1.05923e-08 9.44725e-09 1.05923e-08 9.44725e-09 1.28893e-08 1.1325e-08 1.28893e-08 1.1325e-08 1.4202e-08 1.23276e-08 1.4202e-08 1.23276e-08 1.42414e-08 1.23818e-08 1.42414e-08 1.23818e-08 1.33739e-08 1.12862e-08 1.33739e-08 1.12862e-08 1.17058e-08 9.64427e-09 1.17058e-08 9.64427e-09 9.41394e-09 7.57499e-09 9.41394e-09 7.57499e-09 6.80944e-09 5.27181e-09 6.80944e-09 5.27181e-09 4.22571e-09 2.92011e-09 4.22571e-09 2.92011e-09 1.85366e-09 8.09601e-10 1.85366e-09 8.09601e-10 7.09887e-11 -1.0475e-09 7.09887e-11 -1.0475e-09 -9.77823e-10 -2.4125e-09 -9.77823e-10 -2.4125e-09 -1.49416e-09 -2.87153e-09 -1.49416e-09 -2.87153e-09 -1.35443e-09 -2.10622e-09 -1.35443e-09 -2.10622e-09 0 0 0 0 3.62469e-09 2.73378e-09 3.62469e-09 2.73378e-09 6.81872e-09 4.96291e-09 6.81872e-09 4.96291e-09 9.44725e-09 6.6721e-09 9.44725e-09 6.6721e-09 1.1325e-08 7.78951e-09 1.1325e-08 7.78951e-09 1.23276e-08 8.26949e-09 1.23276e-08 8.26949e-09 1.23818e-08 8.0438e-09 1.23818e-08 8.0438e-09 1.12862e-08 7.01755e-09 1.12862e-08 7.01755e-09 9.64427e-09 5.51446e-09 9.64427e-09 5.51446e-09 7.57499e-09 3.93662e-09 7.57499e-09 3.93662e-09 5.27181e-09 2.29487e-09 5.27181e-09 2.29487e-09 2.92011e-09 4.85545e-10 2.92011e-09 4.85545e-10 8.09601e-10 -1.32993e-09 8.09601e-10 -1.32993e-09 -1.0475e-09 -2.77753e-09 -1.0475e-09 -2.77753e-09 -2.4125e-09 -3.54644e-09 -2.4125e-09 -3.54644e-09 -2.87153e-09 -3.41013e-09 -2.87153e-09 -3.41013e-09 -2.10622e-09 -2.23019e-09 -2.10622e-09 -2.23019e-09 0 0 0 0 2.73378e-09 1.39033e-09 2.73378e-09 1.39033e-09 4.96291e-09 2.26165e-09 4.96291e-09 2.26165e-09 6.6721e-09 2.70405e-09 6.6721e-09 2.70405e-09 7.78951e-09 2.76491e-09 7.78951e-09 2.76491e-09 8.26949e-09 2.50605e-09 8.26949e-09 2.50605e-09 8.0438e-09 1.9478e-09 8.0438e-09 1.9478e-09 7.01755e-09 1.04312e-09 7.01755e-09 1.04312e-09 5.51446e-09 -1.0744e-10 5.51446e-09 -1.0744e-10 3.93662e-09 -9.54663e-10 3.93662e-09 -9.54663e-10 2.29487e-09 -1.62535e-09 2.29487e-09 -1.62535e-09 4.85545e-10 -2.31952e-09 4.85545e-10 -2.31952e-09 -1.32993e-09 -2.96566e-09 -1.32993e-09 -2.96566e-09 -2.77753e-09 -3.38552e-09 -2.77753e-09 -3.38552e-09 -3.54644e-09 -3.42222e-09 -3.54644e-09 -3.42222e-09 -3.41013e-09 -2.94629e-09 -3.41013e-09 -2.94629e-09 -2.23019e-09 -1.84363e-09 -2.23019e-09 -1.84363e-09 0 0 0 0 1.39033e-09 -1.94154e-10 1.39033e-09 -1.94154e-10 2.26165e-09 -8.51982e-10 2.26165e-09 -8.51982e-10 2.70405e-09 -1.78419e-09 2.70405e-09 -1.78419e-09 2.76491e-09 -2.81143e-09 2.76491e-09 -2.81143e-09 2.50605e-09 -3.74459e-09 2.50605e-09 -3.74459e-09 1.9478e-09 -4.46471e-09 1.9478e-09 -4.46471e-09 1.04312e-09 -4.95707e-09 1.04312e-09 -4.95707e-09 -1.0744e-10 -5.17622e-09 -1.0744e-10 -5.17622e-09 -9.54663e-10 -4.9071e-09 -9.54663e-10 -4.9071e-09 -1.62535e-09 -4.12385e-09 -1.62535e-09 -4.12385e-09 -2.31952e-09 -3.42968e-09 -2.31952e-09 -3.42968e-09 -2.96566e-09 -2.92244e-09 -2.96566e-09 -2.92244e-09 -3.38552e-09 -2.51795e-09 -3.38552e-09 -2.51795e-09 -3.42222e-09 -2.14537e-09 -3.42222e-09 -2.14537e-09 -2.94629e-09 -1.72026e-09 -2.94629e-09 -1.72026e-09 -1.84363e-09 -1.09666e-09 -1.84363e-09 -1.09666e-09 0 0 0 0 -1.94154e-10 -1.78264e-09 -1.94154e-10 -1.78264e-09 -8.51982e-10 -3.88814e-09 -8.51982e-10 -3.88814e-09 -1.78419e-09 -6.0084e-09 -1.78419e-09 -6.0084e-09 -2.81143e-09 -7.83057e-09 -2.81143e-09 -7.83057e-09 -3.74459e-09 -9.05848e-09 -3.74459e-09 -9.05848e-09 -4.46471e-09 -9.5512e-09 -4.46471e-09 -9.5512e-09 -4.95707e-09 -9.40204e-09 -4.95707e-09 -9.40204e-09 -5.17622e-09 -8.69748e-09 -5.17622e-09 -8.69748e-09 -4.9071e-09 -7.32756e-09 -4.9071e-09 -7.32756e-09 -4.12385e-09 -5.39431e-09 -4.12385e-09 -5.39431e-09 -3.42968e-09 -3.4567e-09 -3.42968e-09 -3.4567e-09 -2.92244e-09 -1.94754e-09 -2.92244e-09 -1.94754e-09 -2.51795e-09 -8.9158e-10 -2.51795e-09 -8.9158e-10 -2.14537e-09 -2.99577e-10 -2.14537e-09 -2.99577e-10 -1.72026e-09 -1.21109e-10 -1.72026e-09 -1.21109e-10 -1.09666e-09 -1.63426e-10 -1.09666e-09 -1.63426e-10 0 0 0 0 -1.78264e-09 -3.16733e-09 -1.78264e-09 -3.16733e-09 -3.88814e-09 -6.3798e-09 -3.88814e-09 -6.3798e-09 -6.0084e-09 -9.26973e-09 -6.0084e-09 -9.26973e-09 -7.83057e-09 -1.15507e-08 -7.83057e-09 -1.15507e-08 -9.05848e-09 -1.30352e-08 -9.05848e-09 -1.30352e-08 -9.5512e-09 -1.36156e-08 -9.5512e-09 -1.36156e-08 -9.40204e-09 -1.30788e-08 -9.40204e-09 -1.30788e-08 -8.69748e-09 -1.15272e-08 -8.69748e-09 -1.15272e-08 -7.32756e-09 -9.16263e-09 -7.32756e-09 -9.16263e-09 -5.39431e-09 -6.29386e-09 -5.39431e-09 -6.29386e-09 -3.4567e-09 -3.26038e-09 -3.4567e-09 -3.26038e-09 -1.94754e-09 -9.00829e-10 -1.94754e-09 -9.00829e-10 -8.9158e-10 7.42987e-10 -8.9158e-10 7.42987e-10 -2.99577e-10 1.52691e-09 -2.99577e-10 1.52691e-09 -1.21109e-10 1.46134e-09 -1.21109e-10 1.46134e-09 -1.63426e-10 7.75813e-10 -1.63426e-10 7.75813e-10 0 0 0 0 -3.16733e-09 -4.21392e-09 -3.16733e-09 -4.21392e-09 -6.3798e-09 -7.94989e-09 -6.3798e-09 -7.94989e-09 -9.26973e-09 -1.13298e-08 -9.26973e-09 -1.13298e-08 -1.15507e-08 -1.42153e-08 -1.15507e-08 -1.42153e-08 -1.30352e-08 -1.60056e-08 -1.30352e-08 -1.60056e-08 -1.36156e-08 -1.63346e-08 -1.36156e-08 -1.63346e-08 -1.30788e-08 -1.53542e-08 -1.30788e-08 -1.53542e-08 -1.15272e-08 -1.31639e-08 -1.15272e-08 -1.31639e-08 -9.16263e-09 -1.01031e-08 -9.16263e-09 -1.01031e-08 -6.29386e-09 -6.60864e-09 -6.29386e-09 -6.60864e-09 -3.26038e-09 -3.08935e-09 -3.26038e-09 -3.08935e-09 -9.00829e-10 9.86114e-12 -9.00829e-10 9.86114e-12 7.42987e-10 2.02756e-09 7.42987e-10 2.02756e-09 1.52691e-09 2.92717e-09 1.52691e-09 2.92717e-09 1.46134e-09 2.70583e-09 1.46134e-09 2.70583e-09 7.75813e-10 1.55343e-09 7.75813e-10 1.55343e-09 0 0 0 0 -4.21392e-09 -4.80088e-09 -4.21392e-09 -4.80088e-09 -7.94989e-09 -8.49255e-09 -7.94989e-09 -8.49255e-09 -1.13298e-08 -1.23423e-08 -1.13298e-08 -1.23423e-08 -1.42153e-08 -1.50309e-08 -1.42153e-08 -1.50309e-08 -1.60056e-08 -1.6507e-08 -1.60056e-08 -1.6507e-08 -1.63346e-08 -1.66129e-08 -1.63346e-08 -1.66129e-08 -1.53542e-08 -1.53296e-08 -1.53542e-08 -1.53296e-08 -1.31639e-08 -1.2873e-08 -1.31639e-08 -1.2873e-08 -1.01031e-08 -9.60408e-09 -1.01031e-08 -9.60408e-09 -6.60864e-09 -6.00073e-09 -6.60864e-09 -6.00073e-09 -3.08935e-09 -2.53892e-09 -3.08935e-09 -2.53892e-09 9.86114e-12 6.74399e-10 9.86114e-12 6.74399e-10 2.02756e-09 2.79269e-09 2.02756e-09 2.79269e-09 2.92717e-09 3.78725e-09 2.92717e-09 3.78725e-09 2.70583e-09 3.39961e-09 2.70583e-09 3.39961e-09 1.55343e-09 1.9914e-09 1.55343e-09 1.9914e-09 0 0 0 0 -4.80088e-09 -4.45388e-09 -4.80088e-09 -4.45388e-09 -8.49255e-09 -8.22713e-09 -8.49255e-09 -8.22713e-09 -1.23423e-08 -1.10994e-08 -1.23423e-08 -1.10994e-08 -1.50309e-08 -1.3355e-08 -1.50309e-08 -1.3355e-08 -1.6507e-08 -1.43819e-08 -1.6507e-08 -1.43819e-08 -1.66129e-08 -1.42622e-08 -1.66129e-08 -1.42622e-08 -1.53296e-08 -1.29515e-08 -1.53296e-08 -1.29515e-08 -1.2873e-08 -1.06488e-08 -1.2873e-08 -1.06488e-08 -9.60408e-09 -7.67663e-09 -9.60408e-09 -7.67663e-09 -6.00073e-09 -4.47089e-09 -6.00073e-09 -4.47089e-09 -2.53892e-09 -1.48984e-09 -2.53892e-09 -1.48984e-09 6.74399e-10 1.08917e-09 6.74399e-10 1.08917e-09 2.79269e-09 3.23714e-09 2.79269e-09 3.23714e-09 3.78725e-09 3.79533e-09 3.78725e-09 3.79533e-09 3.39961e-09 3.59793e-09 3.39961e-09 3.59793e-09 1.9914e-09 1.82813e-09 1.9914e-09 1.82813e-09 0 0 0 0 -4.45388e-09 -2.14914e-09 -4.45388e-09 -2.14914e-09 -8.22713e-09 -5.93737e-09 -8.22713e-09 -5.93737e-09 -1.10994e-08 -7.98688e-09 -1.10994e-08 -7.98688e-09 -1.3355e-08 -9.30539e-09 -1.3355e-08 -9.30539e-09 -1.43819e-08 -1.00388e-08 -1.43819e-08 -1.00388e-08 -1.42622e-08 -9.85743e-09 -1.42622e-08 -9.85743e-09 -1.29515e-08 -8.81665e-09 -1.29515e-08 -8.81665e-09 -1.06488e-08 -7.04719e-09 -1.06488e-08 -7.04719e-09 -7.67663e-09 -4.78613e-09 -7.67663e-09 -4.78613e-09 -4.47089e-09 -2.36349e-09 -4.47089e-09 -2.36349e-09 -1.48984e-09 -1.57362e-10 -1.48984e-09 -1.57362e-10 1.08917e-09 1.52126e-09 1.08917e-09 1.52126e-09 3.23714e-09 2.81908e-09 3.23714e-09 2.81908e-09 3.79533e-09 3.74337e-09 3.79533e-09 3.74337e-09 3.59793e-09 2.66906e-09 3.59793e-09 2.66906e-09 1.82813e-09 1.28866e-09 1.82813e-09 1.28866e-09 0 0 0 0 -2.14914e-09 1.37018e-09 -2.14914e-09 1.37018e-09 -5.93737e-09 -4.38726e-10 -5.93737e-09 -4.38726e-10 -7.98688e-09 -2.77117e-09 -7.98688e-09 -2.77117e-09 -9.30539e-09 -3.99041e-09 -9.30539e-09 -3.99041e-09 -1.00388e-08 -4.42276e-09 -1.00388e-08 -4.42276e-09 -9.85743e-09 -4.33273e-09 -9.85743e-09 -4.33273e-09 -8.81665e-09 -3.76689e-09 -8.81665e-09 -3.76689e-09 -7.04719e-09 -2.79199e-09 -7.04719e-09 -2.79199e-09 -4.78613e-09 -1.53795e-09 -4.78613e-09 -1.53795e-09 -2.36349e-09 -1.86497e-10 -2.36349e-09 -1.86497e-10 -1.57362e-10 1.04381e-09 -1.57362e-10 1.04381e-09 1.52126e-09 1.90389e-09 1.52126e-09 1.90389e-09 2.81908e-09 2.13905e-09 2.81908e-09 2.13905e-09 3.74337e-09 1.79248e-09 3.74337e-09 1.79248e-09 2.66906e-09 1.70837e-09 2.66906e-09 1.70837e-09 1.28866e-09 1.68583e-09 1.28866e-09 1.68583e-09 0 0 0 0 1.37018e-09 0 1.37018e-09 0 -4.38726e-10 0 -4.38726e-10 0 -2.77117e-09 0 -2.77117e-09 0 -3.99041e-09 0 -3.99041e-09 0 -4.42276e-09 0 -4.42276e-09 0 -4.33273e-09 0 -4.33273e-09 0 -3.76689e-09 0 -3.76689e-09 0 -2.79199e-09 0 -2.79199e-09 0 -1.53795e-09 0 -1.53795e-09 0 -1.86497e-10 0 -1.86497e-10 0 1.04381e-09 0 1.04381e-09 0 1.90389e-09 0 1.90389e-09 0 2.13905e-09 0 2.13905e-09 0 1.79248e-09 0 1.79248e-09 0 1.70837e-09 0 1.70837e-09 0 1.68583e-09 0 1.68583e-09 0 0 0 
