# vtk DataFile Version 3.0
#This file was generated by the deal.II library on 2026/9/23 at 11:12:16
ASCII
DATASET UNSTRUCTURED_GRID

POINTS 1156 double
0 0 0
0.0588235 0 0
0 0.0588235 0
0.0588235 0.0588235 0
0 0.0588235 0
0.0588235 0.0588235 0
0 0.117647 0
0.0588235 0.117647 0
0 0.117647 0
0.0588235 0.117647 0
0 0.176471 0
0.0588235 0.176471 0
0 0.176471 0
0.0588235 0.176471 0
0 0.235294 0
0.0588235 0.235294 0
0 0.235294 0
0.0588235 0.235294 0
0 0.294118 0
0.0588235 0.294118 0
0 0.294118 0
0.0588235 0.294118 0
0 0.352941 0
0.0588235 0.352941 0
0 0.352941 0
0.0588235 0.352941 0
0 0.411765 0
0.0588235 0.411765 0
0 0.411765 0
0.0588235 0.411765 0
0 0.470588 0
0.0588235 0.470588 0
0 0.470588 0
0.0588235 0.470588 0
0 0.529412 0
0.0588235 0.529412 0
0 0.529412 0
0.0588235 0.529412 0
0 0.588235 0
0.0588235 0.588235 0
0 0.588235 0
0.0588235 0.588235 0
0 0.647059 0
0.0588235 0.647059 0
0 0.647059 0
0.0588235 0.647059 0
0 0.705882 0
0.0588235 0.705882 0
0 0.705882 0
0.0588235 0.705882 0
0 0.764706 0
0.0588235 0.764706 0
0 0.764706 0
0.0588235 0.764706 0
0 0.823529 0
0.0588235 0.823529 0
0 0.823529 0
0.0588235 0.823529 0
0 0.882353 0
0.0588235 0.882353 0
0 0.882353 0
0.0588235 0.882353 0
0 0.941176 0
0.0588235 0.941176 0
0 0.941176 0
0.0588235 0.941176 0
0 1 0
0.0588235 1 0
0.0588235 0 0
0.117647 0 0
0.0588235 0.0588235 0
0.117647 0.0588235 0
0.0588235 0.0588235 0
0.117647 0.0588235 0
0.0588235 0.117647 0
0.117647 0.117647 0
0.0588235 0.117647 0
0.117647 0.117647 0
0.0588235 0.176471 0
0.117647 0.176471 0
0.0588235 0.176471 0
0.117647 0.176471 0
0.0588235 0.235294 0
0.117647 0.235294 0
0.0588235 0.235294 0
0.117647 0.235294 0
0.0588235 0.294118 0
0.117647 0.294118 0
0.0588235 0.294118 0
0.117647 0.294118 0
0.0588235 0.352941 0
0.117647 0.352941 0
0.0588235 0.352941 0
0.117647 0.352941 0
0.0588235 0.411765 0
0.117647 0.411765 0
0.0588235 0.411765 0
0.117647 0.411765 0
0.0588235 0.470588 0
0.117647 0.470588 0
0.0588235 0.470588 0
0.117647 0.470588 0
0.0588235 0.529412 0
0.117647 0.529412 0
0.0588235 0.529412 0
0.117647 0.529412 0
0.0588235 0.588235 0
0.117647 0.588235 0
0.0588235 0.588235 0
0.117647 0.588235 0
0.0588235 0.647059 0
0.117647 0.647059 0
0.0588235 0.647059 0
0.117647 0.647059 0
0.0588235 0.705882 0
0.117647 0.705882 0
0.0588235 0.705882 0
0.117647 0.705882 0
0.0588235 0.764706 0
0.117647 0.764706 0
0.0588235 0.764706 0
0.117647 0.764706 0
0.0588235 0.823529 0
0.117647 0.823529 0
0.0588235 0.823529 0
0.117647 0.823529 0
0.0588235 0.882353 0
0.117647 0.882353 0
0.0588235 0.882353 0
0.117647 0.882353 0
0.0588235 0.941176 0
0.117647 0.941176 0
0.0588235 0.941176 0
0.117647 0.941176 0
0.0588235 1 0
0.117647 1 0
0.117647 0 0
0.176471 0 0
0.117647 0.0588235 0
0.176471 0.0588235 0
0.117647 0.0588235 0
0.176471 0.0588235 0
0.117647 0.117647 0
0.176471 0.117647 0
0.117647 0.117647 0
0.176471 0.117647 0
0.117647 0.176471 0
0.176471 0.176471 0
0.117647 0.176471 0
0.176471 0.176471 0
0.117647 0.235294 0
0.176471 0.235294 0
0.117647 0.235294 0
0.176471 0.235294 0
0.117647 0.294118 0
0.176471 0.294118 0
0.117647 0.294118 0
0.176471 0.294118 0
0.117647 0.352941 0
0.176471 0.352941 0
0.117647 0.352941 0
0.176471 0.352941 0
0.117647 0.411765 0
0.176471 0.411765 0
0.117647 0.411765 0
0.176471 0.411765 0
0.117647 0.470588 0
0.176471 0.470588 0
0.117647 0.470588 0
0.176471 0.470588 0
0.117647 0.529412 0
0.176471 0.529412 0
0.117647 0.529412 0
0.176471 0.529412 0
0.117647 0.588235 0
0.176471 0.588235 0
0.117647 0.588235 0
0.176471 0.588235 0
0.117647 0.647059 0
0.176471 0.647059 0
0.117647 0.647059 0
0.176471 0.647059 0
0.117647 0.705882 0
0.176471 0.705882 0
0.117647 0.705882 0
0.176471 0.705882 0
0.117647 0.764706 0
0.176471 0.764706 0
0.117647 0.764706 0
0.176471 0.764706 0
0.117647 0.823529 0
0.176471 0.823529 0
0.117647 0.823529 0
0.176471 0.823529 0
0.117647 0.882353 0
0.176471 0.882353 0
0.117647 0.882353 0
0.176471 0.882353 0
0.117647 0.941176 0
0.176471 0.941176 0
0.117647 0.941176 0
0.176471 0.941176 0
0.117647 1 0
0.176471 1 0
0.176471 0 0
0.235294 0 0
0.176471 0.0588235 0
0.235294 0.0588235 0
0.176471 0.0588235 0
0.235294 0.0588235 0
0.176471 0.117647 0
0.235294 0.117647 0
0.176471 0.117647 0
0.235294 0.117647 0
0.176471 0.176471 0
0.235294 0.176471 0
0.176471 0.176471 0
0.235294 0.176471 0
0.176471 0.235294 0
0.235294 0.235294 0
0.176471 0.235294 0
0.235294 0.235294 0
0.176471 0.294118 0
0.235294 0.294118 0
0.176471 0.294118 0
0.235294 0.294118 0
0.176471 0.352941 0
0.235294 0.352941 0
0.176471 0.352941 0
0.235294 0.352941 0
0.176471 0.411765 0
0.235294 0.411765 0
0.176471 0.411765 0
0.235294 0.411765 0
0.176471 0.470588 0
0.235294 0.470588 0
0.176471 0.470588 0
0.235294 0.470588 0
0.176471 0.529412 0
0.235294 0.529412 0
0.176471 0.529412 0
0.235294 0.529412 0
0.176471 0.588235 0
0.235294 0.588235 0
0.176471 0.588235 0
0.235294 0.588235 0
0.176471 0.647059 0
0.235294 0.647059 0
0.176471 0.647059 0
0.235294 0.647059 0
0.176471 0.705882 0
0.235294 0.705882 0
0.176471 0.705882 0
0.235294 0.705882 0
0.176471 0.764706 0
0.235294 0.764706 0
0.176471 0.764706 0
0.235294 0.764706 0
0.176471 0.823529 0
0.235294 0.823529 0
0.176471 0.823529 0
0.235294 0.823529 0
0.176471 0.882353 0
0.235294 0.882353 0
0.176471 0.882353 0
0.235294 0.882353 0
0.176471 0.941176 0
0.235294 0.941176 0
0.176471 0.941176 0
0.235294 0.941176 0
0.176471 1 0
0.235294 1 0
0.235294 0 0
0.294118 0 0
0.235294 0.0588235 0
0.294118 0.0588235 0
0.235294 0.0588235 0
0.294118 0.0588235 0
0.235294 0.117647 0
0.294118 0.117647 0
0.235294 0.117647 0
0.294118 0.117647 0
0.235294 0.176471 0
0.294118 0.176471 0
0.235294 0.176471 0
0.294118 0.176471 0
0.235294 0.235294 0
0.294118 0.235294 0
0.235294 0.235294 0
0.294118 0.235294 0
0.235294 0.294118 0
0.294118 0.294118 0
0.235294 0.294118 0
0.294118 0.294118 0
0.235294 0.352941 0
0.294118 0.352941 0
0.235294 0.352941 0
0.294118 0.352941 0
0.235294 0.411765 0
0.294118 0.411765 0
0.235294 0.411765 0
0.294118 0.411765 0
0.235294 0.470588 0
0.294118 0.470588 0
0.235294 0.470588 0
0.294118 0.470588 0
0.235294 0.529412 0
0.294118 0.529412 0
0.235294 0.529412 0
0.294118 0.529412 0
0.235294 0.588235 0
0.294118 0.588235 0
0.235294 0.588235 0
0.294118 0.588235 0
0.235294 0.647059 0
0.294118 0.647059 0
0.235294 0.647059 0
0.294118 0.647059 0
0.235294 0.705882 0
0.294118 0.705882 0
0.235294 0.705882 0
0.294118 0.705882 0
0.235294 0.764706 0
0.294118 0.764706 0
0.235294 0.764706 0
0.294118 0.764706 0
0.235294 0.823529 0
0.294118 0.823529 0
0.235294 0.823529 0
0.294118 0.823529 0
0.235294 0.882353 0
0.294118 0.882353 0
0.235294 0.882353 0
0.294118 0.882353 0
0.235294 0.941176 0
0.294118 0.941176 0
0.235294 0.941176 0
0.294118 0.941176 0
0.235294 1 0
0.294118 1 0
0.294118 0 0
0.352941 0 0
0.294118 0.0588235 0
0.352941 0.0588235 0
0.294118 0.0588235 0
0.352941 0.0588235 0
0.294118 0.117647 0
0.352941 0.117647 0
0.294118 0.117647 0
0.352941 0.117647 0
0.294118 0.176471 0
0.352941 0.176471 0
0.294118 0.176471 0
0.352941 0.176471 0
0.294118 0.235294 0
0.352941 0.235294 0
0.294118 0.235294 0
0.352941 0.235294 0
0.294118 0.294118 0
0.352941 0.294118 0
0.294118 0.294118 0
0.352941 0.294118 0
0.294118 0.352941 0
0.352941 0.352941 0
0.294118 0.352941 0
0.352941 0.352941 0
0.294118 0.411765 0
0.352941 0.411765 0
0.294118 0.411765 0
0.352941 0.411765 0
0.294118 0.470588 0
0.352941 0.470588 0
0.294118 0.470588 0
0.352941 0.470588 0
0.294118 0.529412 0
0.352941 0.529412 0
0.294118 0.529412 0
0.352941 0.529412 0
0.294118 0.588235 0
0.352941 0.588235 0
0.294118 0.588235 0
0.352941 0.588235 0
0.294118 0.647059 0
0.352941 0.647059 0
0.294118 0.647059 0
0.352941 0.647059 0
0.294118 0.705882 0
0.352941 0.705882 0
0.294118 0.705882 0
0.352941 0.705882 0
0.294118 0.764706 0
0.352941 0.764706 0
0.294118 0.764706 0
0.352941 0.764706 0
0.294118 0.823529 0
0.352941 0.823529 0
0.294118 0.823529 0
0.352941 0.823529 0
0.294118 0.882353 0
0.352941 0.882353 0
0.294118 0.882353 0
0.352941 0.882353 0
0.294118 0.941176 0
0.352941 0.941176 0
0.294118 0.941176 0
0.352941 0.941176 0
0.294118 1 0
0.352941 1 0
0.352941 0 0
0.411765 0 0
0.352941 0.0588235 0
0.411765 0.0588235 0
0.352941 0.0588235 0
0.411765 0.0588235 0
0.352941 0.117647 0
0.411765 0.117647 0
0.352941 0.117647 0
0.411765 0.117647 0
0.352941 0.176471 0
0.411765 0.176471 0
0.352941 0.176471 0
0.411765 0.176471 0
0.352941 0.235294 0
0.411765 0.235294 0
0.352941 0.235294 0
0.411765 0.235294 0
0.352941 0.294118 0
0.411765 0.294118 0
0.352941 0.294118 0
0.411765 0.294118 0
0.352941 0.352941 0
0.411765 0.352941 0
0.352941 0.352941 0
0.411765 0.352941 0
0.352941 0.411765 0
0.411765 0.411765 0
0.352941 0.411765 0
0.411765 0.411765 0
0.352941 0.470588 0
0.411765 0.470588 0
0.352941 0.470588 0
0.411765 0.470588 0
0.352941 0.529412 0
0.411765 0.529412 0
0.352941 0.529412 0
0.411765 0.529412 0
0.352941 0.588235 0
0.411765 0.588235 0
0.352941 0.588235 0
0.411765 0.588235 0
0.352941 0.647059 0
0.411765 0.647059 0
0.352941 0.647059 0
0.411765 0.647059 0
0.352941 0.705882 0
0.411765 0.705882 0
0.352941 0.705882 0
0.411765 0.705882 0
0.352941 0.764706 0
0.411765 0.764706 0
0.352941 0.764706 0
0.411765 0.764706 0
0.352941 0.823529 0
0.411765 0.823529 0
0.352941 0.823529 0
0.411765 0.823529 0
0.352941 0.882353 0
0.411765 0.882353 0
0.352941 0.882353 0
0.411765 0.882353 0
0.352941 0.941176 0
0.411765 0.941176 0
0.352941 0.941176 0
0.411765 0.941176 0
0.352941 1 0
0.411765 1 0
0.411765 0 0
0.470588 0 0
0.411765 0.0588235 0
0.470588 0.0588235 0
0.411765 0.0588235 0
0.470588 0.0588235 0
0.411765 0.117647 0
0.470588 0.117647 0
0.411765 0.117647 0
0.470588 0.117647 0
0.411765 0.176471 0
0.470588 0.176471 0
0.411765 0.176471 0
0.470588 0.176471 0
0.411765 0.235294 0
0.470588 0.235294 0
0.411765 0.235294 0
0.470588 0.235294 0
0.411765 0.294118 0
0.470588 0.294118 0
0.411765 0.294118 0
0.470588 0.294118 0
0.411765 0.352941 0
0.470588 0.352941 0
0.411765 0.352941 0
0.470588 0.352941 0
0.411765 0.411765 0
0.470588 0.411765 0
0.411765 0.411765 0
0.470588 0.411765 0
0.411765 0.470588 0
0.470588 0.470588 0
0.411765 0.470588 0
0.470588 0.470588 0
0.411765 0.529412 0
0.470588 0.529412 0
0.411765 0.529412 0
0.470588 0.529412 0
0.411765 0.588235 0
0.470588 0.588235 0
0.411765 0.588235 0
0.470588 0.588235 0
0.411765 0.647059 0
0.470588 0.647059 0
0.411765 0.647059 0
0.470588 0.647059 0
0.411765 0.705882 0
0.470588 0.705882 0
0.411765 0.705882 0
0.470588 0.705882 0
0.411765 0.764706 0
0.470588 0.764706 0
0.411765 0.764706 0
0.470588 0.764706 0
0.411765 0.823529 0
0.470588 0.823529 0
0.411765 0.823529 0
0.470588 0.823529 0
0.411765 0.882353 0
0.470588 0.882353 0
0.411765 0.882353 0
0.470588 0.882353 0
0.411765 0.941176 0
0.470588 0.941176 0
0.411765 0.941176 0
0.470588 0.941176 0
0.411765 1 0
0.470588 1 0
0.470588 0 0
0.529412 0 0
0.470588 0.0588235 0
0.529412 0.0588235 0
0.470588 0.0588235 0
0.529412 0.0588235 0
0.470588 0.117647 0
0.529412 0.117647 0
0.470588 0.117647 0
0.529412 0.117647 0
0.470588 0.176471 0
0.529412 0.176471 0
0.470588 0.176471 0
0.529412 0.176471 0
0.470588 0.235294 0
0.529412 0.235294 0
0.470588 0.235294 0
0.529412 0.235294 0
0.470588 0.294118 0
0.529412 0.294118 0
0.470588 0.294118 0
0.529412 0.294118 0
0.470588 0.352941 0
0.529412 0.352941 0
0.470588 0.352941 0
0.529412 0.352941 0
0.470588 0.411765 0
0.529412 0.411765 0
0.470588 0.411765 0
0.529412 0.411765 0
0.470588 0.470588 0
0.529412 0.470588 0
0.470588 0.470588 0
0.529412 0.470588 0
0.470588 0.529412 0
0.529412 0.529412 0
0.470588 0.529412 0
0.529412 0.529412 0
0.470588 0.588235 0
0.529412 0.588235 0
0.470588 0.588235 0
0.529412 0.588235 0
0.470588 0.647059 0
0.529412 0.647059 0
0.470588 0.647059 0
0.529412 0.647059 0
0.470588 0.705882 0
0.529412 0.705882 0
0.470588 0.705882 0
0.529412 0.705882 0
0.470588 0.764706 0
0.529412 0.764706 0
0.470588 0.764706 0
0.529412 0.764706 0
0.470588 0.823529 0
0.529412 0.823529 0
0.470588 0.823529 0
0.529412 0.823529 0
0.470588 0.882353 0
0.529412 0.882353 0
0.470588 0.882353 0
0.529412 0.882353 0
0.470588 0.941176 0
0.529412 0.941176 0
0.470588 0.941176 0
0.529412 0.941176 0
0.470588 1 0
0.529412 1 0
0.529412 0 0
0.588235 0 0
0.529412 0.0588235 0
0.588235 0.0588235 0
0.529412 0.0588235 0
0.588235 0.0588235 0
0.529412 0.117647 0
0.588235 0.117647 0
0.529412 0.117647 0
0.588235 0.117647 0
0.529412 0.176471 0
0.588235 0.176471 0
0.529412 0.176471 0
0.588235 0.176471 0
0.529412 0.235294 0
0.588235 0.235294 0
0.529412 0.235294 0
0.588235 0.235294 0
0.529412 0.294118 0
0.588235 0.294118 0
0.529412 0.294118 0
0.588235 0.294118 0
0.529412 0.352941 0
0.588235 0.352941 0
0.529412 0.352941 0
0.588235 0.352941 0
0.529412 0.411765 0
0.588235 0.411765 0
0.529412 0.411765 0
0.588235 0.411765 0
0.529412 0.470588 0
0.588235 0.470588 0
0.529412 0.470588 0
0.588235 0.470588 0
0.529412 0.529412 0
0.588235 0.529412 0
0.529412 0.529412 0
0.588235 0.529412 0
0.529412 0.588235 0
0.588235 0.588235 0
0.529412 0.588235 0
0.588235 0.588235 0
0.529412 0.647059 0
0.588235 0.647059 0
0.529412 0.647059 0
0.588235 0.647059 0
0.529412 0.705882 0
0.588235 0.705882 0
0.529412 0.705882 0
0.588235 0.705882 0
0.529412 0.764706 0
0.588235 0.764706 0
0.529412 0.764706 0
0.588235 0.764706 0
0.529412 0.823529 0
0.588235 0.823529 0
0.529412 0.823529 0
0.588235 0.823529 0
0.529412 0.882353 0
0.588235 0.882353 0
0.529412 0.882353 0
0.588235 0.882353 0
0.529412 0.941176 0
0.588235 0.941176 0
0.529412 0.941176 0
0.588235 0.941176 0
0.529412 1 0
0.588235 1 0
0.588235 0 0
0.647059 0 0
0.588235 0.0588235 0
0.647059 0.0588235 0
0.588235 0.0588235 0
0.647059 0.0588235 0
0.588235 0.117647 0
0.647059 0.117647 0
0.588235 0.117647 0
0.647059 0.117647 0
0.588235 0.176471 0
0.647059 0.176471 0
0.588235 0.176471 0
0.647059 0.176471 0
0.588235 0.235294 0
0.647059 0.235294 0
0.588235 0.235294 0
0.647059 0.235294 0
0.588235 0.294118 0
0.647059 0.294118 0
0.588235 0.294118 0
0.647059 0.294118 0
0.588235 0.352941 0
0.647059 0.352941 0
0.588235 0.352941 0
0.647059 0.352941 0
0.588235 0.411765 0
0.647059 0.411765 0
0.588235 0.411765 0
0.647059 0.411765 0
0.588235 0.470588 0
0.647059 0.470588 0
0.588235 0.470588 0
0.647059 0.470588 0
0.588235 0.529412 0
0.647059 0.529412 0
0.588235 0.529412 0
0.647059 0.529412 0
0.588235 0.588235 0
0.647059 0.588235 0
0.588235 0.588235 0
0.647059 0.588235 0
0.588235 0.647059 0
0.647059 0.647059 0
0.588235 0.647059 0
0.647059 0.647059 0
0.588235 0.705882 0
0.647059 0.705882 0
0.588235 0.705882 0
0.647059 0.705882 0
0.588235 0.764706 0
0.647059 0.764706 0
0.588235 0.764706 0
0.647059 0.764706 0
0.588235 0.823529 0
0.647059 0.823529 0
0.588235 0.823529 0
0.647059 0.823529 0
0.588235 0.882353 0
0.647059 0.882353 0
0.588235 0.882353 0
0.647059 0.882353 0
0.588235 0.941176 0
0.647059 0.941176 0
0.588235 0.941176 0
0.647059 0.941176 0
0.588235 1 0
0.647059 1 0
0.647059 0 0
0.705882 0 0
0.647059 0.0588235 0
0.705882 0.0588235 0
0.647059 0.0588235 0
0.705882 0.0588235 0
0.647059 0.117647 0
0.705882 0.117647 0
0.647059 0.117647 0
0.705882 0.117647 0
0.647059 0.176471 0
0.705882 0.176471 0
0.647059 0.176471 0
0.705882 0.176471 0
0.647059 0.235294 0
0.705882 0.235294 0
0.647059 0.235294 0
0.705882 0.235294 0
0.647059 0.294118 0
0.705882 0.294118 0
0.647059 0.294118 0
0.705882 0.294118 0
0.647059 0.352941 0
0.705882 0.352941 0
0.647059 0.352941 0
0.705882 0.352941 0
0.647059 0.411765 0
0.705882 0.411765 0
0.647059 0.411765 0
0.705882 0.411765 0
0.647059 0.470588 0
0.705882 0.470588 0
0.647059 0.470588 0
0.705882 0.470588 0
0.647059 0.529412 0
0.705882 0.529412 0
0.647059 0.529412 0
0.705882 0.529412 0
0.647059 0.588235 0
0.705882 0.588235 0
0.647059 0.588235 0
0.705882 0.588235 0
0.647059 0.647059 0
0.705882 0.647059 0
0.647059 0.647059 0
0.705882 0.647059 0
0.647059 0.705882 0
0.705882 0.705882 0
0.647059 0.705882 0
0.705882 0.705882 0
0.647059 0.764706 0
0.705882 0.764706 0
0.647059 0.764706 0
0.705882 0.764706 0
0.647059 0.823529 0
0.705882 0.823529 0
0.647059 0.823529 0
0.705882 0.823529 0
0.647059 0.882353 0
0.705882 0.882353 0
0.647059 0.882353 0
0.705882 0.882353 0
0.647059 0.941176 0
0.705882 0.941176 0
0.647059 0.941176 0
0.705882 0.941176 0
0.647059 1 0
0.705882 1 0
0.705882 0 0
0.764706 0 0
0.705882 0.0588235 0
0.764706 0.0588235 0
0.705882 0.0588235 0
0.764706 0.0588235 0
0.705882 0.117647 0
0.764706 0.117647 0
0.705882 0.117647 0
0.764706 0.117647 0
0.705882 0.176471 0
0.764706 0.176471 0
0.705882 0.176471 0
0.764706 0.176471 0
0.705882 0.235294 0
0.764706 0.235294 0
0.705882 0.235294 0
0.764706 0.235294 0
0.705882 0.294118 0
0.764706 0.294118 0
0.705882 0.294118 0
0.764706 0.294118 0
0.705882 0.352941 0
0.764706 0.352941 0
0.705882 0.352941 0
0.764706 0.352941 0
0.705882 0.411765 0
0.764706 0.411765 0
0.705882 0.411765 0
0.764706 0.411765 0
0.705882 0.470588 0
0.764706 0.470588 0
0.705882 0.470588 0
0.764706 0.470588 0
0.705882 0.529412 0
0.764706 0.529412 0
0.705882 0.529412 0
0.764706 0.529412 0
0.705882 0.588235 0
0.764706 0.588235 0
0.705882 0.588235 0
0.764706 0.588235 0
0.705882 0.647059 0
0.764706 0.647059 0
0.705882 0.647059 0
0.764706 0.647059 0
0.705882 0.705882 0
0.764706 0.705882 0
0.705882 0.705882 0
0.764706 0.705882 0
0.705882 0.764706 0
0.764706 0.764706 0
0.705882 0.764706 0
0.764706 0.764706 0
0.705882 0.823529 0
0.764706 0.823529 0
0.705882 0.823529 0
0.764706 0.823529 0
0.705882 0.882353 0
0.764706 0.882353 0
0.705882 0.882353 0
0.764706 0.882353 0
0.705882 0.941176 0
0.764706 0.941176 0
0.705882 0.941176 0
0.764706 0.941176 0
0.705882 1 0
0.764706 1 0
0.764706 0 0
0.823529 0 0
0.764706 0.0588235 0
0.823529 0.0588235 0
0.764706 0.0588235 0
0.823529 0.0588235 0
0.764706 0.117647 0
0.823529 0.117647 0
0.764706 0.117647 0
0.823529 0.117647 0
0.764706 0.176471 0
0.823529 0.176471 0
0.764706 0.176471 0
0.823529 0.176471 0
0.764706 0.235294 0
0.823529 0.235294 0
0.764706 0.235294 0
0.823529 0.235294 0
0.764706 0.294118 0
0.823529 0.294118 0
0.764706 0.294118 0
0.823529 0.294118 0
0.764706 0.352941 0
0.823529 0.352941 0
0.764706 0.352941 0
0.823529 0.352941 0
0.764706 0.411765 0
0.823529 0.411765 0
0.764706 0.411765 0
0.823529 0.411765 0
0.764706 0.470588 0
0.823529 0.470588 0
0.764706 0.470588 0
0.823529 0.470588 0
0.764706 0.529412 0
0.823529 0.529412 0
0.764706 0.529412 0
0.823529 0.529412 0
0.764706 0.588235 0
0.823529 0.588235 0
0.764706 0.588235 0
0.823529 0.588235 0
0.764706 0.647059 0
0.823529 0.647059 0
0.764706 0.647059 0
0.823529 0.647059 0
0.764706 0.705882 0
0.823529 0.705882 0
0.764706 0.705882 0
0.823529 0.705882 0
0.764706 0.764706 0
0.823529 0.764706 0
0.764706 0.764706 0
0.823529 0.764706 0
0.764706 0.823529 0
0.823529 0.823529 0
0.764706 0.823529 0
0.823529 0.823529 0
0.764706 0.882353 0
0.823529 0.882353 0
0.764706 0.882353 0
0.823529 0.882353 0
0.764706 0.941176 0
0.823529 0.941176 0
0.764706 0.941176 0
0.823529 0.941176 0
0.764706 1 0
0.823529 1 0
0.823529 0 0
0.882353 0 0
0.823529 0.0588235 0
0.882353 0.0588235 0
0.823529 0.0588235 0
0.882353 0.0588235 0
0.823529 0.117647 0
0.882353 0.117647 0
0.823529 0.117647 0
0.882353 0.117647 0
0.823529 0.176471 0
0.882353 0.176471 0
0.823529 0.176471 0
0.882353 0.176471 0
0.823529 0.235294 0
0.882353 0.235294 0
0.823529 0.235294 0
0.882353 0.235294 0
0.823529 0.294118 0
0.882353 0.294118 0
0.823529 0.294118 0
0.882353 0.294118 0
0.823529 0.352941 0
0.882353 0.352941 0
0.823529 0.352941 0
0.882353 0.352941 0
0.823529 0.411765 0
0.882353 0.411765 0
0.823529 0.411765 0
0.882353 0.411765 0
0.823529 0.470588 0
0.882353 0.470588 0
0.823529 0.470588 0
0.882353 0.470588 0
0.823529 0.529412 0
0.882353 0.529412 0
0.823529 0.529412 0
0.882353 0.529412 0
0.823529 0.588235 0
0.882353 0.588235 0
0.823529 0.588235 0
0.882353 0.588235 0
0.823529 0.647059 0
0.882353 0.647059 0
0.823529 0.647059 0
0.882353 0.647059 0
0.823529 0.705882 0
0.882353 0.705882 0
0.823529 0.705882 0
0.882353 0.705882 0
0.823529 0.764706 0
0.882353 0.764706 0
0.823529 0.764706 0
0.882353 0.764706 0
0.823529 0.823529 0
0.882353 0.823529 0
0.823529 0.823529 0
0.882353 0.823529 0
0.823529 0.882353 0
0.882353 0.882353 0
0.823529 0.882353 0
0.882353 0.882353 0
0.823529 0.941176 0
0.882353 0.941176 0
0.823529 0.941176 0
0.882353 0.941176 0
0.823529 1 0
0.882353 1 0
0.882353 0 0
0.941176 0 0
0.882353 0.0588235 0
0.941176 0.0588235 0
0.882353 0.0588235 0
0.941176 0.0588235 0
0.882353 0.117647 0
0.941176 0.117647 0
0.882353 0.117647 0
0.941176 0.117647 0
0.882353 0.176471 0
0.941176 0.176471 0
0.882353 0.176471 0
0.941176 0.176471 0
0.882353 0.235294 0
0.941176 0.235294 0
0.882353 0.235294 0
0.941176 0.235294 0
0.882353 0.294118 0
0.941176 0.294118 0
0.882353 0.294118 0
0.941176 0.294118 0
0.882353 0.352941 0
0.941176 0.352941 0
0.882353 0.352941 0
0.941176 0.352941 0
0.882353 0.411765 0
0.941176 0.411765 0
0.882353 0.411765 0
0.941176 0.411765 0
0.882353 0.470588 0
0.941176 0.470588 0
0.882353 0.470588 0
0.941176 0.470588 0
0.882353 0.529412 0
0.941176 0.529412 0
0.882353 0.529412 0
0.941176 0.529412 0
0.882353 0.588235 0
0.941176 0.588235 0
0.882353 0.588235 0
0.941176 0.588235 0
0.882353 0.647059 0
0.941176 0.647059 0
0.882353 0.647059 0
0.941176 0.647059 0
0.882353 0.705882 0
0.941176 0.705882 0
0.882353 0.705882 0
0.941176 0.705882 0
0.882353 0.764706 0
0.941176 0.764706 0
0.882353 0.764706 0
0.941176 0.764706 0
0.882353 0.823529 0
0.941176 0.823529 0
0.882353 0.823529 0
0.941176 0.823529 0
0.882353 0.882353 0
0.941176 0.882353 0
0.882353 0.882353 0
0.941176 0.882353 0
0.882353 0.941176 0
0.941176 0.941176 0
0.882353 0.941176 0
0.941176 0.941176 0
0.882353 1 0
0.941176 1 0
0.941176 0 0
1 0 0
0.941176 0.0588235 0
1 0.0588235 0
0.941176 0.0588235 0
1 0.0588235 0
0.941176 0.117647 0
1 0.117647 0
0.941176 0.117647 0
1 0.117647 0
0.941176 0.176471 0
1 0.176471 0
0.941176 0.176471 0
1 0.176471 0
0.941176 0.235294 0
1 0.235294 0
0.941176 0.235294 0
1 0.235294 0
0.941176 0.294118 0
1 0.294118 0
0.941176 0.294118 0
1 0.294118 0
0.941176 0.352941 0
1 0.352941 0
0.941176 0.352941 0
1 0.352941 0
0.941176 0.411765 0
1 0.411765 0
0.941176 0.411765 0
1 0.411765 0
0.941176 0.470588 0
1 0.470588 0
0.941176 0.470588 0
1 0.470588 0
0.941176 0.529412 0
1 0.529412 0
0.941176 0.529412 0
1 0.529412 0
0.941176 0.588235 0
1 0.588235 0
0.941176 0.588235 0
1 0.588235 0
0.941176 0.647059 0
1 0.647059 0
0.941176 0.647059 0
1 0.647059 0
0.941176 0.705882 0
1 0.705882 0
0.941176 0.705882 0
1 0.705882 0
0.941176 0.764706 0
1 0.764706 0
0.941176 0.764706 0
1 0.764706 0
0.941176 0.823529 0
1 0.823529 0
0.941176 0.823529 0
1 0.823529 0
0.941176 0.882353 0
1 0.882353 0
0.941176 0.882353 0
1 0.882353 0
0.941176 0.941176 0
1 0.941176 0
0.941176 0.941176 0
1 0.941176 0
0.941176 1 0
1 1 0

CELLS 289 1445
4	0	1	3	2
4	4	5	7	6
4	8	9	11	10
4	12	13	15	14
4	16	17	19	18
4	20	21	23	22
4	24	25	27	26
4	28	29	31	30
4	32	33	35	34
4	36	37	39	38
4	40	41	43	42
4	44	45	47	46
4	48	49	51	50
4	52	53	55	54
4	56	57	59	58
4	60	61	63	62
4	64	65	67	66
4	68	69	71	70
4	72	73	75	74
4	76	77	79	78
4	80	81	83	82
4	84	85	87	86
4	88	89	91	90
4	92	93	95	94
4	96	97	99	98
4	100	101	103	102
4	104	105	107	106
4	108	109	111	110
4	112	113	115	114
4	116	117	119	118
4	120	121	123	122
4	124	125	127	126
4	128	129	131	130
4	132	133	135	134
4	136	137	139	138
4	140	141	143	142
4	144	145	147	146
4	148	149	151	150
4	152	153	155	154
4	156	157	159	158
4	160	161	163	162
4	164	165	167	166
4	168	169	171	170
4	172	173	175	174
4	176	177	179	178
4	180	181	183	182
4	184	185	187	186
4	188	189	191	190
4	192	193	195	194
4	196	197	199	198
4	200	201	203	202
4	204	205	207	206
4	208	209	211	210
4	212	213	215	214
4	216	217	219	218
4	220	221	223	222
4	224	225	227	226
4	228	229	231	230
4	232	233	235	234
4	236	237	239	238
4	240	241	243	242
4	244	245	247	246
4	248	249	251	250
4	252	253	255	254
4	256	257	259	258
4	260	261	263	262
4	264	265	267	266
4	268	269	271	270
4	272	273	275	274
4	276	277	279	278
4	280	281	283	282
4	284	285	287	286
4	288	289	291	290
4	292	293	295	294
4	296	297	299	298
4	300	301	303	302
4	304	305	307	306
4	308	309	311	310
4	312	313	315	314
4	316	317	319	318
4	320	321	323	322
4	324	325	327	326
4	328	329	331	330
4	332	333	335	334
4	336	337	339	338
4	340	341	343	342
4	344	345	347	346
4	348	349	351	350
4	352	353	355	354
4	356	357	359	358
4	360	361	363	362
4	364	365	367	366
4	368	369	371	370
4	372	373	375	374
4	376	377	379	378
4	380	381	383	382
4	384	385	387	386
4	388	389	391	390
4	392	393	395	394
4	396	397	399	398
4	400	401	403	402
4	404	405	407	406
4	408	409	411	410
4	412	413	415	414
4	416	417	419	418
4	420	421	423	422
4	424	425	427	426
4	428	429	431	430
4	432	433	435	434
4	436	437	439	438
4	440	441	443	442
4	444	445	447	446
4	448	449	451	450
4	452	453	455	454
4	456	457	459	458
4	460	461	463	462
4	464	465	467	466
4	468	469	471	470
4	472	473	475	474
4	476	477	479	478
4	480	481	483	482
4	484	485	487	486
4	488	489	491	490
4	492	493	495	494
4	496	497	499	498
4	500	501	503	502
4	504	505	507	506
4	508	509	511	510
4	512	513	515	514
4	516	517	519	518
4	520	521	523	522
4	524	525	527	526
4	528	529	531	530
4	532	533	535	534
4	536	537	539	538
4	540	541	543	542
4	544	545	547	546
4	548	549	551	550
4	552	553	555	554
4	556	557	559	558
4	560	561	563	562
4	564	565	567	566
4	568	569	571	570
4	572	573	575	574
4	576	577	579	578
4	580	581	583	582
4	584	585	587	586
4	588	589	591	590
4	592	593	595	594
4	596	597	599	598
4	600	601	603	602
4	604	605	607	606
4	608	609	611	610
4	612	613	615	614
4	616	617	619	618
4	620	621	623	622
4	624	625	627	626
4	628	629	631	630
4	632	633	635	634
4	636	637	639	638
4	640	641	643	642
4	644	645	647	646
4	648	649	651	650
4	652	653	655	654
4	656	657	659	658
4	660	661	663	662
4	664	665	667	666
4	668	669	671	670
4	672	673	675	674
4	676	677	679	678
4	680	681	683	682
4	684	685	687	686
4	688	689	691	690
4	692	693	695	694
4	696	697	699	698
4	700	701	703	702
4	704	705	707	706
4	708	709	711	710
4	712	713	715	714
4	716	717	719	718
4	720	721	723	722
4	724	725	727	726
4	728	729	731	730
4	732	733	735	734
4	736	737	739	738
4	740	741	743	742
4	744	745	747	746
4	748	749	751	750
4	752	753	755	754
4	756	757	759	758
4	760	761	763	762
4	764	765	767	766
4	768	769	771	770
4	772	773	775	774
4	776	777	779	778
4	780	781	783	782
4	784	785	787	786
4	788	789	791	790
4	792	793	795	794
4	796	797	799	798
4	800	801	803	802
4	804	805	807	806
4	808	809	811	810
4	812	813	815	814
4	816	817	819	818
4	820	821	823	822
4	824	825	827	826
4	828	829	831	830
4	832	833	835	834
4	836	837	839	838
4	840	841	843	842
4	844	845	847	846
4	848	849	851	850
4	852	853	855	854
4	856	857	859	858
4	860	861	863	862
4	864	865	867	866
4	868	869	871	870
4	872	873	875	874
4	876	877	879	878
4	880	881	883	882
4	884	885	887	886
4	888	889	891	890
4	892	893	895	894
4	896	897	899	898
4	900	901	903	902
4	904	905	907	906
4	908	909	911	910
4	912	913	915	914
4	916	917	919	918
4	920	921	923	922
4	924	925	927	926
4	928	929	931	930
4	932	933	935	934
4	936	937	939	938
4	940	941	943	942
4	944	945	947	946
4	948	949	951	950
4	952	953	955	954
4	956	957	959	958
4	960	961	963	962
4	964	965	967	966
4	968	969	971	970
4	972	973	975	974
4	976	977	979	978
4	980	981	983	982
4	984	985	987	986
4	988	989	991	990
4	992	993	995	994
4	996	997	999	998
4	1000	1001	1003	1002
4	1004	1005	1007	1006
4	1008	1009	1011	1010
4	1012	1013	1015	1014
4	1016	1017	1019	1018
4	1020	1021	1023	1022
4	1024	1025	1027	1026
4	1028	1029	1031	1030
4	1032	1033	1035	1034
4	1036	1037	1039	1038
4	1040	1041	1043	1042
4	1044	1045	1047	1046
4	1048	1049	1051	1050
4	1052	1053	1055	1054
4	1056	1057	1059	1058
4	1060	1061	1063	1062
4	1064	1065	1067	1066
4	1068	1069	1071	1070
4	1072	1073	1075	1074
4	1076	1077	1079	1078
4	1080	1081	1083	1082
4	1084	1085	1087	1086
4	1088	1089	1091	1090
4	1092	1093	1095	1094
4	1096	1097	1099	1098
4	1100	1101	1103	1102
4	1104	1105	1107	1106
4	1108	1109	1111	1110
4	1112	1113	1115	1114
4	1116	1117	1119	1118
4	1120	1121	1123	1122
4	1124	1125	1127	1126
4	1128	1129	1131	1130
4	1132	1133	1135	1134
4	1136	1137	1139	1138
4	1140	1141	1143	1142
4	1144	1145	1147	1146
4	1148	1149	1151	1150
4	1152	1153	1155	1154

CELL_TYPES 289
 9 9 9 9 9 9 9 9 9 9 9 9 9 9 9 9 9 9 9 9 9 9 9 9 9 9 9 9 9 9 9 9 9 9 9 9 9 9 9 9 9 9 9 9 9 9 9 9 9 9 9 9 9 9 9 9 9 9 9 9 9 9 9 9 9 9 9 9 9 9 9 9 9 9 9 9 9 9 9 9 9 9 9 9 9 9 9 9 9 9 9 9 9 9 9 9 9 9 9 9 9 9 9 9 9 9 9 9 9 9 9 9 9 9 9 9 9 9 9 9 9 9 9 9 9 9 9 9 9 9 9 9 9 9 9 9 9 9 9 9 9 9 9 9 9 9 9 9 9 9 9 9 9 9 9 9 9 9 9 9 9 9 9 9 9 9 9 9 9 9 9 9 9 9 9 9 9 9 9 9 9 9 9 9 9 9 9 9 9 9 9 9 9 9 9 9 9 9 9 9 9 9 9 9 9 9 9 9 9 9 9 9 9 9 9 9 9 9 9 9 9 9 9 9 9 9 9 9 9 9 9 9 9 9 9 9 9 9 9 9 9 9 9 9 9 9 9 9 9 9 9 9 9 9 9 9 9 9 9 9 9 9 9 9 9 9 9 9 9 9 9 9 9 9 9 9 9 9 9 9 9 9 9 9 9 9 9 9 9
POINT_DATA 1156
VECTORS velocity double
0 0 0
0.18375 0 0
0 -0.18375 0
0.180615 -0.180616 0
0 -0.18375 0
0.180615 -0.180616 0
0 -0.361242 0
0.171343 -0.355091 0
0 -0.361242 0
0.171343 -0.355091 0
0 -0.526432 0
0.156231 -0.517482 0
0 -0.526432 0
0.156231 -0.517482 0
0 -0.673696 0
0.135793 -0.662236 0
0 -0.673696 0
0.135793 -0.662236 0
0 -0.798017 0
0.110734 -0.784433 0
0 -0.798017 0
0.110734 -0.784433 0
0 -0.895163 0
0.0819039 -0.87992 0
0 -0.895163 0
0.0819039 -0.87992 0
0 -0.961826 0
0.0502851 -0.945445 0
0 -0.961826 0
0.0502851 -0.945445 0
0 -0.995734 0
0.0169539 -0.978775 0
0 -0.995734 0
0.0169539 -0.978775 0
0 -0.995734 0
-0.0169547 -0.978774 0
0 -0.995734 0
-0.0169547 -0.978774 0
0 -0.961826 0
-0.0502859 -0.945443 0
0 -0.961826 0
-0.0502859 -0.945443 0
0 -0.895163 0
-0.0819048 -0.879916 0
0 -0.895163 0
-0.0819048 -0.879916 0
0 -0.798017 0
-0.110735 -0.784428 0
0 -0.798017 0
-0.110735 -0.784428 0
0 -0.673696 0
-0.135795 -0.662233 0
0 -0.673696 0
-0.135795 -0.662233 0
0 -0.526432 0
-0.156236 -0.517482 0
0 -0.526432 0
-0.156236 -0.517482 0
0 -0.361242 0
-0.171347 -0.355086 0
0 -0.361242 0
-0.171347 -0.355086 0
0 -0.18375 0
-0.180607 -0.180605 0
0 -0.18375 0
-0.180607 -0.180605 0
0 -1.22465e-16 0
-0.18375 -1.20379e-16 0
0.18375 0 0
0.361242 0 0
0.180615 -0.180616 0
0.35509 -0.171345 0
0.180615 -0.180616 0
0.35509 -0.171345 0
0.171343 -0.355091 0
0.336851 -0.336853 0
0.171343 -0.355091 0
0.336851 -0.336853 0
0.156231 -0.517482 0
0.30713 -0.490877 0
0.156231 -0.517482 0
0.30713 -0.490877 0
0.135793 -0.662236 0
0.266962 -0.628213 0
0.135793 -0.662236 0
0.266962 -0.628213 0
0.110734 -0.784433 0
0.217696 -0.744139 0
0.110734 -0.784433 0
0.217696 -0.744139 0
0.0819039 -0.87992 0
0.161018 -0.834716 0
0.0819039 -0.87992 0
0.161018 -0.834716 0
0.0502851 -0.945445 0
0.0988575 -0.896871 0
0.0502851 -0.945445 0
0.0988575 -0.896871 0
0.0169539 -0.978775 0
0.0333302 -0.928487 0
0.0169539 -0.978775 0
0.0333302 -0.928487 0
-0.0169547 -0.978774 0
-0.0333322 -0.928486 0
-0.0169547 -0.978774 0
-0.0333322 -0.928486 0
-0.0502859 -0.945443 0
-0.0988595 -0.896867 0
-0.0502859 -0.945443 0
-0.0988595 -0.896867 0
-0.0819048 -0.879916 0
-0.16102 -0.834708 0
-0.0819048 -0.879916 0
-0.16102 -0.834708 0
-0.110735 -0.784428 0
-0.217698 -0.744129 0
-0.110735 -0.784428 0
-0.217698 -0.744129 0
-0.135795 -0.662233 0
-0.266965 -0.628204 0
-0.135795 -0.662233 0
-0.266965 -0.628204 0
-0.156236 -0.517482 0
-0.307131 -0.490868 0
-0.156236 -0.517482 0
-0.307131 -0.490868 0
-0.171347 -0.355086 0
-0.336857 -0.336854 0
-0.171347 -0.355086 0
-0.336857 -0.336854 0
-0.180607 -0.180605 0
-0.35509 -0.171344 0
-0.180607 -0.180605 0
-0.35509 -0.171344 0
-0.18375 -1.20379e-16 0
-0.361242 -1.14195e-16 0
0.361242 0 0
0.526432 0 0
0.35509 -0.171345 0
0.517478 -0.156232 0
0.35509 -0.171345 0
0.517478 -0.156232 0
0.336851 -0.336853 0
0.490874 -0.307133 0
0.336851 -0.336853 0
0.490874 -0.307133 0
0.30713 -0.490877 0
0.447583 -0.447586 0
0.30713 -0.490877 0
0.447583 -0.447586 0
0.266962 -0.628213 0
0.389034 -0.572785 0
0.266962 -0.628213 0
0.389034 -0.572785 0
0.217696 -0.744139 0
0.317246 -0.678501 0
0.217696 -0.744139 0
0.317246 -0.678501 0
0.161018 -0.834716 0
0.234649 -0.761089 0
0.161018 -0.834716 0
0.234649 -0.761089 0
0.0988575 -0.896871 0
0.144063 -0.817757 0
0.0988575 -0.896871 0
0.144063 -0.817757 0
0.0333302 -0.928487 0
0.0485715 -0.846582 0
0.0333302 -0.928487 0
0.0485715 -0.846582 0
-0.0333322 -0.928486 0
-0.0485745 -0.846581 0
-0.0333322 -0.928486 0
-0.0485745 -0.846581 0
-0.0988595 -0.896867 0
-0.144066 -0.817751 0
-0.0988595 -0.896867 0
-0.144066 -0.817751 0
-0.16102 -0.834708 0
-0.234652 -0.761078 0
-0.16102 -0.834708 0
-0.234652 -0.761078 0
-0.217698 -0.744129 0
-0.317249 -0.678489 0
-0.217698 -0.744129 0
-0.317249 -0.678489 0
-0.266965 -0.628204 0
-0.389037 -0.572777 0
-0.266965 -0.628204 0
-0.389037 -0.572777 0
-0.307131 -0.490868 0
-0.447588 -0.447585 0
-0.307131 -0.490868 0
-0.447588 -0.447585 0
-0.336857 -0.336854 0
-0.490874 -0.307128 0
-0.336857 -0.336854 0
-0.490874 -0.307128 0
-0.35509 -0.171344 0
-0.517492 -0.156235 0
-0.35509 -0.171344 0
-0.517492 -0.156235 0
-0.361242 -1.14195e-16 0
-0.526432 -1.04122e-16 0
0.526432 0 0
0.673696 0 0
0.517478 -0.156232 0
0.662232 -0.135795 0
0.517478 -0.156232 0
0.662232 -0.135795 0
0.490874 -0.307133 0
0.628205 -0.266964 0
0.490874 -0.307133 0
0.628205 -0.266964 0
0.447583 -0.447586 0
0.57278 -0.389038 0
0.447583 -0.447586 0
0.57278 -0.389038 0
0.389034 -0.572785 0
0.497864 -0.497869 0
0.389034 -0.572785 0
0.497864 -0.497869 0
0.317246 -0.678501 0
0.40599 -0.589748 0
0.317246 -0.678501 0
0.40599 -0.589748 0
0.234649 -0.761089 0
0.30029 -0.661546 0
0.234649 -0.761089 0
0.30029 -0.661546 0
0.144063 -0.817757 0
0.184363 -0.710796 0
0.144063 -0.817757 0
0.184363 -0.710796 0
0.0485715 -0.846582 0
0.0621587 -0.735848 0
0.0485715 -0.846582 0
0.0621587 -0.735848 0
-0.0485745 -0.846581 0
-0.0621628 -0.735846 0
-0.0485745 -0.846581 0
-0.0621628 -0.735846 0
-0.144066 -0.817751 0
-0.184367 -0.710788 0
-0.144066 -0.817751 0
-0.184367 -0.710788 0
-0.234652 -0.761078 0
-0.300294 -0.661532 0
-0.234652 -0.761078 0
-0.300294 -0.661532 0
-0.317249 -0.678489 0
-0.405994 -0.589736 0
-0.317249 -0.678489 0
-0.405994 -0.589736 0
-0.389037 -0.572777 0
-0.497869 -0.497864 0
-0.389037 -0.572777 0
-0.497869 -0.497864 0
-0.447588 -0.447585 0
-0.572784 -0.389034 0
-0.447588 -0.447585 0
-0.572784 -0.389034 0
-0.490874 -0.307128 0
-0.628217 -0.266964 0
-0.490874 -0.307128 0
-0.628217 -0.266964 0
-0.517492 -0.156235 0
-0.662245 -0.135795 0
-0.517492 -0.156235 0
-0.662245 -0.135795 0
-0.526432 -1.04122e-16 0
-0.673696 -9.05025e-17 0
0.673696 0 0
0.798017 0 0
0.662232 -0.135795 0
0.784431 -0.110735 0
0.662232 -0.135795 0
0.784431 -0.110735 0
0.628205 -0.266964 0
0.744131 -0.217699 0
0.628205 -0.266964 0
0.744131 -0.217699 0
0.57278 -0.389038 0
0.67849 -0.317249 0
0.57278 -0.389038 0
0.67849 -0.317249 0
0.497864 -0.497869 0
0.589737 -0.405995 0
0.497864 -0.497869 0
0.589737 -0.405995 0
0.40599 -0.589748 0
0.480904 -0.480913 0
0.40599 -0.589748 0
0.480904 -0.480913 0
0.30029 -0.661546 0
0.355705 -0.539471 0
0.30029 -0.661546 0
0.355705 -0.539471 0
0.184363 -0.710796 0
0.218384 -0.579632 0
0.184363 -0.710796 0
0.218384 -0.579632 0
0.0621587 -0.735848 0
0.0736282 -0.600055 0
0.0621587 -0.735848 0
0.0736282 -0.600055 0
-0.0621628 -0.735846 0
-0.073635 -0.600052 0
-0.0621628 -0.735846 0
-0.073635 -0.600052 0
-0.184367 -0.710788 0
-0.21839 -0.579621 0
-0.184367 -0.710788 0
-0.21839 -0.579621 0
-0.300294 -0.661532 0
-0.355712 -0.539455 0
-0.300294 -0.661532 0
-0.355712 -0.539455 0
-0.405994 -0.589736 0
-0.480913 -0.480903 0
-0.405994 -0.589736 0
-0.480913 -0.480903 0
-0.497869 -0.497864 0
-0.589748 -0.40599 0
-0.497869 -0.497864 0
-0.589748 -0.40599 0
-0.572784 -0.389034 0
-0.678505 -0.317248 0
-0.572784 -0.389034 0
-0.678505 -0.317248 0
-0.628217 -0.266964 0
-0.744145 -0.217698 0
-0.628217 -0.266964 0
-0.744145 -0.217698 0
-0.662245 -0.135795 0
-0.784436 -0.110734 0
-0.662245 -0.135795 0
-0.784436 -0.110734 0
-0.673696 -9.05025e-17 0
-0.798017 -7.38015e-17 0
0.798017 0 0
0.895163 0 0
0.784431 -0.110735 0
0.879922 -0.0819055 0
0.784431 -0.110735 0
0.879922 -0.0819055 0
0.744131 -0.217699 0
0.834712 -0.161021 0
0.744131 -0.217699 0
0.834712 -0.161021 0
0.67849 -0.317249 0
0.76108 -0.234653 0
0.67849 -0.317249 0
0.76108 -0.234653 0
0.589737 -0.405995 0
0.661533 -0.300294 0
0.589737 -0.405995 0
0.661533 -0.300294 0
0.480904 -0.480913 0
0.539456 -0.355712 0
0.480904 -0.480913 0
0.539456 -0.355712 0
0.355705 -0.539471 0
0.399001 -0.399016 0
0.355705 -0.539471 0
0.399001 -0.399016 0
0.218384 -0.579632 0
0.244967 -0.428734 0
0.218384 -0.579632 0
0.244967 -0.428734 0
0.0736282 -0.600055 0
0.0825884 -0.443828 0
0.0736282 -0.600055 0
0.0825884 -0.443828 0
-0.073635 -0.600052 0
-0.0826015 -0.443823 0
-0.073635 -0.600052 0
-0.0826015 -0.443823 0
-0.21839 -0.579621 0
-0.24498 -0.428718 0
-0.21839 -0.579621 0
-0.24498 -0.428718 0
-0.355712 -0.539455 0
-0.399015 -0.399 0
-0.355712 -0.539455 0
-0.399015 -0.399 0
-0.480913 -0.480903 0
-0.539472 -0.355705 0
-0.480913 -0.480903 0
-0.539472 -0.355705 0
-0.589748 -0.40599 0
-0.661548 -0.300291 0
-0.589748 -0.40599 0
-0.661548 -0.300291 0
-0.678505 -0.317248 0
-0.761091 -0.23465 0
-0.678505 -0.317248 0
-0.761091 -0.23465 0
-0.744145 -0.217698 0
-0.834716 -0.161019 0
-0.744145 -0.217698 0
-0.834716 -0.161019 0
-0.784436 -0.110734 0
-0.879919 -0.0819044 0
-0.784436 -0.110734 0
-0.879919 -0.0819044 0
-0.798017 -7.38015e-17 0
-0.895163 -5.45872e-17 0
0.895163 0 0
0.961826 0 0
0.879922 -0.0819055 0
0.945449 -0.0502867 0
0.879922 -0.0819055 0
0.945449 -0.0502867 0
0.834712 -0.161021 0
0.896873 -0.0988602 0
0.834712 -0.161021 0
0.896873 -0.0988602 0
0.76108 -0.234653 0
0.817755 -0.144067 0
0.76108 -0.234653 0
0.817755 -0.144067 0
0.661533 -0.300294 0
0.710791 -0.184368 0
0.661533 -0.300294 0
0.710791 -0.184368 0
0.539456 -0.355712 0
0.579622 -0.218391 0
0.539456 -0.355712 0
0.579622 -0.218391 0
0.399001 -0.399016 0
0.428719 -0.24498 0
0.399001 -0.399016 0
0.428719 -0.24498 0
0.244967 -0.428734 0
0.263214 -0.263232 0
0.244967 -0.428734 0
0.263214 -0.263232 0
0.0825884 -0.443828 0
0.0887366 -0.27249 0
0.0825884 -0.443828 0
0.0887366 -0.27249 0
-0.0826015 -0.443823 0
-0.0887542 -0.272482 0
-0.0826015 -0.443823 0
-0.0887542 -0.272482 0
-0.24498 -0.428718 0
-0.26323 -0.263214 0
-0.24498 -0.428718 0
-0.26323 -0.263214 0
-0.399015 -0.399 0
-0.428733 -0.244967 0
-0.399015 -0.399 0
-0.428733 -0.244967 0
-0.539472 -0.355705 0
-0.579631 -0.218384 0
-0.539472 -0.355705 0
-0.579631 -0.218384 0
-0.661548 -0.300291 0
-0.710794 -0.184364 0
-0.661548 -0.300291 0
-0.710794 -0.184364 0
-0.761091 -0.23465 0
-0.817755 -0.144064 0
-0.761091 -0.23465 0
-0.817755 -0.144064 0
-0.834716 -0.161019 0
-0.896869 -0.0988584 0
-0.834716 -0.161019 0
-0.896869 -0.0988584 0
-0.879919 -0.0819044 0
-0.945442 -0.0502857 0
-0.879919 -0.0819044 0
-0.945442 -0.0502857 0
-0.895163 -5.45872e-17 0
-0.961826 -3.3514e-17 0
0.961826 0 0
0.995734 0 0
0.945449 -0.0502867 0
0.978781 -0.0169556 0
0.945449 -0.0502867 0
0.978781 -0.0169556 0
0.896873 -0.0988602 0
0.928492 -0.033333 0
0.896873 -0.0988602 0
0.928492 -0.033333 0
0.817755 -0.144067 0
0.846585 -0.0485754 0
0.817755 -0.144067 0
0.846585 -0.0485754 0
0.710791 -0.184368 0
0.735849 -0.0621637 0
0.710791 -0.184368 0
0.735849 -0.0621637 0
0.579622 -0.218391 0
0.600054 -0.073636 0
0.579622 -0.218391 0
0.600054 -0.073636 0
0.428719 -0.24498 0
0.443825 -0.0826025 0
0.428719 -0.24498 0
0.443825 -0.0826025 0
0.263214 -0.263232 0
0.272483 -0.0887559 0
0.263214 -0.263232 0
0.272483 -0.0887559 0
0.0887366 -0.27249 0
0.0918698 -0.0918813 0
0.0887366 -0.27249 0
0.0918698 -0.0918813 0
-0.0887542 -0.272482 0
-0.0918786 -0.0918698 0
-0.0887542 -0.272482 0
-0.0918786 -0.0918698 0
-0.26323 -0.263214 0
-0.272487 -0.0887367 0
-0.26323 -0.263214 0
-0.272487 -0.0887367 0
-0.428733 -0.244967 0
-0.443825 -0.082589 0
-0.428733 -0.244967 0
-0.443825 -0.082589 0
-0.579631 -0.218384 0
-0.600051 -0.0736291 0
-0.579631 -0.218384 0
-0.600051 -0.0736291 0
-0.710794 -0.184364 0
-0.735844 -0.0621598 0
-0.710794 -0.184364 0
-0.735844 -0.0621598 0
-0.817755 -0.144064 0
-0.846578 -0.0485726 0
-0.817755 -0.144064 0
-0.846578 -0.0485726 0
-0.896869 -0.0988584 0
-0.928483 -0.0333312 0
-0.896869 -0.0988584 0
-0.928483 -0.0333312 0
-0.945442 -0.0502857 0
-0.978772 -0.0169546 0
-0.945442 -0.0502857 0
-0.978772 -0.0169546 0
-0.961826 -3.3514e-17 0
-0.995734 -1.12996e-17 0
0.995734 0 0
0.995734 0 0
0.978781 -0.0169556 0
0.978781 0.0169529 0
0.978781 -0.0169556 0
0.978781 0.0169529 0
0.928492 -0.033333 0
0.928493 0.0333292 0
0.928492 -0.033333 0
0.928493 0.0333292 0
0.846585 -0.0485754 0
0.846586 0.0485705 0
0.846585 -0.0485754 0
0.846586 0.0485705 0
0.735849 -0.0621637 0
0.73585 0.0621576 0
0.735849 -0.0621637 0
0.73585 0.0621576 0
0.600054 -0.073636 0
0.600056 0.073627 0
0.600054 -0.073636 0
0.600056 0.073627 0
0.443825 -0.0826025 0
0.443829 0.0825871 0
0.443825 -0.0826025 0
0.443829 0.0825871 0
0.272483 -0.0887559 0
0.27249 0.0887344 0
0.272483 -0.0887559 0
0.27249 0.0887344 0
0.0918698 -0.0918813 0
0.0918805 0.0918659 0
0.0918698 -0.0918813 0
0.0918805 0.0918659 0
-0.0918786 -0.0918698 0
-0.0918659 0.0918778 0
-0.0918786 -0.0918698 0
-0.0918659 0.0918778 0
-0.272487 -0.0887367 0
-0.272478 0.0887536 0
-0.272487 -0.0887367 0
-0.272478 0.0887536 0
-0.443825 -0.082589 0
-0.443819 0.0826004 0
-0.443825 -0.082589 0
-0.443819 0.0826004 0
-0.600051 -0.0736291 0
-0.600047 0.0736338 0
-0.600051 -0.0736291 0
-0.600047 0.0736338 0
-0.735844 -0.0621598 0
-0.735841 0.0621616 0
-0.735844 -0.0621598 0
-0.735841 0.0621616 0
-0.846578 -0.0485726 0
-0.846576 0.0485733 0
-0.846578 -0.0485726 0
-0.846576 0.0485733 0
-0.928483 -0.0333312 0
-0.928482 0.033331 0
-0.928483 -0.0333312 0
-0.928482 0.033331 0
-0.978772 -0.0169546 0
-0.978771 0.0169538 0
-0.978772 -0.0169546 0
-0.978771 0.0169538 0
-0.995734 -1.12996e-17 0
-0.995734 1.12996e-17 0
0.995734 0 0
0.961826 0 0
0.978781 0.0169529 0
0.945449 0.050284 0
0.978781 0.0169529 0
0.945449 0.050284 0
0.928493 0.0333292 0
0.896874 0.0988563 0
0.928493 0.0333292 0
0.896874 0.0988563 0
0.846586 0.0485705 0
0.817758 0.144062 0
0.846586 0.0485705 0
0.817758 0.144062 0
0.73585 0.0621576 0
0.710795 0.184362 0
0.73585 0.0621576 0
0.710795 0.184362 0
0.600056 0.073627 0
0.57963 0.218382 0
0.600056 0.073627 0
0.57963 0.218382 0
0.443829 0.0825871 0
0.428731 0.244965 0
0.443829 0.0825871 0
0.428731 0.244965 0
0.27249 0.0887344 0
0.26323 0.263211 0
0.27249 0.0887344 0
0.26323 0.263211 0
0.0918805 0.0918659 0
0.0887553 0.272479 0
0.0918805 0.0918659 0
0.0887553 0.272479 0
-0.0918659 0.0918778 0
-0.0887345 0.272487 0
-0.0918659 0.0918778 0
-0.0887345 0.272487 0
-0.272478 0.0887536 0
-0.263211 0.263229 0
-0.272478 0.0887536 0
-0.263211 0.263229 0
-0.443819 0.0826004 0
-0.428714 0.244978 0
-0.443819 0.0826004 0
-0.428714 0.244978 0
-0.600047 0.0736338 0
-0.579616 0.218389 0
-0.600047 0.0736338 0
-0.579616 0.218389 0
-0.735841 0.0621616 0
-0.710784 0.184366 0
-0.735841 0.0621616 0
-0.710784 0.184366 0
-0.846576 0.0485733 0
-0.817747 0.144065 0
-0.846576 0.0485733 0
-0.817747 0.144065 0
-0.928482 0.033331 0
-0.896863 0.0988581 0
-0.928482 0.033331 0
-0.896863 0.0988581 0
-0.978771 0.0169538 0
-0.945439 0.0502848 0
-0.978771 0.0169538 0
-0.945439 0.0502848 0
-0.995734 1.12996e-17 0
-0.961826 3.3514e-17 0
0.961826 0 0
0.895163 0 0
0.945449 0.050284 0
0.87992 0.0819026 0
0.945449 0.050284 0
0.87992 0.0819026 0
0.896874 0.0988563 0
0.834713 0.161017 0
0.896874 0.0988563 0
0.834713 0.161017 0
0.817758 0.144062 0
0.761085 0.234648 0
0.817758 0.144062 0
0.761085 0.234648 0
0.710795 0.184362 0
0.661541 0.300288 0
0.710795 0.184362 0
0.661541 0.300288 0
0.57963 0.218382 0
0.539468 0.355703 0
0.57963 0.218382 0
0.539468 0.355703 0
0.428731 0.244965 0
0.399014 0.398999 0
0.428731 0.244965 0
0.399014 0.398999 0
0.26323 0.263211 0
0.244978 0.428715 0
0.26323 0.263211 0
0.244978 0.428715 0
0.0887553 0.272479 0
0.0826015 0.443821 0
0.0887553 0.272479 0
0.0826015 0.443821 0
-0.0887345 0.272487 0
-0.0825877 0.443826 0
-0.0887345 0.272487 0
-0.0825877 0.443826 0
-0.263211 0.263229 0
-0.244965 0.428731 0
-0.263211 0.263229 0
-0.244965 0.428731 0
-0.428714 0.244978 0
-0.398999 0.399014 0
-0.428714 0.244978 0
-0.398999 0.399014 0
-0.579616 0.218389 0
-0.539452 0.35571 0
-0.579616 0.218389 0
-0.539452 0.35571 0
-0.710784 0.184366 0
-0.661527 0.300292 0
-0.710784 0.184366 0
-0.661527 0.300292 0
-0.817747 0.144065 0
-0.761074 0.23465 0
-0.817747 0.144065 0
-0.761074 0.23465 0
-0.896863 0.0988581 0
-0.834703 0.161018 0
-0.896863 0.0988581 0
-0.834703 0.161018 0
-0.945439 0.0502848 0
-0.879912 0.0819033 0
-0.945439 0.0502848 0
-0.879912 0.0819033 0
-0.961826 3.3514e-17 0
-0.895163 5.45872e-17 0
0.895163 0 0
0.798017 0 0
0.87992 0.0819026 0
0.784427 0.110732 0
0.87992 0.0819026 0
0.784427 0.110732 0
0.834713 0.161017 0
0.744131 0.217694 0
0.834713 0.161017 0
0.744131 0.217694 0
0.761085 0.234648 0
0.678495 0.317244 0
0.761085 0.234648 0
0.678495 0.317244 0
0.661541 0.300288 0
0.589745 0.405989 0
0.661541 0.300288 0
0.589745 0.405989 0
0.539468 0.355703 0
0.480911 0.480903 0
0.539468 0.355703 0
0.480911 0.480903 0
0.399014 0.398999 0
0.35571 0.539453 0
0.399014 0.398999 0
0.35571 0.539453 0
0.244978 0.428715 0
0.218389 0.579618 0
0.244978 0.428715 0
0.218389 0.579618 0
0.0826015 0.443821 0
0.0736347 0.60005 0
0.0826015 0.443821 0
0.0736347 0.60005 0
-0.0825877 0.443826 0
-0.073628 0.600053 0
-0.0825877 0.443826 0
-0.073628 0.600053 0
-0.244965 0.428731 0
-0.218383 0.57963 0
-0.244965 0.428731 0
-0.218383 0.57963 0
-0.398999 0.399014 0
-0.355703 0.539469 0
-0.398999 0.399014 0
-0.355703 0.539469 0
-0.539452 0.35571 0
-0.480902 0.480911 0
-0.539452 0.35571 0
-0.480902 0.480911 0
-0.661527 0.300292 0
-0.589735 0.405993 0
-0.661527 0.300292 0
-0.589735 0.405993 0
-0.761074 0.23465 0
-0.678485 0.317247 0
-0.761074 0.23465 0
-0.678485 0.317247 0
-0.834703 0.161018 0
-0.744123 0.217696 0
-0.834703 0.161018 0
-0.744123 0.217696 0
-0.879912 0.0819033 0
-0.784422 0.110733 0
-0.879912 0.0819033 0
-0.784422 0.110733 0
-0.895163 5.45872e-17 0
-0.798017 7.38015e-17 0
0.798017 0 0
0.673696 0 0
0.784427 0.110732 0
0.662222 0.13579 0
0.784427 0.110732 0
0.662222 0.13579 0
0.744131 0.217694 0
0.628206 0.266959 0
0.744131 0.217694 0
0.628206 0.266959 0
0.678495 0.317244 0
0.572784 0.389033 0
0.678495 0.317244 0
0.572784 0.389033 0
0.589745 0.405989 0
0.497866 0.497862 0
0.589745 0.405989 0
0.497866 0.497862 0
0.480911 0.480903 0
0.405993 0.589736 0
0.480911 0.480903 0
0.405993 0.589736 0
0.35571 0.539453 0
0.300293 0.661528 0
0.35571 0.539453 0
0.300293 0.661528 0
0.218389 0.579618 0
0.184367 0.710786 0
0.218389 0.579618 0
0.184367 0.710786 0
0.0736347 0.60005 0
0.0621625 0.735845 0
0.0736347 0.60005 0
0.0621625 0.735845 0
-0.073628 0.600053 0
-0.0621586 0.735847 0
-0.073628 0.600053 0
-0.0621586 0.735847 0
-0.218383 0.57963 0
-0.184363 0.710794 0
-0.218383 0.57963 0
-0.184363 0.710794 0
-0.355703 0.539469 0
-0.300289 0.661543 0
-0.355703 0.539469 0
-0.300289 0.661543 0
-0.480902 0.480911 0
-0.405989 0.589746 0
-0.480902 0.480911 0
-0.405989 0.589746 0
-0.589735 0.405993 0
-0.497862 0.497866 0
-0.589735 0.405993 0
-0.497862 0.497866 0
-0.678485 0.317247 0
-0.572777 0.389036 0
-0.678485 0.317247 0
-0.572777 0.389036 0
-0.744123 0.217696 0
-0.628201 0.266962 0
-0.744123 0.217696 0
-0.628201 0.266962 0
-0.784422 0.110733 0
-0.662222 0.135791 0
-0.784422 0.110733 0
-0.662222 0.135791 0
-0.798017 7.38015e-17 0
-0.673696 9.05025e-17 0
0.673696 0 0
0.526432 0 0
0.662222 0.13579 0
0.517467 0.156224 0
0.662222 0.13579 0
0.517467 0.156224 0
0.628206 0.266959 0
0.49088 0.30713 0
0.628206 0.266959 0
0.49088 0.30713 0
0.572784 0.389033 0
0.447581 0.447579 0
0.572784 0.389033 0
0.447581 0.447579 0
0.497866 0.497862 0
0.389037 0.57278 0
0.497866 0.497862 0
0.389037 0.57278 0
0.405993 0.589736 0
0.317247 0.678486 0
0.405993 0.589736 0
0.317247 0.678486 0
0.300293 0.661528 0
0.234651 0.761075 0
0.300293 0.661528 0
0.234651 0.761075 0
0.184367 0.710786 0
0.144066 0.817751 0
0.184367 0.710786 0
0.144066 0.817751 0
0.0621625 0.735845 0
0.0485742 0.846581 0
0.0621625 0.735845 0
0.0485742 0.846581 0
-0.0621586 0.735847 0
-0.0485715 0.846582 0
-0.0621586 0.735847 0
-0.0485715 0.846582 0
-0.184363 0.710794 0
-0.144063 0.817756 0
-0.184363 0.710794 0
-0.144063 0.817756 0
-0.300289 0.661543 0
-0.234649 0.761087 0
-0.300289 0.661543 0
-0.234649 0.761087 0
-0.405989 0.589746 0
-0.317246 0.678499 0
-0.405989 0.589746 0
-0.317246 0.678499 0
-0.497862 0.497866 0
-0.389033 0.572783 0
-0.497862 0.497866 0
-0.389033 0.572783 0
-0.572777 0.389036 0
-0.447581 0.447583 0
-0.572777 0.389036 0
-0.447581 0.447583 0
-0.628201 0.266962 0
-0.490872 0.30713 0
-0.628201 0.266962 0
-0.490872 0.30713 0
-0.662222 0.135791 0
-0.517471 0.156228 0
-0.662222 0.135791 0
-0.517471 0.156228 0
-0.673696 9.05025e-17 0
-0.526432 1.04122e-16 0
0.526432 0 0
0.361242 0 0
0.517467 0.156224 0
0.355091 0.171339 0
0.517467 0.156224 0
0.355091 0.171339 0
0.49088 0.30713 0
0.336844 0.336844 0
0.49088 0.30713 0
0.336844 0.336844 0
0.447581 0.447579 0
0.307132 0.490878 0
0.447581 0.447579 0
0.307132 0.490878 0
0.389037 0.57278 0
0.266961 0.628202 0
0.389037 0.57278 0
0.266961 0.628202 0
0.317247 0.678486 0
0.217696 0.744125 0
0.317247 0.678486 0
0.217696 0.744125 0
0.234651 0.761075 0
0.161019 0.834708 0
0.234651 0.761075 0
0.161019 0.834708 0
0.144066 0.817751 0
0.0988588 0.896868 0
0.144066 0.817751 0
0.0988588 0.896868 0
0.0485742 0.846581 0
0.0333319 0.928488 0
0.0485742 0.846581 0
0.0333319 0.928488 0
-0.0485715 0.846582 0
-0.0333302 0.928488 0
-0.0485715 0.846582 0
-0.0333302 0.928488 0
-0.144063 0.817756 0
-0.0988573 0.896871 0
-0.144063 0.817756 0
-0.0988573 0.896871 0
-0.234649 0.761087 0
-0.161018 0.834714 0
-0.234649 0.761087 0
-0.161018 0.834714 0
-0.317246 0.678499 0
-0.217695 0.744136 0
-0.317246 0.678499 0
-0.217695 0.744136 0
-0.389033 0.572783 0
-0.266961 0.628211 0
-0.389033 0.572783 0
-0.266961 0.628211 0
-0.447581 0.447583 0
-0.307129 0.490876 0
-0.447581 0.447583 0
-0.307129 0.490876 0
-0.490872 0.30713 0
-0.336847 0.336848 0
-0.490872 0.30713 0
-0.336847 0.336848 0
-0.517471 0.156228 0
-0.355087 0.171341 0
-0.517471 0.156228 0
-0.355087 0.171341 0
-0.526432 1.04122e-16 0
-0.361242 1.14195e-16 0
0.361242 0 0
0.18375 0 0
0.355091 0.171339 0
0.180624 0.180625 0
0.355091 0.171339 0
0.180624 0.180625 0
0.336844 0.336844 0
0.17134 0.355092 0
0.336844 0.336844 0
0.17134 0.355092 0
0.307132 0.490878 0
0.156224 0.517467 0
0.307132 0.490878 0
0.156224 0.517467 0
0.266961 0.628202 0
0.135791 0.662221 0
0.266961 0.628202 0
0.135791 0.662221 0
0.217696 0.744125 0
0.110733 0.784425 0
0.217696 0.744125 0
0.110733 0.784425 0
0.161019 0.834708 0
0.081904 0.879918 0
0.161019 0.834708 0
0.081904 0.879918 0
0.0988588 0.896868 0
0.0502856 0.945446 0
0.0988588 0.896868 0
0.0502856 0.945446 0
0.0333319 0.928488 0
0.0169547 0.978777 0
0.0333319 0.928488 0
0.0169547 0.978777 0
-0.0333302 0.928488 0
-0.0169536 0.978777 0
-0.0333302 0.928488 0
-0.0169536 0.978777 0
-0.0988573 0.896871 0
-0.0502846 0.945446 0
-0.0988573 0.896871 0
-0.0502846 0.945446 0
-0.161018 0.834714 0
-0.0819031 0.879919 0
-0.161018 0.834714 0
-0.0819031 0.879919 0
-0.217695 0.744136 0
-0.110732 0.78443 0
-0.217695 0.744136 0
-0.110732 0.78443 0
-0.266961 0.628211 0
-0.135792 0.662231 0
-0.266961 0.628211 0
-0.135792 0.662231 0
-0.307129 0.490876 0
-0.156228 0.517477 0
-0.307129 0.490876 0
-0.156228 0.517477 0
-0.336847 0.336848 0
-0.17134 0.355089 0
-0.336847 0.336848 0
-0.17134 0.355089 0
-0.355087 0.171341 0
-0.180615 0.180615 0
-0.355087 0.171341 0
-0.180615 0.180615 0
-0.361242 1.14195e-16 0
-0.18375 1.20379e-16 0
0.18375 0 0
1.22465e-16 0 0
0.180624 0.180625 0
1.20379e-16 0.18375 0
0.180624 0.180625 0
1.20379e-16 0.18375 0
0.17134 0.355092 0
1.14195e-16 0.361242 0
0.17134 0.355092 0
1.14195e-16 0.361242 0
0.156224 0.517467 0
1.04122e-16 0.526432 0
0.156224 0.517467 0
1.04122e-16 0.526432 0
0.135791 0.662221 0
9.05025e-17 0.673696 0
0.135791 0.662221 0
9.05025e-17 0.673696 0
0.110733 0.784425 0
7.38015e-17 0.798017 0
0.110733 0.784425 0
7.38015e-17 0.798017 0
0.081904 0.879918 0
5.45872e-17 0.895163 0
0.081904 0.879918 0
5.45872e-17 0.895163 0
0.0502856 0.945446 0
3.3514e-17 0.961826 0
0.0502856 0.945446 0
3.3514e-17 0.961826 0
0.0169547 0.978777 0
1.12996e-17 0.995734 0
0.0169547 0.978777 0
1.12996e-17 0.995734 0
-0.0169536 0.978777 0
-1.12996e-17 0.995734 0
-0.0169536 0.978777 0
-1.12996e-17 0.995734 0
-0.0502846 0.945446 0
-3.3514e-17 0.961826 0
-0.0502846 0.945446 0
-3.3514e-17 0.961826 0
-0.0819031 0.879919 0
-5.45872e-17 0.895163 0
-0.0819031 0.879919 0
-5.45872e-17 0.895163 0
-0.110732 0.78443 0
-7.38015e-17 0.798017 0
-0.110732 0.78443 0
-7.38015e-17 0.798017 0
-0.135792 0.662231 0
-9.05025e-17 0.673696 0
-0.135792 0.662231 0
-9.05025e-17 0.673696 0
-0.156228 0.517477 0
-1.04122e-16 0.526432 0
-0.156228 0.517477 0
-1.04122e-16 0.526432 0
-0.17134 0.355089 0
-1.14195e-16 0.361242 0
-0.17134 0.355089 0
-1.14195e-16 0.361242 0
-0.180615 0.180615 0
-1.20379e-16 0.18375 0
-0.180615 0.180615 0
-1.20379e-16 0.18375 0
-0.18375 1.20379e-16 0
-1.22465e-16 1.22465e-16 0
VECTORS velocity_error double
0 0 0
0 0 0
0 0 0
5.93237e-06 -5.08205e-06 0
0 0 0
5.93237e-06 -5.08205e-06 0
0 0 0
-1.92952e-06 4.92615e-07 0
0 0 0
-1.92952e-06 4.92615e-07 0
0 0 0
-4.17136e-06 1.35281e-05 0
0 0 0
-4.17136e-06 1.35281e-05 0
0 0 0
-9.61209e-07 1.15282e-05 0
0 0 0
-9.61209e-07 1.15282e-05 0
0 0 0
2.51804e-07 3.28376e-06 0
0 0 0
2.51804e-07 3.28376e-06 0
0 0 0
2.86165e-07 -1.47007e-06 0
0 0 0
2.86165e-07 -1.47007e-06 0
0 0 0
3.20454e-07 -3.51404e-06 0
0 0 0
3.20454e-07 -3.51404e-06 0
0 0 0
3.69385e-07 -4.76029e-06 0
0 0 0
3.69385e-07 -4.76029e-06 0
0 0 0
4.1624e-07 -5.65714e-06 0
0 0 0
4.1624e-07 -5.65714e-06 0
0 0 0
4.8621e-07 -6.17685e-06 0
0 0 0
4.8621e-07 -6.17685e-06 0
0 0 0
5.93477e-07 -5.7638e-06 0
0 0 0
5.93477e-07 -5.7638e-06 0
0 0 0
8.52972e-07 -1.87276e-06 0
0 0 0
8.52972e-07 -1.87276e-06 0
0 0 0
2.94516e-06 8.32296e-06 0
0 0 0
2.94516e-06 8.32296e-06 0
0 0 0
8.84098e-06 1.37119e-05 0
0 0 0
8.84098e-06 1.37119e-05 0
0 0 0
5.87811e-06 -4.95048e-06 0
0 0 0
5.87811e-06 -4.95048e-06 0
0 0 0
-1.3905e-05 -1.5804e-05 0
0 0 0
-1.3905e-05 -1.5804e-05 0
0 0 0
0 0 0
0 0 0
0 0 0
5.93237e-06 -5.08205e-06 0
5.5211e-07 3.99813e-06 0
5.93237e-06 -5.08205e-06 0
5.5211e-07 3.99813e-06 0
-1.92952e-06 4.92615e-07 0
-3.0995e-06 5.34559e-06 0
-1.92952e-06 4.92615e-07 0
-3.0995e-06 5.34559e-06 0
-4.17136e-06 1.35281e-05 0
4.26238e-06 -6.00125e-06 0
-4.17136e-06 1.35281e-05 0
4.26238e-06 -6.00125e-06 0
-9.61209e-07 1.15282e-05 0
-1.45123e-06 1.04663e-05 0
-9.61209e-07 1.15282e-05 0
-1.45123e-06 1.04663e-05 0
2.51804e-07 3.28376e-06 0
3.70138e-07 1.03682e-05 0
2.51804e-07 3.28376e-06 0
3.70138e-07 1.03682e-05 0
2.86165e-07 -1.47007e-06 0
1.01964e-06 7.93287e-07 0
2.86165e-07 -1.47007e-06 0
1.01964e-06 7.93287e-07 0
3.20454e-07 -3.51404e-06 0
9.78043e-07 -4.39403e-06 0
3.20454e-07 -3.51404e-06 0
9.78043e-07 -4.39403e-06 0
3.69385e-07 -4.76029e-06 0
9.96722e-07 -7.03343e-06 0
3.69385e-07 -4.76029e-06 0
9.96722e-07 -7.03343e-06 0
4.1624e-07 -5.65714e-06 0
9.92783e-07 -8.3831e-06 0
4.1624e-07 -5.65714e-06 0
9.92783e-07 -8.3831e-06 0
4.8621e-07 -6.17685e-06 0
9.85823e-07 -8.65225e-06 0
4.8621e-07 -6.17685e-06 0
9.85823e-07 -8.65225e-06 0
5.93477e-07 -5.7638e-06 0
9.31766e-07 -6.80233e-06 0
5.93477e-07 -5.7638e-06 0
9.31766e-07 -6.80233e-06 0
8.52972e-07 -1.87276e-06 0
1.67533e-06 5.05057e-07 0
8.52972e-07 -1.87276e-06 0
1.67533e-06 5.05057e-07 0
2.94516e-06 8.32296e-06 0
4.10086e-06 1.47616e-06 0
2.94516e-06 8.32296e-06 0
4.10086e-06 1.47616e-06 0
8.84098e-06 1.37119e-05 0
-2.84334e-06 -1.50733e-05 0
8.84098e-06 1.37119e-05 0
-2.84334e-06 -1.50733e-05 0
5.87811e-06 -4.95048e-06 0
9.38494e-06 6.06123e-06 0
5.87811e-06 -4.95048e-06 0
9.38494e-06 6.06123e-06 0
-1.3905e-05 -1.5804e-05 0
-1.19286e-06 2.94084e-06 0
-1.3905e-05 -1.5804e-05 0
-1.19286e-06 2.94084e-06 0
0 0 0
0 0 0
0 0 0
0 0 0
5.5211e-07 3.99813e-06 0
-9.74963e-06 5.32657e-06 0
5.5211e-07 3.99813e-06 0
-9.74963e-06 5.32657e-06 0
-3.0995e-06 5.34559e-06 0
8.97717e-06 -1.2689e-06 0
-3.0995e-06 5.34559e-06 0
8.97717e-06 -1.2689e-06 0
4.26238e-06 -6.00125e-06 0
-1.42959e-06 4.68905e-06 0
4.26238e-06 -6.00125e-06 0
-1.42959e-06 4.68905e-06 0
-1.45123e-06 1.04663e-05 0
3.96427e-06 -2.45519e-06 0
-1.45123e-06 1.04663e-05 0
3.96427e-06 -2.45519e-06 0
3.70138e-07 1.03682e-05 0
-2.20284e-07 1.35412e-05 0
3.70138e-07 1.03682e-05 0
-2.20284e-07 1.35412e-05 0
1.01964e-06 7.93287e-07 0
1.55439e-06 5.80911e-06 0
1.01964e-06 7.93287e-07 0
1.55439e-06 5.80911e-06 0
9.78043e-07 -4.39403e-06 0
1.50746e-06 -3.68835e-06 0
9.78043e-07 -4.39403e-06 0
1.50746e-06 -3.68835e-06 0
9.96722e-07 -7.03343e-06 0
1.48836e-06 -7.94165e-06 0
9.96722e-07 -7.03343e-06 0
1.48836e-06 -7.94165e-06 0
9.92783e-07 -8.3831e-06 0
1.47453e-06 -9.52662e-06 0
9.92783e-07 -8.3831e-06 0
1.47453e-06 -9.52662e-06 0
9.85823e-07 -8.65225e-06 0
1.37923e-06 -9.20859e-06 0
9.85823e-07 -8.65225e-06 0
1.37923e-06 -9.20859e-06 0
9.31766e-07 -6.80233e-06 0
1.1638e-06 -4.87175e-06 0
9.31766e-07 -6.80233e-06 0
1.1638e-06 -4.87175e-06 0
1.67533e-06 5.05057e-07 0
2.99786e-06 1.42968e-06 0
1.67533e-06 5.05057e-07 0
2.99786e-06 1.42968e-06 0
4.10086e-06 1.47616e-06 0
-9.96052e-07 -1.07575e-05 0
4.10086e-06 1.47616e-06 0
-9.96052e-07 -1.07575e-05 0
-2.84334e-06 -1.50733e-05 0
6.45935e-06 3.10451e-06 0
-2.84334e-06 -1.50733e-05 0
6.45935e-06 3.10451e-06 0
9.38494e-06 6.06123e-06 0
-9.75948e-06 -5.6621e-06 0
9.38494e-06 6.06123e-06 0
-9.75948e-06 -5.6621e-06 0
-1.19286e-06 2.94084e-06 0
2.37259e-05 8.35905e-06 0
-1.19286e-06 2.94084e-06 0
2.37259e-05 8.35905e-06 0
0 0 0
0 0 0
0 0 0
0 0 0
-9.74963e-06 5.32657e-06 0
-6.94304e-06 2.12316e-06 0
-9.74963e-06 5.32657e-06 0
-6.94304e-06 2.12316e-06 0
8.97717e-06 -1.2689e-06 0
-2.80056e-06 3.52489e-06 0
8.97717e-06 -1.2689e-06 0
-2.80056e-06 3.52489e-06 0
-1.42959e-06 4.68905e-06 0
7.92463e-06 -3.96115e-08 0
-1.42959e-06 4.68905e-06 0
7.92463e-06 -3.96115e-08 0
3.96427e-06 -2.45519e-06 0
3.34227e-06 1.52683e-06 0
3.96427e-06 -2.45519e-06 0
3.34227e-06 1.52683e-06 0
-2.20284e-07 1.35412e-05 0
2.37862e-06 5.80049e-06 0
-2.20284e-07 1.35412e-05 0
2.37862e-06 5.80049e-06 0
1.55439e-06 5.80911e-06 0
1.64016e-06 1.23851e-05 0
1.55439e-06 5.80911e-06 0
1.64016e-06 1.23851e-05 0
1.50746e-06 -3.68835e-06 0
2.31182e-06 -1.90942e-06 0
1.50746e-06 -3.68835e-06 0
2.31182e-06 -1.90942e-06 0
1.48836e-06 -7.94165e-06 0
2.06921e-06 -8.85298e-06 0
1.48836e-06 -7.94165e-06 0
2.06921e-06 -8.85298e-06 0
1.47453e-06 -9.52662e-06 0
2.01029e-06 -1.09506e-05 0
1.47453e-06 -9.52662e-06 0
2.01029e-06 -1.09506e-05 0
1.37923e-06 -9.20859e-06 0
1.68942e-06 -9.87134e-06 0
1.37923e-06 -9.20859e-06 0
1.68942e-06 -9.87134e-06 0
1.1638e-06 -4.87175e-06 0
2.04254e-06 -2.01324e-06 0
1.1638e-06 -4.87175e-06 0
2.04254e-06 -2.01324e-06 0
2.99786e-06 1.42968e-06 0
2.12623e-06 -5.89306e-06 0
2.99786e-06 1.42968e-06 0
2.12623e-06 -5.89306e-06 0
-9.96052e-07 -1.07575e-05 0
1.8121e-06 -3.27894e-06 0
-9.96052e-07 -1.07575e-05 0
1.8121e-06 -3.27894e-06 0
6.45935e-06 3.10451e-06 0
-3.76121e-06 -4.45626e-06 0
6.45935e-06 3.10451e-06 0
-3.76121e-06 -4.45626e-06 0
-9.75948e-06 -5.6621e-06 0
1.45585e-05 3.08872e-06 0
-9.75948e-06 -5.6621e-06 0
1.45585e-05 3.08872e-06 0
2.37259e-05 8.35905e-06 0
2.05542e-05 2.73678e-06 0
2.37259e-05 8.35905e-06 0
2.05542e-05 2.73678e-06 0
0 0 0
0 0 0
0 0 0
0 0 0
-6.94304e-06 2.12316e-06 0
-1.57052e-06 1.22588e-06 0
-6.94304e-06 2.12316e-06 0
-1.57052e-06 1.22588e-06 0
-2.80056e-06 3.52489e-06 0
-1.76758e-06 1.76961e-06 0
-2.80056e-06 3.52489e-06 0
-1.76758e-06 1.76961e-06 0
7.92463e-06 -3.96115e-08 0
-1.90801e-06 3.09571e-06 0
7.92463e-06 -3.96115e-08 0
-1.90801e-06 3.09571e-06 0
3.34227e-06 1.52683e-06 0
4.37963e-06 2.64688e-06 0
3.34227e-06 1.52683e-06 0
4.37963e-06 2.64688e-06 0
2.37862e-06 5.80049e-06 0
8.66197e-06 6.21295e-08 0
2.37862e-06 5.80049e-06 0
8.66197e-06 6.21295e-08 0
1.64016e-06 1.23851e-05 0
2.00845e-06 1.50017e-05 0
1.64016e-06 1.23851e-05 0
2.00845e-06 1.50017e-05 0
2.31182e-06 -1.90942e-06 0
4.24997e-06 2.65752e-06 0
2.31182e-06 -1.90942e-06 0
4.24997e-06 2.65752e-06 0
2.06921e-06 -8.85298e-06 0
3.55148e-06 -9.3636e-06 0
2.06921e-06 -8.85298e-06 0
3.55148e-06 -9.3636e-06 0
2.01029e-06 -1.09506e-05 0
3.26591e-06 -1.23114e-05 0
2.01029e-06 -1.09506e-05 0
3.26591e-06 -1.23114e-05 0
1.68942e-06 -9.87134e-06 0
2.53629e-06 -8.92349e-06 0
1.68942e-06 -9.87134e-06 0
2.53629e-06 -8.92349e-06 0
2.04254e-06 -2.01324e-06 0
5.02161e-06 -1.06118e-06 0
2.04254e-06 -2.01324e-06 0
5.02161e-06 -1.06118e-06 0
2.12623e-06 -5.89306e-06 0
-2.51563e-07 -9.37587e-06 0
2.12623e-06 -5.89306e-06 0
-2.51563e-07 -9.37587e-06 0
1.8121e-06 -3.27894e-06 0
6.2433e-06 -2.26499e-06 0
1.8121e-06 -3.27894e-06 0
6.2433e-06 -2.26499e-06 0
-3.76121e-06 -4.45626e-06 0
1.70693e-05 1.43889e-06 0
-3.76121e-06 -4.45626e-06 0
1.70693e-05 1.43889e-06 0
1.45585e-05 3.08872e-06 0
1.56921e-05 1.03473e-06 0
1.45585e-05 3.08872e-06 0
1.56921e-05 1.03473e-06 0
2.05542e-05 2.73678e-06 0
6.33893e-06 4.08024e-07 0
2.05542e-05 2.73678e-06 0
6.33893e-06 4.08024e-07 0
0 0 0
0 0 0
0 0 0
0 0 0
-1.57052e-06 1.22588e-06 0
-1.37513e-07 1.27858e-06 0
-1.57052e-06 1.22588e-06 0
-1.37513e-07 1.27858e-06 0
-1.76758e-06 1.76961e-06 0
2.60485e-06 1.52904e-06 0
-1.76758e-06 1.76961e-06 0
2.60485e-06 1.52904e-06 0
-1.90801e-06 3.09571e-06 0
3.05375e-06 1.72601e-06 0
-1.90801e-06 3.09571e-06 0
3.05375e-06 1.72601e-06 0
4.37963e-06 2.64688e-06 0
1.16285e-06 2.50344e-06 0
4.37963e-06 2.64688e-06 0
1.16285e-06 2.50344e-06 0
8.66197e-06 6.21295e-08 0
5.43002e-07 5.2838e-06 0
8.66197e-06 6.21295e-08 0
5.43002e-07 5.2838e-06 0
2.00845e-06 1.50017e-05 0
7.83489e-06 6.93178e-06 0
2.00845e-06 1.50017e-05 0
7.83489e-06 6.93178e-06 0
4.24997e-06 2.65752e-06 0
6.16167e-06 1.12068e-05 0
4.24997e-06 2.65752e-06 0
6.16167e-06 1.12068e-05 0
3.55148e-06 -9.3636e-06 0
6.83803e-06 -9.0287e-06 0
3.55148e-06 -9.3636e-06 0
6.83803e-06 -9.0287e-06 0
3.26591e-06 -1.23114e-05 0
6.21825e-06 -1.36452e-05 0
3.26591e-06 -1.23114e-05 0
6.21825e-06 -1.36452e-05 0
2.53629e-06 -8.92349e-06 0
6.48932e-06 -4.66985e-06 0
2.53629e-06 -8.92349e-06 0
6.48932e-06 -4.66985e-06 0
5.02161e-06 -1.06118e-06 0
6.57386e-06 -8.44534e-06 0
5.02161e-06 -1.06118e-06 0
6.57386e-06 -8.44534e-06 0
-2.51563e-07 -9.37587e-06 0
1.60714e-05 -1.59545e-06 0
-2.51563e-07 -9.37587e-06 0
1.60714e-05 -1.59545e-06 0
6.2433e-06 -2.26499e-06 0
1.45171e-05 -7.03915e-07 0
6.2433e-06 -2.26499e-06 0
1.45171e-05 -7.03915e-07 0
1.70693e-05 1.43889e-06 0
7.72536e-06 -5.17381e-07 0
1.70693e-05 1.43889e-06 0
7.72536e-06 -5.17381e-07 0
1.56921e-05 1.03473e-06 0
1.50562e-06 -7.38623e-08 0
1.56921e-05 1.03473e-06 0
1.50562e-06 -7.38623e-08 0
6.33893e-06 4.08024e-07 0
-2.46308e-06 2.09932e-07 0
6.33893e-06 4.08024e-07 0
-2.46308e-06 2.09932e-07 0
0 0 0
0 0 0
0 0 0
0 0 0
-1.37513e-07 1.27858e-06 0
-4.55931e-07 1.29763e-06 0
-1.37513e-07 1.27858e-06 0
-4.55931e-07 1.29763e-06 0
2.60485e-06 1.52904e-06 0
2.85732e-06 1.7286e-06 0
2.60485e-06 1.52904e-06 0
2.85732e-06 1.7286e-06 0
3.05375e-06 1.72601e-06 0
5.35337e-06 2.143e-06 0
3.05375e-06 1.72601e-06 0
5.35337e-06 2.143e-06 0
1.16285e-06 2.50344e-06 0
7.13838e-06 2.4706e-06 0
1.16285e-06 2.50344e-06 0
7.13838e-06 2.4706e-06 0
5.43002e-07 5.2838e-06 0
7.38807e-06 3.23159e-06 0
5.43002e-07 5.2838e-06 0
7.38807e-06 3.23159e-06 0
7.83489e-06 6.93178e-06 0
4.08694e-06 7.04569e-06 0
7.83489e-06 6.93178e-06 0
4.08694e-06 7.04569e-06 0
6.16167e-06 1.12068e-05 0
2.27882e-06 1.54932e-05 0
6.16167e-06 1.12068e-05 0
2.27882e-06 1.54932e-05 0
6.83803e-06 -9.0287e-06 0
9.51404e-06 -5.4679e-06 0
6.83803e-06 -9.0287e-06 0
9.51404e-06 -5.4679e-06 0
6.21825e-06 -1.36452e-05 0
8.11426e-06 -1.32789e-05 0
6.21825e-06 -1.36452e-05 0
8.11426e-06 -1.32789e-05 0
6.48932e-06 -4.66985e-06 0
1.43502e-05 -2.46493e-06 0
6.48932e-06 -4.66985e-06 0
1.43502e-05 -2.46493e-06 0
6.57386e-06 -8.44534e-06 0
1.06562e-05 -5.80982e-06 0
6.57386e-06 -8.44534e-06 0
1.06562e-05 -5.80982e-06 0
1.60714e-05 -1.59545e-06 0
1.8795e-06 -3.522e-06 0
1.60714e-05 -1.59545e-06 0
1.8795e-06 -3.522e-06 0
1.45171e-05 -7.03915e-07 0
-3.28351e-06 -1.37018e-06 0
1.45171e-05 -7.03915e-07 0
-3.28351e-06 -1.37018e-06 0
7.72536e-06 -5.17381e-07 0
-5.77179e-06 -5.26166e-07 0
7.72536e-06 -5.17381e-07 0
-5.77179e-06 -5.26166e-07 0
1.50562e-06 -7.38623e-08 0
-7.0882e-06 -5.82911e-08 0
1.50562e-06 -7.38623e-08 0
-7.0882e-06 -5.82911e-08 0
-2.46308e-06 2.09932e-07 0
-6.3996e-06 2.58028e-07 0
-2.46308e-06 2.09932e-07 0
-6.3996e-06 2.58028e-07 0
0 0 0
0 0 0
0 0 0
0 0 0
-4.55931e-07 1.29763e-06 0
-8.13268e-07 1.31125e-06 0
-4.55931e-07 1.29763e-06 0
-8.13268e-07 1.31125e-06 0
2.85732e-06 1.7286e-06 0
2.24977e-06 1.83343e-06 0
2.85732e-06 1.7286e-06 0
2.24977e-06 1.83343e-06 0
5.35337e-06 2.143e-06 0
4.8909e-06 2.37014e-06 0
5.35337e-06 2.143e-06 0
4.8909e-06 2.37014e-06 0
7.13838e-06 2.4706e-06 0
7.24908e-06 2.95393e-06 0
7.13838e-06 2.4706e-06 0
7.24908e-06 2.95393e-06 0
7.38807e-06 3.23159e-06 0
9.63061e-06 4.20814e-06 0
7.38807e-06 3.23159e-06 0
9.63061e-06 4.20814e-06 0
4.08694e-06 7.04569e-06 0
1.18942e-05 7.24104e-06 0
4.08694e-06 7.04569e-06 0
1.18942e-05 7.24104e-06 0
2.27882e-06 1.54932e-05 0
1.24805e-05 9.83977e-06 0
2.27882e-06 1.54932e-05 0
1.24805e-05 9.83977e-06 0
9.51404e-06 -5.4679e-06 0
4.95102e-06 6.54426e-06 0
9.51404e-06 -5.4679e-06 0
4.95102e-06 6.54426e-06 0
8.11426e-06 -1.32789e-05 0
3.86322e-06 -4.91773e-06 0
8.11426e-06 -1.32789e-05 0
3.86322e-06 -4.91773e-06 0
1.43502e-05 -2.46493e-06 0
-8.24562e-06 -9.34317e-06 0
1.43502e-05 -2.46493e-06 0
-8.24562e-06 -9.34317e-06 0
1.06562e-05 -5.80982e-06 0
-1.21869e-05 -6.20313e-06 0
1.06562e-05 -5.80982e-06 0
-1.21869e-05 -6.20313e-06 0
1.8795e-06 -3.522e-06 0
-1.29217e-05 -2.5918e-06 0
1.8795e-06 -3.522e-06 0
-1.29217e-05 -2.5918e-06 0
-3.28351e-06 -1.37018e-06 0
-1.27871e-05 -1.00953e-06 0
-3.28351e-06 -1.37018e-06 0
-1.27871e-05 -1.00953e-06 0
-5.77179e-06 -5.26166e-07 0
-1.21921e-05 -4.47262e-07 0
-5.77179e-06 -5.26166e-07 0
-1.21921e-05 -4.47262e-07 0
-7.0882e-06 -5.82911e-08 0
-1.12694e-05 -7.72741e-09 0
-7.0882e-06 -5.82911e-08 0
-1.12694e-05 -7.72741e-09 0
-6.3996e-06 2.58028e-07 0
-8.36783e-06 3.52719e-07 0
-6.3996e-06 2.58028e-07 0
-8.36783e-06 3.52719e-07 0
0 0 0
0 0 0
0 0 0
0 0 0
-8.13268e-07 1.31125e-06 0
-8.15432e-07 1.3466e-06 0
-8.13268e-07 1.31125e-06 0
-8.15432e-07 1.3466e-06 0
2.24977e-06 1.83343e-06 0
1.81964e-06 1.9566e-06 0
2.24977e-06 1.83343e-06 0
1.81964e-06 1.9566e-06 0
4.8909e-06 2.37014e-06 0
4.09578e-06 2.54921e-06 0
4.8909e-06 2.37014e-06 0
4.09578e-06 2.54921e-06 0
7.24908e-06 2.95393e-06 0
5.97121e-06 3.2112e-06 0
7.24908e-06 2.95393e-06 0
5.97121e-06 3.2112e-06 0
9.63061e-06 4.20814e-06 0
7.53859e-06 4.73087e-06 0
9.63061e-06 4.20814e-06 0
7.53859e-06 4.73087e-06 0
1.18942e-05 7.24104e-06 0
8.23889e-06 8.17737e-06 0
1.18942e-05 7.24104e-06 0
8.23889e-06 8.17737e-06 0
1.24805e-05 9.83977e-06 0
5.75569e-06 1.17009e-05 0
1.24805e-05 9.83977e-06 0
5.75569e-06 1.17009e-05 0
4.95102e-06 6.54426e-06 0
-5.77088e-06 8.85469e-06 0
4.95102e-06 6.54426e-06 0
-5.77088e-06 8.85469e-06 0
3.86322e-06 -4.91773e-06 0
-8.82139e-06 -3.08983e-06 0
3.86322e-06 -4.91773e-06 0
-8.82139e-06 -3.08983e-06 0
-8.24562e-06 -9.34317e-06 0
-1.72261e-05 -7.49773e-06 0
-8.24562e-06 -9.34317e-06 0
-1.72261e-05 -7.49773e-06 0
-1.21869e-05 -6.20313e-06 0
-1.76159e-05 -5.19591e-06 0
-1.21869e-05 -6.20313e-06 0
-1.76159e-05 -5.19591e-06 0
-1.29217e-05 -2.5918e-06 0
-1.65241e-05 -2.03992e-06 0
-1.29217e-05 -2.5918e-06 0
-1.65241e-05 -2.03992e-06 0
-1.27871e-05 -1.00953e-06 0
-1.5451e-05 -7.66737e-07 0
-1.27871e-05 -1.00953e-06 0
-1.5451e-05 -7.66737e-07 0
-1.21921e-05 -4.47262e-07 0
-1.42657e-05 -2.76025e-07 0
-1.21921e-05 -4.47262e-07 0
-1.42657e-05 -2.76025e-07 0
-1.12694e-05 -7.72741e-09 0
-1.29503e-05 1.53618e-07 0
-1.12694e-05 -7.72741e-09 0
-1.29503e-05 1.53618e-07 0
-8.36783e-06 3.52719e-07 0
-9.37132e-06 5.0537e-07 0
-8.36783e-06 3.52719e-07 0
-9.37132e-06 5.0537e-07 0
0 0 0
0 0 0
0 0 0
0 0 0
-8.15432e-07 1.3466e-06 0
-2.2483e-07 1.41608e-06 0
-8.15432e-07 1.3466e-06 0
-2.2483e-07 1.41608e-06 0
1.81964e-06 1.9566e-06 0
1.81984e-06 2.13005e-06 0
1.81964e-06 1.9566e-06 0
1.81984e-06 2.13005e-06 0
4.09578e-06 2.54921e-06 0
2.85639e-06 2.80275e-06 0
4.09578e-06 2.54921e-06 0
2.85639e-06 2.80275e-06 0
5.97121e-06 3.2112e-06 0
2.39895e-06 3.70799e-06 0
5.97121e-06 3.2112e-06 0
2.39895e-06 3.70799e-06 0
7.53859e-06 4.73087e-06 0
-9.24496e-07 5.75757e-06 0
7.53859e-06 4.73087e-06 0
-9.24496e-07 5.75757e-06 0
8.23889e-06 8.17737e-06 0
-8.8827e-06 8.12024e-06 0
8.23889e-06 8.17737e-06 0
-8.8827e-06 8.12024e-06 0
5.75569e-06 1.17009e-05 0
-1.41535e-05 5.13148e-06 0
5.75569e-06 1.17009e-05 0
-1.41535e-05 5.13148e-06 0
-5.77088e-06 8.85469e-06 0
-9.22327e-06 1.64276e-05 0
-5.77088e-06 8.85469e-06 0
-9.22327e-06 1.64276e-05 0
-8.82139e-06 -3.08983e-06 0
-1.15301e-05 8.53342e-06 0
-8.82139e-06 -3.08983e-06 0
-1.15301e-05 8.53342e-06 0
-1.72261e-05 -7.49773e-06 0
-5.31759e-06 -1.30105e-05 0
-1.72261e-05 -7.49773e-06 0
-5.31759e-06 -1.30105e-05 0
-1.76159e-05 -5.19591e-06 0
-8.66006e-06 -4.85152e-06 0
-1.76159e-05 -5.19591e-06 0
-8.66006e-06 -4.85152e-06 0
-1.65241e-05 -2.03992e-06 0
-1.31e-05 -1.00745e-06 0
-1.65241e-05 -2.03992e-06 0
-1.31e-05 -1.00745e-06 0
-1.5451e-05 -7.66737e-07 0
-1.41445e-05 -2.2712e-07 0
-1.5451e-05 -7.66737e-07 0
-1.41445e-05 -2.2712e-07 0
-1.42657e-05 -2.76025e-07 0
-1.37109e-05 4.29024e-08 0
-1.42657e-05 -2.76025e-07 0
-1.37109e-05 4.29024e-08 0
-1.29503e-05 1.53618e-07 0
-1.30527e-05 3.91797e-07 0
-1.29503e-05 1.53618e-07 0
-1.30527e-05 3.91797e-07 0
-9.37132e-06 5.0537e-07 0
-9.77904e-06 6.86522e-07 0
-9.37132e-06 5.0537e-07 0
-9.77904e-06 6.86522e-07 0
0 0 0
0 0 0
0 0 0
0 0 0
-2.2483e-07 1.41608e-06 0
1.13862e-06 1.5876e-06 0
-2.2483e-07 1.41608e-06 0
1.13862e-06 1.5876e-06 0
1.81984e-06 2.13005e-06 0
1.5842e-06 2.51427e-06 0
1.81984e-06 2.13005e-06 0
1.5842e-06 2.51427e-06 0
2.85639e-06 2.80275e-06 0
-1.5028e-06 3.24975e-06 0
2.85639e-06 2.80275e-06 0
-1.5028e-06 3.24975e-06 0
2.39895e-06 3.70799e-06 0
-7.69567e-06 3.51506e-06 0
2.39895e-06 3.70799e-06 0
-7.69567e-06 3.51506e-06 0
-9.24496e-07 5.75757e-06 0
-1.16609e-05 3.81492e-06 0
-9.24496e-07 5.75757e-06 0
-1.16609e-05 3.81492e-06 0
-8.8827e-06 8.12024e-06 0
-5.40012e-06 9.33819e-06 0
-8.8827e-06 8.12024e-06 0
-5.40012e-06 9.33819e-06 0
-1.41535e-05 5.13148e-06 0
-5.40793e-06 8.07714e-06 0
-1.41535e-05 5.13148e-06 0
-5.40793e-06 8.07714e-06 0
-9.22327e-06 1.64276e-05 0
-6.21874e-06 1.58649e-05 0
-9.22327e-06 1.64276e-05 0
-6.21874e-06 1.58649e-05 0
-1.15301e-05 8.53342e-06 0
-7.5425e-06 1.13972e-05 0
-1.15301e-05 8.53342e-06 0
-7.5425e-06 1.13972e-05 0
-5.31759e-06 -1.30105e-05 0
-7.76842e-06 -8.33212e-06 0
-5.31759e-06 -1.30105e-05 0
-7.76842e-06 -8.33212e-06 0
-8.66006e-06 -4.85152e-06 0
-9.94868e-06 -5.04216e-06 0
-8.66006e-06 -4.85152e-06 0
-9.94868e-06 -5.04216e-06 0
-1.31e-05 -1.00745e-06 0
-4.02336e-06 -2.97301e-06 0
-1.31e-05 -1.00745e-06 0
-4.02336e-06 -2.97301e-06 0
-1.41445e-05 -2.2712e-07 0
-6.24956e-06 -9.74192e-08 0
-1.41445e-05 -2.2712e-07 0
-6.24956e-06 -9.74192e-08 0
-1.37109e-05 4.29024e-08 0
-9.62782e-06 6.30469e-07 0
-1.37109e-05 4.29024e-08 0
-9.62782e-06 6.30469e-07 0
-1.30527e-05 3.91797e-07 0
-1.15369e-05 8.05167e-07 0
-1.30527e-05 3.91797e-07 0
-1.15369e-05 8.05167e-07 0
-9.77904e-06 6.86522e-07 0
-9.67044e-06 9.24868e-07 0
-9.77904e-06 6.86522e-07 0
-9.67044e-06 9.24868e-07 0
0 0 0
0 0 0
0 0 0
0 0 0
1.13862e-06 1.5876e-06 0
2.52742e-06 2.09911e-06 0
1.13862e-06 1.5876e-06 0
2.52742e-06 2.09911e-06 0
1.5842e-06 2.51427e-06 0
-2.00167e-06 2.73132e-06 0
1.5842e-06 2.51427e-06 0
-2.00167e-06 2.73132e-06 0
-1.5028e-06 3.24975e-06 0
-7.51842e-06 1.95989e-06 0
-1.5028e-06 3.24975e-06 0
-7.51842e-06 1.95989e-06 0
-7.69567e-06 3.51506e-06 0
-3.4552e-06 3.62459e-06 0
-7.69567e-06 3.51506e-06 0
-3.4552e-06 3.62459e-06 0
-1.16609e-05 3.81492e-06 0
1.83834e-06 9.95757e-06 0
-1.16609e-05 3.81492e-06 0
1.83834e-06 9.95757e-06 0
-5.40012e-06 9.33819e-06 0
-3.23524e-06 3.50518e-06 0
-5.40012e-06 9.33819e-06 0
-3.23524e-06 3.50518e-06 0
-5.40793e-06 8.07714e-06 0
-1.7028e-06 1.15645e-05 0
-5.40793e-06 8.07714e-06 0
-1.7028e-06 1.15645e-05 0
-6.21874e-06 1.58649e-05 0
-2.9822e-06 1.38433e-05 0
-6.21874e-06 1.58649e-05 0
-2.9822e-06 1.38433e-05 0
-7.5425e-06 1.13972e-05 0
-3.77123e-06 1.10967e-05 0
-7.5425e-06 1.13972e-05 0
-3.77123e-06 1.10967e-05 0
-7.76842e-06 -8.33212e-06 0
-5.02964e-06 -1.4644e-07 0
-7.76842e-06 -8.33212e-06 0
-5.02964e-06 -1.4644e-07 0
-9.94868e-06 -5.04216e-06 0
-3.40196e-06 -1.27305e-05 0
-9.94868e-06 -5.04216e-06 0
-3.40196e-06 -1.27305e-05 0
-4.02336e-06 -2.97301e-06 0
-1.06715e-05 2.15209e-06 0
-4.02336e-06 -2.97301e-06 0
-1.06715e-05 2.15209e-06 0
-6.24956e-06 -9.74192e-08 0
-7.07993e-06 -3.30131e-07 0
-6.24956e-06 -9.74192e-08 0
-7.07993e-06 -3.30131e-07 0
-9.62782e-06 6.30469e-07 0
-2.44114e-06 -5.47662e-07 0
-9.62782e-06 6.30469e-07 0
-2.44114e-06 -5.47662e-07 0
-1.15369e-05 8.05167e-07 0
-5.62739e-06 8.86277e-07 0
-1.15369e-05 8.05167e-07 0
-5.62739e-06 8.86277e-07 0
-9.67044e-06 9.24868e-07 0
-7.84297e-06 1.30855e-06 0
-9.67044e-06 9.24868e-07 0
-7.84297e-06 1.30855e-06 0
0 0 0
0 0 0
0 0 0
0 0 0
2.52742e-06 2.09911e-06 0
2.54667e-06 2.76524e-06 0
2.52742e-06 2.09911e-06 0
2.54667e-06 2.76524e-06 0
-2.00167e-06 2.73132e-06 0
-3.95092e-06 1.38498e-06 0
-2.00167e-06 2.73132e-06 0
-3.95092e-06 1.38498e-06 0
-7.51842e-06 1.95989e-06 0
3.17975e-06 4.62286e-06 0
-7.51842e-06 1.95989e-06 0
3.17975e-06 4.62286e-06 0
-3.4552e-06 3.62459e-06 0
1.43307e-06 5.56342e-06 0
-3.4552e-06 3.62459e-06 0
1.43307e-06 5.56342e-06 0
1.83834e-06 9.95757e-06 0
-8.50839e-07 5.56647e-06 0
1.83834e-06 9.95757e-06 0
-8.50839e-07 5.56647e-06 0
-3.23524e-06 3.50518e-06 0
-5.58369e-07 5.39917e-06 0
-3.23524e-06 3.50518e-06 0
-5.58369e-07 5.39917e-06 0
-1.7028e-06 1.15645e-05 0
-1.00835e-06 1.14115e-05 0
-1.7028e-06 1.15645e-05 0
-1.00835e-06 1.14115e-05 0
-2.9822e-06 1.38433e-05 0
-1.71043e-06 1.17495e-05 0
-2.9822e-06 1.38433e-05 0
-1.71043e-06 1.17495e-05 0
-3.77123e-06 1.10967e-05 0
-2.15157e-06 9.90534e-06 0
-3.77123e-06 1.10967e-05 0
-2.15157e-06 9.90534e-06 0
-5.02964e-06 -1.4644e-07 0
-2.76641e-06 3.77309e-06 0
-5.02964e-06 -1.4644e-07 0
-2.76641e-06 3.77309e-06 0
-3.40196e-06 -1.27305e-05 0
-2.57887e-06 -9.82765e-06 0
-3.40196e-06 -1.27305e-05 0
-2.57887e-06 -9.82765e-06 0
-1.06715e-05 2.15209e-06 0
-3.51102e-06 -3.89799e-06 0
-1.06715e-05 2.15209e-06 0
-3.51102e-06 -3.89799e-06 0
-7.07993e-06 -3.30131e-07 0
-5.50015e-06 1.14787e-06 0
-7.07993e-06 -3.30131e-07 0
-5.50015e-06 1.14787e-06 0
-2.44114e-06 -5.47662e-07 0
-1.02813e-05 2.49655e-06 0
-2.44114e-06 -5.47662e-07 0
-1.02813e-05 2.49655e-06 0
-5.62739e-06 8.86277e-07 0
-1.96332e-06 -7.12725e-07 0
-5.62739e-06 8.86277e-07 0
-1.96332e-06 -7.12725e-07 0
-7.84297e-06 1.30855e-06 0
-2.26219e-06 1.09239e-06 0
-7.84297e-06 1.30855e-06 0
-2.26219e-06 1.09239e-06 0
0 0 0
0 0 0
0 0 0
0 0 0
2.54667e-06 2.76524e-06 0
2.1359e-06 3.02964e-06 0
2.54667e-06 2.76524e-06 0
2.1359e-06 3.02964e-06 0
-3.95092e-06 1.38498e-06 0
3.68219e-06 3.85879e-06 0
-3.95092e-06 1.38498e-06 0
3.68219e-06 3.85879e-06 0
3.17975e-06 4.62286e-06 0
2.87808e-07 2.63216e-06 0
3.17975e-06 4.62286e-06 0
2.87808e-07 2.63216e-06 0
1.43307e-06 5.56342e-06 0
1.54e-06 7.44839e-06 0
1.43307e-06 5.56342e-06 0
1.54e-06 7.44839e-06 0
-8.50839e-07 5.56647e-06 0
-6.45578e-07 1.96284e-06 0
-8.50839e-07 5.56647e-06 0
-6.45578e-07 1.96284e-06 0
-5.58369e-07 5.39917e-06 0
6.81924e-08 7.80983e-06 0
-5.58369e-07 5.39917e-06 0
6.81924e-08 7.80983e-06 0
-1.00835e-06 1.14115e-05 0
-7.20922e-07 9.85571e-06 0
-1.00835e-06 1.14115e-05 0
-7.20922e-07 9.85571e-06 0
-1.71043e-06 1.17495e-05 0
-1.17168e-06 9.62997e-06 0
-1.71043e-06 1.17495e-05 0
-1.17168e-06 9.62997e-06 0
-2.15157e-06 9.90534e-06 0
-1.50817e-06 8.34627e-06 0
-2.15157e-06 9.90534e-06 0
-1.50817e-06 8.34627e-06 0
-2.76641e-06 3.77309e-06 0
-1.82151e-06 4.93987e-06 0
-2.76641e-06 3.77309e-06 0
-1.82151e-06 4.93987e-06 0
-2.57887e-06 -9.82765e-06 0
-2.21281e-06 -3.41902e-06 0
-2.57887e-06 -9.82765e-06 0
-2.21281e-06 -3.41902e-06 0
-3.51102e-06 -3.89799e-06 0
-7.41361e-07 -1.10467e-05 0
-3.51102e-06 -3.89799e-06 0
-7.41361e-07 -1.10467e-05 0
-5.50015e-06 1.14787e-06 0
-5.11496e-06 4.48582e-06 0
-5.50015e-06 1.14787e-06 0
-5.11496e-06 4.48582e-06 0
-1.02813e-05 2.49655e-06 0
-9.57303e-07 -1.48242e-06 0
-1.02813e-05 2.49655e-06 0
-9.57303e-07 -1.48242e-06 0
-1.96332e-06 -7.12725e-07 0
-1.13628e-05 3.73857e-06 0
-1.96332e-06 -7.12725e-07 0
-1.13628e-05 3.73857e-06 0
-2.26219e-06 1.09239e-06 0
1.96293e-06 -1.01558e-06 0
-2.26219e-06 1.09239e-06 0
1.96293e-06 -1.01558e-06 0
0 0 0
0 0 0
0 0 0
0 0 0
2.1359e-06 3.02964e-06 0
-2.21918e-07 1.83595e-06 0
2.1359e-06 3.02964e-06 0
-2.21918e-07 1.83595e-06 0
3.68219e-06 3.85879e-06 0
3.40819e-06 4.28625e-06 0
3.68219e-06 3.85879e-06 0
3.40819e-06 4.28625e-06 0
2.87808e-07 2.63216e-06 0
2.16394e-06 5.26657e-06 0
2.87808e-07 2.63216e-06 0
2.16394e-06 5.26657e-06 0
1.54e-06 7.44839e-06 0
-1.36849e-07 6.39066e-07 0
1.54e-06 7.44839e-06 0
-1.36849e-07 6.39066e-07 0
-6.45578e-07 1.96284e-06 0
7.91909e-07 4.36495e-06 0
-6.45578e-07 1.96284e-06 0
7.91909e-07 4.36495e-06 0
6.81924e-08 7.80983e-06 0
2.07831e-07 7.33942e-06 0
6.81924e-08 7.80983e-06 0
2.07831e-07 7.33942e-06 0
-7.20922e-07 9.85571e-06 0
-3.51028e-07 7.25778e-06 0
-7.20922e-07 9.85571e-06 0
-3.51028e-07 7.25778e-06 0
-1.17168e-06 9.62997e-06 0
-6.87073e-07 6.81698e-06 0
-1.17168e-06 9.62997e-06 0
-6.87073e-07 6.81698e-06 0
-1.50817e-06 8.34627e-06 0
-9.67649e-07 6.05566e-06 0
-1.50817e-06 8.34627e-06 0
-9.67649e-07 6.05566e-06 0
-1.82151e-06 4.93987e-06 0
-1.21035e-06 4.51405e-06 0
-1.82151e-06 4.93987e-06 0
-1.21035e-06 4.51405e-06 0
-2.21281e-06 -3.41902e-06 0
-1.56857e-06 8.71908e-07 0
-2.21281e-06 -3.41902e-06 0
-1.56857e-06 8.71908e-07 0
-7.41361e-07 -1.10467e-05 0
-1.32656e-06 -7.32558e-06 0
-7.41361e-07 -1.10467e-05 0
-1.32656e-06 -7.32558e-06 0
-5.11496e-06 4.48582e-06 0
2.52425e-07 -8.04331e-06 0
-5.11496e-06 4.48582e-06 0
2.52425e-07 -8.04331e-06 0
-9.57303e-07 -1.48242e-06 0
-5.25868e-06 7.44049e-06 0
-9.57303e-07 -1.48242e-06 0
-5.25868e-06 7.44049e-06 0
-1.13628e-05 3.73857e-06 0
-1.32483e-06 -6.30844e-07 0
-1.13628e-05 3.73857e-06 0
-1.32483e-06 -6.30844e-07 0
1.96293e-06 -1.01558e-06 0
-3.61702e-06 -1.499e-07 0
1.96293e-06 -1.01558e-06 0
-3.61702e-06 -1.499e-07 0
0 0 0
0 0 0
0 0 0
0 0 0
-2.21918e-07 1.83595e-06 0
-3.23678e-06 -3.88789e-06 0
-2.21918e-07 1.83595e-06 0
-3.23678e-06 -3.88789e-06 0
3.40819e-06 4.28625e-06 0
1.73059e-06 -7.8028e-07 0
3.40819e-06 4.28625e-06 0
1.73059e-06 -7.8028e-07 0
2.16394e-06 5.26657e-06 0
2.4987e-06 2.00002e-06 0
2.16394e-06 5.26657e-06 0
2.4987e-06 2.00002e-06 0
-1.36849e-07 6.39066e-07 0
1.91425e-06 3.64234e-06 0
-1.36849e-07 6.39066e-07 0
1.91425e-06 3.64234e-06 0
7.91909e-07 4.36495e-06 0
9.35564e-07 4.39981e-06 0
7.91909e-07 4.36495e-06 0
9.35564e-07 4.39981e-06 0
2.07831e-07 7.33942e-06 0
2.39729e-07 3.76922e-06 0
2.07831e-07 7.33942e-06 0
2.39729e-07 3.76922e-06 0
-3.51028e-07 7.25778e-06 0
-1.24931e-07 3.14632e-06 0
-3.51028e-07 7.25778e-06 0
-1.24931e-07 3.14632e-06 0
-6.87073e-07 6.81698e-06 0
-3.89663e-07 2.90096e-06 0
-6.87073e-07 6.81698e-06 0
-3.89663e-07 2.90096e-06 0
-9.67649e-07 6.05566e-06 0
-6.24526e-07 2.79215e-06 0
-9.67649e-07 6.05566e-06 0
-6.24526e-07 2.79215e-06 0
-1.21035e-06 4.51405e-06 0
-8.37625e-07 2.66077e-06 0
-1.21035e-06 4.51405e-06 0
-8.37625e-07 2.66077e-06 0
-1.56857e-06 8.71908e-07 0
-1.09155e-06 2.13166e-06 0
-1.56857e-06 8.71908e-07 0
-1.09155e-06 2.13166e-06 0
-1.32656e-06 -7.32558e-06 0
-1.43936e-06 -5.27756e-07 0
-1.32656e-06 -7.32558e-06 0
-1.43936e-06 -5.27756e-07 0
2.52425e-07 -8.04331e-06 0
-9.89847e-07 -6.47955e-06 0
2.52425e-07 -8.04331e-06 0
-9.89847e-07 -6.47955e-06 0
-5.25868e-06 7.44049e-06 0
1.15794e-06 -8.06271e-06 0
-5.25868e-06 7.44049e-06 0
1.15794e-06 -8.06271e-06 0
-1.32483e-06 -6.30844e-07 0
-8.24041e-07 1.46228e-06 0
-1.32483e-06 -6.30844e-07 0
-8.24041e-07 1.46228e-06 0
-3.61702e-06 -1.499e-07 0
-5.98376e-06 5.58623e-06 0
-3.61702e-06 -1.499e-07 0
-5.98376e-06 5.58623e-06 0
0 0 0
0 0 0
0 0 0
0 0 0
-3.23678e-06 -3.88789e-06 0
0 0 0
-3.23678e-06 -3.88789e-06 0
0 0 0
1.73059e-06 -7.8028e-07 0
0 0 0
1.73059e-06 -7.8028e-07 0
0 0 0
2.4987e-06 2.00002e-06 0
0 0 0
2.4987e-06 2.00002e-06 0
0 0 0
1.91425e-06 3.64234e-06 0
0 0 0
1.91425e-06 3.64234e-06 0
0 0 0
9.35564e-07 4.39981e-06 0
0 0 0
9.35564e-07 4.39981e-06 0
0 0 0
2.39729e-07 3.76922e-06 0
0 0 0
2.39729e-07 3.76922e-06 0
0 0 0
-1.24931e-07 3.14632e-06 0
0 0 0
-1.24931e-07 3.14632e-06 0
0 0 0
-3.89663e-07 2.90096e-06 0
0 0 0
-3.89663e-07 2.90096e-06 0
0 0 0
-6.24526e-07 2.79215e-06 0
0 0 0
-6.24526e-07 2.79215e-06 0
0 0 0
-8.37625e-07 2.66077e-06 0
0 0 0
-8.37625e-07 2.66077e-06 0
0 0 0
-1.09155e-06 2.13166e-06 0
0 0 0
-1.09155e-06 2.13166e-06 0
0 0 0
-1.43936e-06 -5.27756e-07 0
0 0 0
-1.43936e-06 -5.27756e-07 0
0 0 0
-9.89847e-07 -6.47955e-06 0
0 0 0
-9.89847e-07 -6.47955e-06 0
0 0 0
1.15794e-06 -8.06271e-06 0
0 0 0
1.15794e-06 -8.06271e-06 0
0 0 0
-8.24041e-07 1.46228e-06 0
0 0 0
-8.24041e-07 1.46228e-06 0
0 0 0
-5.98376e-06 5.58623e-06 0
0 0 0
-5.98376e-06 5.58623e-06 0
0 0 0
0 0 0
0 0 0
SCALARS pressure double 1
LOOKUP_TABLE default
-8.96474e-05 -7.82997e-05 0.183734 0.180608 0.183734 0.180608 0.361243 0.355094 0.361243 0.355094 0.52644 0.517476 0.52644 0.517476 0.673706 0.662235 0.673706 0.662235 0.79803 0.784442 0.79803 0.784442 0.895178 0.879936 0.895178 0.879936 0.961842 0.945465 0.961842 0.945465 0.995752 0.978797 0.995752 0.978797 0.995752 0.978797 0.995752 0.978797 0.961843 0.945466 0.961843 0.945466 0.89518 0.879937 0.89518 0.879937 0.798033 0.784443 0.798033 0.784443 0.673709 0.662236 0.673709 0.662236 0.526442 0.517477 0.526442 0.517477 0.361243 0.355094 0.361243 0.355094 0.183732 0.180606 0.183732 0.180606 -8.47157e-05 -8.03967e-05 -7.82997e-05 -7.10132e-05 0.180608 0.171331 0.180608 0.171331 0.355094 0.336849 0.355094 0.336849 0.517476 0.49089 0.517476 0.49089 0.662235 0.628212 0.662235 0.628212 0.784442 0.744141 0.784442 0.744141 0.879936 0.834729 0.879936 0.834729 0.945465 0.896891 0.945465 0.896891 0.978797 0.928511 0.978797 0.928511 0.978797 0.928511 0.978797 0.928511 0.945466 0.896892 0.945466 0.896892 0.879937 0.83473 0.879937 0.83473 0.784443 0.744142 0.784443 0.744142 0.662236 0.628213 0.662236 0.628213 0.517477 0.49089 0.517477 0.49089 0.355094 0.336848 0.355094 0.336848 0.180606 0.171332 0.180606 0.171332 -8.03967e-05 -7.18878e-05 -7.10132e-05 -6.34709e-05 0.171331 0.156218 0.171331 0.156218 0.336849 0.307136 0.336849 0.307136 0.49089 0.447587 0.49089 0.447587 0.628212 0.572797 0.628212 0.572797 0.744141 0.678499 0.744141 0.678499 0.834729 0.761096 0.834729 0.761096 0.896891 0.817775 0.896891 0.817775 0.928511 0.846606 0.928511 0.846606 0.928511 0.846606 0.928511 0.846606 0.896892 0.817776 0.896892 0.817776 0.83473 0.761097 0.83473 0.761097 0.744142 0.6785 0.744142 0.6785 0.628213 0.572797 0.628213 0.572797 0.49089 0.447587 0.49089 0.447587 0.336848 0.307136 0.336848 0.307136 0.171332 0.156218 0.171332 0.156218 -7.18878e-05 -6.27575e-05 -6.34709e-05 -5.50011e-05 0.156218 0.135784 0.156218 0.135784 0.307136 0.266963 0.307136 0.266963 0.447587 0.389044 0.447587 0.389044 0.572797 0.497874 0.572797 0.497874 0.678499 0.589752 0.678499 0.589752 0.761096 0.661545 0.761096 0.661545 0.817775 0.710811 0.817775 0.710811 0.846606 0.73587 0.846606 0.73587 0.846606 0.73587 0.846606 0.73587 0.817776 0.710811 0.817776 0.710811 0.761097 0.661546 0.761097 0.661546 0.6785 0.589753 0.6785 0.589753 0.572797 0.497875 0.572797 0.497875 0.447587 0.389044 0.447587 0.389044 0.307136 0.266964 0.307136 0.266964 0.156218 0.135785 0.156218 0.135785 -6.27575e-05 -5.37922e-05 -5.50011e-05 -4.49432e-05 0.135784 0.110727 0.135784 0.110727 0.266963 0.217698 0.266963 0.217698 0.389044 0.317251 0.389044 0.317251 0.497874 0.405999 0.497874 0.405999 0.589752 0.480921 0.589752 0.480921 0.661545 0.539467 0.661545 0.539467 0.710811 0.57964 0.710811 0.57964 0.73587 0.600076 0.73587 0.600076 0.73587 0.600076 0.73587 0.600076 0.710811 0.579641 0.710811 0.579641 0.661546 0.539467 0.661546 0.539467 0.589753 0.480922 0.589753 0.480922 0.497875 0.406 0.497875 0.406 0.389044 0.317252 0.389044 0.317252 0.266964 0.217699 0.266964 0.217699 0.135785 0.110728 0.135785 0.110728 -5.37922e-05 -4.37434e-05 -4.49432e-05 -3.35225e-05 0.110727 0.0818991 0.110727 0.0818991 0.217698 0.16102 0.217698 0.16102 0.317251 0.234654 0.317251 0.234654 0.405999 0.300297 0.405999 0.300297 0.480921 0.355714 0.480921 0.355714 0.539467 0.399017 0.539467 0.399017 0.57964 0.428731 0.57964 0.428731 0.600076 0.443846 0.600076 0.443846 0.600076 0.443847 0.600076 0.443847 0.579641 0.428732 0.579641 0.428732 0.539467 0.399018 0.539467 0.399018 0.480922 0.355714 0.480922 0.355714 0.406 0.300298 0.406 0.300298 0.317252 0.234655 0.317252 0.234655 0.217699 0.161021 0.217699 0.161021 0.110728 0.0819 0.110728 0.0819 -4.37434e-05 -3.26031e-05 -3.35225e-05 -2.09488e-05 0.0818991 0.050282 0.0818991 0.050282 0.16102 0.0988589 0.16102 0.0988589 0.234654 0.144067 0.234654 0.144067 0.300297 0.184369 0.300297 0.184369 0.355714 0.218392 0.355714 0.218392 0.399017 0.244978 0.399017 0.244978 0.428731 0.263223 0.428731 0.263223 0.443846 0.272502 0.443846 0.272502 0.443847 0.272502 0.443847 0.272502 0.428732 0.263223 0.428732 0.263223 0.399018 0.244979 0.399018 0.244979 0.355714 0.218393 0.355714 0.218393 0.300298 0.184369 0.300298 0.184369 0.234655 0.144068 0.234655 0.144068 0.161021 0.0988597 0.161021 0.0988597 0.0819 0.0502828 0.0819 0.0502828 -3.26031e-05 -2.02674e-05 -2.09488e-05 -7.70065e-06 0.050282 0.0169525 0.050282 0.0169525 0.0988589 0.0333308 0.0988589 0.0333308 0.144067 0.0485734 0.144067 0.0485734 0.184369 0.0621619 0.184369 0.0621619 0.218392 0.0736336 0.218392 0.0736336 0.244978 0.0825979 0.244978 0.0825979 0.263223 0.0887493 0.263223 0.0887493 0.272502 0.0918777 0.272502 0.0918777 0.272502 0.0918778 0.272502 0.0918778 0.263223 0.0887495 0.263223 0.0887495 0.244979 0.0825984 0.244979 0.0825984 0.218393 0.0736343 0.218393 0.0736343 0.184369 0.0621627 0.184369 0.0621627 0.144068 0.0485743 0.144068 0.0485743 0.0988597 0.0333316 0.0988597 0.0333316 0.0502828 0.0169532 0.0502828 0.0169532 -2.02674e-05 -7.12392e-06 -7.70065e-06 5.69538e-06 0.0169525 -0.0169545 0.0169525 -0.0169545 0.0333308 -0.0333324 0.0333308 -0.0333324 0.0485734 -0.0485744 0.0485734 -0.0485744 0.0621619 -0.062162 0.0621619 -0.062162 0.0736336 -0.0736326 0.0736336 -0.0736326 0.0825979 -0.0825957 0.0825979 -0.0825957 0.0887493 -0.0887463 0.0887493 -0.0887463 0.0918777 -0.0918752 0.0918777 -0.0918752 0.0918778 -0.0918751 0.0918778 -0.0918751 0.0887495 -0.0887457 0.0887495 -0.0887457 0.0825984 -0.0825949 0.0825984 -0.0825949 0.0736343 -0.0736317 0.0736343 -0.0736317 0.0621627 -0.0621611 0.0621627 -0.0621611 0.0485743 -0.0485735 0.0485743 -0.0485735 0.0333316 -0.0333316 0.0333316 -0.0333316 0.0169532 -0.0169537 0.0169532 -0.0169537 -7.12392e-06 6.26602e-06 5.69538e-06 1.87638e-05 -0.0169545 -0.0502842 -0.0169545 -0.0502842 -0.0333324 -0.0988607 -0.0333324 -0.0988607 -0.0485744 -0.144068 -0.0485744 -0.144068 -0.062162 -0.184369 -0.062162 -0.184369 -0.0736326 -0.218392 -0.0736326 -0.218392 -0.0825957 -0.244977 -0.0825957 -0.244977 -0.0887463 -0.263219 -0.0887463 -0.263219 -0.0918752 -0.272499 -0.0918752 -0.272499 -0.0918751 -0.272499 -0.0918751 -0.272499 -0.0887457 -0.263219 -0.0887457 -0.263219 -0.0825949 -0.244976 -0.0825949 -0.244976 -0.0736317 -0.218391 -0.0736317 -0.218391 -0.0621611 -0.184368 -0.0621611 -0.184368 -0.0485735 -0.144067 -0.0485735 -0.144067 -0.0333316 -0.0988598 -0.0333316 -0.0988598 -0.0169537 -0.0502834 -0.0169537 -0.0502834 6.26602e-06 1.94041e-05 1.87638e-05 3.10953e-05 -0.0502842 -0.0819016 -0.0502842 -0.0819016 -0.0988607 -0.161022 -0.0988607 -0.161022 -0.144068 -0.234656 -0.144068 -0.234656 -0.184369 -0.300298 -0.184369 -0.300298 -0.218392 -0.355713 -0.218392 -0.355713 -0.244977 -0.399015 -0.244977 -0.399015 -0.263219 -0.42873 -0.263219 -0.42873 -0.272499 -0.443844 -0.272499 -0.443844 -0.272499 -0.443844 -0.272499 -0.443844 -0.263219 -0.428729 -0.263219 -0.428729 -0.244976 -0.399014 -0.244976 -0.399014 -0.218391 -0.355712 -0.218391 -0.355712 -0.184368 -0.300297 -0.184368 -0.300297 -0.144067 -0.234655 -0.144067 -0.234655 -0.0988598 -0.161022 -0.0988598 -0.161022 -0.0502834 -0.0819008 -0.0502834 -0.0819008 1.94041e-05 3.18789e-05 3.10953e-05 4.22972e-05 -0.0819016 -0.11073 -0.0819016 -0.11073 -0.161022 -0.217701 -0.161022 -0.217701 -0.234656 -0.317253 -0.234656 -0.317253 -0.300298 -0.406 -0.300298 -0.406 -0.355713 -0.480922 -0.355713 -0.480922 -0.399015 -0.539466 -0.399015 -0.539466 -0.42873 -0.57964 -0.42873 -0.57964 -0.443844 -0.600074 -0.443844 -0.600074 -0.443844 -0.600074 -0.443844 -0.600074 -0.428729 -0.579639 -0.428729 -0.579639 -0.399014 -0.539465 -0.399014 -0.539465 -0.355712 -0.480921 -0.355712 -0.480921 -0.300297 -0.405999 -0.300297 -0.405999 -0.234655 -0.317252 -0.234655 -0.317252 -0.161022 -0.2177 -0.161022 -0.2177 -0.0819008 -0.110729 -0.0819008 -0.110729 3.18789e-05 4.33034e-05 4.22972e-05 5.19486e-05 -0.11073 -0.135788 -0.11073 -0.135788 -0.217701 -0.266966 -0.217701 -0.266966 -0.317253 -0.389046 -0.317253 -0.389046 -0.406 -0.497877 -0.406 -0.497877 -0.480922 -0.589753 -0.480922 -0.589753 -0.539466 -0.661546 -0.539466 -0.661546 -0.57964 -0.710811 -0.57964 -0.710811 -0.600074 -0.73587 -0.600074 -0.73587 -0.600074 -0.735869 -0.600074 -0.735869 -0.579639 -0.71081 -0.579639 -0.71081 -0.539465 -0.661546 -0.539465 -0.661546 -0.480921 -0.589752 -0.480921 -0.589752 -0.405999 -0.497877 -0.405999 -0.497877 -0.317252 -0.389045 -0.317252 -0.389045 -0.2177 -0.266965 -0.2177 -0.266965 -0.110729 -0.135787 -0.110729 -0.135787 4.33034e-05 5.31491e-05 5.19486e-05 6.0319e-05 -0.135788 -0.156221 -0.135788 -0.156221 -0.266966 -0.307139 -0.266966 -0.307139 -0.389046 -0.447591 -0.389046 -0.447591 -0.497877 -0.572799 -0.497877 -0.572799 -0.589753 -0.678501 -0.589753 -0.678501 -0.661546 -0.761098 -0.661546 -0.761098 -0.710811 -0.817776 -0.710811 -0.817776 -0.73587 -0.846606 -0.73587 -0.846606 -0.735869 -0.846606 -0.735869 -0.846606 -0.71081 -0.817775 -0.71081 -0.817775 -0.661546 -0.761097 -0.661546 -0.761097 -0.589752 -0.678501 -0.589752 -0.678501 -0.497877 -0.572798 -0.497877 -0.572798 -0.389045 -0.447591 -0.389045 -0.447591 -0.266965 -0.307139 -0.266965 -0.307139 -0.135787 -0.156221 -0.135787 -0.156221 5.31491e-05 6.12267e-05 6.0319e-05 6.82193e-05 -0.156221 -0.171334 -0.156221 -0.171334 -0.307139 -0.336854 -0.307139 -0.336854 -0.447591 -0.490893 -0.447591 -0.490893 -0.572799 -0.628215 -0.572799 -0.628215 -0.678501 -0.744144 -0.678501 -0.744144 -0.761098 -0.834731 -0.761098 -0.834731 -0.817776 -0.896893 -0.817776 -0.896893 -0.846606 -0.928512 -0.846606 -0.928512 -0.846606 -0.928512 -0.846606 -0.928512 -0.817775 -0.896892 -0.817775 -0.896892 -0.761097 -0.834731 -0.761097 -0.834731 -0.678501 -0.744143 -0.678501 -0.744143 -0.572798 -0.628214 -0.572798 -0.628214 -0.447591 -0.490893 -0.447591 -0.490893 -0.307139 -0.336854 -0.307139 -0.336854 -0.156221 -0.171333 -0.156221 -0.171333 6.12267e-05 6.74356e-05 6.82193e-05 7.65326e-05 -0.171334 -0.180611 -0.171334 -0.180611 -0.336854 -0.355097 -0.336854 -0.355097 -0.490893 -0.51748 -0.490893 -0.51748 -0.628215 -0.662239 -0.628215 -0.662239 -0.744144 -0.784446 -0.744144 -0.784446 -0.834731 -0.879939 -0.834731 -0.879939 -0.896893 -0.945467 -0.896893 -0.945467 -0.928512 -0.978799 -0.928512 -0.978799 -0.928512 -0.978798 -0.928512 -0.978798 -0.896892 -0.945466 -0.896892 -0.945466 -0.834731 -0.879938 -0.834731 -0.879938 -0.744143 -0.784444 -0.744143 -0.784444 -0.628214 -0.662238 -0.628214 -0.662238 -0.490893 -0.517479 -0.490893 -0.517479 -0.336854 -0.355096 -0.336854 -0.355096 -0.171333 -0.180613 -0.171333 -0.180613 6.74356e-05 7.42945e-05 7.65326e-05 9.33136e-05 -0.180611 -0.183736 -0.180611 -0.183736 -0.355097 -0.361247 -0.355097 -0.361247 -0.51748 -0.526444 -0.51748 -0.526444 -0.662239 -0.673711 -0.662239 -0.673711 -0.784446 -0.798034 -0.784446 -0.798034 -0.879939 -0.895182 -0.879939 -0.895182 -0.945467 -0.961845 -0.945467 -0.961845 -0.978799 -0.995753 -0.978799 -0.995753 -0.978798 -0.995753 -0.978798 -0.995753 -0.945466 -0.961844 -0.945466 -0.961844 -0.879938 -0.89518 -0.879938 -0.89518 -0.784444 -0.798032 -0.784444 -0.798032 -0.662238 -0.673708 -0.662238 -0.673708 -0.517479 -0.526442 -0.517479 -0.526442 -0.355096 -0.361247 -0.355096 -0.361247 -0.180613 -0.183738 -0.180613 -0.183738 7.42945e-05 9.82454e-05 
SCALARS pressure_error double 1
LOOKUP_TABLE default
8.96341e-05 7.82864e-05 1.54753e-05 1.28774e-05 1.54753e-05 1.28774e-05 -1.36129e-06 -2.94283e-06 -1.36129e-06 -2.94283e-06 -7.40241e-06 -7.21292e-06 -7.40241e-06 -7.21292e-06 -1.07219e-05 -9.98798e-06 -1.07219e-05 -9.98798e-06 -1.32323e-05 -1.27726e-05 -1.32323e-05 -1.27726e-05 -1.50654e-05 -1.49001e-05 -1.50654e-05 -1.49001e-05 -1.64811e-05 -1.63412e-05 -1.64811e-05 -1.63412e-05 -1.74325e-05 -1.71916e-05 -1.74325e-05 -1.71916e-05 -1.77951e-05 -1.74173e-05 -1.77951e-05 -1.74173e-05 -1.75323e-05 -1.69889e-05 -1.75323e-05 -1.69889e-05 -1.67131e-05 -1.58883e-05 -1.67131e-05 -1.58883e-05 -1.53878e-05 -1.39568e-05 -1.53878e-05 -1.39568e-05 -1.32457e-05 -1.11002e-05 -1.32457e-05 -1.11002e-05 -9.6533e-06 -8.17696e-06 -9.6533e-06 -8.17696e-06 -1.56661e-06 -3.67049e-06 -1.56661e-06 -3.67049e-06 1.7431e-05 1.49048e-05 1.7431e-05 1.49048e-05 8.47023e-05 8.03834e-05 7.82864e-05 7.09999e-05 1.28774e-05 9.91138e-06 1.28774e-05 9.91138e-06 -2.94283e-06 -8.81394e-07 -2.94283e-06 -8.81394e-07 -7.21292e-06 -6.6746e-06 -7.21292e-06 -6.6746e-06 -9.98798e-06 -9.99972e-06 -9.98798e-06 -9.99972e-06 -1.27726e-05 -1.19385e-05 -1.27726e-05 -1.19385e-05 -1.49001e-05 -1.41424e-05 -1.49001e-05 -1.41424e-05 -1.63412e-05 -1.56457e-05 -1.63412e-05 -1.56457e-05 -1.71916e-05 -1.64841e-05 -1.71916e-05 -1.64841e-05 -1.74173e-05 -1.66848e-05 -1.74173e-05 -1.66848e-05 -1.69889e-05 -1.62059e-05 -1.69889e-05 -1.62059e-05 -1.58883e-05 -1.49601e-05 -1.58883e-05 -1.49601e-05 -1.39568e-05 -1.28433e-05 -1.39568e-05 -1.28433e-05 -1.11002e-05 -1.08252e-05 -1.11002e-05 -1.08252e-05 -8.17696e-06 -6.90224e-06 -8.17696e-06 -6.90224e-06 -3.67049e-06 -2.1685e-07 -3.67049e-06 -2.1685e-07 1.49048e-05 9.28785e-06 1.49048e-05 9.28785e-06 8.03834e-05 7.18744e-05 7.09999e-05 6.34575e-05 9.91138e-06 9.45519e-06 9.91138e-06 9.45519e-06 -8.81394e-07 -1.94713e-06 -8.81394e-07 -1.94713e-06 -6.6746e-06 -5.55064e-06 -6.6746e-06 -5.55064e-06 -9.99972e-06 -9.26929e-06 -9.99972e-06 -9.26929e-06 -1.19385e-05 -1.12607e-05 -1.19385e-05 -1.12607e-05 -1.41424e-05 -1.29345e-05 -1.41424e-05 -1.29345e-05 -1.56457e-05 -1.45115e-05 -1.56457e-05 -1.45115e-05 -1.64841e-05 -1.53257e-05 -1.64841e-05 -1.53257e-05 -1.66848e-05 -1.55203e-05 -1.66848e-05 -1.55203e-05 -1.62059e-05 -1.50443e-05 -1.62059e-05 -1.50443e-05 -1.49601e-05 -1.36976e-05 -1.49601e-05 -1.36976e-05 -1.28433e-05 -1.20417e-05 -1.28433e-05 -1.20417e-05 -1.08252e-05 -9.84353e-06 -1.08252e-05 -9.84353e-06 -6.90224e-06 -5.8142e-06 -6.90224e-06 -5.8142e-06 -2.1685e-07 -2.03963e-06 -2.1685e-07 -2.03963e-06 9.28785e-06 8.81552e-06 9.28785e-06 8.81552e-06 7.18744e-05 6.27442e-05 6.34575e-05 5.49878e-05 9.45519e-06 8.43185e-06 9.45519e-06 8.43185e-06 -1.94713e-06 -1.98689e-06 -1.94713e-06 -1.98689e-06 -5.55064e-06 -5.71516e-06 -5.55064e-06 -5.71516e-06 -9.26929e-06 -7.42335e-06 -9.26929e-06 -7.42335e-06 -1.12607e-05 -1.05786e-05 -1.12607e-05 -1.05786e-05 -1.29345e-05 -1.14249e-05 -1.29345e-05 -1.14249e-05 -1.45115e-05 -1.29243e-05 -1.45115e-05 -1.29243e-05 -1.53257e-05 -1.37428e-05 -1.53257e-05 -1.37428e-05 -1.55203e-05 -1.39466e-05 -1.55203e-05 -1.39466e-05 -1.50443e-05 -1.34865e-05 -1.50443e-05 -1.34865e-05 -1.36976e-05 -1.21785e-05 -1.36976e-05 -1.21785e-05 -1.20417e-05 -1.13044e-05 -1.20417e-05 -1.13044e-05 -9.84353e-06 -8.00318e-06 -9.84353e-06 -8.00318e-06 -5.8142e-06 -6.34672e-06 -5.8142e-06 -6.34672e-06 -2.03963e-06 -2.80257e-06 -2.03963e-06 -2.80257e-06 8.81552e-06 7.96318e-06 8.81552e-06 7.96318e-06 6.27442e-05 5.37788e-05 5.49878e-05 4.49299e-05 8.43185e-06 6.73538e-06 8.43185e-06 6.73538e-06 -1.98689e-06 -1.28928e-06 -1.98689e-06 -1.28928e-06 -5.71516e-06 -4.51097e-06 -5.71516e-06 -4.51097e-06 -7.42335e-06 -7.13008e-06 -7.42335e-06 -7.13008e-06 -1.05786e-05 -8.4816e-06 -1.05786e-05 -8.4816e-06 -1.14249e-05 -1.00962e-05 -1.14249e-05 -1.00962e-05 -1.29243e-05 -1.08073e-05 -1.29243e-05 -1.08073e-05 -1.37428e-05 -1.17629e-05 -1.37428e-05 -1.17629e-05 -1.39466e-05 -1.1993e-05 -1.39466e-05 -1.1993e-05 -1.34865e-05 -1.1443e-05 -1.34865e-05 -1.1443e-05 -1.21785e-05 -1.08269e-05 -1.21785e-05 -1.08269e-05 -1.13044e-05 -9.2091e-06 -1.13044e-05 -9.2091e-06 -8.00318e-06 -8.0499e-06 -8.00318e-06 -8.0499e-06 -6.34672e-06 -5.32312e-06 -6.34672e-06 -5.32312e-06 -2.80257e-06 -1.89522e-06 -2.80257e-06 -1.89522e-06 7.96318e-06 6.01641e-06 7.96318e-06 6.01641e-06 5.37788e-05 4.37301e-05 4.49299e-05 3.35092e-05 6.73538e-06 5.07222e-06 6.73538e-06 5.07222e-06 -1.28928e-06 -1.01493e-06 -1.28928e-06 -1.01493e-06 -4.51097e-06 -3.26097e-06 -4.51097e-06 -3.26097e-06 -7.13008e-06 -4.86214e-06 -7.13008e-06 -4.86214e-06 -8.4816e-06 -6.71672e-06 -8.4816e-06 -6.71672e-06 -1.00962e-05 -8.52441e-06 -1.00962e-05 -8.52441e-06 -1.08073e-05 -8.39074e-06 -1.08073e-05 -8.39074e-06 -1.17629e-05 -9.40359e-06 -1.17629e-05 -9.40359e-06 -1.1993e-05 -9.68191e-06 -1.1993e-05 -9.68191e-06 -1.1443e-05 -9.03386e-06 -1.1443e-05 -9.03386e-06 -1.08269e-05 -9.22215e-06 -1.08269e-05 -9.22215e-06 -9.2091e-06 -7.5062e-06 -9.2091e-06 -7.5062e-06 -8.0499e-06 -5.54886e-06 -8.0499e-06 -5.54886e-06 -5.32312e-06 -3.92879e-06 -5.32312e-06 -3.92879e-06 -1.89522e-06 -1.74912e-06 -1.89522e-06 -1.74912e-06 6.01641e-06 4.23426e-06 6.01641e-06 4.23426e-06 4.37301e-05 3.25898e-05 3.35092e-05 2.09354e-05 5.07222e-06 3.44247e-06 5.07222e-06 3.44247e-06 -1.01493e-06 -4.18658e-07 -1.01493e-06 -4.18658e-07 -3.26097e-06 -2.01988e-06 -3.26097e-06 -2.01988e-06 -4.86214e-06 -3.24011e-06 -4.86214e-06 -3.24011e-06 -6.71672e-06 -4.25202e-06 -6.71672e-06 -4.25202e-06 -8.52441e-06 -5.13544e-06 -8.52441e-06 -5.13544e-06 -8.39074e-06 -6.49749e-06 -8.39074e-06 -6.49749e-06 -9.40359e-06 -6.49379e-06 -9.40359e-06 -6.49379e-06 -9.68191e-06 -6.81224e-06 -9.68191e-06 -6.81224e-06 -9.03386e-06 -6.95896e-06 -9.03386e-06 -6.95896e-06 -9.22215e-06 -5.56199e-06 -9.22215e-06 -5.56199e-06 -7.5062e-06 -4.78641e-06 -7.5062e-06 -4.78641e-06 -5.54886e-06 -3.931e-06 -5.54886e-06 -3.931e-06 -3.92879e-06 -2.80053e-06 -3.92879e-06 -2.80053e-06 -1.74912e-06 -1.2337e-06 -1.74912e-06 -1.2337e-06 4.23426e-06 2.63555e-06 4.23426e-06 2.63555e-06 3.25898e-05 2.0254e-05 2.09354e-05 7.68733e-06 3.44247e-06 1.80244e-06 3.44247e-06 1.80244e-06 -4.18658e-07 3.66374e-07 -4.18658e-07 3.66374e-07 -2.01988e-06 -4.08647e-07 -2.01988e-06 -4.08647e-07 -3.24011e-06 -1.14559e-06 -3.24011e-06 -1.14559e-06 -4.25202e-06 -1.92174e-06 -4.25202e-06 -1.92174e-06 -5.13544e-06 -2.70173e-06 -5.13544e-06 -2.70173e-06 -6.49749e-06 -3.19377e-06 -6.49749e-06 -3.19377e-06 -6.49379e-06 -2.95398e-06 -6.49379e-06 -2.95398e-06 -6.81224e-06 -3.09557e-06 -6.81224e-06 -3.09557e-06 -6.95896e-06 -3.39834e-06 -6.95896e-06 -3.39834e-06 -5.56199e-06 -3.18097e-06 -5.56199e-06 -3.18097e-06 -4.78641e-06 -2.60618e-06 -4.78641e-06 -2.60618e-06 -3.931e-06 -1.94569e-06 -3.931e-06 -1.94569e-06 -2.80053e-06 -1.25244e-06 -2.80053e-06 -1.25244e-06 -1.2337e-06 -4.68136e-07 -1.2337e-06 -4.68136e-07 2.63555e-06 1.03181e-06 2.63555e-06 1.03181e-06 2.0254e-05 7.1106e-06 7.68733e-06 -5.7087e-06 1.80244e-06 2.14096e-07 1.80244e-06 2.14096e-07 3.66374e-07 1.25832e-06 3.66374e-07 1.25832e-06 -4.08647e-07 1.34045e-06 -4.08647e-07 1.34045e-06 -1.14559e-06 1.14865e-06 -1.14559e-06 1.14865e-06 -1.92174e-06 8.17052e-07 -1.92174e-06 8.17052e-07 -2.70173e-06 4.0978e-07 -2.70173e-06 4.0978e-07 -3.19377e-06 1.92036e-07 -3.19377e-06 1.92036e-07 -2.95398e-06 4.36151e-07 -2.95398e-06 4.36151e-07 -3.09557e-06 2.94568e-07 -3.09557e-06 2.94568e-07 -3.39834e-06 -3.68755e-07 -3.39834e-06 -3.68755e-07 -3.18097e-06 -3.27058e-07 -3.18097e-06 -3.27058e-07 -2.60618e-06 -2.64025e-08 -2.60618e-06 -2.64025e-08 -1.94569e-06 2.49083e-07 -1.94569e-06 2.49083e-07 -1.25244e-06 4.4128e-07 -1.25244e-06 4.4128e-07 -4.68136e-07 4.03667e-07 -4.68136e-07 4.03667e-07 1.03181e-06 -5.54645e-07 1.03181e-06 -5.54645e-07 7.1106e-06 -6.27934e-06 -5.7087e-06 -1.87772e-05 2.14096e-07 -1.27521e-06 2.14096e-07 -1.27521e-06 1.25832e-06 2.20504e-06 1.25832e-06 2.20504e-06 1.34045e-06 3.14114e-06 1.34045e-06 3.14114e-06 1.14865e-06 3.54445e-06 1.14865e-06 3.54445e-06 8.17052e-07 3.8572e-06 8.17052e-07 3.8572e-06 4.0978e-07 3.99118e-06 4.0978e-07 3.99118e-06 1.92036e-07 3.18741e-06 1.92036e-07 3.18741e-06 4.36151e-07 3.24972e-06 4.36151e-07 3.24972e-06 2.94568e-07 3.28748e-06 2.94568e-07 3.28748e-06 -3.68755e-07 2.72595e-06 -3.68755e-07 2.72595e-06 -3.27058e-07 3.14054e-06 -3.27058e-07 3.14054e-06 -2.64025e-08 2.88025e-06 -2.64025e-08 2.88025e-06 2.49083e-07 2.57698e-06 2.49083e-07 2.57698e-06 4.4128e-07 2.21968e-06 4.4128e-07 2.21968e-06 4.03667e-07 1.34264e-06 4.03667e-07 1.34264e-06 -5.54645e-07 -2.0674e-06 -5.54645e-07 -2.0674e-06 -6.27934e-06 -1.94174e-05 -1.87772e-05 -3.11086e-05 -1.27521e-06 -2.64691e-06 -1.27521e-06 -2.64691e-06 2.20504e-06 3.19216e-06 2.20504e-06 3.19216e-06 3.14114e-06 5.08902e-06 3.14114e-06 5.08902e-06 3.54445e-06 6.12475e-06 3.54445e-06 6.12475e-06 3.8572e-06 6.33434e-06 3.8572e-06 6.33434e-06 3.99118e-06 6.06105e-06 3.99118e-06 6.06105e-06 3.18741e-06 7.03896e-06 3.18741e-06 7.03896e-06 3.24972e-06 6.65312e-06 3.24972e-06 6.65312e-06 3.28748e-06 6.6324e-06 3.28748e-06 6.6324e-06 2.72595e-06 6.81992e-06 2.72595e-06 6.81992e-06 3.14054e-06 5.3633e-06 3.14054e-06 5.3633e-06 2.88025e-06 5.44623e-06 2.88025e-06 5.44623e-06 2.57698e-06 5.16859e-06 2.57698e-06 5.16859e-06 2.21968e-06 4.18007e-06 2.21968e-06 4.18007e-06 1.34264e-06 2.35384e-06 1.34264e-06 2.35384e-06 -2.0674e-06 -3.46223e-06 -2.0674e-06 -3.46223e-06 -1.94174e-05 -3.18922e-05 -3.11086e-05 -4.23105e-05 -2.64691e-06 -3.83191e-06 -2.64691e-06 -3.83191e-06 3.19216e-06 4.2764e-06 3.19216e-06 4.2764e-06 5.08902e-06 6.66441e-06 5.08902e-06 6.66441e-06 6.12475e-06 7.53086e-06 6.12475e-06 7.53086e-06 6.33434e-06 8.89962e-06 6.33434e-06 8.89962e-06 6.06105e-06 9.55643e-06 6.06105e-06 9.55643e-06 7.03896e-06 1.00712e-05 7.03896e-06 1.00712e-05 6.65312e-06 1.00449e-05 6.65312e-06 1.00449e-05 6.6324e-06 9.97372e-06 6.6324e-06 9.97372e-06 6.81992e-06 9.87805e-06 6.81992e-06 9.87805e-06 5.3633e-06 8.92436e-06 5.3633e-06 8.92436e-06 5.44623e-06 8.17211e-06 5.44623e-06 8.17211e-06 5.16859e-06 6.7289e-06 5.16859e-06 6.7289e-06 4.18007e-06 5.8465e-06 4.18007e-06 5.8465e-06 2.35384e-06 3.5124e-06 2.35384e-06 3.5124e-06 -3.46223e-06 -4.61008e-06 -3.46223e-06 -4.61008e-06 -3.18922e-05 -4.33167e-05 -4.23105e-05 -5.19619e-05 -3.83191e-06 -4.81184e-06 -3.83191e-06 -4.81184e-06 4.2764e-06 4.70412e-06 4.2764e-06 4.70412e-06 6.66441e-06 7.58311e-06 6.66441e-06 7.58311e-06 7.53086e-06 1.02721e-05 7.53086e-06 1.02721e-05 8.89962e-06 1.09032e-05 8.89962e-06 1.09032e-05 9.55643e-06 1.24849e-05 9.55643e-06 1.24849e-05 1.00712e-05 1.28233e-05 1.00712e-05 1.28233e-05 1.00449e-05 1.305e-05 1.00449e-05 1.305e-05 9.97372e-06 1.29457e-05 9.97372e-06 1.29457e-05 9.87805e-06 1.25377e-05 9.87805e-06 1.25377e-05 8.92436e-06 1.20008e-05 8.92436e-06 1.20008e-05 8.17211e-06 1.00595e-05 8.17211e-06 1.00595e-05 6.7289e-06 9.69222e-06 6.7289e-06 9.69222e-06 5.8465e-06 7.04734e-06 5.8465e-06 7.04734e-06 3.5124e-06 4.01809e-06 3.5124e-06 4.01809e-06 -4.61008e-06 -5.41825e-06 -4.61008e-06 -5.41825e-06 -4.33167e-05 -5.31625e-05 -5.19619e-05 -6.03323e-05 -4.81184e-06 -5.85509e-06 -4.81184e-06 -5.85509e-06 4.70412e-06 4.79717e-06 4.70412e-06 4.79717e-06 7.58311e-06 9.48031e-06 7.58311e-06 9.48031e-06 1.02721e-05 1.11757e-05 1.02721e-05 1.11757e-05 1.09032e-05 1.33772e-05 1.09032e-05 1.33772e-05 1.24849e-05 1.46167e-05 1.24849e-05 1.46167e-05 1.28233e-05 1.52441e-05 1.28233e-05 1.52441e-05 1.305e-05 1.55529e-05 1.305e-05 1.55529e-05 1.29457e-05 1.54137e-05 1.29457e-05 1.54137e-05 1.25377e-05 1.48521e-05 1.25377e-05 1.48521e-05 1.20008e-05 1.40947e-05 1.20008e-05 1.40947e-05 1.00595e-05 1.26019e-05 1.00595e-05 1.26019e-05 9.69222e-06 1.05057e-05 9.69222e-06 1.05057e-05 7.04734e-06 9.21672e-06 7.04734e-06 9.21672e-06 4.01809e-06 4.72653e-06 4.01809e-06 4.72653e-06 -5.41825e-06 -6.44721e-06 -5.41825e-06 -6.44721e-06 -5.31625e-05 -6.12401e-05 -6.03323e-05 -6.82326e-05 -5.85509e-06 -7.29819e-06 -5.85509e-06 -7.29819e-06 4.79717e-06 5.65601e-06 4.79717e-06 5.65601e-06 9.48031e-06 9.68171e-06 9.48031e-06 9.68171e-06 1.11757e-05 1.28564e-05 1.11757e-05 1.28564e-05 1.33772e-05 1.50664e-05 1.33772e-05 1.50664e-05 1.46167e-05 1.6299e-05 1.46167e-05 1.6299e-05 1.52441e-05 1.71299e-05 1.52441e-05 1.71299e-05 1.55529e-05 1.74548e-05 1.55529e-05 1.74548e-05 1.54137e-05 1.72743e-05 1.54137e-05 1.72743e-05 1.48521e-05 1.6617e-05 1.48521e-05 1.6617e-05 1.40947e-05 1.55855e-05 1.40947e-05 1.55855e-05 1.26019e-05 1.43197e-05 1.26019e-05 1.43197e-05 1.05057e-05 1.19012e-05 1.05057e-05 1.19012e-05 9.21672e-06 9.43206e-06 9.21672e-06 9.43206e-06 4.72653e-06 6.3205e-06 4.72653e-06 6.3205e-06 -6.44721e-06 -7.83792e-06 -6.44721e-06 -7.83792e-06 -6.12401e-05 -6.74489e-05 -6.82326e-05 -7.65459e-05 -7.29819e-06 -1.00034e-05 -7.29819e-06 -1.00034e-05 5.65601e-06 5.74421e-06 5.65601e-06 5.74421e-06 9.68171e-06 1.1185e-05 9.68171e-06 1.1185e-05 1.28564e-05 1.41137e-05 1.28564e-05 1.41137e-05 1.50664e-05 1.6082e-05 1.50664e-05 1.6082e-05 1.6299e-05 1.74983e-05 1.6299e-05 1.74983e-05 1.71299e-05 1.83639e-05 1.71299e-05 1.83639e-05 1.74548e-05 1.86651e-05 1.74548e-05 1.86651e-05 1.72743e-05 1.84375e-05 1.72743e-05 1.84375e-05 1.6617e-05 1.77016e-05 1.6617e-05 1.77016e-05 1.55855e-05 1.64875e-05 1.55855e-05 1.64875e-05 1.43197e-05 1.49571e-05 1.43197e-05 1.49571e-05 1.19012e-05 1.31394e-05 1.19012e-05 1.31394e-05 9.43206e-06 1.01733e-05 9.43206e-06 1.01733e-05 6.3205e-06 4.9322e-06 6.3205e-06 4.9322e-06 -7.83792e-06 -7.97629e-06 -7.83792e-06 -7.97629e-06 -6.74489e-05 -7.43078e-05 -7.65459e-05 -9.3327e-05 -1.00034e-05 -1.34523e-05 -1.00034e-05 -1.34523e-05 5.74421e-06 5.11787e-06 5.74421e-06 5.11787e-06 1.1185e-05 1.18709e-05 1.1185e-05 1.18709e-05 1.41137e-05 1.50709e-05 1.41137e-05 1.50709e-05 1.6082e-05 1.70009e-05 1.6082e-05 1.70009e-05 1.74983e-05 1.833e-05 1.74983e-05 1.833e-05 1.83639e-05 1.90503e-05 1.83639e-05 1.90503e-05 1.86651e-05 1.9203e-05 1.86651e-05 1.9203e-05 1.84375e-05 1.88344e-05 1.84375e-05 1.88344e-05 1.77016e-05 1.7958e-05 1.77016e-05 1.7958e-05 1.64875e-05 1.65467e-05 1.64875e-05 1.65467e-05 1.49571e-05 1.46519e-05 1.49571e-05 1.46519e-05 1.31394e-05 1.2539e-05 1.31394e-05 1.2539e-05 1.01733e-05 9.81416e-06 1.01733e-05 9.81416e-06 4.9322e-06 5.00286e-06 4.9322e-06 5.00286e-06 -7.97629e-06 -1.1638e-05 -7.97629e-06 -1.1638e-05 -7.43078e-05 -9.82587e-05 
SCALARS temperature double 1
LOOKUP_TABLE default
0 0 0.18375 0.171341 0.18375 0.171341 0.361242 0.336848 0.361242 0.336848 0.526432 0.490883 0.526432 0.490883 0.673696 0.628202 0.673696 0.628202 0.798017 0.744129 0.798017 0.744129 0.895163 0.834715 0.895163 0.834715 0.961826 0.896876 0.961826 0.896876 0.995734 0.928494 0.995734 0.928494 0.995734 0.928494 0.995734 0.928494 0.961826 0.896876 0.961826 0.896876 0.895163 0.834715 0.895163 0.834715 0.798017 0.744129 0.798017 0.744129 0.673696 0.628202 0.673696 0.628202 0.526432 0.490883 0.526432 0.490883 0.361242 0.336848 0.361242 0.336848 0.18375 0.171341 0.18375 0.171341 1.22465e-16 1.14195e-16 0 0 0.171341 0.135793 0.171341 0.135793 0.336848 0.266961 0.336848 0.266961 0.490883 0.389038 0.490883 0.389038 0.628202 0.497867 0.628202 0.497867 0.744129 0.589742 0.744129 0.589742 0.834715 0.661534 0.834715 0.661534 0.896876 0.710798 0.896876 0.710798 0.928494 0.735856 0.928494 0.735856 0.928494 0.735856 0.928494 0.735856 0.896876 0.710798 0.896876 0.710798 0.834715 0.661534 0.834715 0.661534 0.744129 0.589742 0.744129 0.589742 0.628202 0.497867 0.628202 0.497867 0.490883 0.389038 0.490883 0.389038 0.336848 0.266961 0.336848 0.266961 0.171341 0.135793 0.171341 0.135793 1.14195e-16 9.05025e-17 0 0 0.135793 0.0819042 0.135793 0.0819042 0.266961 0.161019 0.266961 0.161019 0.389038 0.234651 0.389038 0.234651 0.497867 0.300292 0.497867 0.300292 0.589742 0.355707 0.589742 0.355707 0.661534 0.399009 0.661534 0.399009 0.710798 0.428723 0.710798 0.428723 0.735856 0.443837 0.735856 0.443837 0.735856 0.443837 0.735856 0.443837 0.710798 0.428723 0.710798 0.428723 0.661534 0.399009 0.661534 0.399009 0.589742 0.355707 0.589742 0.355707 0.497867 0.300292 0.497867 0.300292 0.389038 0.234651 0.389038 0.234651 0.266961 0.161019 0.266961 0.161019 0.135793 0.0819042 0.135793 0.0819042 9.05025e-17 5.45872e-17 0 0 0.0819042 0.0169543 0.0819042 0.0169543 0.161019 0.0333311 0.161019 0.0333311 0.234651 0.048573 0.234651 0.048573 0.300292 0.0621607 0.300292 0.0621607 0.355707 0.0736317 0.355707 0.0736317 0.399009 0.0825952 0.399009 0.0825952 0.428723 0.088746 0.428723 0.088746 0.443837 0.0918747 0.443837 0.0918747 0.443837 0.0918747 0.443837 0.0918747 0.428723 0.0887461 0.428723 0.0887461 0.399009 0.0825952 0.399009 0.0825952 0.355707 0.0736317 0.355707 0.0736317 0.300292 0.0621608 0.300292 0.0621608 0.234651 0.048573 0.234651 0.048573 0.161019 0.0333312 0.161019 0.0333312 0.0819042 0.0169543 0.0819042 0.0169543 5.45872e-17 1.12996e-17 0 0 0.0169543 -0.0502855 0.0169543 -0.0502855 0.0333311 -0.0988585 0.0333311 -0.0988585 0.048573 -0.144065 0.048573 -0.144065 0.0621607 -0.184366 0.0621607 -0.184366 0.0736317 -0.218388 0.0736317 -0.218388 0.0825952 -0.244973 0.0825952 -0.244973 0.088746 -0.263216 0.088746 -0.263216 0.0918747 -0.272496 0.0918747 -0.272496 0.0918747 -0.272496 0.0918747 -0.272496 0.0887461 -0.263216 0.0887461 -0.263216 0.0825952 -0.244973 0.0825952 -0.244973 0.0736317 -0.218388 0.0736317 -0.218388 0.0621608 -0.184366 0.0621608 -0.184366 0.048573 -0.144065 0.048573 -0.144065 0.0333312 -0.0988585 0.0333312 -0.0988585 0.0169543 -0.0502854 0.0169543 -0.0502854 1.12996e-17 -3.3514e-17 0 0 -0.0502855 -0.110734 -0.0502855 -0.110734 -0.0988585 -0.217697 -0.0988585 -0.217697 -0.144065 -0.317246 -0.144065 -0.317246 -0.184366 -0.405992 -0.184366 -0.405992 -0.218388 -0.480913 -0.218388 -0.480913 -0.244973 -0.539456 -0.244973 -0.539456 -0.263216 -0.579629 -0.263216 -0.579629 -0.272496 -0.600064 -0.272496 -0.600064 -0.272496 -0.600064 -0.272496 -0.600064 -0.263216 -0.579629 -0.263216 -0.579629 -0.244973 -0.539456 -0.244973 -0.539456 -0.218388 -0.480913 -0.218388 -0.480913 -0.184366 -0.405992 -0.184366 -0.405992 -0.144065 -0.317246 -0.144065 -0.317246 -0.0988585 -0.217697 -0.0988585 -0.217697 -0.0502854 -0.110734 -0.0502854 -0.110734 -3.3514e-17 -7.38015e-17 0 0 -0.110734 -0.156227 -0.110734 -0.156227 -0.217697 -0.307134 -0.217697 -0.307134 -0.317246 -0.447582 -0.317246 -0.447582 -0.405992 -0.572788 -0.405992 -0.572788 -0.480913 -0.678488 -0.480913 -0.678488 -0.539456 -0.761083 -0.539456 -0.761083 -0.579629 -0.817761 -0.579629 -0.817761 -0.600064 -0.84659 -0.600064 -0.84659 -0.600064 -0.84659 -0.600064 -0.84659 -0.579629 -0.817761 -0.579629 -0.817761 -0.539456 -0.761083 -0.539456 -0.761083 -0.480913 -0.678488 -0.480913 -0.678488 -0.405992 -0.572788 -0.405992 -0.572788 -0.317246 -0.447582 -0.317246 -0.447582 -0.217697 -0.307134 -0.217697 -0.307134 -0.110734 -0.156227 -0.110734 -0.156227 -7.38015e-17 -1.04122e-16 0 0 -0.156227 -0.180621 -0.156227 -0.180621 -0.307134 -0.355091 -0.307134 -0.355091 -0.447582 -0.517469 -0.447582 -0.517469 -0.572788 -0.662225 -0.572788 -0.662225 -0.678488 -0.784429 -0.678488 -0.784429 -0.761083 -0.879921 -0.761083 -0.879921 -0.817761 -0.945449 -0.817761 -0.945449 -0.84659 -0.97878 -0.84659 -0.97878 -0.84659 -0.97878 -0.84659 -0.97878 -0.817761 -0.945449 -0.817761 -0.945449 -0.761083 -0.879921 -0.761083 -0.879921 -0.678488 -0.784429 -0.678488 -0.784429 -0.572788 -0.662225 -0.572788 -0.662225 -0.447582 -0.517469 -0.447582 -0.517469 -0.307134 -0.355091 -0.307134 -0.355091 -0.156227 -0.180621 -0.156227 -0.180621 -1.04122e-16 -1.20379e-16 0 0 -0.180621 -0.180621 -0.180621 -0.180621 -0.355091 -0.355091 -0.355091 -0.355091 -0.517469 -0.517469 -0.517469 -0.517469 -0.662225 -0.662225 -0.662225 -0.662225 -0.784429 -0.784429 -0.784429 -0.784429 -0.879921 -0.879921 -0.879921 -0.879921 -0.945449 -0.945449 -0.945449 -0.945449 -0.97878 -0.97878 -0.97878 -0.97878 -0.97878 -0.97878 -0.97878 -0.97878 -0.945449 -0.945449 -0.945449 -0.945449 -0.879921 -0.879921 -0.879921 -0.879921 -0.784429 -0.784429 -0.784429 -0.784429 -0.662225 -0.662225 -0.662225 -0.662225 -0.517469 -0.517469 -0.517469 -0.517469 -0.355091 -0.355091 -0.355091 -0.355091 -0.180621 -0.180621 -0.180621 -0.180621 -1.20379e-16 -1.20379e-16 0 0 -0.180621 -0.156227 -0.180621 -0.156227 -0.355091 -0.307134 -0.355091 -0.307134 -0.517469 -0.447582 -0.517469 -0.447582 -0.662225 -0.572788 -0.662225 -0.572788 -0.784429 -0.678488 -0.784429 -0.678488 -0.879921 -0.761083 -0.879921 -0.761083 -0.945449 -0.817761 -0.945449 -0.817761 -0.97878 -0.84659 -0.97878 -0.84659 -0.97878 -0.84659 -0.97878 -0.84659 -0.945449 -0.817761 -0.945449 -0.817761 -0.879921 -0.761083 -0.879921 -0.761083 -0.784429 -0.678488 -0.784429 -0.678488 -0.662225 -0.572788 -0.662225 -0.572788 -0.517469 -0.447582 -0.517469 -0.447582 -0.355091 -0.307134 -0.355091 -0.307134 -0.180621 -0.156227 -0.180621 -0.156227 -1.20379e-16 -1.04122e-16 0 0 -0.156227 -0.110734 -0.156227 -0.110734 -0.307134 -0.217697 -0.307134 -0.217697 -0.447582 -0.317246 -0.447582 -0.317246 -0.572788 -0.405992 -0.572788 -0.405992 -0.678488 -0.480913 -0.678488 -0.480913 -0.761083 -0.539456 -0.761083 -0.539456 -0.817761 -0.579629 -0.817761 -0.579629 -0.84659 -0.600064 -0.84659 -0.600064 -0.84659 -0.600064 -0.84659 -0.600064 -0.817761 -0.579629 -0.817761 -0.579629 -0.761083 -0.539456 -0.761083 -0.539456 -0.678488 -0.480913 -0.678488 -0.480913 -0.572788 -0.405992 -0.572788 -0.405992 -0.447582 -0.317246 -0.447582 -0.317246 -0.307134 -0.217697 -0.307134 -0.217697 -0.156227 -0.110734 -0.156227 -0.110734 -1.04122e-16 -7.38015e-17 0 0 -0.110734 -0.0502854 -0.110734 -0.0502854 -0.217697 -0.0988584 -0.217697 -0.0988584 -0.317246 -0.144065 -0.317246 -0.144065 -0.405992 -0.184366 -0.405992 -0.184366 -0.480913 -0.218388 -0.480913 -0.218388 -0.539456 -0.244973 -0.539456 -0.244973 -0.579629 -0.263216 -0.579629 -0.263216 -0.600064 -0.272496 -0.600064 -0.272496 -0.600064 -0.272496 -0.600064 -0.272496 -0.579629 -0.263216 -0.579629 -0.263216 -0.539456 -0.244973 -0.539456 -0.244973 -0.480913 -0.218388 -0.480913 -0.218388 -0.405992 -0.184366 -0.405992 -0.184366 -0.317246 -0.144065 -0.317246 -0.144065 -0.217697 -0.0988585 -0.217697 -0.0988585 -0.110734 -0.0502855 -0.110734 -0.0502855 -7.38015e-17 -3.3514e-17 0 0 -0.0502854 0.0169543 -0.0502854 0.0169543 -0.0988584 0.0333312 -0.0988584 0.0333312 -0.144065 0.0485731 -0.144065 0.0485731 -0.184366 0.0621609 -0.184366 0.0621609 -0.218388 0.0736318 -0.218388 0.0736318 -0.244973 0.0825953 -0.244973 0.0825953 -0.263216 0.0887461 -0.263216 0.0887461 -0.272496 0.0918748 -0.272496 0.0918748 -0.272496 0.0918748 -0.272496 0.0918748 -0.263216 0.0887461 -0.263216 0.0887461 -0.244973 0.0825952 -0.244973 0.0825952 -0.218388 0.0736317 -0.218388 0.0736317 -0.184366 0.0621608 -0.184366 0.0621608 -0.144065 0.048573 -0.144065 0.048573 -0.0988585 0.0333312 -0.0988585 0.0333312 -0.0502855 0.0169543 -0.0502855 0.0169543 -3.3514e-17 1.12996e-17 0 0 0.0169543 0.0819042 0.0169543 0.0819042 0.0333312 0.161019 0.0333312 0.161019 0.0485731 0.234651 0.0485731 0.234651 0.0621609 0.300292 0.0621609 0.300292 0.0736318 0.355707 0.0736318 0.355707 0.0825953 0.399009 0.0825953 0.399009 0.0887461 0.428723 0.0887461 0.428723 0.0918748 0.443837 0.0918748 0.443837 0.0918748 0.443837 0.0918748 0.443837 0.0887461 0.428723 0.0887461 0.428723 0.0825952 0.399009 0.0825952 0.399009 0.0736317 0.355707 0.0736317 0.355707 0.0621608 0.300292 0.0621608 0.300292 0.048573 0.234651 0.048573 0.234651 0.0333312 0.161019 0.0333312 0.161019 0.0169543 0.0819042 0.0169543 0.0819042 1.12996e-17 5.45872e-17 0 0 0.0819042 0.135793 0.0819042 0.135793 0.161019 0.266961 0.161019 0.266961 0.234651 0.389038 0.234651 0.389038 0.300292 0.497867 0.300292 0.497867 0.355707 0.589742 0.355707 0.589742 0.399009 0.661534 0.399009 0.661534 0.428723 0.710798 0.428723 0.710798 0.443837 0.735856 0.443837 0.735856 0.443837 0.735856 0.443837 0.735856 0.428723 0.710798 0.428723 0.710798 0.399009 0.661534 0.399009 0.661534 0.355707 0.589742 0.355707 0.589742 0.300292 0.497867 0.300292 0.497867 0.234651 0.389038 0.234651 0.389038 0.161019 0.266961 0.161019 0.266961 0.0819042 0.135793 0.0819042 0.135793 5.45872e-17 9.05025e-17 0 0 0.135793 0.171341 0.135793 0.171341 0.266961 0.336848 0.266961 0.336848 0.389038 0.490883 0.389038 0.490883 0.497867 0.628202 0.497867 0.628202 0.589742 0.744129 0.589742 0.744129 0.661534 0.834715 0.661534 0.834715 0.710798 0.896876 0.710798 0.896876 0.735856 0.928494 0.735856 0.928494 0.735856 0.928494 0.735856 0.928494 0.710798 0.896876 0.710798 0.896876 0.661534 0.834715 0.661534 0.834715 0.589742 0.744129 0.589742 0.744129 0.497867 0.628202 0.497867 0.628202 0.389038 0.490883 0.389038 0.490883 0.266961 0.336848 0.266961 0.336848 0.135793 0.171341 0.135793 0.171341 9.05025e-17 1.14195e-16 0 0 0.171341 0.18375 0.171341 0.18375 0.336848 0.361242 0.336848 0.361242 0.490883 0.526432 0.490883 0.526432 0.628202 0.673696 0.628202 0.673696 0.744129 0.798017 0.744129 0.798017 0.834715 0.895163 0.834715 0.895163 0.896876 0.961826 0.896876 0.961826 0.928494 0.995734 0.928494 0.995734 0.928494 0.995734 0.928494 0.995734 0.896876 0.961826 0.896876 0.961826 0.834715 0.895163 0.834715 0.895163 0.744129 0.798017 0.744129 0.798017 0.628202 0.673696 0.628202 0.673696 0.490883 0.526432 0.490883 0.526432 0.336848 0.361242 0.336848 0.361242 0.171341 0.18375 0.171341 0.18375 1.14195e-16 1.22465e-16 
SCALARS temperature_error double 1
LOOKUP_TABLE default
0 0 0 1.53697e-08 0 1.53697e-08 0 1.1268e-08 0 1.1268e-08 0 8.00106e-09 0 8.00106e-09 0 1.55034e-08 0 1.55034e-08 0 2.08627e-08 0 2.08627e-08 0 2.18782e-08 0 2.18782e-08 0 1.98785e-08 0 1.98785e-08 0 1.5827e-08 0 1.5827e-08 0 1.06407e-08 0 1.06407e-08 0 5.32241e-09 0 5.32241e-09 0 9.13578e-10 0 9.13578e-10 0 -1.30807e-09 0 -1.30807e-09 0 7.76345e-10 0 7.76345e-10 0 4.30423e-09 0 4.30423e-09 0 -1.26273e-08 0 -1.26273e-08 0 -3.0103e-08 0 -3.0103e-08 0 0 0 0 1.53697e-08 4.1761e-09 1.53697e-08 4.1761e-09 1.1268e-08 7.93226e-09 1.1268e-08 7.93226e-09 8.00106e-09 2.60048e-08 8.00106e-09 2.60048e-08 1.55034e-08 2.97265e-08 1.55034e-08 2.97265e-08 2.08627e-08 3.56024e-08 2.08627e-08 3.56024e-08 2.18782e-08 3.77263e-08 2.18782e-08 3.77263e-08 1.98785e-08 3.47768e-08 1.98785e-08 3.47768e-08 1.5827e-08 2.84306e-08 1.5827e-08 2.84306e-08 1.06407e-08 2.02562e-08 1.06407e-08 2.02562e-08 5.32241e-09 1.20092e-08 5.32241e-09 1.20092e-08 9.13578e-10 5.41296e-09 9.13578e-10 5.41296e-09 -1.30807e-09 2.59314e-09 -1.30807e-09 2.59314e-09 7.76345e-10 3.0503e-09 7.76345e-10 3.0503e-09 4.30423e-09 2.63843e-10 4.30423e-09 2.63843e-10 -1.26273e-08 1.65489e-08 -1.26273e-08 1.65489e-08 -3.0103e-08 3.32391e-09 -3.0103e-08 3.32391e-09 0 0 0 0 4.1761e-09 6.13577e-09 4.1761e-09 6.13577e-09 7.93226e-09 2.43576e-08 7.93226e-09 2.43576e-08 2.60048e-08 3.22537e-08 2.60048e-08 3.22537e-08 2.97265e-08 4.54211e-08 2.97265e-08 4.54211e-08 3.56024e-08 4.77763e-08 3.56024e-08 4.77763e-08 3.77263e-08 4.98988e-08 3.77263e-08 4.98988e-08 3.47768e-08 4.6111e-08 3.47768e-08 4.6111e-08 2.84306e-08 3.81015e-08 2.84306e-08 3.81015e-08 2.02562e-08 2.78214e-08 2.02562e-08 2.78214e-08 1.20092e-08 1.72591e-08 1.20092e-08 1.72591e-08 5.41296e-09 8.38683e-09 5.41295e-09 8.38683e-09 2.59314e-09 3.59208e-09 2.59314e-09 3.59208e-09 3.0503e-09 -1.97173e-09 3.0503e-09 -1.97173e-09 2.63843e-10 3.29771e-09 2.63843e-10 3.29771e-09 1.65489e-08 -1.38376e-09 1.65489e-08 -1.38376e-09 3.32391e-09 1.06989e-08 3.32391e-09 1.06989e-08 0 0 0 0 6.13577e-09 1.46845e-08 6.13577e-09 1.46845e-08 2.43576e-08 2.98647e-08 2.43576e-08 2.98647e-08 3.22537e-08 4.55857e-08 3.22537e-08 4.55857e-08 4.54211e-08 5.34391e-08 4.54211e-08 5.34391e-08 4.77763e-08 5.84468e-08 4.77763e-08 5.84468e-08 4.98988e-08 5.74723e-08 4.98988e-08 5.74723e-08 4.6111e-08 5.28862e-08 4.6111e-08 5.28862e-08 3.81015e-08 4.32541e-08 3.81015e-08 4.32541e-08 2.78214e-08 3.11504e-08 2.78214e-08 3.11504e-08 1.72591e-08 1.83162e-08 1.72591e-08 1.83162e-08 8.38683e-09 7.26823e-09 8.38683e-09 7.26823e-09 3.59208e-09 -2.13706e-09 3.59208e-09 -2.13706e-09 -1.97173e-09 -7.52707e-09 -1.97173e-09 -7.52707e-09 3.29771e-09 -1.2543e-08 3.29771e-09 -1.2543e-08 -1.38376e-09 -7.44913e-09 -1.38376e-09 -7.44913e-09 1.06989e-08 -2.69711e-09 1.06989e-08 -2.69711e-09 0 0 0 0 1.46845e-08 1.85274e-08 1.46845e-08 1.85274e-08 2.98647e-08 3.47556e-08 2.98647e-08 3.47556e-08 4.55857e-08 4.74154e-08 4.55857e-08 4.74154e-08 5.34391e-08 5.76233e-08 5.34391e-08 5.76233e-08 5.84468e-08 6.29273e-08 5.84468e-08 6.29273e-08 5.74723e-08 5.9257e-08 5.74723e-08 5.9257e-08 5.28862e-08 5.38918e-08 5.28862e-08 5.38918e-08 4.32541e-08 4.29959e-08 4.32541e-08 4.29959e-08 3.11504e-08 2.95976e-08 3.11504e-08 2.95976e-08 1.83162e-08 1.52431e-08 1.83162e-08 1.52431e-08 7.26823e-09 3.24994e-09 7.26823e-09 3.24994e-09 -2.13706e-09 -9.65057e-09 -2.13706e-09 -9.65057e-09 -7.52707e-09 -1.5888e-08 -7.52707e-09 -1.5888e-08 -1.2543e-08 -1.75233e-08 -1.2543e-08 -1.75233e-08 -7.44913e-09 -1.71324e-08 -7.44913e-09 -1.71324e-08 -2.69711e-09 -1.14322e-08 -2.69711e-09 -1.14322e-08 0 0 0 0 1.85274e-08 1.8053e-08 1.85274e-08 1.8053e-08 3.47556e-08 3.38078e-08 3.47556e-08 3.38078e-08 4.74154e-08 4.5693e-08 4.74154e-08 4.5693e-08 5.76233e-08 5.26183e-08 5.76233e-08 5.26183e-08 6.29273e-08 5.49834e-08 6.29273e-08 5.49834e-08 5.9257e-08 5.5086e-08 5.9257e-08 5.5086e-08 5.38918e-08 4.74946e-08 5.38918e-08 4.74946e-08 4.29959e-08 3.70931e-08 4.29959e-08 3.70931e-08 2.95976e-08 2.37469e-08 2.95976e-08 2.37469e-08 1.52431e-08 1.03062e-08 1.52431e-08 1.03062e-08 3.24994e-09 -2.61046e-09 3.24994e-09 -2.61046e-09 -9.65057e-09 -1.08133e-08 -9.65057e-09 -1.08133e-08 -1.5888e-08 -1.91867e-08 -1.5888e-08 -1.91867e-08 -1.75233e-08 -2.39181e-08 -1.75233e-08 -2.39181e-08 -1.71324e-08 -2.22488e-08 -1.71324e-08 -2.22488e-08 -1.14322e-08 -1.3674e-08 -1.14322e-08 -1.3674e-08 0 0 0 0 1.8053e-08 1.45945e-08 1.8053e-08 1.45945e-08 3.38078e-08 2.69974e-08 3.38078e-08 2.69974e-08 4.5693e-08 3.60737e-08 4.5693e-08 3.60737e-08 5.26183e-08 4.12047e-08 5.26183e-08 4.12047e-08 5.49834e-08 4.23432e-08 5.49834e-08 4.23432e-08 5.5086e-08 3.93912e-08 5.5086e-08 3.93912e-08 4.74946e-08 3.30814e-08 4.74946e-08 3.30814e-08 3.70931e-08 2.49654e-08 3.70931e-08 2.49654e-08 2.37469e-08 1.39487e-08 2.37469e-08 1.39487e-08 1.03062e-08 4.28391e-09 1.03062e-08 4.28391e-09 -2.61046e-09 -5.90138e-09 -2.61046e-09 -5.90138e-09 -1.08133e-08 -1.53912e-08 -1.08133e-08 -1.53912e-08 -1.91867e-08 -2.15589e-08 -1.91867e-08 -2.15589e-08 -2.39181e-08 -2.34012e-08 -2.39181e-08 -2.34012e-08 -2.22488e-08 -2.01495e-08 -2.22488e-08 -2.01495e-08 -1.3674e-08 -1.17967e-08 -1.3674e-08 -1.17967e-08 0 0 0 0 1.45945e-08 9.19229e-09 1.45945e-08 9.19229e-09 2.69974e-08 1.62838e-08 2.69974e-08 1.62838e-08 3.60737e-08 2.06249e-08 3.60737e-08 2.06249e-08 4.12047e-08 2.20996e-08 4.12047e-08 2.20996e-08 4.23432e-08 2.11893e-08 4.23432e-08 2.11893e-08 3.93912e-08 1.84805e-08 3.93912e-08 1.84805e-08 3.30814e-08 1.40495e-08 3.30814e-08 1.40495e-08 2.49654e-08 7.45804e-09 2.49654e-08 7.45804e-09 1.39487e-08 1.92067e-09 1.39487e-08 1.92067e-09 4.28391e-09 -4.32775e-09 4.28391e-09 -4.32775e-09 -5.90138e-09 -9.32372e-09 -5.90138e-09 -9.32372e-09 -1.53912e-08 -1.33432e-08 -1.53912e-08 -1.33432e-08 -2.15589e-08 -1.57731e-08 -2.15589e-08 -1.57731e-08 -2.34012e-08 -1.59276e-08 -2.34012e-08 -1.59276e-08 -2.01495e-08 -1.32506e-08 -2.01495e-08 -1.32506e-08 -1.17967e-08 -7.67072e-09 -1.17967e-08 -7.67072e-09 0 0 0 0 9.19229e-09 2.80767e-09 9.19229e-09 2.80767e-09 1.62838e-08 3.56391e-09 1.62838e-08 3.56391e-09 2.06249e-08 2.1838e-09 2.06249e-08 2.1838e-09 2.20996e-08 -7.58139e-10 2.20996e-08 -7.58139e-10 2.11893e-08 -4.28632e-09 2.11893e-08 -4.28632e-09 1.84805e-08 -7.43633e-09 1.84805e-08 -7.43633e-09 1.40495e-08 -9.55781e-09 1.40495e-08 -9.55781e-09 7.45804e-09 -9.6698e-09 7.45804e-09 -9.6698e-09 1.92067e-09 -9.4589e-09 1.92067e-09 -9.4589e-09 -4.32775e-09 -7.27492e-09 -4.32775e-09 -7.27492e-09 -9.32372e-09 -6.27129e-09 -9.32372e-09 -6.27129e-09 -1.33432e-08 -5.83569e-09 -1.33432e-08 -5.83569e-09 -1.57731e-08 -5.48425e-09 -1.57731e-08 -5.48425e-09 -1.59276e-08 -5.01653e-09 -1.59276e-08 -5.01653e-09 -1.32506e-08 -4.17738e-09 -1.32506e-08 -4.17738e-09 -7.67072e-09 -2.61134e-09 -7.67072e-09 -2.61134e-09 0 0 0 0 2.80767e-09 -3.69473e-09 2.80767e-09 -3.69473e-09 3.56391e-09 -9.40594e-09 3.56391e-09 -9.40594e-09 2.1838e-09 -1.65251e-08 2.1838e-09 -1.65251e-08 -7.58139e-10 -2.35263e-08 -7.58139e-10 -2.35263e-08 -4.28632e-09 -2.85687e-08 -4.28632e-09 -2.85687e-08 -7.43633e-09 -3.00626e-08 -7.43633e-09 -3.00626e-08 -9.55781e-09 -2.86364e-08 -9.55781e-09 -2.86364e-08 -9.6698e-09 -2.53483e-08 -9.6698e-09 -2.53483e-08 -9.4589e-09 -1.79844e-08 -9.4589e-09 -1.79844e-08 -7.27492e-09 -1.10082e-08 -7.27492e-09 -1.10082e-08 -6.27129e-09 -3.60202e-09 -6.27129e-09 -3.60202e-09 -5.83569e-09 2.08669e-09 -5.83569e-09 2.08669e-09 -5.48425e-09 5.25609e-09 -5.48425e-09 5.25609e-09 -5.01653e-09 6.08864e-09 -5.01653e-09 6.08864e-09 -4.17738e-09 4.88248e-09 -4.17738e-09 4.88248e-09 -2.61134e-09 2.39281e-09 -2.61134e-09 2.39281e-09 0 0 0 0 -3.69473e-09 -9.7018e-09 -3.69473e-09 -9.7018e-09 -9.40594e-09 -2.1149e-08 -9.40594e-09 -2.1149e-08 -1.65251e-08 -3.27103e-08 -1.65251e-08 -3.27103e-08 -2.35263e-08 -4.18602e-08 -2.35263e-08 -4.18602e-08 -2.85687e-08 -4.74933e-08 -2.85687e-08 -4.74933e-08 -3.00626e-08 -5.10667e-08 -3.00626e-08 -5.10667e-08 -2.86364e-08 -4.7292e-08 -2.86364e-08 -4.7292e-08 -2.53483e-08 -3.85408e-08 -2.53483e-08 -3.85408e-08 -1.79844e-08 -2.60204e-08 -1.79844e-08 -2.60204e-08 -1.10082e-08 -1.29139e-08 -1.10082e-08 -1.29139e-08 -3.60202e-09 -8.12586e-11 -3.60202e-09 -8.12586e-11 2.08669e-09 7.03275e-09 2.08669e-09 7.03275e-09 5.25609e-09 1.28768e-08 5.25609e-09 1.28768e-08 6.08864e-09 1.47138e-08 6.08864e-09 1.47138e-08 4.88248e-09 1.21775e-08 4.88248e-09 1.21775e-08 2.39281e-09 6.53988e-09 2.39281e-09 6.53988e-09 0 0 0 0 -9.7018e-09 -1.49592e-08 -9.7018e-09 -1.49592e-08 -2.1149e-08 -3.01884e-08 -2.1149e-08 -3.01884e-08 -3.27103e-08 -4.42465e-08 -3.27103e-08 -4.42465e-08 -4.18602e-08 -5.74767e-08 -4.18602e-08 -5.74767e-08 -4.74933e-08 -6.61287e-08 -4.74933e-08 -6.61287e-08 -5.10667e-08 -6.47279e-08 -5.10667e-08 -6.47279e-08 -4.7292e-08 -5.94143e-08 -4.7292e-08 -5.94143e-08 -3.85408e-08 -4.70499e-08 -3.85408e-08 -4.70499e-08 -2.60204e-08 -3.12546e-08 -2.60204e-08 -3.12546e-08 -1.29139e-08 -1.42493e-08 -1.29139e-08 -1.42493e-08 -8.12586e-11 -1.67899e-10 -8.12586e-11 -1.67899e-10 7.03275e-09 1.36952e-08 7.03275e-09 1.36952e-08 1.28768e-08 1.88994e-08 1.28768e-08 1.88994e-08 1.47138e-08 1.90114e-08 1.47138e-08 1.90114e-08 1.21775e-08 1.60266e-08 1.21775e-08 1.60266e-08 6.53988e-09 9.08131e-09 6.53988e-09 9.08131e-09 0 0 0 0 -1.49592e-08 -1.91932e-08 -1.49592e-08 -1.91932e-08 -3.01884e-08 -3.55635e-08 -3.01884e-08 -3.55635e-08 -4.42465e-08 -5.43225e-08 -4.42465e-08 -5.43225e-08 -5.74767e-08 -6.57575e-08 -5.74767e-08 -6.57575e-08 -6.61287e-08 -7.12259e-08 -6.61287e-08 -7.12259e-08 -6.47279e-08 -7.01708e-08 -6.47279e-08 -7.01708e-08 -5.94143e-08 -6.22846e-08 -5.94143e-08 -6.22846e-08 -4.70499e-08 -4.85133e-08 -4.70499e-08 -4.85133e-08 -3.12546e-08 -3.14986e-08 -3.12546e-08 -3.14986e-08 -1.42493e-08 -1.36667e-08 -1.42493e-08 -1.36667e-08 -1.67899e-10 1.45777e-09 -1.67899e-10 1.45777e-09 1.36952e-08 1.39016e-08 1.36952e-08 1.39016e-08 1.88994e-08 2.05749e-08 1.88994e-08 2.05749e-08 1.90114e-08 2.30594e-08 1.90114e-08 2.30594e-08 1.60266e-08 1.6206e-08 1.60266e-08 1.6206e-08 9.08131e-09 8.96102e-09 9.08131e-09 8.96102e-09 0 0 0 0 -1.91932e-08 -1.9982e-08 -1.91932e-08 -1.9982e-08 -3.55635e-08 -3.92022e-08 -3.55635e-08 -3.92022e-08 -5.43225e-08 -5.19727e-08 -5.43225e-08 -5.19727e-08 -6.57575e-08 -6.35454e-08 -6.57575e-08 -6.35454e-08 -7.12259e-08 -6.59684e-08 -7.12259e-08 -6.59684e-08 -7.01708e-08 -6.44959e-08 -7.01708e-08 -6.44959e-08 -6.22846e-08 -5.59271e-08 -6.22846e-08 -5.59271e-08 -4.85133e-08 -4.2713e-08 -4.85133e-08 -4.2713e-08 -3.14986e-08 -2.67821e-08 -3.14986e-08 -2.67821e-08 -1.36667e-08 -1.05047e-08 -1.36667e-08 -1.05047e-08 1.45777e-09 3.49123e-09 1.45777e-09 3.49123e-09 1.39016e-08 1.24361e-08 1.39016e-08 1.24361e-08 2.05749e-08 2.09229e-08 2.05749e-08 2.09229e-08 2.30594e-08 1.76726e-08 2.30594e-08 1.76726e-08 1.6206e-08 1.72593e-08 1.6206e-08 1.72593e-08 8.96102e-09 5.10282e-09 8.96102e-09 5.10282e-09 0 0 0 0 -1.9982e-08 -1.1083e-08 -1.9982e-08 -1.1083e-08 -3.92022e-08 -3.11416e-08 -3.92022e-08 -3.11416e-08 -5.19727e-08 -4.23528e-08 -5.19727e-08 -4.23528e-08 -6.35454e-08 -4.70586e-08 -6.35454e-08 -4.70586e-08 -6.59684e-08 -5.069e-08 -6.59684e-08 -5.069e-08 -6.44959e-08 -4.84229e-08 -6.44959e-08 -4.84229e-08 -5.59271e-08 -4.13786e-08 -5.59271e-08 -4.13786e-08 -4.2713e-08 -3.09053e-08 -4.2713e-08 -3.09053e-08 -2.67821e-08 -1.84346e-08 -2.67821e-08 -1.84346e-08 -1.05047e-08 -5.8245e-09 -1.05047e-08 -5.8245e-09 3.49123e-09 4.94874e-09 3.49123e-09 4.94874e-09 1.24361e-08 1.15068e-08 1.24361e-08 1.15068e-08 2.09229e-08 1.39232e-08 2.09229e-08 1.39232e-08 1.76726e-08 1.79168e-08 1.76726e-08 1.79168e-08 1.72593e-08 7.78707e-09 1.72593e-08 7.78707e-09 5.10282e-09 3.94997e-09 5.10282e-09 3.94997e-09 0 0 0 0 -1.1083e-08 6.42465e-09 -1.1083e-08 6.42465e-09 -3.11416e-08 -3.61866e-09 -3.11416e-08 -3.61866e-09 -4.23528e-08 -1.70791e-08 -4.23528e-08 -1.70791e-08 -4.70586e-08 -2.43487e-08 -4.70586e-08 -2.43487e-08 -5.069e-08 -2.62749e-08 -5.069e-08 -2.62749e-08 -4.84229e-08 -2.49731e-08 -4.84229e-08 -2.49731e-08 -4.13786e-08 -2.11656e-08 -4.13786e-08 -2.11656e-08 -3.09053e-08 -1.53512e-08 -3.09053e-08 -1.53512e-08 -1.84346e-08 -8.35989e-09 -1.84346e-08 -8.35989e-09 -5.8245e-09 -1.25906e-09 -5.8245e-09 -1.25906e-09 4.94874e-09 4.81017e-09 4.94874e-09 4.81017e-09 1.15068e-08 8.60471e-09 1.15068e-08 8.60471e-09 1.39232e-08 8.38959e-09 1.39232e-08 8.38959e-09 1.79168e-08 4.61708e-09 1.79168e-08 4.61708e-09 7.78707e-09 6.60941e-09 7.78707e-09 6.60941e-09 3.94997e-09 9.45272e-09 3.94997e-09 9.45272e-09 0 0 0 0 6.42465e-09 0 6.42465e-09 0 -3.61866e-09 0 -3.61866e-09 0 -1.70791e-08 0 -1.70791e-08 0 -2.43487e-08 0 -2.43487e-08 0 -2.62749e-08 0 -2.62749e-08 0 -2.49731e-08 0 -2.49731e-08 0 -2.11656e-08 0 -2.11656e-08 0 -1.53512e-08 0 -1.53512e-08 0 -8.35989e-09 0 -8.35989e-09 0 -1.25906e-09 0 -1.25906e-09 0 4.81017e-09 0 4.81017e-09 0 8.60471e-09 0 8.60471e-09 0 8.38959e-09 0 8.38959e-09 0 4.61708e-09 0 4.61708e-09 0 6.60941e-09 0 6.60941e-09 0 9.45272e-09 0 9.45272e-09 0 0 0 
